Symbol,CE_Contracts,CE_Volume,CE_OI,CE_OI_Change,CE_Turnover,PE_Contracts,PE_Volume,PE_OI,PE_OI_Change,PE_Turnover,PCR_OI,PCR_Volume,Date
360ONE,53,1807,866000,109500,1017730500.0,53,635,416500,66000,328737450.0,0.481,0.351,2026-04-29
ABB,136,5449,581000,64375,5301039281.25,136,2765,376875,19750,2486537568.75,0.649,0.507,2026-04-29
ABCAPITAL,58,7449,6423200,2005700,8648598085.0,58,3430,6448000,1450800,3681185055.0,1.004,0.46,2026-04-29
ADANIENSOL,77,6432,3980475,521775,6711829425.0,77,6026,2516400,474525,5015323980.0,0.632,0.937,2026-04-29
ADANIENT,109,34436,5733804,882813,27472628593.35,109,15057,4313949,338046,11092641644.849998,0.752,0.437,2026-04-29
ADANIGREEN,114,9384,5045400,411600,7545747750.0,114,7188,3849600,559200,5312265720.0,0.763,0.766,2026-04-29
ADANIPORTS,68,18291,5073475,548625,15251426658.75,68,11562,4265975,766175,8922695070.0,0.841,0.632,2026-04-29
ADANIPOWER,84,10344,25077200,6059850,8908402163.0,84,5732,15012950,3922750,4424805590.5,0.599,0.554,2026-04-29
ALKEM,88,1128,104875,30875,808403412.5,88,1335,84375,33000,836513650.0,0.805,1.184,2026-04-29
AMBER,76,2951,268000,41800,2586797860.0,76,1210,140600,15000,956979980.0,0.525,0.41,2026-04-29
AMBUJACEM,68,7676,10548300,1657950,3978591592.5,68,4299,8818950,1642200,2104439977.5,0.836,0.56,2026-04-29
ANGELONE,64,4290,9702500,1070000,3673577950.0,64,3078,6960000,1125000,2380221900.0,0.717,0.717,2026-04-29
APLAPOLLO,92,1644,520450,155750,1229402300.0,91,1223,445900,144550,831393990.0,0.857,0.744,2026-04-29
APOLLOHOSP,105,5390,470625,152750,5508944481.25,105,3286,273000,124000,3117403500.0,0.58,0.61,2026-04-29
ASHOKLEY,68,11841,63755000,13600000,11025264950.0,66,5205,43265000,4240000,4314391850.0,0.679,0.44,2026-04-29
ASIANPAINT,100,9294,2108000,412000,6097068150.0,100,8567,2210250,355500,5200816662.5,1.049,0.922,2026-04-29
ASTRAL,66,8094,1148775,323425,5747729495.0,66,3324,923950,318750,2208635452.5,0.804,0.411,2026-04-29
AUBANK,88,9515,7055000,706000,10438816850.0,88,4305,3701000,286000,4352284700.0,0.525,0.452,2026-04-29
AUROPHARMA,59,6844,2346300,585750,5585820377.5,59,3985,1376100,538450,3066732707.5,0.586,0.582,2026-04-29
AXISBANK,107,38092,9903750,1810625,32474851156.25,106,23354,6414375,1415625,18790264562.5,0.648,0.613,2026-04-29
BAJAJ-AUTO,73,13590,569625,147150,10362710280.0,73,7438,497850,107250,5230104671.25,0.874,0.547,2026-04-29
BAJAJFINSV,72,10281,1763250,458250,4886365087.5,73,6477,2003500,398250,2843800037.5,1.136,0.63,2026-04-29
BAJAJHLDNG,86,716,22750,10550,398822710.0,86,531,16350,10650,257027272.5,0.719,0.742,2026-04-29
BAJFINANCE,74,40766,14516250,4608750,30426086362.5,74,22512,12369000,4192500,15509170387.5,0.852,0.552,2026-04-29
BANDHANBNK,88,78962,33278400,10479600,59635521144.0,88,45736,27248400,15260400,31698065448.0,0.819,0.579,2026-04-29
BANKBARODA,91,7780,26003250,3290625,6610414443.75,91,4639,23531625,3466125,3672555822.0,0.905,0.596,2026-04-29
BANKINDIA,51,2930,12350000,3322800,2403167832.0,51,1681,10951200,1419600,1255199400.0,0.887,0.574,2026-04-29
BANKNIFTY,573,973189,10742700,1901100,1709000565273.0,573,829836,10099410,1448040,1363417713915.0,0.94,0.853,2026-04-29
BDL,61,8451,1796900,575750,4515754950.0,61,2569,925400,118300,1254396990.0,0.515,0.304,2026-04-29
BEL,70,21408,29853750,3876000,14358383576.25,71,10951,19697775,2143200,6793015755.0,0.66,0.512,2026-04-29
BHARATFORG,75,10147,1542000,530000,10341492075.0,75,4092,1176500,368500,3845427650.0,0.763,0.403,2026-04-29
BHARTIARTL,69,47446,5907100,1063050,44266024083.75,68,22426,4873500,883500,19800673846.25,0.825,0.473,2026-04-29
BHEL,132,11777,22094625,2756250,11554515892.5,132,8613,18674250,2184000,7679993632.5,0.845,0.731,2026-04-29
BIOCON,62,17948,22037500,13162500,17826947250.0,62,4672,10660000,4510000,4223729875.0,0.484,0.26,2026-04-29
BLUESTARCO,93,2983,780650,231075,1947472296.25,93,1535,466700,241150,924887957.5,0.598,0.515,2026-04-29
BOSCHLTD,125,1443,27075,12950,1442915957.5,125,740,17850,7000,670816493.75,0.659,0.513,2026-04-29
BPCL,56,9147,15118625,3750525,6039340551.25,56,5685,9323975,2531950,3440195620.0,0.617,0.622,2026-04-29
BRITANNIA,89,5000,420750,141375,3793348893.75,89,3107,311000,106500,2172113287.5,0.739,0.621,2026-04-29
BSE,63,15909,3912000,575250,23115016837.5,64,12602,3496125,461625,16361823412.5,0.894,0.792,2026-04-29
CAMS,59,2155,1299750,427500,1314277312.5,59,1167,1044750,350250,669243600.0,0.804,0.542,2026-04-29
CANBK,109,7314,46541250,8133750,7295485320.0,109,4963,47459250,6966000,4580329342.5,1.02,0.679,2026-04-29
CDSL,53,13872,3820900,1106750,9304675535.0,53,6996,3277025,532950,4396891863.75,0.858,0.504,2026-04-29
CGPOWER,73,2972,2083350,119850,2243845045.0,73,2030,1523200,566100,1411196010.0,0.731,0.683,2026-04-29
CHOLAFIN,74,4101,1863125,350625,4236602156.25,74,2465,1055000,184375,2402560968.75,0.566,0.601,2026-04-29
CIPLA,105,9199,2932500,756000,4774310756.25,104,3568,2065875,299625,1731647456.25,0.704,0.388,2026-04-29
COALINDIA,73,72241,22808250,-1389150,48987952740.0,73,37481,17271900,2166750,23697074205.0,0.757,0.519,2026-04-29
COCHINSHIP,79,17645,1073200,317600,13281509520.0,79,3822,744800,365600,2614616400.0,0.694,0.217,2026-04-29
COFORGE,54,11337,5173500,531750,5568463237.5,53,6517,3376125,690750,3001936031.25,0.653,0.575,2026-04-29
COLPAL,92,7480,958725,174150,3807534870.0,91,2284,503325,63225,1095169173.75,0.525,0.305,2026-04-29
CONCOR,83,3057,4213750,671250,2109891375.0,83,980,3231250,286250,628499312.5,0.767,0.321,2026-04-29
CROMPTON,94,24844,11512800,5464800,13194718848.0,94,6392,4735800,1998000,3176944380.0,0.411,0.257,2026-04-29
CUMMINSIND,82,4668,457200,129600,5200814020.0,82,1935,338400,93600,2004621970.0,0.74,0.415,2026-04-29
DABUR,73,4381,3862500,1128750,2647234375.0,73,1538,2641250,663750,846349375.0,0.684,0.351,2026-04-29
DALBHARAT,76,5758,665275,58500,3877058737.5,76,2632,489775,116675,1625367883.75,0.736,0.457,2026-04-29
DELHIVERY,71,2396,4760050,346525,2475392311.25,71,1167,1842600,452350,1121746348.75,0.387,0.487,2026-04-29
DIVISLAB,100,6625,359100,75600,4532735950.0,100,2852,266200,72300,1838090960.0,0.741,0.43,2026-04-29
DIXON,96,20388,838150,87400,12565393970.0,96,13159,750950,72650,7290203717.5,0.896,0.645,2026-04-29
DLF,102,12903,5972175,1938750,6803537606.25,101,5256,4416225,719400,2576201182.5,0.739,0.407,2026-04-29
DMART,66,6441,501450,116400,4741989120.0,66,3674,355200,97050,2455687042.5,0.708,0.57,2026-04-29
DRREDDY,109,32349,6365625,2577500,28617679937.5,109,20928,3674375,1061875,17530752062.5,0.577,0.647,2026-04-29
EICHERMOT,107,20405,720700,203500,15674171915.0,107,7334,634800,124700,5235694440.0,0.881,0.359,2026-04-29
ETERNAL,83,135579,85789225,39714225,90857741919.75,83,61122,48058650,10463875,37703200339.0,0.56,0.451,2026-04-29
EXIDEIND,116,10485,9091800,1074600,7306044030.0,116,3542,6377400,739800,2305607670.0,0.701,0.338,2026-04-29
FEDERALBNK,89,75544,37442500,22757500,58923991875.0,89,38449,17425000,6930000,28163538250.0,0.465,0.509,2026-04-29
FINNIFTY,250,3711,75240,52320,6114175302.0,250,2580,36300,30120,3991595397.0,0.482,0.695,2026-04-29
FORCEMOT,40,8794,81700,47600,5275980108.75,40,2069,28100,14625,1013192846.25,0.344,0.235,2026-04-29
FORTIS,80,1118,1096625,225525,866366455.0,80,1325,578925,63550,953452856.25,0.528,1.185,2026-04-29
GAIL,128,6769,15280650,4072950,3750496596.0,129,4438,16950150,4617900,2284343743.5,1.109,0.656,2026-04-29
GLENMARK,104,7387,1400250,119625,7123029787.5,104,3284,820875,129000,2884564275.0,0.586,0.445,2026-04-29
GMRAIRPORT,78,4475,47032425,8028225,3265945123.5,78,2607,27697725,7170300,1739152986.75,0.589,0.583,2026-04-29
GODFRYPHLP,102,14336,484275,328625,9568453427.5,102,2582,228250,150700,1573814096.25,0.471,0.18,2026-04-29
GODREJCP,90,2058,727000,152000,1204988100.0,90,837,657500,77500,456836225.0,0.904,0.407,2026-04-29
GODREJPROP,78,7139,1240525,293975,3893888693.75,78,4796,978725,286550,2423220827.5,0.789,0.672,2026-04-29
GRASIM,103,5583,882250,90000,4163665000.0,103,2171,676000,67000,1492135300.0,0.766,0.389,2026-04-29
HAL,77,14121,1634400,218250,9822502117.5,78,5661,1454250,167400,3679145295.0,0.89,0.401,2026-04-29
HAVELLS,117,9978,4225500,591500,6796798400.0,117,6175,2203500,372500,3829507450.0,0.521,0.619,2026-04-29
HCLTECH,121,48537,20509300,1181950,22191163470.0,121,27399,10884300,472850,11363928712.5,0.531,0.564,2026-04-29
HDFCAMC,115,2599,653700,84000,2291997060.0,115,1190,463200,78600,959908560.0,0.709,0.458,2026-04-29
HDFCBANK,124,113717,54611150,7976650,52133831475.0,122,53378,31552950,4698100,22973102185.0,0.578,0.469,2026-04-29
HDFCLIFE,101,14482,11165000,2831400,10117328760.0,101,6883,7167600,1384900,4418865385.0,0.642,0.475,2026-04-29
HEROMOTOCO,84,14502,965100,120300,11950400670.0,84,6833,659250,164250,5180221462.5,0.683,0.471,2026-04-29
HINDALCO,87,11248,5064500,449400,8887865560.0,87,9044,4218900,541100,6730150350.0,0.833,0.804,2026-04-29
HINDPETRO,71,5128,7731450,1259550,4249918327.5,71,3770,8612325,1040850,2873029803.75,1.114,0.735,2026-04-29
HINDUNILVR,92,25481,3186600,909300,18921150795.0,92,10886,2391600,560100,7441841595.0,0.751,0.427,2026-04-29
HINDZINC,55,15387,13934375,1772575,12277073112.5,56,7102,9071125,932225,5188560265.0,0.651,0.462,2026-04-29
HYUNDAI,73,5413,722975,202400,2885960371.25,73,2846,656150,418825,1395777652.5,0.908,0.526,2026-04-29
ICICIBANK,107,48164,24313100,6463800,45881055955.0,107,26429,15918000,2858800,23841258035.0,0.655,0.549,2026-04-29
ICICIGI,75,2586,346450,104650,1568944211.25,75,809,261625,60775,465392183.75,0.755,0.313,2026-04-29
ICICIPRULI,98,3232,2829575,250675,1667263798.75,98,1530,2125650,211825,742980951.25,0.751,0.473,2026-04-29
IDEA,29,28249,1300845000,285757050,23599010106.75,27,11283,634054725,146452275,8042710080.0,0.487,0.399,2026-04-29
IDFCFIRSTB,60,15938,80228750,11250575,11111663603.25,59,12702,77177275,9015300,8070852256.25,0.962,0.797,2026-04-29
IEX,103,6874,36352500,3832500,3546403012.5,103,2490,23535000,1653750,1140318450.0,0.647,0.362,2026-04-29
INDHOTEL,105,3735,3291000,868000,2599128600.0,105,3303,4127000,1119000,2051130550.0,1.254,0.884,2026-04-29
INDIANB,74,25337,4440000,2823000,24564657950.0,74,19439,2648000,1394000,17364908000.0,0.596,0.767,2026-04-29
INDIGO,80,16670,1759650,476850,11926156027.5,82,21462,1575300,287100,13884308242.5,0.895,1.287,2026-04-29
INDUSINDBK,74,23593,5000100,625800,15852731650.0,74,17548,5057500,1256500,10939592790.0,1.011,0.744,2026-04-29
INDUSTOWER,68,20259,19842400,2017900,15288788245.0,68,10239,15410500,4788900,7317047350.0,0.777,0.505,2026-04-29
INFY,111,76178,32874400,546000,38507823680.0,111,41948,20124800,784800,19213759940.0,0.612,0.551,2026-04-29
INOXWIND,97,2769,12451725,1719575,1121341078.0,97,1408,10993125,2087800,523238322.75,0.883,0.508,2026-04-29
IOC,117,5312,30366375,5752500,4084607231.25,115,3182,24618750,2876250,2228493101.25,0.811,0.599,2026-04-29
IREDA,123,2553,13951800,1831950,1310053561.5,123,1393,10998600,1290300,634849611.0,0.788,0.546,2026-04-29
IRFC,86,4683,23056250,5427250,2263181737.5,86,2868,19069750,3162000,1220313422.5,0.827,0.612,2026-04-29
ITC,93,148323,59524800,15288000,78182740160.0,92,52928,39228800,6950400,26312184160.0,0.659,0.357,2026-04-29
JINDALSTEL,96,5256,1895000,656875,4374782906.25,96,4049,1702500,401875,3165005343.75,0.898,0.77,2026-04-29
JIOFIN,83,38218,49213700,4627150,24429570864.5,82,15695,33116200,3741200,9132072058.5,0.673,0.411,2026-04-29
JSWENERGY,100,5742,4813000,1069000,3493953050.0,100,3210,2758000,918000,1813086500.0,0.573,0.559,2026-04-29
JSWSTEEL,94,6055,3287925,342225,5524673512.5,94,4688,2640600,878175,3959893507.5,0.803,0.774,2026-04-29
JUBLFOOD,88,4518,4988750,242500,2895563187.5,89,2191,3905000,483750,1263860875.0,0.783,0.485,2026-04-29
KALYANKJIL,74,5840,4099575,1035175,3068344063.75,74,4332,2721300,1193800,2161414380.0,0.664,0.742,2026-04-29
KAYNES,81,13233,769900,169400,6037736865.0,81,6086,572600,156800,2455899655.0,0.744,0.46,2026-04-29
KEI,83,5400,266700,109375,5012659277.5,83,2217,248325,99750,1886781286.25,0.931,0.411,2026-04-29
KFINTECH,73,6331,1161000,821500,3325662075.0,73,2094,844500,491500,976870450.0,0.727,0.331,2026-04-29
KOTAKBANK,106,18154,25498000,4940000,14663665800.0,106,13464,24616000,5892000,10210314100.0,0.965,0.742,2026-04-29
KPITTECH,54,5986,1502375,393550,2047242233.75,54,2839,1048050,362100,870684282.5,0.698,0.474,2026-04-29
LAURUSLABS,82,4641,3588700,566950,4692657390.0,82,3596,2382550,332350,3368959700.0,0.664,0.775,2026-04-29
LICHSGFIN,83,9612,4731000,261000,5660118900.0,83,3124,3288000,400000,1724630200.0,0.695,0.325,2026-04-29
LICI,129,3785,4550700,570500,2273911395.0,129,1432,2860900,298200,793593395.0,0.629,0.378,2026-04-29
LODHA,88,23432,2094750,643500,10194044580.0,88,6600,1309050,457200,2634189997.5,0.625,0.282,2026-04-29
LT,132,32461,3312400,595175,24824282883.75,135,17651,3315900,335650,12110536007.5,1.001,0.544,2026-04-29
LTF,53,3855,11421000,666000,2666368710.0,53,2427,9778500,1089000,1556670195.0,0.856,0.63,2026-04-29
LTM,73,6441,777150,171000,4499521777.5,73,3214,567600,81300,2095034572.5,0.73,0.499,2026-04-29
LUPIN,83,4435,1581000,176800,4620637166.25,83,2693,1270325,192100,2612910731.25,0.803,0.607,2026-04-29
M&M,110,38891,3299600,622600,26030850430.0,111,16812,3167800,600600,10497049870.0,0.96,0.432,2026-04-29
MANAPPURAM,50,2645,9516000,1023000,2509884600.0,50,1251,5427000,1521000,1059698250.0,0.57,0.473,2026-04-29
MANKIND,92,1245,307125,68400,670321338.75,92,1550,375075,74925,687950268.75,1.221,1.245,2026-04-29
MARICO,103,2525,2304000,1130400,2548209660.0,103,1823,1789200,715200,1627202700.0,0.777,0.722,2026-04-29
MARUTI,114,170301,1551200,426750,120977086360.0,114,80358,746050,105700,52495026902.5,0.481,0.472,2026-04-29
MAXHEALTH,79,5214,1464225,449400,2962611277.5,79,2292,1000125,179550,1207117983.75,0.683,0.44,2026-04-29
MAZDOCK,110,66172,2399000,1307200,39162902260.0,111,15505,1169400,504800,8549822270.0,0.487,0.234,2026-04-29
MCX,52,16803,3466875,388125,33081687718.75,52,9152,2753750,489375,16190706562.5,0.794,0.545,2026-04-29
MFSL,70,610,210400,60000,421289840.0,70,625,244800,58800,405683660.0,1.163,1.025,2026-04-29
MIDCPNIFTY,443,66600,2540280,981480,117636375450.0,443,53123,2637840,1028880,86531634300.0,1.038,0.798,2026-04-29
MOTHERSON,115,2952,23616000,3241050,2470828920.0,115,1801,15614850,3290250,1376762677.5,0.661,0.61,2026-04-29
MOTILALOFS,63,4962,1501175,867225,3287425147.5,63,3958,1198925,768025,2216370536.25,0.799,0.798,2026-04-29
MPHASIS,97,10246,858550,458425,6930182586.25,97,7533,911350,521400,4656426541.25,1.061,0.735,2026-04-29
MUTHOOTFIN,60,2163,711975,104775,2245198106.25,60,2030,531025,57475,1875302330.0,0.746,0.939,2026-04-29
NAM-INDIA,54,3408,1189375,104375,2396865375.0,54,961,583125,113125,605073250.0,0.49,0.282,2026-04-29
NATIONALUM,64,11013,19935000,2508750,9698817468.75,64,8760,13492500,2887500,6996909562.5,0.677,0.795,2026-04-29
NAUKRI,81,7791,1972125,522750,3109002993.75,80,2752,779625,226500,1027943118.75,0.395,0.353,2026-04-29
NBCC,75,1333,10653500,3627000,880897030.0,75,930,7975500,2983500,568335820.0,0.749,0.698,2026-04-29
NESTLEIND,118,14285,2931000,141000,10849854600.0,118,9309,3161000,901000,6619391275.0,1.078,0.652,2026-04-29
NHPC,72,7241,29536000,10086400,4209931840.0,72,2764,16416000,4928000,1437422976.0,0.556,0.382,2026-04-29
NIFTY,940,24228982,169052265,24894645,38988304832486.75,962,21552481,176009810,35429625,33448876551519.0,1.041,0.89,2026-04-29
NIFTYNXT50,606,43,200,200,77789523.75,606,0,0,0,0.0,0.0,0.0,2026-04-29
NMDC,74,10199,54344250,4556250,6679282747.5,75,3550,28478250,3240000,2128330282.5,0.524,0.348,2026-04-29
NTPC,122,21564,21210000,7060500,13834836075.0,122,9154,11503500,1689000,5595914175.0,0.542,0.425,2026-04-29
NUVAMA,61,667,329000,100500,489198250.0,61,469,233500,80500,311047000.0,0.71,0.703,2026-04-29
NYKAA,84,1288,3725000,546875,1144733187.5,84,3996,3175000,993750,3295895562.5,0.852,3.102,2026-04-29
OBEROIRLTY,70,2055,777000,282100,1329938277.5,70,515,287700,51450,305186805.0,0.37,0.251,2026-04-29
OFSS,90,26662,626250,96600,20311029678.75,90,10242,528750,72150,7000944483.75,0.844,0.384,2026-04-29
OIL,81,11471,7018200,1302000,8482512570.0,81,3199,3711400,464800,2202201120.0,0.529,0.279,2026-04-29
ONGC,85,41954,26939250,4693500,30117265875.0,85,16682,18929250,2074500,11308175437.5,0.703,0.398,2026-04-29
PAGEIND,114,991,14310,6480,601618852.5,114,575,9795,3690,324079083.0,0.684,0.58,2026-04-29
PATANJALI,71,3410,3042000,587700,1528853265.0,71,1184,2889000,575100,509483970.0,0.95,0.347,2026-04-29
PAYTM,91,7228,3975175,685850,6361872245.0,91,9165,5161275,222575,7381579017.5,1.298,1.268,2026-04-29
PERSISTENT,86,17295,1294600,200800,9024753450.0,86,8228,810000,121900,3959451630.0,0.626,0.476,2026-04-29
PETRONET,94,5049,5494800,2433900,2950230700.0,93,2195,6914100,1381300,1136302771.0,1.258,0.435,2026-04-29
PFC,76,26234,15614300,2644200,17038717605.0,76,14836,9261200,2345200,9069548865.0,0.593,0.566,2026-04-29
PGEL,57,3644,2573550,819850,2109803937.5,57,3872,2583050,853100,1974675225.0,1.004,1.063,2026-04-29
PHOENIXLTD,73,9931,703150,190400,6648763992.5,73,3620,378000,154350,2291424782.5,0.538,0.365,2026-04-29
PIDILITIND,106,1386,666500,157000,1029008175.0,106,605,451500,130500,423497850.0,0.677,0.437,2026-04-29
PIIND,112,7713,598325,-15925,4468032826.25,112,4445,435925,69825,2430974945.0,0.729,0.576,2026-04-29
PNB,86,6993,52104000,7328000,6737995040.0,86,4094,45192000,6880000,3619554400.0,0.867,0.585,2026-04-29
PNBHOUSING,92,3306,1433250,297700,2395676562.5,92,1858,1074450,255450,1251183180.0,0.75,0.562,2026-04-29
POLICYBZR,68,2490,695100,98000,1572014167.5,68,1316,485100,58800,786840792.5,0.698,0.529,2026-04-29
POLYCAB,69,8053,607375,116375,8848460450.0,69,6826,910250,162125,6395002206.25,1.499,0.848,2026-04-29
POWERGRID,97,9594,13748400,554800,6126737815.0,97,4672,10531700,412300,2832060675.0,0.766,0.487,2026-04-29
POWERINDIA,61,6327,187775,15275,5568851535.0,61,3954,130225,17425,3143950192.5,0.694,0.625,2026-04-29
PREMIERENE,70,3566,1113775,148350,2255974032.5,70,1497,1064325,185150,864951253.75,0.956,0.42,2026-04-29
PRESTIGE,60,1840,526950,143100,1257513592.5,60,1000,490050,236250,620590792.5,0.93,0.543,2026-04-29
RBLBANK,57,35809,15151100,317500,40396073322.5,57,14431,14062075,3975100,14975591238.75,0.928,0.403,2026-04-29
RECLTD,64,48663,20718600,6787200,26769270430.0,63,35336,14140000,3427200,17868314940.0,0.682,0.726,2026-04-29
RELIANCE,99,183020,37561000,2015000,135333198875.0,97,134558,35238000,3771000,93182039200.0,0.938,0.735,2026-04-29
RVNL,54,5805,9636475,1166625,2902235628.25,54,1970,6363825,439200,880030621.5,0.66,0.339,2026-04-29
SAIL,58,17,446500,42300,15555872.0,58,0,75200,0,0.0,0.168,0.0,2026-04-29
SAMMAANCAP,40,3613,10702700,3891500,2396278802.0,40,2325,10328600,2713300,1418785903.0,0.965,0.644,2026-04-29
SBICARD,58,12100,7472800,1129600,6767049040.0,58,7242,5008000,454400,3723164960.0,0.67,0.599,2026-04-29
SBILIFE,82,6477,2403375,141750,4698951918.75,82,3321,1582500,249750,2200321893.75,0.658,0.513,2026-04-29
SBIN,85,51616,23966250,4066500,44676520350.0,85,31922,18866250,2758500,25639597012.5,0.787,0.618,2026-04-29
SHREECEM,76,2060,30325,18425,1352016088.75,76,1177,25325,10550,730348793.75,0.835,0.571,2026-04-29
SHRIRAMFIN,91,22576,16525575,1770450,19537977195.0,91,10919,7719525,1086525,8627318163.75,0.467,0.484,2026-04-29
SIEMENS,69,4492,666400,111825,3245348321.25,69,1931,402850,49000,1274698040.0,0.605,0.43,2026-04-29
SOLARINDS,57,2784,90900,12450,2325759925.0,57,4455,70000,11050,2619590430.0,0.77,1.6,2026-04-29
SONACOMS,97,3952,2100875,498575,3104507700.0,97,1487,1645175,377300,1089774026.25,0.783,0.376,2026-04-29
SRF,96,9265,896400,123800,5024003100.0,97,2688,759800,75000,1388034610.0,0.848,0.29,2026-04-29
SUNPHARMA,73,42353,6749750,1556100,27506948770.0,73,23221,5141500,836150,14121426865.0,0.762,0.548,2026-04-29
SUPREMEIND,63,8555,743225,-11550,5972272311.25,63,2810,333725,-20300,1809174500.0,0.449,0.328,2026-04-29
SUZLON,60,13709,114969475,18122200,7640868510.75,60,5959,50188025,8230800,2920408233.5,0.437,0.435,2026-04-29
SWIGGY,49,10080,6896500,2545400,3956851210.0,49,6115,4977700,2440100,2196557545.0,0.722,0.607,2026-04-29
TATACONSUM,93,5852,1845250,409750,3995312530.0,93,2177,1155000,365200,1359749022.5,0.626,0.372,2026-04-29
TATAELXSI,72,9098,1122500,102500,4118388015.0,72,3691,498800,56600,1522459105.0,0.444,0.406,2026-04-29
TATAPOWER,76,16298,18035100,2292450,11439472095.0,76,10602,13516900,1144050,6977404640.0,0.749,0.651,2026-04-29
TATASTEEL,64,34670,67875500,9476500,21590419015.0,63,28082,46747250,9528750,16426276707.5,0.689,0.81,2026-04-29
TCS,101,58074,9483250,858025,26379811517.5,102,30683,7793100,537600,12902929033.75,0.822,0.528,2026-04-29
TECHM,63,22403,5748600,846000,20582757450.0,63,11417,4090200,366600,9661979520.0,0.712,0.51,2026-04-29
TIINDIA,123,1714,194800,23400,1104500650.0,123,1121,197600,89000,663800430.0,1.014,0.654,2026-04-29
TITAN,68,8728,1132250,179025,7168815517.5,68,7387,937825,202300,5590860563.75,0.828,0.846,2026-04-29
TMPV,58,43038,15107200,4902400,13180137800.0,59,21493,13808800,3288000,6141471160.0,0.914,0.499,2026-04-29
TORNTPHARM,69,4139,243375,47375,2299768400.0,69,954,183875,24625,499133943.75,0.756,0.23,2026-04-29
TRENT,76,37394,2845900,540600,17041822835.0,75,15157,1254800,41700,6324072535.0,0.441,0.405,2026-04-29
TVSMOTOR,128,15494,1040725,188475,10259947398.75,128,4021,731325,125650,2492570937.5,0.703,0.26,2026-04-29
ULTRACEMCO,94,38868,1021850,-1750,24796573857.5,93,16780,457600,21900,9503848745.0,0.448,0.432,2026-04-29
UNIONBANK,65,14649,49396275,10735050,12087867327.75,65,10512,30505950,6314475,7696248731.25,0.618,0.718,2026-04-29
UNITDSPR,110,6297,2397600,-398800,3729117220.0,110,2244,1932800,165200,1251808420.0,0.806,0.356,2026-04-29
UNOMINDA,47,3863,745250,459250,2630779882.5,47,816,344300,209550,510578282.5,0.462,0.211,2026-04-29
UPL,102,2264,3867170,403790,2109550652.25,102,1308,3033845,387530,1150544930.75,0.785,0.578,2026-04-29
VBL,91,16037,10402875,0,9963793350.0,91,8418,6044625,874125,4914394593.75,0.581,0.525,2026-04-29
VEDL,71,96999,12252100,-5209500,87140764987.5,71,48559,10675450,1003950,41615649437.5,0.871,0.501,2026-04-29
VMM,103,414,1906050,552900,270472811.5,103,189,1270700,344350,118659324.0,0.667,0.457,2026-04-29
VOLTAS,76,11091,2206875,428250,6643030125.0,76,5074,1413750,326250,2825748056.25,0.641,0.457,2026-04-29
WAAREEENER,52,33878,1981175,690200,22482994695.0,52,9526,1066800,311325,5801151107.5,0.538,0.281,2026-04-29
WIPRO,64,33270,119982000,7806000,21123811320.0,65,15375,63924000,6093000,8862847410.0,0.533,0.462,2026-04-29
YESBANK,29,20290,309258400,40523300,13921837561.0,28,6793,161626700,13466300,4249287855.0,0.523,0.335,2026-04-29
ZYDUSLIFE,72,2043,2367000,249300,1808651745.0,72,1156,1971000,208800,939642255.0,0.833,0.566,2026-04-29
360ONE,43,1777,1023500,157500,1005637825.0,45,1260,505500,89000,638901825.0,0.494,0.709,2026-04-30
ABB,103,5896,633375,52375,5732434312.5,101,4414,411000,34125,3885950893.75,0.649,0.749,2026-04-30
ABCAPITAL,46,3052,6773500,350300,3510036690.0,51,1850,7173400,725400,1987400545.0,1.059,0.606,2026-04-30
ADANIENSOL,68,17125,5620725,1640250,17119364850.0,65,10716,3630825,1114425,9522402558.75,0.646,0.626,2026-04-30
ADANIENT,84,43335,6538131,804327,34127709697.05,95,22656,4901976,588027,16654402509.750004,0.75,0.523,2026-04-30
ADANIGREEN,77,7815,5634600,589200,6208668270.0,80,6365,4189800,340200,4669388550.0,0.744,0.814,2026-04-30
ADANIPORTS,55,57690,6005425,931950,47543873327.5,62,34323,4829800,563825,26324576023.75,0.804,0.595,2026-04-30
ADANIPOWER,57,23348,31431700,6354500,19924292320.5,60,10258,20171100,5158150,7827243344.0,0.642,0.439,2026-04-30
ALKEM,76,1468,130875,26000,1044879950.0,73,721,112875,28500,471983987.5,0.862,0.491,2026-04-30
AMBER,51,4201,375600,107600,3615165760.0,54,3092,198400,57800,2455435165.0,0.528,0.736,2026-04-30
AMBUJACEM,59,7265,11313750,765450,3699106845.0,62,3102,9138150,319200,1471526280.0,0.808,0.427,2026-04-30
ANGELONE,50,4017,10110000,407500,3375174500.0,43,2316,6885000,-75000,1776461000.0,0.681,0.577,2026-04-30
APLAPOLLO,74,3332,812350,291900,2417481972.5,70,2546,620200,174300,1731474115.0,0.763,0.764,2026-04-30
APOLLOHOSP,98,5047,559375,88750,5084827937.5,98,4122,365125,92125,3812601131.25,0.653,0.817,2026-04-30
ASHOKLEY,62,13923,70750000,6995000,12720978350.0,60,6485,45695000,2430000,5217146450.0,0.646,0.466,2026-04-30
ASIANPAINT,83,14527,2638000,530000,9418849275.0,87,16006,2747000,536750,9558675787.5,1.041,1.102,2026-04-30
ASTRAL,58,3414,1280950,132175,2384744126.25,62,1806,918425,-5525,1180775608.75,0.717,0.529,2026-04-30
AUBANK,73,8655,7683000,628000,9384835850.0,76,4764,4161000,460000,4826005200.0,0.542,0.55,2026-04-30
AUROPHARMA,53,2298,2444200,97900,1864453387.5,46,1368,1469050,92950,1037951860.0,0.601,0.595,2026-04-30
AXISBANK,89,39365,12561875,2658125,33137950781.25,88,27853,8807500,2393125,22054412875.0,0.701,0.708,2026-04-30
BAJAJ-AUTO,82,106808,1086525,516900,83999657760.0,81,44741,962625,464775,31714111008.75,0.886,0.419,2026-04-30
BAJAJFINSV,70,41143,2630000,866750,19275472850.0,70,25953,2651250,647750,11361598075.0,1.008,0.631,2026-04-30
BAJAJHLDNG,67,1175,36750,14000,651572440.0,71,278,16450,100,140661095.0,0.448,0.237,2026-04-30
BAJFINANCE,63,126019,17623500,3107250,95049311850.0,69,69836,12453750,84750,48878067375.0,0.707,0.554,2026-04-30
BANDHANBNK,60,23511,42300000,9021600,17947573200.0,64,13692,26312400,-936000,9678288852.0,0.622,0.582,2026-04-30
BANKBARODA,81,7635,29840850,3837600,6382493588.25,78,4504,25055550,1523925,3472805436.75,0.84,0.59,2026-04-30
BANKINDIA,48,2266,14778400,2428400,1802772036.0,47,1871,13208000,2256800,1380554604.0,0.894,0.826,2026-04-30
BANKNIFTY,584,840519,12047130,1304430,1458494713281.0,584,791953,10848960,749550,1283708796516.0,0.901,0.942,2026-04-30
BDL,50,4429,1788150,-8750,2312071177.5,55,3199,1010100,84700,1419949212.5,0.565,0.722,2026-04-30
BEL,68,25230,33574425,3720675,16767984547.5,68,11394,21986325,2288550,6951143160.0,0.655,0.452,2026-04-30
BHARATFORG,67,5732,1761000,219000,5738787550.0,64,4788,1378000,201500,4501321250.0,0.783,0.835,2026-04-30
BHARTIARTL,64,38171,6701300,794200,35670508063.75,66,18869,5547525,674025,16746461395.0,0.828,0.494,2026-04-30
BHEL,93,14513,24436125,2341500,14258342411.25,93,7836,22848000,4173750,6897252285.0,0.935,0.54,2026-04-30
BIOCON,56,5722,23175000,1137500,5601544875.0,59,1719,10867500,207500,1564338625.0,0.469,0.3,2026-04-30
BLUESTARCO,72,3442,927225,146575,2212485632.5,73,2177,611650,144950,1298702941.25,0.66,0.632,2026-04-30
BOSCHLTD,91,1275,32775,5700,1244880640.0,89,1484,26275,8425,1322656010.0,0.802,1.164,2026-04-30
BPCL,48,7645,16670975,1552350,4947054655.0,55,5189,9833525,509550,3081157407.5,0.59,0.679,2026-04-30
BRITANNIA,83,5412,536875,116125,4074579325.0,83,2876,409750,98750,2024552118.75,0.763,0.531,2026-04-30
BSE,54,16187,4190250,278250,23381922262.5,55,15841,3807750,311625,20943733162.5,0.909,0.979,2026-04-30
CAMS,47,4352,1596750,297000,2567967150.0,52,5743,1351500,306750,3093857175.0,0.846,1.32,2026-04-30
CANBK,94,7617,55073250,8532000,7512396030.0,98,6103,57084750,9625500,5573909767.5,1.037,0.801,2026-04-30
CDSL,48,12445,4484950,664050,8184626532.5,50,9808,4144850,867825,5870786725.0,0.924,0.788,2026-04-30
CGPOWER,57,3729,2266100,182750,2767042910.0,57,2610,1870850,347650,1794918735.0,0.826,0.7,2026-04-30
CHOLAFIN,61,29045,2616250,753125,29998765031.25,59,16535,1875000,820000,15602737093.75,0.717,0.569,2026-04-30
CIPLA,87,13288,3540000,607500,6900521606.25,92,4582,2442000,376125,2222586768.75,0.69,0.345,2026-04-30
COALINDIA,73,51053,25308450,2500200,34961989905.0,75,23260,18049500,777600,14988743887.5,0.713,0.456,2026-04-30
COCHINSHIP,54,2863,1110400,37200,2148773540.0,55,1691,760800,16000,1125176020.0,0.685,0.591,2026-04-30
COFORGE,50,7172,5484750,311250,3481664081.25,49,6057,3477750,101625,2675349281.25,0.634,0.845,2026-04-30
COLPAL,79,5724,1107450,148725,2891127723.75,76,4790,765900,262575,2199241845.0,0.692,0.837,2026-04-30
CONCOR,63,1802,4577500,363750,1238276687.5,68,768,3443750,212500,496212312.5,0.752,0.426,2026-04-30
CROMPTON,69,8883,12704400,1191600,4671422154.0,70,4332,5819400,1083600,2145029868.0,0.458,0.488,2026-04-30
CUMMINSIND,71,3040,461400,4200,3391674420.0,73,2503,399400,61000,2525911450.0,0.866,0.823,2026-04-30
DABUR,66,6220,5465000,1602500,3714194750.0,65,3066,3740000,1098750,1694595625.0,0.684,0.493,2026-04-30
DALBHARAT,63,3276,749125,83850,2172124223.75,68,2633,472550,-17225,1642295525.0,0.631,0.804,2026-04-30
DELHIVERY,60,2393,5214475,454425,2456046256.25,61,971,2031425,188825,925423958.75,0.39,0.406,2026-04-30
DIVISLAB,86,5533,452400,93300,3784689170.0,91,2599,337400,71200,1652428740.0,0.746,0.47,2026-04-30
DIXON,80,23466,926500,88350,14400226382.5,88,15708,849800,98850,8658312867.5,0.917,0.669,2026-04-30
DLF,80,6740,6162750,190575,3494207433.75,82,8884,5401275,985050,4355946168.75,0.876,1.318,2026-04-30
DMART,59,9063,716250,214800,6638993295.0,58,5069,496650,141450,3405845625.0,0.693,0.559,2026-04-30
DRREDDY,98,10782,6848750,483125,9423028687.5,93,7343,3970625,296250,6044772625.0,0.58,0.681,2026-04-30
EICHERMOT,87,10610,837800,117100,8026630120.0,93,9848,725700,90900,6745401245.0,0.866,0.928,2026-04-30
ETERNAL,70,59347,92571950,6782725,38524463424.75,76,32561,49443325,1384675,19470344375.75,0.534,0.549,2026-04-30
EXIDEIND,84,4288,9545400,453600,2971301400.0,95,1996,6440400,63000,1309838220.0,0.675,0.465,2026-04-30
FEDERALBNK,79,30607,38312500,870000,23489794500.0,77,12229,19575000,2150000,8643422750.0,0.511,0.4,2026-04-30
FINNIFTY,275,2955,107280,32040,4822122858.0,275,2249,47700,11400,3437410635.0,0.445,0.761,2026-04-30
FORCEMOT,41,12179,121425,39725,6983808890.0,38,6963,48275,20175,3351610601.25,0.398,0.572,2026-04-30
FORTIS,58,941,1143125,46500,717446523.75,59,994,644025,65100,701936875.0,0.563,1.056,2026-04-30
GAIL,96,3938,16420950,1140300,2153309571.0,104,2796,17548650,598500,1416685945.5,1.069,0.71,2026-04-30
GLENMARK,76,5865,1558125,157875,5633882043.75,84,2520,892875,72000,2256310987.5,0.573,0.43,2026-04-30
GMRAIRPORT,73,4026,50171175,3138750,2902322889.0,69,2237,30341250,2643525,1456295253.75,0.605,0.556,2026-04-30
GODFRYPHLP,69,3821,542025,57750,2572224146.25,72,1053,220000,-8250,635649822.5,0.406,0.276,2026-04-30
GODREJCP,73,2832,846500,119500,1612438425.0,75,3026,794500,137000,1624834250.0,0.939,1.069,2026-04-30
GODREJPROP,67,4483,1332375,91850,2432753180.0,71,4606,1085700,106975,2341851613.75,0.815,1.027,2026-04-30
GRASIM,86,3036,932000,49750,2231246525.0,88,1518,758000,82000,1024035800.0,0.813,0.5,2026-04-30
HAL,62,13208,1748400,114000,9099027427.5,68,9241,1529250,75000,5893972080.0,0.875,0.7,2026-04-30
HAVELLS,102,6387,4671500,446000,4318797525.0,97,2667,2297500,94000,1656645450.0,0.492,0.418,2026-04-30
HCLTECH,107,38496,20802600,293300,17356269612.5,105,19905,11207000,322700,8374337335.0,0.539,0.517,2026-04-30
HDFCAMC,86,2230,741000,87300,1947744645.0,88,1536,545100,81900,1237406355.0,0.736,0.689,2026-04-30
HDFCBANK,119,135816,61985900,7374750,61397410625.0,118,67458,34261300,2708350,28459025305.0,0.553,0.497,2026-04-30
HDFCLIFE,89,11692,12441000,1276000,8004160065.0,92,6268,7784700,617100,3981861070.0,0.626,0.536,2026-04-30
HEROMOTOCO,78,12870,1157850,192750,10565423062.5,77,5775,747300,88050,4385825280.0,0.645,0.449,2026-04-30
HINDALCO,76,13548,5434100,369600,10550281840.0,74,11533,4108300,-110600,8512646135.0,0.756,0.851,2026-04-30
HINDPETRO,58,4533,8581950,850500,3707558831.25,61,3871,8999100,386775,2935551881.25,1.049,0.854,2026-04-30
HINDUNILVR,79,147108,7194300,4007700,106817952825.0,83,74237,3871200,1479600,50632867830.0,0.538,0.505,2026-04-30
HINDZINC,48,16428,15974000,2039625,12914655845.0,52,10217,10054800,983675,7378312445.0,0.629,0.622,2026-04-30
HYUNDAI,66,1525,729850,6875,808307266.25,64,1028,722150,66000,493983256.25,0.989,0.674,2026-04-30
ICICIBANK,100,50602,29024100,4711000,47685095605.0,91,26288,18740400,2822400,23289589470.0,0.646,0.52,2026-04-30
ICICIGI,68,1626,428675,82225,979323913.75,65,872,264550,2925,497317762.5,0.617,0.536,2026-04-30
ICICIPRULI,81,3226,3166275,336700,1641038753.75,83,1438,2151550,25900,688471348.75,0.68,0.446,2026-04-30
IDEA,26,18543,1324574700,23729700,15529446869.25,22,5428,673723350,39668625,3832505224.5,0.509,0.293,2026-04-30
IDFCFIRSTB,52,7920,83308050,3079300,5490779873.25,52,5715,76917575,-259700,3663691501.75,0.923,0.722,2026-04-30
IEX,88,6777,39772500,3420000,3439517850.0,95,2397,24326250,791250,1092428850.0,0.612,0.354,2026-04-30
INDHOTEL,86,5031,3638000,347000,3453848250.0,94,4136,4753000,626000,2555174550.0,1.306,0.822,2026-04-30
INDIANB,86,26506,5821000,1381000,24307593950.0,82,18128,3405000,757000,15320619800.0,0.585,0.684,2026-04-30
INDIGO,68,24579,2368350,608700,17209359022.5,73,29531,1885050,309750,18818517825.0,0.796,1.201,2026-04-30
INDUSINDBK,65,13169,5188400,188300,8832784765.0,69,11673,5380900,323400,7368383855.0,1.037,0.886,2026-04-30
INDUSTOWER,63,12824,22713700,2871300,9553277840.0,63,7367,17744600,2334100,5192176890.0,0.781,0.574,2026-04-30
INFY,102,76551,32055600,-818800,38573930620.0,99,42127,19684000,-440800,19487191160.0,0.614,0.55,2026-04-30
INOXWIND,62,3691,15082925,2631200,1445879935.5,65,1796,10514075,-479050,690536775.5,0.697,0.487,2026-04-30
IOC,102,5955,34636875,4270500,4463189347.5,101,4219,27982500,3363750,2919425778.75,0.808,0.708,2026-04-30
IREDA,94,3205,14893650,941850,1620604897.5,90,1217,11229750,231150,567264732.0,0.754,0.38,2026-04-30
IRFC,68,2744,24709500,1653250,1315214562.5,74,1689,19477750,408000,719540300.0,0.788,0.616,2026-04-30
ITC,85,72195,68892800,9368000,38633575680.0,90,25530,38784000,-444800,12788968320.0,0.563,0.354,2026-04-30
JINDALSTEL,85,6477,2334375,439375,5270909531.25,84,5168,2228125,525625,3967823531.25,0.954,0.798,2026-04-30
JIOFIN,74,23175,54785550,5571850,14504463247.0,75,10105,36293400,3177200,5740320207.5,0.662,0.436,2026-04-30
JSWENERGY,73,4816,5122000,309000,2886898150.0,79,3057,3535000,777000,1687708850.0,0.69,0.635,2026-04-30
JSWSTEEL,78,5331,3869775,581850,4846005731.25,81,4311,3415500,774900,3575328558.75,0.883,0.809,2026-04-30
JUBLFOOD,77,2323,5032500,43750,1482990625.0,69,1272,3943750,38750,746157812.5,0.784,0.548,2026-04-30
KALYANKJIL,58,4080,4597775,498200,2119543137.5,58,3383,3067925,346625,1656296685.0,0.667,0.829,2026-04-30
KAYNES,66,9635,874600,104700,4291410825.0,66,4926,641200,68600,1934279100.0,0.733,0.511,2026-04-30
KEI,60,3414,317625,50925,3114658373.75,66,1608,259700,11375,1368290796.25,0.818,0.471,2026-04-30
KFINTECH,81,29766,4259500,3098500,14962024850.0,82,22304,2194500,1350000,10373126350.0,0.515,0.749,2026-04-30
KOTAKBANK,94,22812,30964000,5466000,18438426200.0,100,15241,30422000,5806000,11566000000.0,0.982,0.668,2026-04-30
KPITTECH,50,13370,1723375,221000,4577930786.25,52,4187,1398250,350200,1321261930.0,0.811,0.313,2026-04-30
LAURUSLABS,77,11475,5096600,1507900,11522922490.0,76,6777,2986050,603500,6326901262.5,0.586,0.591,2026-04-30
LICHSGFIN,69,3363,5000000,269000,1979710250.0,72,2522,3320000,32000,1338025800.0,0.664,0.75,2026-04-30
LICI,102,4614,5126800,576100,2745555400.0,101,2976,3357200,496300,1650467700.0,0.655,0.645,2026-04-30
LODHA,63,7790,2590650,495900,3409167645.0,71,4194,1542600,233550,1710757440.0,0.595,0.538,2026-04-30
LT,117,27041,3796100,483700,20381445350.0,123,17450,3709825,393925,12081027525.0,0.977,0.645,2026-04-30
LTF,40,2917,12375000,954000,2011045207.5,45,1522,10183500,405000,947330235.0,0.823,0.522,2026-04-30
LTM,66,4497,815400,38250,3109264312.5,67,2133,565050,-2550,1342610287.5,0.693,0.474,2026-04-30
LUPIN,79,4466,1827500,246500,4618533501.25,79,3070,1463700,193375,2959745517.5,0.801,0.687,2026-04-30
M&M,101,23240,3557000,257400,15332962330.0,104,17013,3168000,200,10592714730.0,0.891,0.732,2026-04-30
MANAPPURAM,41,2689,10122000,606000,2551389750.0,43,888,5433000,6000,779798400.0,0.537,0.33,2026-04-30
MANKIND,84,748,341550,34425,401486276.25,78,370,384525,9450,171340470.0,1.126,0.495,2026-04-30
MARICO,91,2093,2568000,264000,2077218180.0,91,1263,2017200,228000,1175922000.0,0.786,0.603,2026-04-30
MARUTI,90,71601,1620100,68900,50497915842.5,92,37140,765300,19250,23962803640.0,0.472,0.519,2026-04-30
MAXHEALTH,90,4277,1875825,411600,2392240541.25,89,2931,1042125,42000,1512769702.5,0.556,0.685,2026-04-30
MAZDOCK,87,20248,2737000,338000,11834932600.0,97,7304,1353600,184200,3978755220.0,0.495,0.361,2026-04-30
MCX,45,13283,4010625,543750,26438878750.0,47,9212,3040625,286875,16545225562.5,0.758,0.694,2026-04-30
MFSL,59,473,223600,13200,323224560.0,59,193,266000,21200,126779460.0,1.19,0.408,2026-04-30
MIDCPNIFTY,470,59639,3032880,492600,103753147788.0,470,47312,3110040,472200,77202650532.0,1.025,0.793,2026-04-30
MOTHERSON,89,4160,24071100,455100,3445839280.5,89,2352,17220000,1605150,1761729369.0,0.715,0.565,2026-04-30
MOTILALOFS,52,11872,1856900,355725,7905502703.75,50,4901,1370975,172050,2993605055.0,0.738,0.413,2026-04-30
MPHASIS,84,35526,1511400,652850,23807014082.5,82,16080,1026850,115500,10130381263.75,0.679,0.453,2026-04-30
MUTHOOTFIN,53,1872,771100,59125,1917591128.75,53,1383,592350,61325,1303059683.75,0.768,0.739,2026-04-30
NAM-INDIA,40,2795,990625,-198750,1951080937.5,37,1157,540000,-43125,720157812.5,0.545,0.414,2026-04-30
NATIONALUM,73,28739,26113125,6178125,24377214937.5,73,21630,15063750,1571250,16721471343.75,0.577,0.753,2026-04-30
NAUKRI,75,4480,2109750,137625,1765139887.5,75,2394,978375,198750,868176337.5,0.464,0.534,2026-04-30
NBCC,58,1600,12551500,1898000,1036553635.0,66,983,9886500,1911000,576555785.0,0.788,0.614,2026-04-30
NESTLEIND,93,9636,3407500,476500,7278310600.0,98,7960,3076500,-84500,5723792925.0,0.903,0.826,2026-04-30
NHPC,59,5072,33619200,4083200,2883908672.0,61,2124,19097600,2681600,1109805504.0,0.568,0.419,2026-04-30
NIFTY,990,26215117,202792520,33740255,41906171567780.0,1012,24039618,199342045,23332235,36791377394089.5,0.983,0.917,2026-04-30
NIFTYNXT50,638,17,325,125,30659517.5,638,10,75,75,17506325.0,0.231,0.588,2026-04-30
NMDC,61,6551,59784750,5440500,4245849562.5,64,2894,30732750,2254500,1736213670.0,0.514,0.442,2026-04-30
NTPC,101,28121,29782500,8572500,17833164675.0,98,8064,12984000,1480500,4764564150.0,0.436,0.287,2026-04-30
NUVAMA,46,539,436500,107500,397186750.0,45,379,251500,18000,229525650.0,0.576,0.703,2026-04-30
NYKAA,70,644,4000000,275000,569807531.25,71,712,3287500,112500,587294843.75,0.822,1.106,2026-04-30
OBEROIRLTY,51,1096,889000,112000,700740355.0,50,517,308000,20300,299734697.5,0.346,0.472,2026-04-30
OFSS,73,17729,608775,-17475,13598617875.0,72,8510,590625,61875,5915554582.5,0.97,0.48,2026-04-30
OIL,68,7728,7924000,905800,5667840780.0,71,2592,4153800,442400,1795887520.0,0.524,0.335,2026-04-30
ONGC,81,39706,37278000,10338750,28359685687.5,80,12212,19271250,342000,8343097875.0,0.517,0.308,2026-04-30
PAGEIND,89,1739,20535,6225,1019727416.25,84,514,11535,1740,283630698.75,0.562,0.296,2026-04-30
PATANJALI,66,2405,3560400,518400,1070699220.0,67,781,2863800,-25200,337314240.0,0.804,0.325,2026-04-30
PAYTM,73,5793,4626950,651775,5000385936.25,81,6476,5113425,-47850,5198513102.5,1.105,1.118,2026-04-30
PERSISTENT,80,9465,1408000,113400,4891980745.0,76,4703,866500,56500,2298758510.0,0.615,0.497,2026-04-30
PETRONET,79,2245,6066700,571900,1289675255.0,82,1480,7050900,136800,763100306.0,1.162,0.659,2026-04-30
PFC,64,20961,17845100,2230800,13241415460.0,63,12924,10052900,791700,7793719375.0,0.563,0.617,2026-04-30
PGEL,50,5547,3339250,765700,3116265050.0,52,4817,3254700,671650,2372553560.0,0.975,0.868,2026-04-30
PHOENIXLTD,59,4032,919450,216300,2640645525.0,58,4415,674100,296100,2730588962.5,0.733,1.095,2026-04-30
PIDILITIND,90,1424,735000,68500,1042187525.0,91,958,511000,59500,652162625.0,0.695,0.673,2026-04-30
PIIND,98,5867,827050,228725,3486040118.75,101,1281,461125,25200,675429335.0,0.558,0.218,2026-04-30
PNB,75,9352,62872000,10768000,8865060160.0,82,5950,52248000,7056000,5147673200.0,0.831,0.636,2026-04-30
PNBHOUSING,67,2082,1486550,53300,1487977400.0,69,1692,1153100,78650,1138895387.5,0.776,0.813,2026-04-30
POLICYBZR,58,2095,783300,88200,1303646400.0,62,1484,574000,88900,889383145.0,0.733,0.708,2026-04-30
POLYCAB,57,4739,664375,57000,5136633212.5,66,3798,960375,50125,3774210237.5,1.446,0.801,2026-04-30
POWERGRID,82,10828,16245000,2496600,6882847375.0,86,5310,11344900,813200,3235224335.0,0.698,0.49,2026-04-30
POWERINDIA,50,10110,208625,20850,9040468216.25,53,8443,181600,51375,6440719807.5,0.87,0.835,2026-04-30
PREMIERENE,59,4272,1328825,215050,2647902341.25,62,3225,1183350,119025,1811688150.0,0.891,0.755,2026-04-30
PRESTIGE,51,1124,629100,102150,760874085.0,51,1120,720450,230400,711484785.0,1.145,0.996,2026-04-30
RBLBANK,42,9801,16751300,1600200,11119963472.5,48,6896,13160375,-901700,7315333985.0,0.786,0.704,2026-04-30
RECLTD,60,25998,24659600,3941000,13983877040.0,56,14544,15243200,1103200,7308146160.0,0.618,0.559,2026-04-30
RELIANCE,101,164655,40413500,2852500,121896002525.0,102,111483,34506500,-731500,77808208325.0,0.854,0.677,2026-04-30
RVNL,49,4886,10720750,1084275,2396493991.75,50,2338,7374900,1011075,1026457720.75,0.688,0.479,2026-04-30
SAIL,44,2979,6641100,6194600,2785529542.0,43,1545,3684800,3609600,1303049526.0,0.555,0.519,2026-04-30
SAMMAANCAP,33,10471,19719800,9017100,7008944444.0,32,3507,13282700,2954100,2109083608.0,0.674,0.335,2026-04-30
SBICARD,55,9799,8273600,800800,5402485160.0,56,6628,5137600,129600,3407437760.0,0.621,0.676,2026-04-30
SBILIFE,73,4681,2560125,156750,3393366206.25,71,2547,1765500,183000,1670715281.25,0.69,0.544,2026-04-30
SBIN,79,48242,27549750,3583500,41143255912.5,82,34153,20792250,1926000,26996194500.0,0.755,0.708,2026-04-30
SHREECEM,65,2427,37200,6875,1542727782.5,66,1399,32050,6725,831035391.25,0.862,0.576,2026-04-30
SHRIRAMFIN,81,22876,18428850,1903275,19367521593.75,78,12305,8820900,1101375,9471577211.25,0.479,0.538,2026-04-30
SIEMENS,56,8580,741300,74900,6108227798.75,53,3242,453075,50225,2141896925.0,0.611,0.378,2026-04-30
SOLARINDS,46,2871,97850,6950,2408838052.5,46,1176,71500,1500,837024987.5,0.731,0.41,2026-04-30
SONACOMS,67,5560,2759925,659050,4335971535.0,74,2817,2104550,459375,2098237268.75,0.763,0.507,2026-04-30
SRF,81,3617,921800,25400,1933608160.0,89,1576,835800,76000,802181250.0,0.907,0.436,2026-04-30
SUNPHARMA,67,56800,8057700,1307950,37080210352.5,68,27389,6085800,944300,16897710655.0,0.755,0.482,2026-04-30
SUPREMEIND,60,4528,816025,72800,3107627066.25,60,2829,377650,43925,1774922117.5,0.463,0.625,2026-04-30
SUZLON,48,9760,120411550,5442075,5332956161.75,53,6177,54339525,4151500,3056066618.5,0.451,0.633,2026-04-30
SWIGGY,47,4973,7710300,813800,1911716885.0,46,3286,5365100,387400,1168269050.0,0.696,0.661,2026-04-30
TATACONSUM,75,3313,1984400,139150,2223852372.5,77,1403,1223200,68200,888286492.5,0.616,0.423,2026-04-30
TATAELXSI,68,8276,1208600,86100,3716767430.0,66,3822,549200,50400,1544328920.0,0.454,0.462,2026-04-30
TATAPOWER,67,16649,20102800,2067700,11437657275.0,65,9665,14020050,503150,6267385315.0,0.697,0.581,2026-04-30
TATASTEEL,58,28499,78028500,10153000,17636221762.5,58,21363,47833500,1086250,12340878550.0,0.613,0.75,2026-04-30
TCS,95,56506,10179775,696525,25597379466.25,95,27033,8218500,425400,11453412285.0,0.807,0.478,2026-04-30
TECHM,55,18605,5868600,120000,17239069500.0,58,8298,4551600,461400,7081457160.0,0.776,0.446,2026-04-30
TIINDIA,90,573,208000,13200,362306030.0,86,397,213200,15600,233255540.0,1.025,0.693,2026-04-30
TITAN,61,10950,1361150,228900,8878355710.0,60,7775,1062250,124425,5886869388.75,0.78,0.71,2026-04-30
TMPV,53,38655,17818400,2711200,11482488040.0,54,19008,15317600,1508800,5225346000.0,0.86,0.492,2026-04-30
TORNTPHARM,60,1431,243250,-125,785085062.5,62,884,191250,7375,473727112.5,0.786,0.618,2026-04-30
TRENT,66,27268,3151000,305100,12278920325.0,58,13124,1322200,67400,5440060800.0,0.42,0.481,2026-04-30
TVSMOTOR,108,11775,1197875,157150,7659908427.5,105,8502,822850,91525,5211597711.25,0.687,0.722,2026-04-30
ULTRACEMCO,79,32963,1101100,79250,20534130725.0,81,18077,465650,8050,10304996532.5,0.423,0.548,2026-04-30
UNIONBANK,58,12250,54573525,5177250,9861956922.75,58,6468,31165275,659325,4755671886.75,0.571,0.528,2026-04-30
UNITDSPR,88,3902,2683200,285600,2240309180.0,92,1556,1924000,-8800,846771080.0,0.717,0.399,2026-04-30
UNOMINDA,43,872,814000,68750,582542180.0,41,247,382250,37950,152009935.0,0.47,0.283,2026-04-30
UPL,85,1838,4043320,176150,1702019158.5,87,896,3181540,147695,779591120.0,0.787,0.487,2026-04-30
VBL,68,7881,10838250,435375,4834587712.5,71,5346,5829750,-214875,3085655568.75,0.538,0.678,2026-04-30
VEDL,37,42852,16281700,16281700,15325777162.5,37,24585,7010400,7010400,7599959862.5,0.431,0.574,2026-04-30
VMM,73,367,2337700,431650,231836353.5,70,118,1333750,63050,72216306.0,0.571,0.322,2026-04-30
VOLTAS,68,8602,2325000,118125,5025494325.0,66,4762,1687500,273750,2555762775.0,0.726,0.554,2026-04-30
WAAREEENER,66,96484,4033750,2052575,59926948182.5,66,53389,2023700,956900,29885505343.75,0.502,0.553,2026-04-30
WIPRO,62,29012,120318000,336000,18394840140.0,64,12022,66285000,2361000,7002716100.0,0.551,0.414,2026-04-30
YESBANK,25,12355,356561500,47303100,8429815165.0,24,3840,168157700,6531000,2371070220.0,0.472,0.311,2026-04-30
ZYDUSLIFE,64,1988,2664000,297000,1729430415.0,67,962,2071800,100800,773633655.0,0.778,0.484,2026-04-30
360ONE,43,3284,1117500,94000,1855515950.0,45,1805,557500,52000,949795850.0,0.499,0.55,2026-05-04
ABB,104,13296,936625,303250,13180226162.5,102,3926,482875,71875,3551922587.5,0.516,0.295,2026-05-04
ABCAPITAL,48,28719,15741800,8968300,33536893835.0,52,13498,11051500,3878100,14633024705.0,0.702,0.47,2026-05-04
ADANIENSOL,73,20150,5191425,-429300,20449673977.5,70,10526,4245750,614925,9473994157.5,0.818,0.522,2026-05-04
ADANIENT,86,80428,7337205,799074,64633044576.45,97,48164,5591355,689379,36169056458.85,0.762,0.599,2026-05-04
ADANIGREEN,108,28058,6364800,730200,22919741190.0,111,12143,4861200,671400,9132794490.0,0.764,0.433,2026-05-04
ADANIPORTS,72,92144,7983800,1978375,79040404225.0,79,45497,6502750,1672950,36209369771.25,0.814,0.494,2026-05-04
ADANIPOWER,79,23085,30643600,-788100,19961190878.5,83,9888,20323750,152650,7652754525.0,0.663,0.428,2026-05-04
ALKEM,79,1441,196375,65500,1034037006.25,78,556,128750,15875,370582912.5,0.656,0.386,2026-05-04
AMBER,51,2897,422200,46600,2519216215.0,54,1350,210000,11600,1057652685.0,0.497,0.466,2026-05-04
AMBUJACEM,63,74938,18998700,7684950,37779441472.5,65,34157,10534650,1396500,16258620787.5,0.554,0.456,2026-05-04
ANGELONE,51,5480,11672500,1562500,4555137125.0,44,3059,7155000,270000,2361042000.0,0.613,0.558,2026-05-04
APLAPOLLO,82,16710,1591800,779450,11754880882.5,76,7882,903700,283500,5230593917.5,0.568,0.472,2026-05-04
APOLLOHOSP,102,6090,644750,85375,6220519137.5,102,3787,416500,51375,3532866862.5,0.646,0.622,2026-05-04
ASHOKLEY,65,13519,80415000,9665000,12161946750.0,63,5773,48160000,2465000,4676166750.0,0.599,0.427,2026-05-04
ASIANPAINT,83,24459,3746500,1108500,16018516687.5,87,15769,3170000,423000,9555688887.5,0.846,0.645,2026-05-04
ASTRAL,61,3609,1356600,75650,2549346180.0,63,1655,927775,9350,1091776210.0,0.684,0.459,2026-05-04
AUBANK,73,5905,7492000,-191000,6409606600.0,76,3090,4161000,0,3147169750.0,0.555,0.523,2026-05-04
AUROPHARMA,53,3082,2778050,333850,2494678615.0,46,1620,1579600,110550,1243213125.0,0.569,0.526,2026-05-04
AXISBANK,97,31764,14793750,2231875,26816321593.75,94,15719,10312500,1505000,12419244718.75,0.697,0.495,2026-05-04
BAJAJ-AUTO,82,77943,1430700,344175,63990679395.0,81,43465,1137375,174750,31929588960.0,0.795,0.558,2026-05-04
BAJAJFINSV,70,20197,2778500,148500,9472809800.0,70,13246,2915500,264250,5733749675.0,1.049,0.656,2026-05-04
BAJAJHLDNG,69,4010,55750,19000,2264606690.0,73,640,24550,8100,324806795.0,0.44,0.16,2026-05-04
BAJFINANCE,64,38679,16751250,-872250,29041063012.5,70,24322,12618750,165000,17034607462.5,0.753,0.629,2026-05-04
BANDHANBNK,74,47480,46432800,4132800,37802983968.0,80,21079,34257600,7945200,15371398872.0,0.738,0.444,2026-05-04
BANKBARODA,87,8632,31677750,1836900,7262953863.75,82,4110,25520625,465075,3260530260.0,0.806,0.476,2026-05-04
BANKINDIA,50,3171,17196400,2418000,2497782352.0,49,1453,14274000,1066000,1051820016.0,0.83,0.458,2026-05-04
BANKNIFTY,585,964063,13339140,1292010,1678362843906.0,585,719276,11570880,721920,1169568821134.5,0.867,0.746,2026-05-04
BDL,55,8033,2024750,236600,4185830302.5,58,2476,1095150,85050,1183828397.5,0.541,0.308,2026-05-04
BEL,72,23488,37753950,4179525,15630179546.25,71,10227,23754750,1768425,6235266693.75,0.629,0.435,2026-05-04
BHARATFORG,69,8295,2401500,640500,8253165750.0,66,5797,1550500,172500,5472053550.0,0.646,0.699,2026-05-04
BHARTIARTL,64,48400,10427200,3725900,44842308618.75,66,27724,6569250,1021725,24343206030.0,0.63,0.573,2026-05-04
BHEL,146,125380,50869875,26433750,133512380793.75,150,82747,41847750,18999750,79551848381.25,0.823,0.66,2026-05-04
BIOCON,56,5277,23382500,207500,5157233000.0,59,1964,10977500,110000,1780424375.0,0.469,0.372,2026-05-04
BLUESTARCO,76,2429,970450,43225,1550689351.25,78,1200,674700,63050,668882873.75,0.695,0.494,2026-05-04
BOSCHLTD,93,1364,43375,10600,1317431873.75,91,960,34375,8100,869570816.25,0.793,0.704,2026-05-04
BPCL,48,6663,18792125,2121150,4315933135.0,55,4985,11994175,2160650,2964525165.0,0.638,0.748,2026-05-04
BRITANNIA,84,8965,648125,111250,6849705825.0,84,3573,471750,62000,2538317443.75,0.728,0.399,2026-05-04
BSE,54,31214,4845375,655125,45921974925.0,55,19484,4018500,210750,26306014762.5,0.829,0.624,2026-05-04
CAMS,52,6895,2742000,1145250,4023663375.0,56,5355,2324250,972750,2912241900.0,0.848,0.777,2026-05-04
CANBK,101,8455,63456750,8383500,8302118827.5,104,5183,62214750,5130000,4709679660.0,0.98,0.613,2026-05-04
CDSL,51,27082,6059575,1574625,17286257166.25,51,23892,4487800,342950,14053403960.0,0.741,0.882,2026-05-04
CGPOWER,59,6258,3305650,1039550,4648297122.5,59,2601,2103750,232900,1804512982.5,0.636,0.416,2026-05-04
CHOLAFIN,71,22771,2582500,-33750,24405331062.5,70,10923,2221875,346875,10796466531.25,0.86,0.48,2026-05-04
CIPLA,91,12875,3997500,457500,6724247400.0,95,4812,2763750,321750,2335243125.0,0.691,0.374,2026-05-04
COALINDIA,73,20826,26017200,708750,14221320525.0,75,14877,17752500,-297000,9434993670.0,0.682,0.714,2026-05-04
COCHINSHIP,57,3047,1179600,69200,2256483680.0,58,1170,788000,27200,787900520.0,0.668,0.384,2026-05-04
COFORGE,50,25097,6297000,812250,12110028900.0,49,14520,3843000,365250,6318986662.5,0.61,0.579,2026-05-04
COLPAL,83,11789,1210050,102600,6034342140.0,80,3660,794250,28350,1751433907.5,0.656,0.31,2026-05-04
CONCOR,66,2419,4861250,283750,1673750687.5,70,808,3438750,-5000,514344562.5,0.707,0.334,2026-05-04
CROMPTON,74,8262,14025600,1321200,4366985310.0,76,3681,6507000,687600,1852984080.0,0.464,0.446,2026-05-04
CUMMINSIND,71,4127,569400,108000,4605214470.0,73,1563,403800,4400,1619136060.0,0.709,0.379,2026-05-04
DABUR,74,4186,6370000,905000,2513730687.5,72,1761,4060000,320000,954877187.5,0.637,0.421,2026-05-04
DALBHARAT,78,6236,790075,40950,4232169548.75,84,3258,507000,34450,2052177725.0,0.642,0.522,2026-05-04
DELHIVERY,60,2333,5563075,348600,2443754475.0,61,764,2118575,87150,741192697.5,0.381,0.327,2026-05-04
DIVISLAB,86,11576,562100,109700,8008446010.0,91,4019,415000,77600,2603358990.0,0.738,0.347,2026-05-04
DIXON,83,18457,949650,23150,11296202077.5,90,13582,889250,39450,7324218277.5,0.936,0.736,2026-05-04
DLF,83,13999,7092525,929775,7393956116.25,84,5877,5711475,310200,2875757486.25,0.805,0.42,2026-05-04
DMART,74,54212,1853700,1137450,38288389065.0,73,26634,889350,392700,17445903862.5,0.48,0.491,2026-05-04
DRREDDY,98,17645,8417500,1568750,15230265156.25,93,10525,4275000,304375,8539396812.5,0.508,0.596,2026-05-04
EICHERMOT,92,22347,979500,141700,17132805195.0,97,7620,778200,52500,5433989565.0,0.794,0.341,2026-05-04
ETERNAL,76,39560,93343100,771150,25683110204.0,79,20105,50847400,1404075,12021109483.75,0.545,0.508,2026-05-04
EXIDEIND,116,34775,14580000,5034600,24385877640.0,126,16927,9021600,2581200,11061237150.0,0.619,0.487,2026-05-04
FEDERALBNK,80,15733,36250000,-2062500,12205788875.0,78,7181,19615000,40000,5097973250.0,0.541,0.456,2026-05-04
FINNIFTY,276,4766,145620,38340,7779041028.0,276,2971,88740,41040,4493219961.0,0.609,0.623,2026-05-04
FORCEMOT,41,8435,150225,28800,4704680566.25,38,2238,50350,2075,1061748345.0,0.335,0.265,2026-05-04
FORTIS,60,3862,1518225,375100,2992761118.75,61,1412,808325,164300,1035468781.25,0.532,0.366,2026-05-04
GAIL,101,5522,16855650,434700,3054449506.5,107,2596,17847900,299250,1340546728.5,1.059,0.47,2026-05-04
GLENMARK,78,3152,1700625,142500,3021339581.25,85,1779,925875,33000,1569496612.5,0.544,0.564,2026-05-04
GMRAIRPORT,73,10417,59524650,9353475,7670441328.75,69,4471,35174925,4833675,2996451978.75,0.591,0.429,2026-05-04
GODFRYPHLP,72,1781,562925,20900,1191010466.25,75,494,223025,3025,293654418.75,0.396,0.277,2026-05-04
GODREJCP,79,2838,1075500,229000,1623492200.0,80,993,819000,24500,534648900.0,0.762,0.35,2026-05-04
GODREJPROP,83,60102,2487700,1155325,33419998938.75,86,20816,1486650,400950,10781050252.5,0.598,0.346,2026-05-04
GRASIM,86,8019,1065500,133500,5981973287.5,88,2404,776750,18750,1672196712.5,0.729,0.3,2026-05-04
HAL,79,76315,2231100,482700,54896258055.0,85,29406,1924800,395550,19628787007.5,0.863,0.385,2026-05-04
HAVELLS,103,6112,4876500,205000,4128510325.0,98,2000,2320500,23000,1249350825.0,0.476,0.327,2026-05-04
HCLTECH,107,37346,22062550,1259950,16882214527.5,105,16825,11525500,318500,7027911607.5,0.522,0.451,2026-05-04
HDFCAMC,92,2315,840900,99900,2036797470.0,93,1285,584700,39600,1030832580.0,0.695,0.555,2026-05-04
HDFCBANK,122,108226,66805150,4819250,49022334692.5,121,63766,36439800,2178500,27020485117.5,0.545,0.589,2026-05-04
HDFCLIFE,92,7156,13722500,1281500,4937253255.0,94,3743,8415000,630300,2372232610.0,0.613,0.523,2026-05-04
HEROMOTOCO,79,23819,1510500,352650,19595581335.0,78,8087,892800,145500,6191334847.5,0.591,0.34,2026-05-04
HINDALCO,81,13271,6256600,822500,10300331055.0,79,7959,4745300,637000,5832449210.0,0.758,0.6,2026-05-04
HINDPETRO,60,3775,9851625,1269675,3096486022.5,63,3592,11325825,2326725,2647097516.25,1.15,0.952,2026-05-04
HINDUNILVR,96,101445,7050900,-143400,74494708245.0,99,47876,4223400,352200,32925149970.0,0.599,0.472,2026-05-04
HINDZINC,50,13783,16277800,303800,10939779628.75,53,7346,10275300,220500,5326062288.75,0.631,0.533,2026-05-04
HYUNDAI,66,4742,891275,161425,2538066657.5,64,1391,655325,-66825,679986958.75,0.735,0.293,2026-05-04
ICICIBANK,103,38981,32101300,3077200,36594710635.0,94,21774,19108600,368200,19355948745.0,0.595,0.559,2026-05-04
ICICIGI,70,1983,516425,87750,1196704827.5,66,1077,315900,51350,615431017.5,0.612,0.543,2026-05-04
ICICIPRULI,86,6938,3279125,112850,3603449563.75,88,2812,2140450,-11100,1359081132.5,0.653,0.405,2026-05-04
IDEA,26,42380,1592391525,267816825,36904806113.25,22,10218,771858525,98135175,7536909380.25,0.485,0.241,2026-05-04
IDFCFIRSTB,53,7226,86016350,2708300,5006660303.75,53,6521,79635150,2717575,4113496446.5,0.926,0.902,2026-05-04
IEX,91,8334,43470000,3697500,4274750550.0,98,3787,26235000,1908750,1734758250.0,0.604,0.454,2026-05-04
INDHOTEL,88,3085,4078000,440000,2107539650.0,95,2253,5012000,259000,1426910900.0,1.229,0.73,2026-05-04
INDIANB,86,8222,6767000,946000,7505920600.0,82,3264,3612000,207000,2748516300.0,0.534,0.397,2026-05-04
INDIGO,69,23580,3055650,687300,16526026957.5,74,17425,1936050,51000,11101891980.0,0.634,0.739,2026-05-04
INDUSINDBK,65,11831,5770100,581700,8098694345.0,69,10073,5426400,45500,6382046475.0,0.94,0.851,2026-05-04
INDUSTOWER,66,47196,29132900,6419200,34291610690.0,65,22541,21306100,3561500,15548988715.0,0.731,0.478,2026-05-04
INFY,105,51193,35053200,2997600,25972329340.0,102,26986,20548000,864000,12554979180.0,0.586,0.527,2026-05-04
INOXWIND,66,7363,16874000,1791075,2882266887.5,69,2728,11911900,1397825,995595565.25,0.706,0.371,2026-05-04
IOC,107,4805,38020125,3383250,3616456350.0,105,2668,30098250,2115750,1852493662.5,0.792,0.555,2026-05-04
IREDA,97,2764,16114950,1221300,1397486152.5,93,1150,11616150,386400,534342658.5,0.721,0.416,2026-05-04
IRFC,70,3071,25844250,1134750,1463620950.0,76,1581,20795250,1317500,687067665.0,0.805,0.515,2026-05-04
ITC,86,91502,87576250,18683450,48643373758.75,91,25151,37388800,-1395200,12595284160.0,0.427,0.275,2026-05-04
JINDALSTEL,87,19520,2906875,572500,16196261718.75,86,11269,2391875,163750,8819004812.5,0.823,0.577,2026-05-04
JIOFIN,75,21946,55779600,994050,13819305495.5,76,10511,37825600,1532200,6072921606.0,0.678,0.479,2026-05-04
JSWENERGY,73,5109,5342000,220000,3111437400.0,79,1654,3735000,200000,924202550.0,0.699,0.324,2026-05-04
JSWSTEEL,81,6690,4518450,648675,6067456436.25,84,4144,3464100,48600,3525532458.75,0.767,0.619,2026-05-04
JUBLFOOD,80,2719,5600000,567500,1728890000.0,72,1697,4140000,196250,997044687.5,0.739,0.624,2026-05-04
KALYANKJIL,59,4411,5463750,865975,2320572477.5,60,2204,3345225,277300,1088825911.25,0.612,0.5,2026-05-04
KAYNES,68,8942,971900,97300,3972911705.0,68,3404,671600,30400,1373676865.0,0.691,0.381,2026-05-04
KEI,63,10267,548975,231350,9645092686.25,68,4388,427350,167650,3662602448.75,0.778,0.427,2026-05-04
KFINTECH,85,12082,5272000,1012500,5786106825.0,85,5822,2469075,274575,2520316900.0,0.468,0.482,2026-05-04
KOTAKBANK,124,78609,48982000,18018000,61935915900.0,124,37448,31886000,1464000,27983910900.0,0.651,0.476,2026-05-04
KPITTECH,55,10031,2405075,681700,3518561931.25,57,2553,1551250,153000,841341878.75,0.645,0.255,2026-05-04
LAURUSLABS,94,31203,5701800,605200,32262840252.5,94,13951,3642250,656200,13329781005.0,0.639,0.447,2026-05-04
LICHSGFIN,72,3141,5221000,221000,1856859000.0,74,1289,3385000,65000,711777600.0,0.648,0.41,2026-05-04
LICI,106,4987,5843600,716800,2980142760.0,105,1737,3586800,229600,952416220.0,0.614,0.348,2026-05-04
LODHA,68,9739,2461950,-128700,4308557175.0,74,3427,1640700,98100,1396472647.5,0.666,0.352,2026-05-04
LT,126,55085,4955475,1159375,42018427465.0,129,20278,4115825,406000,14414776941.25,0.831,0.368,2026-05-04
LTF,43,3817,14175000,1800000,2643969825.0,48,1264,10680750,497250,799517812.5,0.753,0.331,2026-05-04
LTM,69,4909,919950,104550,3356032177.5,69,2368,618300,53250,1478241742.5,0.672,0.482,2026-05-04
LUPIN,81,15349,2872575,1045075,16189094878.75,80,4677,1813050,349350,4578287998.75,0.631,0.305,2026-05-04
M&M,109,45099,4595200,1038200,29959703970.0,108,16820,3698400,530400,10520545000.0,0.805,0.373,2026-05-04
MANAPPURAM,42,12175,12933000,2811000,11816484450.0,44,5350,8454000,3021000,4764403800.0,0.654,0.439,2026-05-04
MANKIND,86,3174,495000,153450,1718040791.25,80,722,404550,20025,357016241.25,0.817,0.227,2026-05-04
MARICO,93,2472,3210000,642000,2472279960.0,93,2035,2578800,561600,1803473640.0,0.803,0.823,2026-05-04
MARUTI,92,132276,1902100,282000,95932362000.0,94,66851,942300,177000,44354392315.0,0.495,0.505,2026-05-04
MAXHEALTH,90,5588,2087925,212100,3128797980.0,89,2791,1335075,292950,1486005570.0,0.639,0.499,2026-05-04
MAZDOCK,111,51081,4546000,1809000,29033811450.0,120,19831,1759400,405800,10519922350.0,0.387,0.388,2026-05-04
MCX,45,16914,4511250,500625,33753680062.5,47,12252,3265625,225000,22005882812.5,0.724,0.724,2026-05-04
MFSL,61,1327,358400,134800,902619160.0,60,427,305600,39600,275071880.0,0.853,0.322,2026-05-04
MIDCPNIFTY,497,55486,3415680,382800,96782807310.0,497,55589,3876600,766560,89982329826.0,1.135,1.002,2026-05-04
MOTHERSON,95,2285,27299850,3228750,1875192072.0,94,1014,17896500,676500,744021034.5,0.656,0.444,2026-05-04
MOTILALOFS,54,6740,2025075,168175,4585609628.75,53,1648,1366325,-4650,1017250352.5,0.675,0.245,2026-05-04
MPHASIS,85,4912,1411575,-99825,3306804132.5,84,2390,964700,-62150,1482887078.75,0.683,0.487,2026-05-04
MUTHOOTFIN,56,4760,994125,223025,4952323681.25,57,1462,674300,81950,1380331191.25,0.678,0.307,2026-05-04
NAM-INDIA,42,1351,1216250,225625,955648156.25,38,323,550625,10625,195789875.0,0.453,0.239,2026-05-04
NATIONALUM,75,28364,28505625,2392500,23243135906.25,75,12780,15856875,793125,9578406656.25,0.556,0.451,2026-05-04
NAUKRI,80,3255,2186625,76875,1298884068.75,79,806,957000,-21375,294964518.75,0.438,0.248,2026-05-04
NBCC,59,1350,14625000,2073500,874609060.0,66,778,11713000,1826500,458357770.0,0.801,0.576,2026-05-04
NESTLEIND,94,7199,3640500,233000,5473107475.0,99,4309,3171000,94500,3112408075.0,0.871,0.599,2026-05-04
NHPC,60,4697,37696000,4076800,2673072640.0,62,1741,21068800,1971200,911443904.0,0.559,0.371,2026-05-04
NIFTY,990,82873991,301435305,98642785,132291126935649.5,1012,90944705,241488940,42146895,141126410266809.5,0.801,1.097,2026-05-04
NIFTYNXT50,670,142,825,500,256482198.75,670,6,125,50,10457422.5,0.152,0.042,2026-05-04
NMDC,64,7481,66116250,6331500,4807324890.0,67,2846,32541750,1809000,1706744722.5,0.492,0.38,2026-05-04
NTPC,101,16760,31764000,1981500,10648919850.0,98,6502,13584000,600000,3917628675.0,0.428,0.388,2026-05-04
NUVAMA,48,1050,548000,111500,771087125.0,47,245,283000,31500,163154675.0,0.516,0.233,2026-05-04
NYKAA,73,1109,4765625,765625,984260781.25,73,348,3240625,-46875,288328593.75,0.68,0.314,2026-05-04
OBEROIRLTY,55,1565,989100,100100,996151957.5,54,476,347200,39200,281904105.0,0.351,0.304,2026-05-04
OFSS,75,13533,619575,10800,10413016185.0,74,8097,620025,29400,5737564642.5,1.001,0.598,2026-05-04
OIL,70,7965,8514800,590800,5720689870.0,72,3534,4401600,247800,2411320450.0,0.517,0.444,2026-05-04
ONGC,82,23377,43314750,6036750,16439905462.5,81,7949,17613000,-1658250,5286571537.5,0.407,0.34,2026-05-04
PAGEIND,89,885,20715,180,524719980.0,84,421,13470,1935,227627709.0,0.65,0.476,2026-05-04
PATANJALI,69,5347,4172400,612000,2356870815.0,69,915,2974500,110700,386374950.0,0.713,0.171,2026-05-04
PAYTM,74,5431,5204775,577825,4732102840.0,82,4667,5268575,155150,3699298362.5,1.012,0.859,2026-05-04
PERSISTENT,80,11209,1511400,103400,5828815285.0,76,5524,906400,39900,2623675735.0,0.6,0.493,2026-05-04
PETRONET,84,4930,7888800,1822100,2849387820.0,86,4161,9264400,2213500,2151722830.0,1.174,0.844,2026-05-04
PFC,69,10921,19344000,1498900,6876942150.0,67,5087,10749700,696800,3005883465.0,0.556,0.466,2026-05-04
PGEL,51,3276,3666050,326800,1843072247.5,53,1593,3504550,249850,797800025.0,0.956,0.486,2026-05-04
PHOENIXLTD,63,2801,914900,-4550,1858624845.0,61,1212,683550,9450,748322767.5,0.747,0.433,2026-05-04
PIDILITIND,91,2156,1002000,267000,1574495025.0,92,1093,656000,145000,746082325.0,0.655,0.507,2026-05-04
PIIND,103,4221,884450,57400,2476855867.5,103,1018,512225,51100,534875425.0,0.579,0.241,2026-05-04
PNB,81,7617,70592000,7720000,7190564880.0,87,4837,57592000,5344000,4192754880.0,0.816,0.635,2026-05-04
PNBHOUSING,68,1674,1641250,154700,1209917345.0,70,928,1286350,133250,621299640.0,0.784,0.554,2026-05-04
POLICYBZR,58,2866,968800,185500,1783455677.5,62,1175,632800,58800,703823382.5,0.653,0.41,2026-05-04
POLYCAB,57,12328,834500,170125,13599347337.5,66,14969,1164875,204500,14089618862.5,1.396,1.214,2026-05-04
POWERGRID,84,11438,19001900,2756900,7280348845.0,87,5466,12348100,1003200,3298970285.0,0.65,0.478,2026-05-04
POWERINDIA,54,10875,235900,27275,9831859970.0,57,6710,198575,16975,5302217135.0,0.842,0.617,2026-05-04
PREMIERENE,63,3818,1361025,32200,2387859683.75,66,1999,1444975,261625,1156111560.0,1.062,0.524,2026-05-04
PRESTIGE,55,2141,842850,213750,1495152630.0,53,581,733950,13500,372271455.0,0.871,0.271,2026-05-04
RBLBANK,43,10670,19186525,2435225,12109705905.0,49,6507,14208125,1047750,6751935950.0,0.741,0.61,2026-05-04
RECLTD,62,13821,26754000,2094400,7440459740.0,58,6139,15864800,621600,3043496470.0,0.593,0.444,2026-05-04
RELIANCE,102,189583,40771000,357500,143089107100.0,104,124989,37435500,2929000,88457840750.0,0.918,0.659,2026-05-04
RVNL,49,9006,12849650,2128900,4428423252.5,50,3366,7854150,479250,1533128966.25,0.611,0.374,2026-05-04
SAIL,45,1901,6702200,61100,1794981512.0,44,1346,4761100,1076300,1115319823.0,0.71,0.708,2026-05-04
SAMMAANCAP,36,4852,20214300,494500,3315908149.0,36,1850,13841700,559000,1112441089.0,0.685,0.381,2026-05-04
SBICARD,58,7017,8842400,568800,3880994320.0,58,3529,5264000,126400,1793377400.0,0.595,0.503,2026-05-04
SBILIFE,73,7878,3123375,563250,5714607056.25,71,3156,1788000,22500,2121596662.5,0.572,0.401,2026-05-04
SBIN,81,51486,31978500,4428750,43899097875.0,83,29231,23210250,2418000,23139274800.0,0.726,0.568,2026-05-04
SHREECEM,69,2137,40800,3600,1387304480.0,69,854,36450,4400,516482997.5,0.893,0.4,2026-05-04
SHRIRAMFIN,85,20126,18715125,286275,17148337965.0,81,7548,8768925,-51975,5875374697.5,0.469,0.375,2026-05-04
SIEMENS,56,20207,956375,215075,14560785295.0,53,5551,538125,85050,3736400640.0,0.563,0.275,2026-05-04
SOLARINDS,46,1826,102950,5100,1521995607.5,46,1131,71350,-150,803299150.0,0.693,0.619,2026-05-04
SONACOMS,95,11038,4474925,1715000,8446512077.5,97,6581,2545550,441000,4729378631.25,0.569,0.596,2026-05-04
SRF,85,5662,1062800,141000,3069687330.0,92,2236,885600,49800,1135000400.0,0.833,0.395,2026-05-04
SUNPHARMA,72,36969,9427600,1369900,24605184590.0,73,19504,6761300,675500,12175976487.5,0.717,0.528,2026-05-04
SUPREMEIND,62,4507,950425,134400,3121374392.5,61,1845,428400,50750,1169183890.0,0.451,0.409,2026-05-04
SUZLON,48,13638,137604175,17192625,7360092909.0,53,6205,58644450,4304925,3031570692.75,0.426,0.455,2026-05-04
SWIGGY,48,6890,9347000,1636700,2673515260.0,47,2806,6043700,678600,995838090.0,0.647,0.407,2026-05-04
TATACONSUM,80,6090,2390850,406450,4103146685.0,80,1565,1349150,125950,999246572.5,0.564,0.257,2026-05-04
TATAELXSI,68,7941,1354300,145700,3594282815.0,66,2603,603025,53825,1073981450.0,0.445,0.328,2026-05-04
TATAPOWER,70,15916,23160850,3058050,10921127182.5,68,5094,14836400,816350,3283481137.5,0.641,0.32,2026-05-04
TATASTEEL,60,21712,80286250,2257750,13468135147.5,60,12023,52580000,4746500,6933672735.0,0.655,0.554,2026-05-04
TCS,95,53636,11516350,1336575,24187864868.75,95,27898,8463425,244925,11787220301.25,0.735,0.52,2026-05-04
TECHM,57,7229,6375000,506400,6760526730.0,60,4576,4663800,112200,3936552810.0,0.732,0.633,2026-05-04
TIINDIA,91,1145,272200,64200,724702470.0,87,357,216000,2800,211112620.0,0.794,0.312,2026-05-04
TITAN,61,11927,1528975,167825,9690275428.75,60,8319,1281875,219625,6311815676.25,0.838,0.697,2026-05-04
TMPV,57,31512,23577600,5759200,9380830680.0,58,10793,16152800,835200,2944217520.0,0.685,0.343,2026-05-04
TORNTPHARM,62,3305,330625,87375,1856249693.75,63,763,185250,-6000,403365068.75,0.56,0.231,2026-05-04
TRENT,69,31229,3345300,194300,13996582345.0,61,10579,1347150,24950,4337829205.0,0.403,0.339,2026-05-04
TVSMOTOR,114,13921,1463700,265825,9046836023.75,109,5030,891450,68600,3062842370.0,0.609,0.361,2026-05-04
ULTRACEMCO,84,35418,1138500,37400,22184639312.5,85,14988,491800,26150,8692947827.5,0.432,0.423,2026-05-04
UNIONBANK,60,9564,62273025,7699500,7786753831.5,60,3030,31775925,610650,2211545748.75,0.51,0.317,2026-05-04
UNITDSPR,97,3240,2846800,163600,1865434340.0,100,926,1945600,21600,488529960.0,0.683,0.286,2026-05-04
UNOMINDA,44,1150,1019700,205700,773128510.0,42,360,465300,83050,218819947.5,0.456,0.313,2026-05-04
UPL,85,2016,4422720,379400,1879471245.75,87,894,3254710,73170,782578014.25,0.736,0.443,2026-05-04
VBL,71,9146,11112750,274500,5675093043.75,73,4043,6280875,451125,2293055212.5,0.565,0.442,2026-05-04
VEDL,49,133569,24973400,8691700,48736617452.5,49,40030,12556850,5546450,12905277747.5,0.503,0.3,2026-05-04
VMM,75,1054,3099150,761450,676017056.0,72,192,1493800,160050,116885097.0,0.482,0.182,2026-05-04
VOLTAS,69,8739,2436750,111750,5109321075.0,68,3228,1738500,51000,1727320387.5,0.713,0.369,2026-05-04
WAAREEENER,66,43699,4497150,463400,26642072397.5,66,11866,2242975,219275,6441357650.0,0.499,0.272,2026-05-04
WIPRO,62,21121,127791000,7473000,13432703340.0,64,9766,68178000,1893000,5720028240.0,0.534,0.462,2026-05-04
YESBANK,25,9538,357836600,1275100,6544796271.0,24,3491,174782000,6624300,2167529428.0,0.488,0.366,2026-05-04
ZYDUSLIFE,69,1697,2944800,280800,1476789975.0,70,533,2098800,27000,428039415.0,0.713,0.314,2026-05-04
360ONE,46,2058,1010000,-74500,1181898775.0,49,503,581500,-12000,263106925.0,0.576,0.244,2026-05-06
ABB,106,14885,1099250,78500,14453333581.25,105,5887,550500,39750,5323615081.25,0.501,0.395,2026-05-06
ABCAPITAL,60,14933,14024400,-1205900,17992676055.0,64,8308,12235700,365800,9183153250.0,0.872,0.556,2026-05-06
ADANIENSOL,73,11387,5528925,167400,11585303977.5,70,5058,4300425,108000,4703478941.25,0.778,0.444,2026-05-06
ADANIENT,92,49889,7301670,-286752,40561236626.55,103,28499,6136122,538896,21637712068.35,0.84,0.571,2026-05-06
ADANIGREEN,108,24774,7850400,655200,21061641060.0,111,10474,5628600,412200,8249926800.0,0.717,0.423,2026-05-06
ADANIPORTS,73,28567,8611750,-93575,24850555358.75,80,16595,6781575,138225,13403434741.25,0.787,0.581,2026-05-06
ADANIPOWER,79,10969,33100200,1405800,9518202525.5,83,4668,23334150,1775000,3629945680.5,0.705,0.426,2026-05-06
ALKEM,79,7986,245875,29875,5832682356.25,78,2310,160750,10500,1543286487.5,0.654,0.289,2026-05-06
AMBER,72,27596,849400,386400,25153913990.0,77,11166,429100,195800,9155269600.0,0.505,0.405,2026-05-06
AMBUJACEM,68,41733,21333900,-108150,20841748987.5,69,13978,12153900,554550,6478630005.0,0.57,0.335,2026-05-06
ANGELONE,51,12931,15965000,1147500,11000315750.0,44,4136,7890000,255000,3222413500.0,0.494,0.32,2026-05-06
APLAPOLLO,85,8165,1899100,107450,5741346117.5,78,2093,999600,14000,1378191675.0,0.526,0.256,2026-05-06
APOLLOHOSP,104,5426,770500,64000,5588978737.5,105,2199,460875,17875,2102688300.0,0.598,0.405,2026-05-06
ASHOKLEY,68,35057,91810000,3850000,31611974750.0,67,11643,51400000,930000,9365068200.0,0.56,0.332,2026-05-06
ASIANPAINT,84,36702,4351000,468250,23960074100.0,88,21985,3411000,99750,13340330712.5,0.784,0.599,2026-05-06
ASTRAL,61,13712,1773950,186575,9742830602.5,63,4260,1023825,64175,2780063103.75,0.577,0.311,2026-05-06
AUBANK,74,11605,8129000,-30000,12505749800.0,77,5019,4473000,197000,5076677850.0,0.55,0.432,2026-05-06
AUROPHARMA,58,22826,3065150,221650,19229544895.0,53,9438,2463450,769450,7415069282.5,0.804,0.413,2026-05-06
AXISBANK,98,56934,15970000,-891875,47689874687.5,95,31781,11578750,396250,25185368125.0,0.725,0.558,2026-05-06
BAJAJ-AUTO,84,82604,1755150,265125,67495348511.25,83,35509,1343625,169050,26185416033.75,0.766,0.43,2026-05-06
BAJAJFINSV,73,23764,2966250,-46250,11365754050.0,73,11925,2923250,1750,5302761225.0,0.986,0.502,2026-05-06
BAJAJHLDNG,71,3718,69150,6650,2108768770.0,75,427,30200,5050,218485905.0,0.437,0.115,2026-05-06
BAJFINANCE,69,52669,16050750,-566250,40153002112.5,75,26853,13792500,831750,19250747025.0,0.859,0.51,2026-05-06
BANDHANBNK,75,11602,43106400,-1911600,9231319728.0,81,7363,32623200,-1576800,5353497828.0,0.757,0.635,2026-05-06
BANKBARODA,87,16916,33684300,175500,14187638643.75,82,5991,26690625,643500,4717795387.5,0.792,0.354,2026-05-06
BANKINDIA,52,5096,21008000,2007200,4034215224.0,51,2377,14872000,31200,1732639636.0,0.708,0.466,2026-05-06
BANKNIFTY,589,1569979,13784910,-654150,2723307471886.5,589,1339378,13094130,846480,2171605207002.0,0.95,0.853,2026-05-06
BDL,55,8551,2464700,366450,4502738380.0,58,2174,1312150,74900,1050469630.0,0.532,0.254,2026-05-06
BEL,72,27279,44065275,3421425,18065526206.25,71,11768,25353600,-123975,7244086893.75,0.575,0.431,2026-05-06
BHARATFORG,72,13572,3197000,555500,13515927950.0,69,8233,1750500,171500,7768337375.0,0.548,0.607,2026-05-06
BHARTIARTL,73,38059,12585600,-246050,34535261103.75,72,20310,7138300,-15200,17594720883.75,0.567,0.534,2026-05-06
BHEL,146,39662,51725625,-3010875,42239945475.0,150,24831,46809000,5538750,24006016387.5,0.905,0.626,2026-05-06
BIOCON,59,22927,16950000,-5445000,22972817125.0,62,8877,11312500,157500,8235902625.0,0.667,0.387,2026-05-06
BLUESTARCO,76,8225,1571375,459875,5189048182.5,78,2791,953875,244075,1635088341.25,0.607,0.339,2026-05-06
BOSCHLTD,95,1657,54775,6225,1629610665.0,93,599,39200,725,528880003.75,0.716,0.361,2026-05-06
BPCL,52,28152,23050225,1502975,18530206128.75,59,11744,15470175,1009225,7173716166.25,0.671,0.417,2026-05-06
BRITANNIA,86,9504,855875,73125,7223946831.25,86,7081,667125,167125,5013031356.25,0.779,0.745,2026-05-06
BSE,59,33025,5690825,572075,49715689262.5,60,21392,5301750,953250,29365815225.0,0.932,0.648,2026-05-06
CAMS,65,21312,4407000,51750,13530795487.5,69,11865,4202250,-309750,6933066637.5,0.954,0.557,2026-05-06
CANBK,101,13819,70004250,2187000,13603310235.0,104,6118,66568500,2713500,5571820710.0,0.951,0.443,2026-05-06
CDSL,54,32838,6244350,105450,20922252372.5,54,11793,4684925,175275,7002643443.75,0.75,0.359,2026-05-06
CGPOWER,61,50292,7487650,2615450,37642609592.5,61,19157,4603600,2037450,13421070792.5,0.615,0.381,2026-05-06
CHOLAFIN,74,8462,3047500,308750,9449049687.5,73,5912,2681875,228750,5987527375.0,0.88,0.699,2026-05-06
CIPLA,95,25280,5029700,193325,13464033187.5,100,8896,3642375,447000,4422062137.5,0.724,0.352,2026-05-06
COALINDIA,74,29314,29600100,1440450,19722287700.0,75,18079,19187550,1275750,11487681630.0,0.648,0.617,2026-05-06
COCHINSHIP,58,6118,1327200,111600,4559148480.0,59,1368,897200,56400,928995860.0,0.676,0.224,2026-05-06
COFORGE,58,209193,9934125,2372625,106177218600.0,57,111398,7411975,2985475,51610550993.75,0.746,0.533,2026-05-06
COLPAL,86,4827,1327725,80550,2478367192.5,84,1747,909450,47925,850527742.5,0.685,0.362,2026-05-06
CONCOR,70,5146,5721250,530000,3561605562.5,74,1612,4202500,761250,1082315437.5,0.735,0.313,2026-05-06
CROMPTON,79,19260,15483600,1006200,10419295950.0,81,5077,7237800,369000,2584008000.0,0.467,0.264,2026-05-06
CUMMINSIND,71,6619,697400,76800,7391131130.0,73,3531,495800,59200,3634015120.0,0.711,0.533,2026-05-06
DABUR,75,16361,9717500,2322500,10132886562.5,74,4128,5433750,502500,2319041625.0,0.559,0.252,2026-05-06
DALBHARAT,78,4278,1021475,156000,2905322485.0,84,960,529425,4225,612067852.5,0.518,0.224,2026-05-06
DELHIVERY,61,3841,7142150,587225,3942013412.5,62,2155,4195650,-49800,2043236003.75,0.587,0.561,2026-05-06
DIVISLAB,93,11204,707500,65500,7911990595.0,98,5032,477200,63100,3255446145.0,0.674,0.449,2026-05-06
DIXON,84,21525,1186750,115200,13093557340.0,91,9549,1017900,29750,5223873035.0,0.858,0.444,2026-05-06
DLF,87,13539,8149350,19800,7144138938.75,89,5886,5960625,84975,2924198928.75,0.731,0.435,2026-05-06
DMART,74,21572,1631250,-273150,15122450452.5,73,8070,857400,5550,5244424147.5,0.526,0.374,2026-05-06
DRREDDY,107,38124,10065000,499375,32569781468.75,101,15063,5222500,832500,12225666656.25,0.519,0.395,2026-05-06
EICHERMOT,98,14378,1121600,78500,11060646410.0,103,7301,852600,-1000,5190040750.0,0.76,0.508,2026-05-06
ETERNAL,76,35509,89307900,-5415025,23235009775.25,79,20965,50946825,-887550,12632833872.75,0.57,0.59,2026-05-06
EXIDEIND,146,26929,17613000,2471400,18168147270.0,150,17545,10681200,1852200,11124379530.0,0.606,0.652,2026-05-06
FEDERALBNK,84,16773,35330000,902500,13062347875.0,83,7823,20190000,595000,5668886500.0,0.571,0.466,2026-05-06
FINNIFTY,296,6192,191340,24600,10065867078.0,296,5152,151980,35940,7889987988.0,0.794,0.832,2026-05-06
FORCEMOT,44,25045,156000,-4900,13912911326.25,41,7709,70125,15850,3650649002.5,0.45,0.308,2026-05-06
FORTIS,64,2120,1937500,285975,1650870590.0,66,662,775775,-45725,479801957.5,0.4,0.312,2026-05-06
GAIL,101,4187,19999350,2286900,2313558796.5,107,2007,19041750,733950,1031067009.0,0.952,0.479,2026-05-06
GLENMARK,78,9350,2174250,450000,8889612300.0,85,4227,1041375,52500,3764121187.5,0.479,0.452,2026-05-06
GMRAIRPORT,76,10736,63570150,2252925,7826701626.0,74,3603,38669400,2950425,2438578575.0,0.608,0.336,2026-05-06
GODFRYPHLP,75,5219,644325,66000,3515581836.25,78,1750,381975,148225,1075513395.0,0.593,0.335,2026-05-06
GODREJCP,80,13963,2926000,1566500,8143820575.0,81,5553,1529000,544000,2993952975.0,0.523,0.398,2026-05-06
GODREJPROP,88,16995,2878200,-554675,9203856901.25,89,6500,1693450,-127600,3242057761.25,0.588,0.382,2026-05-06
GRASIM,94,4963,1187750,16750,3740867962.5,98,4543,824000,40500,2998805950.0,0.694,0.915,2026-05-06
HAL,79,20838,2608050,61500,15268788975.0,85,11360,1989300,-69900,7703272297.5,0.763,0.545,2026-05-06
HAVELLS,103,6721,5577000,206000,4499548125.0,98,2666,2356500,-4000,1650674150.0,0.423,0.397,2026-05-06
HCLTECH,107,48392,24207100,2032150,21676985005.0,105,19641,11840900,127050,8241926542.5,0.489,0.406,2026-05-06
HDFCAMC,92,6476,1273200,-26100,5774804130.0,93,2754,781200,55800,2289447735.0,0.614,0.425,2026-05-06
HDFCBANK,122,245997,69743050,756650,111799397902.5,121,129575,41580250,3800400,55457632180.0,0.596,0.527,2026-05-06
HDFCLIFE,92,45294,17347000,1194600,31333937855.0,94,16314,9772400,838200,10708471015.0,0.563,0.36,2026-05-06
HEROMOTOCO,81,161718,2649900,437400,131822217120.0,79,75792,1460250,266100,57185723145.0,0.551,0.469,2026-05-06
HINDALCO,81,14584,7263900,754600,11350436930.0,79,8316,5224100,196000,6157720590.0,0.719,0.57,2026-05-06
HINDPETRO,67,22150,12429450,2373300,18693274972.5,70,12119,13190850,1620000,9356653642.5,1.061,0.547,2026-05-06
HINDUNILVR,96,32104,7978200,446400,23252120070.0,99,18430,4189500,-82500,12628574910.0,0.525,0.574,2026-05-06
HINDZINC,50,43160,16944200,530425,35138308598.75,53,20835,12436200,1632925,15570489900.0,0.734,0.483,2026-05-06
HYUNDAI,68,5016,1122000,-40150,2686827742.5,68,1875,972950,130625,917811413.75,0.867,0.374,2026-05-06
ICICIBANK,105,73023,35566300,-583800,67884234775.0,96,43082,21476700,447300,38107199760.0,0.604,0.59,2026-05-06
ICICIGI,70,4978,788450,114725,3036504867.5,66,1750,362375,26650,1014135167.5,0.46,0.352,2026-05-06
ICICIPRULI,92,5400,4421500,-224775,2851438670.0,95,3595,3703700,164650,1764279463.75,0.838,0.666,2026-05-06
IDEA,26,34179,1572235575,-22085775,30789432273.75,24,12496,870779925,36738150,9782329383.75,0.554,0.366,2026-05-06
IDFCFIRSTB,56,13587,104807500,10684800,9310419184.5,56,8425,86229675,2968000,5331998365.75,0.823,0.62,2026-05-06
IEX,94,9175,45120000,1286250,4734341062.5,100,4591,28790550,2311800,2113448590.5,0.638,0.5,2026-05-06
INDHOTEL,90,12240,5328000,590000,8492552300.0,97,6157,5264000,195000,3981274450.0,0.988,0.503,2026-05-06
INDIANB,86,16518,7008000,-110000,15195344500.0,82,7829,3832000,104000,6685795100.0,0.547,0.474,2026-05-06
INDIGO,76,93665,4299450,543000,66405032550.0,82,40898,2577600,494100,26686094250.0,0.6,0.437,2026-05-06
INDUSINDBK,65,13913,6580000,343700,9564087260.0,69,11277,5994100,529200,7249130665.0,0.911,0.811,2026-05-06
INDUSTOWER,69,19181,29255300,-1167900,13973341335.0,68,6471,20374500,-270300,4455639820.0,0.696,0.337,2026-05-06
INFY,105,79657,40464000,4522000,39744547060.0,102,40593,22896000,1874400,18861140040.0,0.566,0.51,2026-05-06
INOXWIND,69,11281,26494325,2216500,4567937016.5,72,2518,13502775,936650,936622115.0,0.51,0.223,2026-05-06
IOC,107,23866,47906625,6196125,18166456327.5,105,9353,32740500,1399125,6604743941.25,0.683,0.392,2026-05-06
IREDA,97,2525,17450100,679650,1269806482.5,93,1001,12050850,396750,458592975.0,0.691,0.396,2026-05-06
IRFC,70,8711,34637500,-212500,4160775712.5,76,2818,26172675,2279175,1256927402.5,0.756,0.323,2026-05-06
ITC,90,58627,109599400,7624375,30410256840.0,93,18073,38868800,8000,9002454400.0,0.355,0.308,2026-05-06
JINDALSTEL,94,8904,3606250,111875,7343739531.25,95,4786,2601875,122500,3796881281.25,0.721,0.538,2026-05-06
JIOFIN,75,22992,62439500,1475800,14492703682.5,76,10311,40119200,1142100,5984509694.5,0.643,0.448,2026-05-06
JSWENERGY,73,4321,5867000,304000,2594084300.0,79,1804,4036000,205000,1028391650.0,0.688,0.417,2026-05-06
JSWSTEEL,82,5519,4544775,-263250,4965959205.0,85,3120,3290625,-65475,2647140851.25,0.724,0.565,2026-05-06
JUBLFOOD,83,6127,7053750,358750,3828057687.5,75,1761,4433750,232500,997142437.5,0.629,0.287,2026-05-06
KALYANKJIL,62,7652,7072325,847175,4010001753.75,63,2580,4018500,492325,1257835678.75,0.568,0.337,2026-05-06
KAYNES,69,17985,1004900,-64000,8255294210.0,69,6910,704800,8100,2818276905.0,0.701,0.384,2026-05-06
KEI,81,16983,725550,-25200,16169257343.75,83,7608,586950,12950,6505212315.0,0.809,0.448,2026-05-06
KFINTECH,92,8383,3452500,-893000,4092080325.0,92,3581,2395075,-151500,1538716850.0,0.694,0.427,2026-05-06
KOTAKBANK,124,42754,47718000,-828000,33400740700.0,124,20565,29022000,-2446000,15309639700.0,0.608,0.481,2026-05-06
KPITTECH,63,141725,5533925,2866625,48694891035.0,65,78542,3013675,1447975,25165513355.0,0.545,0.554,2026-05-06
LAURUSLABS,94,18806,6482950,143650,19813490735.0,94,9930,3972050,121550,9802115085.0,0.613,0.528,2026-05-06
LICHSGFIN,72,29432,6181000,687000,17819047800.0,74,9158,4358000,832000,5180822650.0,0.705,0.311,2026-05-06
LICI,106,5045,6003200,-70700,3001618795.0,105,2353,3491600,-135800,1320702495.0,0.582,0.466,2026-05-06
LODHA,70,12063,2242350,-265500,5375096752.5,76,4099,1629900,-67050,1659734392.5,0.727,0.34,2026-05-06
LT,128,212302,8452500,2720200,155005118388.75,131,90297,5061000,557200,61602912980.0,0.599,0.425,2026-05-06
LTF,45,15507,14487750,-380250,10903759987.5,50,5315,10766250,126000,3476121187.5,0.743,0.343,2026-05-06
LTM,70,10867,1072500,134850,7405433820.0,69,3630,612750,-46350,2269120635.0,0.571,0.334,2026-05-06
LUPIN,84,43298,3519425,255425,46516196981.25,85,15780,2670700,631550,15730350410.0,0.759,0.364,2026-05-06
M&M,113,124452,5683600,-241400,85249940170.0,114,62823,5029000,412800,40294220770.0,0.885,0.505,2026-05-06
MANAPPURAM,45,5978,12201000,-387000,5861700600.0,48,3440,8811000,291000,3127643850.0,0.722,0.575,2026-05-06
MANKIND,94,20984,1055925,-43875,11665501560.0,88,2964,773775,86850,1543428112.5,0.733,0.141,2026-05-06
MARICO,106,33165,8059200,1231200,34195760220.0,108,21372,5737200,687600,20722710180.0,0.712,0.644,2026-05-06
MARUTI,95,72796,2050450,-216950,52061166445.0,97,33443,994100,78250,21968431505.0,0.485,0.459,2026-05-06
MAXHEALTH,91,3819,2504775,265125,2144902567.5,90,1703,1277325,-34650,909653508.75,0.51,0.446,2026-05-06
MAZDOCK,111,15634,4426000,10000,8862279230.0,120,4597,1853200,21000,2419164750.0,0.419,0.294,2026-05-06
MCX,47,12344,4812500,-106875,24465418812.5,49,7777,3738125,351250,13790372250.0,0.777,0.63,2026-05-06
MFSL,61,3317,762000,277200,2296105520.0,60,821,389600,65600,529777080.0,0.511,0.248,2026-05-06
MIDCPNIFTY,512,91694,4194000,551160,162074864598.0,512,123527,5417160,1252200,202594962642.0,1.292,1.347,2026-05-06
MOTHERSON,108,8435,27945600,-295200,6931853190.0,110,2891,22035450,1660500,2164527370.5,0.789,0.343,2026-05-06
MOTILALOFS,83,3854,2108000,-122450,2716309435.0,85,1932,1357800,-94550,1217138275.0,0.644,0.501,2026-05-06
MPHASIS,91,10235,1588400,-10725,6698611273.75,87,2941,947375,-5225,1797438885.0,0.596,0.287,2026-05-06
MUTHOOTFIN,57,5140,1275725,198275,5306220576.25,58,2608,846175,87175,2452519932.5,0.663,0.507,2026-05-06
NAM-INDIA,43,7440,1342500,-71250,5322669031.25,40,1437,535625,-15000,905274218.75,0.399,0.193,2026-05-06
NATIONALUM,75,16789,29827500,1207500,13906587750.0,75,8537,15761250,180000,6533171531.25,0.528,0.508,2026-05-06
NAUKRI,83,6175,2840250,228375,2420067525.0,82,2078,988125,-15000,764842668.75,0.348,0.337,2026-05-06
NBCC,59,4513,16451500,1228500,2970364670.0,66,1605,12941500,1807000,967941325.0,0.787,0.356,2026-05-06
NESTLEIND,96,9909,4218000,205000,7577630600.0,101,9402,4548000,808000,6805677025.0,1.078,0.949,2026-05-06
NHPC,60,5137,41305600,1792000,2869140032.0,62,1279,23942400,1459200,678682368.0,0.58,0.249,2026-05-06
NIFTY,931,30147570,179240005,31988245,48519660891588.25,953,30361471,212634745,53791275,46866568006869.0,1.186,1.007,2026-05-06
NIFTYNXT50,697,364,3625,1550,664382707.5,697,22,400,200,39280560.0,0.11,0.06,2026-05-06
NMDC,68,6330,72123750,1842750,4053148065.0,70,2076,35862750,1883250,1237689315.0,0.497,0.328,2026-05-06
NTPC,103,26055,42199500,3379500,16216338825.0,99,9124,15678000,876000,5466164925.0,0.372,0.35,2026-05-06
NUVAMA,61,2731,810500,114500,2000366400.0,60,1113,506500,156000,760549525.0,0.625,0.408,2026-05-06
NYKAA,73,2904,6940625,1268750,2604214531.25,73,602,3553125,456250,504122968.75,0.512,0.207,2026-05-06
OBEROIRLTY,55,2023,1107750,95200,1263500350.0,54,614,397250,36400,358077020.0,0.359,0.304,2026-05-06
OFSS,75,6932,637350,3075,5301275092.5,74,12184,698475,46125,7540889812.5,1.096,1.758,2026-05-06
OIL,90,9955,11859400,2549400,6954540600.0,86,5219,5335400,450800,3399952430.0,0.45,0.524,2026-05-06
ONGC,88,41792,57163500,10140750,28492116862.5,86,17336,18841500,1620000,11164142812.5,0.33,0.415,2026-05-06
PAGEIND,92,1008,20400,-345,601398791.25,87,2230,16905,1020,1003025265.0,0.829,2.212,2026-05-06
PATANJALI,71,4986,4652100,-38700,2183183775.0,71,1030,2890800,81900,431593560.0,0.621,0.207,2026-05-06
PAYTM,82,19836,6801225,1078075,17099796821.25,88,12620,5813775,429200,10083051868.75,0.855,0.636,2026-05-06
PERSISTENT,80,36754,1414700,-126100,19358649140.0,76,14835,919600,1800,7227627635.0,0.65,0.404,2026-05-06
PETRONET,88,13835,12557100,1748000,7980145350.0,91,3816,10721700,693500,2030152280.0,0.854,0.276,2026-05-06
PFC,69,12355,20449000,625300,7787532155.0,67,5434,11759800,182000,3249854660.0,0.575,0.44,2026-05-06
PGEL,51,6024,4479250,241300,3386014225.0,53,2644,3705950,33250,1328233380.0,0.827,0.439,2026-05-06
PHOENIXLTD,63,3874,1066800,40250,2619617735.0,61,1127,656250,-31500,708398460.0,0.615,0.291,2026-05-06
PIDILITIND,95,14435,1664000,404500,10682740550.0,95,5378,944500,182500,3757417825.0,0.568,0.373,2026-05-06
PIIND,106,5237,994350,10150,2990519612.5,107,1487,513275,-15575,805645373.75,0.516,0.284,2026-05-06
PNB,84,28532,105928000,4064000,26522803040.0,89,19143,72488000,3912000,16649382640.0,0.684,0.671,2026-05-06
PNBHOUSING,68,5002,2245750,243100,3639104787.5,70,1282,1314950,28600,876498642.5,0.586,0.256,2026-05-06
POLICYBZR,58,17418,1681400,457450,10995589045.0,62,10643,1064700,343350,6347978612.5,0.633,0.611,2026-05-06
POLYCAB,61,45590,1250875,354875,51080559125.0,70,28047,1362875,167625,28276120400.0,1.09,0.615,2026-05-06
POWERGRID,84,11396,24183200,1430700,7181426675.0,87,5130,12051700,5700,3114102660.0,0.498,0.45,2026-05-06
POWERINDIA,56,12512,244750,17850,11253229272.5,59,17573,211700,-6200,12694884071.25,0.865,1.404,2026-05-06
PREMIERENE,63,4678,2275850,263350,2911815582.5,66,2554,2036650,104650,1476411773.75,0.895,0.546,2026-05-06
PRESTIGE,57,1708,1062000,63900,1191752460.0,55,424,789750,-19800,270788782.5,0.744,0.248,2026-05-06
RBLBANK,45,11942,19926300,292100,13506675901.25,50,4789,15087600,669925,5097682051.25,0.757,0.401,2026-05-06
RECLTD,62,17852,28649600,464800,9552665360.0,58,8722,17333575,544775,4320022140.0,0.605,0.489,2026-05-06
RELIANCE,108,198227,48645000,8559000,149206636100.0,110,120725,35061500,-2022000,86265149550.0,0.721,0.609,2026-05-06
RVNL,49,10437,14223675,-611525,5167026960.0,50,1965,8691900,167000,890030336.25,0.611,0.188,2026-05-06
SAIL,47,1265,7792600,225600,1186956565.0,46,561,5405000,9400,483318578.0,0.694,0.443,2026-05-06
SAMMAANCAP,38,8342,21590300,288100,5705397853.0,38,1569,13256900,-172000,953654731.0,0.614,0.188,2026-05-06
SBICARD,58,9095,8828000,-126400,5019428520.0,58,5292,5696800,398400,2671680960.0,0.645,0.582,2026-05-06
SBILIFE,75,11870,4016625,-231000,8599421943.75,73,5558,2110500,141750,3798110531.25,0.525,0.468,2026-05-06
SBIN,83,104134,33020250,-1868250,88474413675.0,85,49931,25122750,1239750,39547997700.0,0.761,0.479,2026-05-06
SHREECEM,72,6408,57275,16900,4176610242.5,71,3054,49550,13900,1879513726.25,0.865,0.477,2026-05-06
SHRIRAMFIN,85,32945,16006650,-2696100,28589154990.0,81,17507,9428100,330825,13938322035.0,0.589,0.531,2026-05-06
SIEMENS,57,5704,1048600,14525,4052968683.75,55,2545,527450,-14175,1687922818.75,0.503,0.446,2026-05-06
SOLARINDS,51,4780,114300,6150,4008610100.0,52,2999,87150,800,2110802335.0,0.762,0.627,2026-05-06
SONACOMS,95,3954,4701550,-75950,2981024147.5,97,1526,2730525,-3675,1100928386.25,0.581,0.386,2026-05-06
SRF,104,134103,1921000,463400,75268860360.0,110,57759,1900200,790800,30648906020.0,0.989,0.431,2026-05-06
SUNPHARMA,75,49253,9716000,71400,32981665587.5,76,24905,7490350,623000,15810410542.5,0.771,0.506,2026-05-06
SUPREMEIND,62,5950,906500,-39900,4067889787.5,61,3783,385700,-13825,2143173226.25,0.425,0.636,2026-05-06
SUZLON,50,16207,160202775,7283175,8717778170.0,54,4688,61658800,1480100,2246480527.75,0.385,0.289,2026-05-06
SWIGGY,48,5898,10360225,121425,2303737380.0,47,2494,6158625,161200,886762630.0,0.594,0.423,2026-05-06
TATACONSUM,80,6964,3045350,476300,4653729300.0,80,1802,1425600,53900,1142640537.5,0.468,0.259,2026-05-06
TATAELXSI,70,19999,1374200,6600,9144148175.0,68,5950,618700,33475,2496464470.0,0.45,0.298,2026-05-06
TATAPOWER,70,15228,26865600,536500,10342554852.5,68,5492,16182000,-526350,3438565380.0,0.602,0.361,2026-05-06
TATASTEEL,60,26750,80638250,-2667500,16586263265.0,60,18509,57271500,3437500,10713458992.5,0.71,0.692,2026-05-06
TCS,100,89260,13320025,1392600,39702843746.25,100,44307,9109125,621975,18673021591.25,0.684,0.496,2026-05-06
TECHM,57,8841,6663600,85800,8162307720.0,60,4299,4504800,-128400,3701216550.0,0.676,0.486,2026-05-06
TIINDIA,97,2027,431600,96600,1268677830.0,92,580,238600,11800,346718700.0,0.553,0.286,2026-05-06
TITAN,63,27095,1934275,205450,21707842520.0,61,17279,1351525,-8925,13149737702.5,0.699,0.638,2026-05-06
TMPV,62,54276,26910400,986400,16342333200.0,63,24956,17364800,927200,6878630960.0,0.645,0.46,2026-05-06
TORNTPHARM,67,8244,424875,10375,4670843806.25,68,2089,216625,22500,1119233487.5,0.51,0.253,2026-05-06
TRENT,69,81270,3237200,-315200,36655541500.0,61,26915,1466500,91450,11200168985.0,0.453,0.331,2026-05-06
TVSMOTOR,114,21037,1594075,25375,13743724093.75,109,5701,962850,44975,3531706578.75,0.604,0.271,2026-05-06
ULTRACEMCO,86,32034,1155950,-42950,20171780907.5,90,15092,475050,-21750,8857412832.5,0.411,0.471,2026-05-06
UNIONBANK,61,14338,68096325,1269975,11600725361.25,61,5320,31652025,-964650,3892866138.0,0.465,0.371,2026-05-06
UNITDSPR,97,12982,3671200,704000,7122938760.0,100,7916,2468800,436800,4135604660.0,0.672,0.61,2026-05-06
UNOMINDA,46,3866,1270500,101200,2535679135.0,45,929,539550,53350,563451900.0,0.425,0.24,2026-05-06
UPL,85,4981,5196425,485090,4644982885.75,87,2258,3406470,82655,2007000932.5,0.656,0.453,2026-05-06
VBL,73,6313,11612250,380250,3820993256.25,75,3650,6458625,18000,2083286981.25,0.556,0.578,2026-05-06
VEDL,54,107555,30055250,2441450,41883511060.0,54,52240,22689500,4466600,18182070745.0,0.755,0.486,2026-05-06
VMM,79,792,3981850,809950,505820225.5,79,267,1775100,126100,165915978.0,0.446,0.337,2026-05-06
VOLTAS,76,13155,4331625,542625,7364600925.0,74,6092,2995500,466500,3170201981.25,0.692,0.463,2026-05-06
WAAREEENER,66,22256,4265100,-194775,13453988353.75,66,7799,2372125,17150,4256787972.5,0.556,0.35,2026-05-06
WIPRO,62,24869,131769000,429000,15794614080.0,64,11870,69540000,-663000,6896124960.0,0.528,0.477,2026-05-06
YESBANK,25,66008,404455500,63008600,47826368074.0,26,20477,246840700,51781500,13247910513.0,0.61,0.31,2026-05-06
ZYDUSLIFE,69,10079,3600000,549000,8916501240.0,70,2767,2247300,98100,2271045330.0,0.624,0.275,2026-05-06
360ONE,47,2626,804500,-205500,1528877225.0,50,998,633000,51500,528574425.0,0.787,0.38,2026-05-07
ABB,106,20995,1258250,159000,20092210150.0,105,9692,615750,65250,8658446587.5,0.489,0.462,2026-05-07
ABCAPITAL,62,8232,15097000,1072600,9974318975.0,66,4438,12068300,-167400,4971538975.0,0.799,0.539,2026-05-07
ADANIENSOL,73,12714,7122600,1593675,12992625416.25,70,4944,4627800,327375,4607090426.25,0.65,0.389,2026-05-07
ADANIENT,102,21333,7727781,426111,17450279734.8,113,13656,5960610,-175512,10577113028.25,0.771,0.64,2026-05-07
ADANIGREEN,111,12983,8332200,481800,11191996980.0,114,7301,5951400,322800,5764876530.0,0.714,0.562,2026-05-07
ADANIPORTS,73,18580,9357500,745750,16112514187.5,80,14126,6820525,38950,11342073203.75,0.729,0.76,2026-05-07
ADANIPOWER,79,7319,32482500,-617700,6425810270.0,83,4218,23298650,-35500,3273494156.5,0.717,0.576,2026-05-07
ALKEM,84,1092,245875,0,790663387.5,86,253,161375,625,171583512.5,0.656,0.232,2026-05-07
AMBER,72,19507,1050300,200900,18398891410.0,77,12032,542600,113500,9932551380.0,0.517,0.617,2026-05-07
AMBUJACEM,68,21231,20136900,-1197000,10727672130.0,69,7865,12981300,827400,3697752082.5,0.645,0.37,2026-05-07
ANGELONE,52,13748,18987500,3022500,11824120250.0,46,4166,9022500,1132500,3294462125.0,0.475,0.303,2026-05-07
APLAPOLLO,85,11942,1787450,-111650,8656994885.0,78,4077,1152900,153300,2695506992.5,0.645,0.341,2026-05-07
APOLLOHOSP,104,7309,817750,47250,7483879462.5,105,3740,552375,91500,3525538387.5,0.675,0.512,2026-05-07
ASHOKLEY,69,31094,89280000,-2530000,28497993300.0,68,10987,53370000,1970000,9233294650.0,0.598,0.353,2026-05-07
ASIANPAINT,88,29591,4908750,557750,19502003500.0,94,13160,3495750,84750,8148798575.0,0.712,0.445,2026-05-07
ASTRAL,63,8186,2057000,283050,5776842122.5,66,2065,1150050,126225,1384104703.75,0.559,0.252,2026-05-07
AUBANK,75,8376,8173000,44000,9044469200.0,78,4224,4547000,74000,4315639050.0,0.556,0.504,2026-05-07
AUROPHARMA,64,6062,3159200,94050,5164916212.5,60,4138,2547050,83600,3314394105.0,0.806,0.683,2026-05-07
AXISBANK,98,31151,16386875,416875,26220976687.5,95,21033,11269375,-309375,16918178937.5,0.688,0.675,2026-05-07
BAJAJ-AUTO,87,216196,2035425,280275,179274001368.75,86,87357,1643025,299400,67015743783.75,0.807,0.404,2026-05-07
BAJAJFINSV,76,10560,3192800,226550,5040342835.0,76,5966,2973250,50000,2686391400.0,0.931,0.565,2026-05-07
BAJAJHLDNG,74,12975,162800,93650,7367587100.0,78,2158,59800,29600,1133945372.5,0.367,0.166,2026-05-07
BAJFINANCE,75,17276,16557750,507000,13177193025.0,81,10952,13701000,-91500,7920084900.0,0.827,0.634,2026-05-07
BANDHANBNK,75,6955,44409600,1303200,5475027708.0,81,4761,31327200,-1296000,3477293352.0,0.705,0.685,2026-05-07
BANKBARODA,88,9513,36819900,3135600,7976953530.0,83,3210,27632475,941850,2524154782.5,0.75,0.337,2026-05-07
BANKINDIA,52,2412,22131200,1123200,1907393020.0,51,1472,16822000,1950000,1136166824.0,0.76,0.61,2026-05-07
BANKNIFTY,591,1111571,14373150,588240,1941173563878.0,591,863855,13298070,203940,1423300499415.0,0.925,0.777,2026-05-07
BDL,68,28842,2533025,68325,15501346032.5,71,6953,1619450,307300,3444191887.5,0.639,0.241,2026-05-07
BEL,72,29983,47047800,2982525,19959543438.75,71,11952,27740475,2386875,7450156642.5,0.59,0.399,2026-05-07
BHARATFORG,87,82233,5070500,1873500,85116153600.0,84,43528,3375500,1625000,41372648200.0,0.666,0.529,2026-05-07
BHARTIARTL,73,31577,14592475,2006875,28605860780.0,72,15412,7499775,361475,13229746692.5,0.514,0.488,2026-05-07
BHEL,171,76211,53699625,1974000,84384338587.5,175,45182,57983625,11174625,45410602387.5,1.08,0.593,2026-05-07
BIOCON,64,14793,19410000,2460000,14966178375.0,67,6652,12940000,1627500,6292087750.0,0.667,0.45,2026-05-07
BLUESTARCO,76,22616,2129400,558025,13981738923.75,78,10051,1186575,232700,5811058418.75,0.557,0.444,2026-05-07
BOSCHLTD,97,16174,85750,30975,16435825125.0,96,4203,59600,20400,3911855643.75,0.695,0.26,2026-05-07
BPCL,54,20181,25748075,2697850,13240769423.75,61,8928,18091000,2620825,5547908115.0,0.703,0.442,2026-05-07
BRITANNIA,86,32424,1132250,276375,24745157493.75,86,16783,829000,161875,11981099875.0,0.732,0.518,2026-05-07
BSE,66,68396,7506950,1816125,106533449193.75,67,34924,6644250,1342500,49494684375.0,0.885,0.511,2026-05-07
CAMS,67,16256,4511250,104250,10615562175.0,71,8408,4791750,589500,5003487112.5,1.062,0.517,2026-05-07
CANBK,102,8459,75856500,5852250,8284965525.0,105,3633,69005250,2436750,3295834110.0,0.91,0.429,2026-05-07
CDSL,54,12661,6612475,368125,8121323211.25,54,4862,4864475,179550,2922587766.25,0.736,0.384,2026-05-07
CGPOWER,76,75515,7522500,34850,57816678870.0,78,22594,5364350,760750,16120346262.5,0.713,0.299,2026-05-07
CHOLAFIN,79,4700,3076875,29375,5225516187.5,78,4535,2646875,-35000,4684939718.75,0.86,0.965,2026-05-07
CIPLA,99,12574,5369075,339375,6763168612.5,104,6392,3811125,168750,3238321687.5,0.71,0.508,2026-05-07
COALINDIA,75,96591,36049050,6448950,63747727245.0,76,62212,18337050,-850500,39294013342.5,0.509,0.644,2026-05-07
COCHINSHIP,58,7424,1208000,-119200,5619968460.0,59,1534,975600,78400,1054847340.0,0.808,0.207,2026-05-07
COFORGE,60,43508,9799500,-134625,22294879875.0,59,25732,7313725,-98250,12201438000.0,0.746,0.591,2026-05-07
COLPAL,86,3873,1338075,10350,1970887623.75,84,2222,896400,-13050,1070523461.25,0.67,0.574,2026-05-07
CONCOR,70,4355,5641250,-80000,3015797812.5,74,1717,3773750,-428750,1155699437.5,0.669,0.394,2026-05-07
CROMPTON,83,18794,16372800,889200,10331125560.0,85,5770,8355600,1117800,2967686460.0,0.51,0.307,2026-05-07
CUMMINSIND,72,7973,706800,9400,8949296590.0,74,2835,544600,48800,2976392280.0,0.771,0.356,2026-05-07
DABUR,77,22135,13412500,3695000,13828072875.0,76,6506,7095000,1661250,3602008312.5,0.529,0.294,2026-05-07
DALBHARAT,78,1801,1053650,32175,1213959565.0,84,566,555100,25675,357461325.0,0.527,0.314,2026-05-07
DELHIVERY,62,13589,9094725,1952575,14307412906.25,63,5273,4562925,367275,5134490805.0,0.502,0.388,2026-05-07
DIVISLAB,94,4998,751000,43500,3532868305.0,99,3132,514700,37500,2062728435.0,0.685,0.627,2026-05-07
DIXON,84,24723,1359550,172800,14961666767.5,91,11956,1101700,83800,6621072570.0,0.81,0.484,2026-05-07
DLF,88,14570,8123775,-25575,7746205128.75,91,4522,6053850,93225,2272706081.25,0.745,0.31,2026-05-07
DMART,74,10344,1706700,75450,7210902720.0,73,6609,824850,-32550,4318251127.5,0.483,0.639,2026-05-07
DRREDDY,107,19468,11363125,1298125,16592434781.25,101,9917,5722500,500000,8038739468.75,0.504,0.509,2026-05-07
EICHERMOT,98,28899,1255300,133700,22412300020.0,103,8645,879800,27200,6277918500.0,0.701,0.299,2026-05-07
ETERNAL,77,21184,87137525,-2170375,13994122439.5,80,13129,50874075,-72750,8040377893.75,0.584,0.62,2026-05-07
EXIDEIND,146,16863,15580800,-2032200,11429895780.0,150,8053,10198800,-482400,5165977770.0,0.655,0.478,2026-05-07
FEDERALBNK,84,14175,33155000,-2175000,10968192000.0,83,5887,19387500,-802500,4276433875.0,0.585,0.415,2026-05-07
FINNIFTY,297,9599,221340,30000,15791408832.0,297,4917,179940,27960,7619149416.0,0.813,0.512,2026-05-07
FORCEMOT,44,9893,129975,-26025,5656992798.75,41,3486,68400,-1725,1675731158.75,0.526,0.352,2026-05-07
FORTIS,64,1475,2083200,145700,1140468610.0,66,523,831575,55800,386093491.25,0.399,0.355,2026-05-07
GAIL,101,5616,21388500,1389150,3096408231.0,107,1895,19391400,349650,997843738.5,0.907,0.337,2026-05-07
GLENMARK,80,3254,2237625,63375,3081935756.25,86,1269,1024875,-16500,1132754906.25,0.458,0.39,2026-05-07
GMRAIRPORT,77,10588,58450500,-5119650,7792986568.5,75,2803,38585700,-83700,1916184973.5,0.66,0.265,2026-05-07
GODFRYPHLP,79,5937,682825,38500,4058045103.75,82,1591,410575,28600,998397867.5,0.601,0.268,2026-05-07
GODREJCP,93,36096,5954500,3028500,20083221025.0,93,19553,2933500,1404500,10178956425.0,0.493,0.542,2026-05-07
GODREJPROP,88,13423,2890850,12650,7280219182.5,89,6045,1733600,40150,3077250481.25,0.6,0.45,2026-05-07
GRASIM,99,10925,1469750,282000,8386492275.0,103,5542,883500,59500,3867967187.5,0.601,0.507,2026-05-07
HAL,79,56500,2837850,229800,41998000440.0,85,24354,2266950,277650,16996166152.5,0.799,0.431,2026-05-07
HAVELLS,103,10441,5731000,154000,6941087100.0,98,4280,2333500,-23000,2689510050.0,0.407,0.41,2026-05-07
HCLTECH,112,37823,25394300,1187200,16754907802.5,110,16440,11845100,4200,6879635525.0,0.466,0.435,2026-05-07
HDFCAMC,94,6704,1274400,1200,5984916360.0,95,1775,845400,64200,1474586295.0,0.663,0.265,2026-05-07
HDFCBANK,126,149471,74198750,4455700,68164613980.0,126,87140,44222100,2641850,37933049497.5,0.596,0.583,2026-05-07
HDFCLIFE,96,61416,18631800,1284800,43450704495.0,98,23457,12851300,3078900,15747896670.0,0.69,0.382,2026-05-07
HEROMOTOCO,95,109031,2384700,-265200,92022503745.0,96,55734,1834650,374400,43564881240.0,0.769,0.511,2026-05-07
HINDALCO,81,12649,7422800,158900,9783621855.0,79,7798,5490100,266000,5763393090.0,0.74,0.616,2026-05-07
HINDPETRO,72,18921,13804425,1374975,16202395575.0,75,9795,13909725,718875,7839718852.5,1.008,0.518,2026-05-07
HINDUNILVR,96,27749,8873100,894900,19972035495.0,99,15347,4729200,539700,10524839475.0,0.533,0.553,2026-05-07
HINDZINC,55,31286,18286800,1342600,25873158727.5,58,18729,13782475,1346275,14290650447.5,0.754,0.599,2026-05-07
HYUNDAI,68,4490,1273250,151250,2407837437.5,68,1242,958650,-14300,608399068.75,0.753,0.277,2026-05-07
ICICIBANK,105,63048,35914200,347900,58763578930.0,96,38237,21406700,-70000,34292164620.0,0.596,0.606,2026-05-07
ICICIGI,73,8847,832650,44200,5497555570.0,71,3545,494000,131625,2075520183.75,0.593,0.401,2026-05-07
ICICIPRULI,98,8899,4824800,403300,4818424668.75,100,6788,4818325,1114625,3479570326.25,0.999,0.763,2026-05-07
IDEA,27,13070,1609545525,37309950,11878105753.5,25,5631,877998900,7218975,4331344259.25,0.545,0.431,2026-05-07
IDFCFIRSTB,56,9507,104798225,-9275,6565386289.0,56,6478,89559400,3329725,4167888849.25,0.855,0.681,2026-05-07
IEX,97,16505,42618750,-2501250,8581170300.0,103,6148,26945550,-1845000,2908478287.5,0.632,0.372,2026-05-07
INDHOTEL,96,7876,5989000,661000,5506358300.0,104,3587,5351000,87000,2361014750.0,0.893,0.455,2026-05-07
INDIANB,86,5326,7192000,184000,4904037050.0,82,2918,3862000,30000,2514644050.0,0.537,0.548,2026-05-07
INDIGO,78,45557,4329000,29550,32750685187.5,84,23539,2545500,-32100,15693520057.5,0.588,0.517,2026-05-07
INDUSINDBK,73,10793,6572300,-7700,7447608420.0,77,10113,5970300,-23800,6585109195.0,0.908,0.937,2026-05-07
INDUSTOWER,69,11958,31509500,2254200,8660077440.0,68,4816,20779100,404600,3336088500.0,0.659,0.403,2026-05-07
INFY,105,51129,41089200,625200,25413874880.0,102,25335,23132000,236000,11772383260.0,0.563,0.496,2026-05-07
INOXWIND,75,3990,26594425,100100,1613171595.75,79,952,13781625,278850,356402653.75,0.518,0.239,2026-05-07
IOC,114,12180,49315500,1408875,9279836962.5,111,5187,35465625,2725125,3707460656.25,0.719,0.426,2026-05-07
IREDA,97,1776,18402300,952200,888352402.5,93,564,12347550,296700,262751724.0,0.671,0.318,2026-05-07
IRFC,73,8277,38543250,3905750,3964191537.5,79,1924,27868425,1695750,864336015.0,0.723,0.232,2026-05-07
ITC,90,44338,109971600,372200,22936056206.25,93,14560,38745600,-123200,7223919360.0,0.352,0.328,2026-05-07
JINDALSTEL,94,9042,3763750,157500,7472169750.0,95,4554,2662500,60625,3630556687.5,0.707,0.504,2026-05-07
JIOFIN,75,18921,67365100,4925600,11852175697.0,76,7890,41237800,1118600,4659649959.5,0.612,0.417,2026-05-07
JSWENERGY,76,6911,6096000,229000,4161669750.0,83,3238,4444000,408000,1861626850.0,0.729,0.469,2026-05-07
JSWSTEEL,82,6496,4578525,33750,5858267625.0,85,2323,3225150,-65475,1981907662.5,0.704,0.358,2026-05-07
JUBLFOOD,83,5300,7073750,20000,3315298875.0,75,2136,5160000,726250,1262496500.0,0.729,0.403,2026-05-07
KALYANKJIL,63,9583,8933525,1861200,4998183980.0,64,3878,4408600,390100,1875283902.5,0.493,0.405,2026-05-07
KAYNES,74,21763,1201500,196600,10097184475.0,76,6953,710500,5700,2928586850.0,0.591,0.319,2026-05-07
KEI,84,22514,757575,32025,21282254533.75,86,37026,958125,371175,31477929035.0,1.265,1.645,2026-05-07
KFINTECH,92,5123,3190000,-262500,2523617600.0,92,2957,2416075,21000,1309381325.0,0.757,0.577,2026-05-07
KOTAKBANK,124,31340,47512000,-206000,24611729100.0,124,16214,28106000,-916000,12248334700.0,0.592,0.517,2026-05-07
KPITTECH,67,56602,8225875,2691950,18654736055.0,68,28129,3869975,856300,8617116876.25,0.47,0.497,2026-05-07
LAURUSLABS,96,17906,6486350,3400,19168615242.5,96,8899,4519450,547400,8921622355.0,0.697,0.497,2026-05-07
LICHSGFIN,81,9138,6165000,-16000,5607857100.0,82,3200,4561000,203000,1854870550.0,0.74,0.35,2026-05-07
LICI,106,6699,6584200,581000,4010040860.0,105,2263,3431400,-60200,1247998115.0,0.521,0.338,2026-05-07
LODHA,76,7018,2268000,25650,3165414322.5,82,4825,1818900,189000,2028218040.0,0.802,0.688,2026-05-07
LT,128,77681,8620150,167650,57056660141.25,131,25788,4975425,-85575,17748506352.5,0.577,0.332,2026-05-07
LTF,49,8405,14829750,342000,6041331787.5,55,2923,11322000,555750,1934406900.0,0.763,0.348,2026-05-07
LTM,70,5940,1199550,127050,4001408377.5,69,1788,640200,27450,1137119692.5,0.534,0.301,2026-05-07
LUPIN,95,30380,4827575,1308150,33392533390.0,96,15418,3193025,522325,15701486343.75,0.661,0.508,2026-05-07
M&M,121,71079,5285800,-397800,49656593130.0,124,37628,5373000,344000,24558172470.0,1.016,0.529,2026-05-07
MANAPPURAM,46,5474,11088000,-1113000,5390277150.0,50,2326,8817000,6000,2118810600.0,0.795,0.425,2026-05-07
MANKIND,99,5810,1067400,11475,3250594316.25,93,1122,740250,-33525,577069121.25,0.694,0.193,2026-05-07
MARICO,109,9636,7298400,-760800,9894067080.0,111,5616,6231600,494400,5491345980.0,0.854,0.583,2026-05-07
MARUTI,98,54184,2120450,70000,39150779160.0,100,24539,1030650,36550,16428605860.0,0.486,0.453,2026-05-07
MAXHEALTH,91,2910,2678025,173250,1637778318.75,90,821,1309875,32550,435513671.25,0.489,0.282,2026-05-07
MAZDOCK,111,18430,4195600,-230400,10440511150.0,120,4092,1894000,40800,2157776610.0,0.451,0.222,2026-05-07
MCX,47,18737,5163125,350625,37787141468.75,49,8182,3998750,260625,14811183250.0,0.774,0.437,2026-05-07
MFSL,65,5834,1481200,719200,4117151620.0,66,3059,943600,554000,1992734460.0,0.637,0.524,2026-05-07
MIDCPNIFTY,560,96557,4692720,498720,173444050866.0,560,102073,6712080,1294920,171617400180.0,1.43,1.057,2026-05-07
MOTHERSON,109,8395,30602400,2656800,7101190672.5,112,3635,24981300,2945850,2837174395.5,0.816,0.433,2026-05-07
MOTILALOFS,83,3593,2132800,24800,2605771146.25,85,1539,1676325,318525,995053112.5,0.786,0.428,2026-05-07
MPHASIS,91,7207,1578225,-10175,4628403725.0,87,3299,1004300,56925,2004864193.75,0.636,0.458,2026-05-07
MUTHOOTFIN,58,9020,1443200,167475,9363315458.75,59,2504,925100,78925,2396149511.25,0.641,0.278,2026-05-07
NAM-INDIA,46,2696,1271250,-71250,1954849312.5,44,1166,716250,180625,742769937.5,0.563,0.432,2026-05-07
NATIONALUM,75,8699,31128750,1301250,7145951812.5,75,3689,15946875,185625,2813621156.25,0.512,0.424,2026-05-07
NAUKRI,83,4398,3013500,173250,1712102400.0,82,1505,1157250,169125,558169987.5,0.384,0.342,2026-05-07
NBCC,62,2972,16633500,182000,1958533590.0,69,1016,13572000,630500,618083050.0,0.816,0.342,2026-05-07
NESTLEIND,98,5178,4042000,-176000,3934655425.0,103,5314,4174500,-373500,3876240275.0,1.033,1.026,2026-05-07
NHPC,60,4824,48659200,7353600,2686239616.0,62,1440,24646400,704000,758291904.0,0.507,0.299,2026-05-07
NIFTY,940,26064320,213542115,34302110,42138256332857.75,962,24621486,230958725,18323980,38407744688794.0,1.082,0.945,2026-05-07
NIFTYNXT50,699,222,5800,2175,412722675.0,699,57,825,425,100786195.0,0.142,0.257,2026-05-07
NMDC,68,11180,75370500,3246750,7216721595.0,70,3097,40297500,4434750,1848552772.5,0.535,0.277,2026-05-07
NTPC,107,36522,42547500,348000,22901287050.0,103,13496,16644000,966000,8068413750.0,0.391,0.37,2026-05-07
NUVAMA,61,3940,1030500,220000,2962151875.0,60,2892,698500,192000,1995914975.0,0.678,0.734,2026-05-07
NYKAA,75,5118,8437500,1496875,4644717812.5,75,1404,3450000,-103125,1173565937.5,0.409,0.274,2026-05-07
OBEROIRLTY,55,1845,1231650,123900,1143465347.5,54,491,427700,30450,286587840.0,0.347,0.266,2026-05-07
OFSS,75,7664,618000,618000,5715522318.75,74,11858,730725,730725,6620861677.5,1.182,1.547,2026-05-07
OIL,93,7550,12541200,681800,5183752910.0,89,3319,5976600,641200,2124578960.0,0.477,0.44,2026-05-07
ONGC,96,28196,56353500,-810000,19136207700.0,93,7997,18375750,-465750,5114538900.0,0.326,0.284,2026-05-07
PAGEIND,93,374,20895,495,223181879.25,88,360,17130,225,167266249.5,0.82,0.963,2026-05-07
PATANJALI,71,5340,5404500,752400,2342466720.0,71,1298,3248100,357300,544233690.0,0.601,0.243,2026-05-07
PAYTM,98,105957,9028425,2227200,94963700440.0,105,46923,8400575,2586800,38688402468.75,0.93,0.443,2026-05-07
PERSISTENT,86,10678,1467900,53200,5633587935.0,82,8256,913900,-5700,4064817020.0,0.623,0.773,2026-05-07
PETRONET,88,10074,12997900,440800,5706847885.0,91,3084,11941500,1219800,1668447095.0,0.919,0.306,2026-05-07
PFC,69,10289,20586800,137800,6514311830.0,67,5628,11932700,172900,3366830285.0,0.58,0.547,2026-05-07
PGEL,51,4256,4715800,236550,2377012242.5,53,2100,3737300,31350,1069615070.0,0.793,0.493,2026-05-07
PHOENIXLTD,68,2006,1060500,-6300,1343379572.5,66,1347,636300,-19950,852627720.0,0.6,0.671,2026-05-07
PIDILITIND,101,18346,2486000,822000,13835114375.0,102,6166,1574500,630000,4360921475.0,0.633,0.336,2026-05-07
PIIND,106,5444,1033550,39200,3115784428.75,107,1508,575575,62300,809401792.5,0.557,0.277,2026-05-07
PNB,84,13434,114224000,8296000,12412745200.0,89,7547,76112000,3624000,6631897360.0,0.666,0.562,2026-05-07
PNBHOUSING,71,1333,2197650,-48100,967408877.5,73,639,1306500,-8450,434654772.5,0.594,0.479,2026-05-07
POLICYBZR,70,31883,2287600,606200,19865988782.5,73,14644,1312150,247450,8642489940.0,0.574,0.459,2026-05-07
POLYCAB,80,117866,1729375,478500,136562883562.5,89,81996,2039500,676625,86182378887.5,1.179,0.696,2026-05-07
POWERGRID,86,12422,25387800,1204600,7785053255.0,89,4709,12253100,201400,2835178005.0,0.483,0.379,2026-05-07
POWERINDIA,56,18138,244775,25,16587502983.75,59,17902,237975,26275,13531830780.0,0.972,0.987,2026-05-07
PREMIERENE,63,4392,2559325,283475,2705246056.25,66,3299,1844600,-192050,1921244596.25,0.721,0.751,2026-05-07
PRESTIGE,57,3422,1269450,207450,2402867497.5,55,808,793800,4050,518715225.0,0.625,0.236,2026-05-07
RBLBANK,45,16143,20316825,390525,18414905702.5,50,5985,17145000,2057400,6381165958.75,0.844,0.371,2026-05-07
RECLTD,62,23566,29191400,541800,12686013830.0,58,11308,17340575,7000,5673066490.0,0.594,0.48,2026-05-07
RELIANCE,108,115296,49246000,601000,86194778500.0,110,64038,34638500,-423000,45692435625.0,0.703,0.555,2026-05-07
RVNL,49,12304,15321675,1098000,6114081926.25,51,2913,9002600,310700,1334435255.0,0.588,0.237,2026-05-07
SAIL,47,1902,8892400,1099800,1783418149.0,46,824,6283900,878900,719862716.0,0.707,0.433,2026-05-07
SAMMAANCAP,39,4290,20515300,-1075000,2953372483.0,39,1114,12925800,-331100,699917622.0,0.63,0.26,2026-05-07
SBICARD,58,7078,9220000,392000,3890098440.0,58,3556,6057600,360800,1812124360.0,0.657,0.502,2026-05-07
SBILIFE,76,7175,3977250,-39375,5215225762.5,74,4309,2092500,-18000,2944466250.0,0.526,0.601,2026-05-07
SBIN,85,75315,38286750,5266500,64606500900.0,88,44218,26836500,1713750,35421141075.0,0.701,0.587,2026-05-07
SHREECEM,74,32029,106300,49025,21622682616.25,73,8546,54525,4975,5303023672.5,0.513,0.267,2026-05-07
SHRIRAMFIN,90,22418,15256725,-749925,19737622245.0,88,12007,8919075,-509025,9713851413.75,0.585,0.536,2026-05-07
SIEMENS,57,7782,1058575,9975,5520264715.0,55,2896,545475,18025,1918515252.5,0.515,0.372,2026-05-07
SOLARINDS,51,3600,114450,150,3026603387.5,52,3633,95550,8400,2284755002.5,0.835,1.009,2026-05-07
SONACOMS,95,6703,5185425,483875,5017570967.5,97,2919,2970625,240100,2114813846.25,0.573,0.435,2026-05-07
SRF,110,25064,1774400,-146600,14356659550.0,116,14200,1804600,-95600,7671695290.0,1.017,0.567,2026-05-07
SUNPHARMA,77,19981,10365600,649600,13357458170.0,78,14350,7013650,-476700,8832607157.5,0.677,0.718,2026-05-07
SUPREMEIND,63,6480,928550,22050,4710980408.75,62,3052,337050,-48650,1719233818.75,0.363,0.471,2026-05-07
SUZLON,50,14318,154914125,-5288650,7686474633.5,54,4158,64763400,3104600,2027264541.25,0.418,0.29,2026-05-07
SWIGGY,48,3549,10884125,523900,1389623495.0,47,1381,6265225,106600,493923040.0,0.576,0.389,2026-05-07
TATACONSUM,80,8499,3549150,503800,5653215342.5,80,3042,1601050,175450,1933314790.0,0.451,0.358,2026-05-07
TATAELXSI,73,6562,1388100,13900,2977552100.0,72,5093,610825,-7875,1977842365.0,0.44,0.776,2026-05-07
TATAPOWER,70,18305,28705650,1840050,12373979405.0,68,6499,17291250,1109250,4085641292.5,0.602,0.355,2026-05-07
TATASTEEL,60,32661,84411250,3773000,20403489150.0,60,21127,62488250,5216750,12331054972.5,0.74,0.647,2026-05-07
TCS,100,80379,15381975,2061950,35458720002.5,100,35922,9800175,691050,15023879243.75,0.637,0.447,2026-05-07
TECHM,57,7954,7007400,343800,7300375080.0,60,4729,4656600,151800,4059204120.0,0.665,0.595,2026-05-07
TIINDIA,97,8036,495000,63400,5124654490.0,92,1169,253200,14600,682892980.0,0.512,0.145,2026-05-07
TITAN,63,33529,2298975,364700,26578835211.25,61,21210,1496600,145075,15991489185.0,0.651,0.633,2026-05-07
TMPV,63,31589,29258400,2348000,9659628960.0,64,16615,18048800,684000,4687778440.0,0.617,0.526,2026-05-07
TORNTPHARM,70,3848,451125,26250,2212000487.5,71,939,223375,6750,496936087.5,0.495,0.244,2026-05-07
TRENT,72,23575,3262900,25700,10704614885.0,65,9540,1460200,-6300,4049242215.0,0.448,0.405,2026-05-07
TVSMOTOR,120,18359,1573950,-20125,12383701172.5,115,6572,1050175,87325,4118514785.0,0.667,0.358,2026-05-07
ULTRACEMCO,86,21908,1218900,62950,13891570620.0,90,11795,497300,22250,7023686197.5,0.408,0.538,2026-05-07
UNIONBANK,63,4053,70038900,1942575,3272950719.0,63,1477,31979475,327450,1077930663.75,0.457,0.364,2026-05-07
UNITDSPR,105,4171,4035200,364000,2283476560.0,105,1708,2620800,152000,874115980.0,0.649,0.409,2026-05-07
UNOMINDA,46,5406,1404150,133650,3562488270.0,45,3699,638000,98450,2032462575.0,0.454,0.684,2026-05-07
UPL,90,3881,5696420,499995,3639070858.25,93,2338,3485060,78590,2099808879.75,0.612,0.602,2026-05-07
VBL,73,3710,11578500,-33750,2245220212.5,75,2151,6675750,217125,1208807212.5,0.577,0.58,2026-05-07
VEDL,59,73377,43563150,13507900,28749635277.5,59,38789,23566950,877450,13709797795.0,0.541,0.529,2026-05-07
VMM,79,326,3807250,-174600,208575414.0,79,96,1910900,135800,57012768.5,0.502,0.294,2026-05-07
VOLTAS,76,14074,4663500,331875,7780324275.0,74,7715,3157500,162000,3981531675.0,0.677,0.548,2026-05-07
WAAREEENER,66,11937,4282250,17150,7245948377.5,66,4469,2396275,24150,2444563826.25,0.56,0.374,2026-05-07
WIPRO,62,19711,140634000,8865000,12426396750.0,64,8112,71310000,1770000,4803187890.0,0.507,0.412,2026-05-07
YESBANK,28,40279,348755400,-55700100,30213872987.0,29,12728,307952200,61111500,8396471611.0,0.883,0.316,2026-05-07
ZYDUSLIFE,72,3608,3717000,117000,3207027375.0,74,793,2225700,-21600,662299560.0,0.599,0.22,2026-05-07
360ONE,50,3689,901500,97000,2199867700.0,54,756,649000,16000,408746025.0,0.72,0.205,2026-05-08
ABB,106,30571,1719375,461125,29180537950.0,105,17307,838250,222500,15211714875.0,0.488,0.566,2026-05-08
ABCAPITAL,62,4237,16141700,1044700,5086509915.0,66,2742,11832700,-235600,3072782465.0,0.733,0.647,2026-05-08
ADANIENSOL,73,7973,7703775,581175,8176493936.25,70,3580,4472550,-155250,3236701376.25,0.581,0.449,2026-05-08
ADANIENT,102,22112,7896186,168405,18078032670.9,113,15329,5995527,34917,11837296465.2,0.759,0.693,2026-05-08
ADANIGREEN,111,8886,8841600,509400,7654693650.0,114,14962,6050400,99000,9904363650.0,0.684,1.684,2026-05-08
ADANIPORTS,73,56327,9305725,-51775,49607796563.75,80,28882,7519725,699200,23676544456.25,0.808,0.513,2026-05-08
ADANIPOWER,79,6621,35251500,2769000,5793213192.0,83,2865,23437100,138450,2250697195.5,0.665,0.433,2026-05-08
ALKEM,85,3661,311500,65625,2675189537.5,88,596,156000,-5375,402820618.75,0.501,0.163,2026-05-08
AMBER,72,11657,1097100,46800,11015851010.0,77,5473,593400,50800,4581465250.0,0.541,0.47,2026-05-08
AMBUJACEM,68,20937,19786200,-350700,10506516877.5,69,7431,13005450,24150,3571479817.5,0.657,0.355,2026-05-08
ANGELONE,53,41444,19307500,320000,36159219500.0,47,12831,11582500,2560000,10305969000.0,0.6,0.31,2026-05-08
APLAPOLLO,86,5291,1865150,77700,3845895060.0,80,1767,1192800,39900,1213078142.5,0.64,0.334,2026-05-08
APOLLOHOSP,105,66381,1017375,199625,69649814350.0,107,17817,802250,249875,17481014725.0,0.789,0.268,2026-05-08
ASHOKLEY,69,10172,91485000,2205000,9295952700.0,68,4878,53745000,375000,4039677200.0,0.587,0.48,2026-05-08
ASIANPAINT,89,80215,5418500,509750,53912892900.0,95,30165,3970250,474500,19041978312.5,0.733,0.376,2026-05-08
ASTRAL,63,5088,2076125,19125,3606021045.0,66,1689,1190000,39950,1132295986.25,0.573,0.332,2026-05-08
AUBANK,76,9185,7747000,-426000,10024252750.0,79,4822,4799000,252000,4962047200.0,0.619,0.525,2026-05-08
AUROPHARMA,64,7475,3281850,122650,6426188725.0,60,4238,2624050,77000,3427604977.5,0.8,0.567,2026-05-08
AXISBANK,98,27299,17484375,1097500,22683559625.0,95,18789,11776250,506875,14894344937.5,0.674,0.688,2026-05-08
BAJAJ-AUTO,92,62753,1940025,-95400,52386508155.0,91,33841,1818750,175725,26347409613.75,0.937,0.539,2026-05-08
BAJAJFINSV,76,11678,3726800,534000,5520072262.5,76,5554,2910000,-63250,2499454312.5,0.781,0.476,2026-05-08
BAJAJHLDNG,74,11354,132700,-30100,6400000505.0,78,3772,61050,1250,1932709465.0,0.46,0.332,2026-05-08
BAJFINANCE,75,21844,17553750,996000,16504134150.0,81,16052,14021250,320250,11487264562.5,0.799,0.735,2026-05-08
BANDHANBNK,75,8751,41659200,-2750400,6832925208.0,81,4861,30477600,-849600,3544674588.0,0.732,0.555,2026-05-08
BANKBARODA,88,29983,44313750,7493850,24857287942.5,83,17185,31537350,3904875,13383953212.5,0.712,0.573,2026-05-08
BANKINDIA,52,8450,26452400,4321200,6591149136.0,51,6625,19146400,2324400,4828684276.0,0.724,0.784,2026-05-08
BANKNIFTY,591,1026859,16632690,2259540,1784775128115.0,591,1114270,14231730,933660,1823618180817.0,0.856,1.085,2026-05-08
BDL,68,12296,2940075,407050,6649338850.0,71,4973,1730400,110950,2481152887.5,0.589,0.404,2026-05-08
BEL,72,33505,50345250,3297450,22378624222.5,71,10180,28591200,850725,6319647142.5,0.568,0.304,2026-05-08
BHARATFORG,87,31922,4354500,-716000,33617560550.0,84,20090,3207000,-168500,19693764875.0,0.736,0.629,2026-05-08
BHARTIARTL,73,30720,14886500,294025,27784059717.5,72,16415,7824200,324425,14149853992.5,0.526,0.534,2026-05-08
BHEL,171,28062,53437125,-262500,31616855550.0,175,21656,58364250,380625,22093488112.5,1.092,0.772,2026-05-08
BIOCON,64,34774,22410000,3000000,35627150500.0,67,16123,14162500,1222500,15296126500.0,0.632,0.464,2026-05-08
BLUESTARCO,81,10237,2389075,259675,6183792111.25,81,5767,1267825,81250,3252632760.0,0.531,0.563,2026-05-08
BOSCHLTD,104,9440,92650,6900,9730709187.5,106,1931,62425,2825,1785174406.25,0.674,0.205,2026-05-08
BPCL,54,6964,27343875,1595800,4506462175.0,61,3706,18134450,43450,2225145007.5,0.663,0.532,2026-05-08
BRITANNIA,97,119493,2902625,1770375,87714003806.25,97,82990,1363125,534125,57547791106.25,0.47,0.695,2026-05-08
BSE,72,146031,11132075,3625125,229315040325.0,73,80290,7402500,758250,115881579693.75,0.665,0.55,2026-05-08
CAMS,73,8339,4640250,129000,5519542537.5,77,4746,4827000,35250,2857728862.5,1.04,0.569,2026-05-08
CANBK,102,7707,81789750,5933250,7447713750.0,105,5196,72623250,3618000,4779229432.5,0.888,0.674,2026-05-08
CDSL,54,12873,6853300,240825,8224868152.5,54,5448,4884425,19950,3249953776.25,0.713,0.423,2026-05-08
CGPOWER,76,18930,7219900,-302600,14609430037.5,78,6104,5259800,-104550,4418802690.0,0.729,0.322,2026-05-08
CHOLAFIN,79,2644,3022500,-54375,2925958343.75,78,1822,2608125,-38750,1877469718.75,0.863,0.689,2026-05-08
CIPLA,99,15461,5746325,377250,8202317775.0,104,10698,4009125,198000,5442909206.25,0.698,0.692,2026-05-08
COALINDIA,76,33443,38684250,2635200,21813773715.0,77,21003,17566200,-770850,12998512867.5,0.454,0.628,2026-05-08
COCHINSHIP,63,6804,1567200,359200,5212229560.0,64,2029,1116400,140800,1420847480.0,0.712,0.298,2026-05-08
COFORGE,70,151882,10133625,334125,81064043568.75,70,65191,8243725,930000,31924913287.5,0.814,0.429,2026-05-08
COLPAL,86,8966,1443150,105075,4569321577.5,84,4660,977175,80775,2288130637.5,0.677,0.52,2026-05-08
CONCOR,72,4057,5340000,-301250,2828343500.0,76,1280,3663750,-110000,844083375.0,0.686,0.316,2026-05-08
CROMPTON,89,13960,17845200,1472400,7787746080.0,91,6206,10326600,1971000,3209764410.0,0.579,0.445,2026-05-08
CUMMINSIND,76,6793,700200,-6600,7672693390.0,79,3185,540200,-4400,3389158350.0,0.771,0.469,2026-05-08
DABUR,80,103311,12218750,-1193750,65007231375.0,79,36914,10882500,3787500,21645947312.5,0.891,0.357,2026-05-08
DALBHARAT,90,18341,1866475,812825,11891952198.75,92,22721,1263600,708500,13778211135.0,0.677,1.239,2026-05-08
DELHIVERY,65,8622,10991275,1896550,9129279145.0,67,2012,4923975,361050,2007432293.75,0.448,0.233,2026-05-08
DIVISLAB,94,4754,791800,40800,3325914570.0,99,2826,549500,34800,1887815155.0,0.694,0.594,2026-05-08
DIXON,87,58954,1644450,284900,35020517860.0,93,37157,1273150,171450,19873329745.0,0.774,0.63,2026-05-08
DLF,92,14011,8980125,856350,7454412735.0,97,5232,6395400,341550,2616875538.75,0.712,0.373,2026-05-08
DMART,74,11765,1662750,-43950,8193219622.5,73,5751,810300,-14550,3735405817.5,0.487,0.489,2026-05-08
DRREDDY,107,10167,12074375,711250,8634426218.75,101,5711,5711250,-11250,4630409750.0,0.473,0.562,2026-05-08
EICHERMOT,98,9581,1260200,4900,7412618180.0,103,3944,887700,7900,2854784180.0,0.704,0.412,2026-05-08
ETERNAL,77,18122,84959875,-2177650,11894983439.25,80,11957,50088375,-785700,7346066371.0,0.59,0.66,2026-05-08
EXIDEIND,146,4320,15453000,-127800,2966921730.0,150,2398,10256400,57600,1552542030.0,0.664,0.555,2026-05-08
FEDERALBNK,86,14020,34927500,1772500,10867857500.0,86,6887,19500000,112500,5064799500.0,0.558,0.491,2026-05-08
FINNIFTY,297,18264,516960,295620,30166092843.0,297,5774,239100,59160,8748849186.0,0.463,0.316,2026-05-08
FORCEMOT,44,6415,129725,-250,3740826156.25,41,1814,67125,-1275,884569348.75,0.517,0.283,2026-05-08
FORTIS,64,6510,2387000,303800,5076381130.0,66,1380,859475,27900,1020154432.5,0.36,0.212,2026-05-08
GAIL,106,3544,21861000,472500,1955613681.0,112,1437,19744200,352800,749374164.0,0.903,0.405,2026-05-08
GLENMARK,80,6832,2399250,161625,6391884375.0,86,3128,1065375,40500,2734962525.0,0.444,0.458,2026-05-08
GMRAIRPORT,78,6959,56560275,-1890225,5158129331.25,77,2608,39046050,460350,1774280970.0,0.69,0.375,2026-05-08
GODFRYPHLP,108,15601,858000,175175,10969394810.0,111,3632,522500,111925,2323375835.0,0.609,0.233,2026-05-08
GODREJCP,93,17629,5310500,-644000,9684553025.0,93,6223,2852000,-81500,3202768475.0,0.537,0.353,2026-05-08
GODREJPROP,88,10421,2848000,-42850,5666523560.0,89,5070,1667600,-66000,2604576576.25,0.586,0.487,2026-05-08
GRASIM,104,6360,1363250,-106500,4887204762.5,108,2207,928000,44500,1602083587.5,0.681,0.347,2026-05-08
HAL,84,34611,2979600,141750,26063512297.5,90,17730,2311800,44850,12554490097.5,0.776,0.512,2026-05-08
HAVELLS,104,5821,5873000,142000,3907644350.0,100,1823,2371000,37500,1151161400.0,0.404,0.313,2026-05-08
HCLTECH,112,44488,23940750,-1453550,19662589205.0,110,21062,11689350,-155750,8803482607.5,0.488,0.473,2026-05-08
HDFCAMC,97,7761,1236900,-37500,6938478675.0,98,2102,858300,12900,1766398485.0,0.694,0.271,2026-05-08
HDFCBANK,126,135709,83711950,9513200,61673072005.0,126,72182,45558950,1336850,30947794647.5,0.544,0.532,2026-05-08
HDFCLIFE,103,13619,18477800,-154000,9697935115.0,105,6998,12907400,56100,4789247265.0,0.699,0.514,2026-05-08
HEROMOTOCO,95,31585,2431500,46800,26694556725.0,96,16754,1741650,-93000,13195924492.5,0.716,0.53,2026-05-08
HINDALCO,81,15682,7409500,-13300,12050322620.0,79,9527,5378100,-112000,7041546225.0,0.726,0.608,2026-05-08
HINDPETRO,72,6090,14606325,801900,5134646497.5,75,3741,14432175,522450,2947800498.75,0.988,0.614,2026-05-08
HINDUNILVR,96,29772,9397200,524100,21417994485.0,99,10071,4800000,70800,6879969465.0,0.511,0.338,2026-05-08
HINDZINC,55,14240,18996075,709275,11771145662.5,58,8024,13411300,-371175,6151448668.75,0.706,0.563,2026-05-08
HYUNDAI,68,15473,2017950,744700,8345480618.75,68,6623,1350250,391600,3241674232.5,0.669,0.428,2026-05-08
ICICIBANK,105,43028,39057900,3143700,39861323600.0,96,29651,22564500,1157800,26212097555.0,0.578,0.689,2026-05-08
ICICIGI,78,6618,882050,49400,4075470441.25,76,7164,476125,-17875,4165056236.25,0.54,1.083,2026-05-08
ICICIPRULI,104,4558,4685125,-139675,2465163295.0,105,2280,4976500,158175,1183002896.25,1.062,0.5,2026-05-08
IDEA,27,18700,1644997125,35451600,16927889552.25,25,6902,886861800,8862900,5317035971.25,0.539,0.369,2026-05-08
IDFCFIRSTB,56,13039,107812600,3014375,9062338162.5,56,7687,93983575,4424175,4971738444.75,0.872,0.59,2026-05-08
IEX,103,14232,50418750,7800000,7575786562.5,110,3942,27016800,71250,1931795100.0,0.536,0.277,2026-05-08
INDHOTEL,96,8209,5865000,-124000,5791284250.0,104,4031,5510000,159000,2678907750.0,0.939,0.491,2026-05-08
INDIANB,86,9496,7119000,-73000,8680018050.0,82,6105,3947000,85000,5265901350.0,0.554,0.643,2026-05-08
INDIGO,78,21372,4323450,-5550,15302042055.0,84,13072,2578650,33150,8766220342.5,0.596,0.612,2026-05-08
INDUSINDBK,73,10925,6737500,165200,7574162715.0,77,7921,5968900,-1400,5229010430.0,0.886,0.725,2026-05-08
INDUSTOWER,69,15657,32249000,739500,11303805495.0,68,6686,19014500,-1764600,4616081910.0,0.59,0.427,2026-05-08
INFY,105,62587,40067200,-1022000,31049366600.0,102,34680,23550800,418800,16139787260.0,0.588,0.554,2026-05-08
INOXWIND,75,5157,28449100,1854675,2079249296.25,79,1808,13935350,153725,695109415.0,0.49,0.351,2026-05-08
IOC,114,5226,52372125,3056625,3965440635.0,111,2977,36859875,1394250,2110112745.0,0.704,0.57,2026-05-08
IREDA,97,2392,19209600,807300,1192459104.0,93,788,12747750,400200,368643954.0,0.664,0.329,2026-05-08
IRFC,73,3593,41379175,2835925,1713178058.75,79,1377,27802775,-65650,615263702.5,0.672,0.383,2026-05-08
ITC,94,56894,118696525,8724925,29343491900.0,96,16457,39238400,492800,8116155600.0,0.331,0.289,2026-05-08
JINDALSTEL,94,8601,3816250,52500,7021831656.25,95,4771,2594375,-68125,3765787468.75,0.68,0.555,2026-05-08
JIOFIN,75,13090,67430900,65800,8171601467.0,76,5326,40908800,-329000,3115283610.0,0.607,0.407,2026-05-08
JSWENERGY,81,4651,6633000,537000,2789754050.0,89,2322,4645000,201000,1319542350.0,0.7,0.499,2026-05-08
JSWSTEEL,82,2952,4676400,97875,2659586231.25,85,2005,3142125,-83025,1707176891.25,0.672,0.679,2026-05-08
JUBLFOOD,83,3568,7137500,63750,2233363875.0,75,1441,5080000,-80000,854374812.5,0.712,0.404,2026-05-08
KALYANKJIL,63,89009,17820050,8886525,47399419688.75,64,22794,8059325,3650725,11141196368.75,0.452,0.256,2026-05-08
KAYNES,76,39635,1321200,119700,18842900460.0,79,13756,813200,102700,5914921480.0,0.616,0.347,2026-05-08
KEI,84,5421,726775,-30800,5135626501.25,86,5751,898450,-59675,4912339083.75,1.236,1.061,2026-05-08
KFINTECH,92,2464,3210500,20500,1211358375.0,92,1314,2403650,-12425,599836225.0,0.749,0.533,2026-05-08
KOTAKBANK,124,18514,46340000,-1172000,14530110400.0,124,8459,28346000,240000,6428399400.0,0.612,0.457,2026-05-08
KPITTECH,67,38134,7693775,-532100,12459148168.75,68,13910,3518500,-351475,4220973392.5,0.457,0.365,2026-05-08
LAURUSLABS,99,15822,6932600,446250,17201577882.5,99,6247,4821200,301750,6389992470.0,0.695,0.395,2026-05-08
LICHSGFIN,85,3066,6366000,201000,1872947700.0,86,1803,4601000,40000,1053946150.0,0.723,0.588,2026-05-08
LICI,106,4107,7141400,557200,2433203570.0,105,1371,3528000,96600,778364650.0,0.494,0.334,2026-05-08
LODHA,80,7741,2928600,660600,3548301210.0,86,4319,1992150,173250,1825915882.5,0.68,0.558,2026-05-08
LT,128,38101,9391025,770875,27724928621.25,131,24395,5158475,183050,16813795390.0,0.549,0.64,2026-05-08
LTF,49,2785,14647500,-182250,2003113575.0,55,1191,11299500,-22500,779362987.5,0.771,0.428,2026-05-08
LTM,70,15576,1267500,67950,10547955982.5,69,2952,661800,21600,1884106207.5,0.522,0.19,2026-05-08
LUPIN,99,79083,8114950,3287375,85287329920.0,100,43868,3996275,803250,44585211712.5,0.492,0.555,2026-05-08
M&M,127,21756,5443200,157400,15184792960.0,131,19187,5254800,-118200,12601707830.0,0.965,0.882,2026-05-08
MANAPPURAM,50,3456,11181000,93000,3426321750.0,54,1877,8535000,-282000,1732554600.0,0.763,0.543,2026-05-08
MANKIND,99,21471,1041975,-25425,12295541823.75,93,4990,871425,131175,2630733716.25,0.836,0.232,2026-05-08
MARICO,117,5146,7203600,-94800,5312486220.0,119,3606,5922000,-309600,3542389860.0,0.822,0.701,2026-05-08
MARUTI,98,29265,2188500,68050,21041366770.0,100,15283,1027950,-2700,10291861547.5,0.47,0.522,2026-05-08
MAXHEALTH,91,4765,2820300,142275,2663165085.0,90,1306,1326675,16800,697364062.5,0.47,0.274,2026-05-08
MAZDOCK,111,14833,4360200,164600,8373803130.0,120,5610,1959400,65400,2983653900.0,0.449,0.378,2026-05-08
MCX,49,31347,5568750,405625,64653591312.5,51,17369,4943750,945000,32195514250.0,0.888,0.554,2026-05-08
MFSL,70,1993,1572400,91200,1426375220.0,73,1114,997200,53600,743701260.0,0.634,0.559,2026-05-08
MIDCPNIFTY,566,81365,5057400,364680,146671672962.0,566,84884,6489600,-222480,143477353278.0,1.283,1.043,2026-05-08
MOTHERSON,110,4797,35122650,4520250,4141993081.5,115,3566,30670050,5688750,2764119345.0,0.873,0.743,2026-05-08
MOTILALOFS,83,3389,2408700,275900,2484324228.75,85,1233,1716625,40300,807651990.0,0.713,0.364,2026-05-08
MPHASIS,92,4934,1620850,42625,3164859307.5,88,1394,990825,-13475,834808548.75,0.611,0.283,2026-05-08
MUTHOOTFIN,61,3584,1590325,147125,3747385303.75,63,2155,953150,28050,2055336057.5,0.599,0.601,2026-05-08
NAM-INDIA,49,1295,1216875,-54375,947679562.5,47,574,721250,5000,359016500.0,0.593,0.443,2026-05-08
NATIONALUM,75,8990,30961875,-166875,7359705843.75,75,3793,15988125,41250,2844846562.5,0.516,0.422,2026-05-08
NAUKRI,83,2392,3022125,8625,934939181.25,82,734,1183125,25875,273732581.25,0.391,0.307,2026-05-08
NBCC,88,17958,20800000,4166500,12294475245.0,95,4084,14846000,1274000,2622416420.0,0.714,0.227,2026-05-08
NESTLEIND,98,8355,4051000,9000,6386648300.0,103,5532,4191500,17000,4046715525.0,1.035,0.662,2026-05-08
NHPC,63,4616,52006400,3347200,2540529472.0,65,1455,23744000,-902400,769000128.0,0.457,0.315,2026-05-08
NIFTY,940,40142256,253798255,40256140,64355537255259.25,962,41666572,236808780,5850055,64995336505027.5,0.933,1.038,2026-05-08
NIFTYNXT50,702,371,5525,-275,683853860.0,702,239,925,100,428757828.75,0.167,0.644,2026-05-08
NMDC,68,5697,77625000,2254500,3646430932.5,70,1654,39777750,-519750,989584695.0,0.512,0.29,2026-05-08
NTPC,107,34266,49276500,6729000,21527763600.0,103,8707,17467500,823500,5254584225.0,0.354,0.254,2026-05-08
NUVAMA,89,40275,1973500,943000,33621858650.0,88,11780,1503500,805000,9090587700.0,0.762,0.292,2026-05-08
NYKAA,75,2389,9293750,856250,2140960468.75,75,530,3681250,231250,447828906.25,0.396,0.222,2026-05-08
OBEROIRLTY,55,11333,1683150,451500,7147108360.0,54,2642,619500,191800,1538849392.5,0.368,0.233,2026-05-08
OFSS,119,8279,680400,62400,6187700317.5,118,12402,744775,14050,8114657703.75,1.095,1.498,2026-05-08
OIL,93,4900,13199200,658000,3346555240.0,89,1892,6344800,368200,1210282570.0,0.481,0.386,2026-05-08
ONGC,96,26513,55656000,-697500,17956778175.0,93,5851,18209250,-166500,3741316200.0,0.327,0.221,2026-05-08
PAGEIND,93,1017,21840,945,594317524.5,88,545,17865,735,299570282.25,0.818,0.536,2026-05-08
PATANJALI,71,4035,5138100,-266400,1770822000.0,71,847,3319200,71100,353329740.0,0.646,0.21,2026-05-08
PAYTM,101,28515,8801500,-226925,26139744753.75,108,19043,8469450,68875,16036704598.75,0.962,0.668,2026-05-08
PERSISTENT,86,39914,1357900,-110000,21359135580.0,82,16887,846400,-67500,8431236815.0,0.623,0.423,2026-05-08
PETRONET,88,8926,12203700,-794200,5108565340.0,91,1760,11920600,-20900,943707770.0,0.977,0.197,2026-05-08
PFC,69,10575,21164000,577200,6695034905.0,67,4203,11917100,-15600,2536045200.0,0.563,0.397,2026-05-08
PGEL,51,3011,4966600,250800,1659467220.0,53,1724,3889300,152000,856430605.0,0.783,0.573,2026-05-08
PHOENIXLTD,68,1244,1108800,48300,831010040.0,66,844,676550,40250,540388415.0,0.61,0.678,2026-05-08
PIDILITIND,108,82882,6498500,4012500,64494297675.0,111,28451,3016500,1442000,20983184600.0,0.464,0.343,2026-05-08
PIIND,107,2706,1012550,-21000,1545783828.75,108,864,579250,3675,469348617.5,0.572,0.319,2026-05-08
PNB,84,14920,126272000,12048000,13707855840.0,89,8936,80904000,4792000,7771928960.0,0.641,0.599,2026-05-08
PNBHOUSING,71,17422,2299050,101400,12760022762.5,73,4242,1525550,219050,2933068060.0,0.664,0.243,2026-05-08
POLICYBZR,70,10598,2602950,315350,6534193137.5,73,4759,1305150,-7000,2786310380.0,0.501,0.449,2026-05-08
POLYCAB,81,38273,1794125,64750,45553187068.75,90,26118,2206375,166875,28423147843.75,1.23,0.682,2026-05-08
POWERGRID,87,11157,26733000,1345200,6969139485.0,90,4399,12975100,722000,2652850300.0,0.485,0.394,2026-05-08
POWERINDIA,60,14491,268375,23600,13168420893.75,63,13446,232900,-5075,10283697821.25,0.868,0.928,2026-05-08
PREMIERENE,63,8141,2765175,205850,5073974340.0,66,3540,2093000,248400,2056941721.25,0.757,0.435,2026-05-08
PRESTIGE,60,4620,1286550,17100,3264459052.5,58,2200,941850,148050,1411844040.0,0.732,0.476,2026-05-08
RBLBANK,48,29514,32438975,12122150,34689266886.25,54,7082,18056225,911225,7612060595.0,0.557,0.24,2026-05-08
RECLTD,62,16950,30584575,1393175,9091612381.25,58,7753,17372775,32200,3846875270.0,0.568,0.457,2026-05-08
RELIANCE,108,126759,51807000,2561000,94471105125.0,110,62761,34756000,117500,44359604825.0,0.671,0.495,2026-05-08
RVNL,50,6649,15898125,576450,3316339038.75,53,2888,9420850,418250,1296654766.25,0.593,0.434,2026-05-08
SAIL,47,2760,11284700,2392300,2549897627.0,46,918,6894900,611000,790962765.0,0.611,0.333,2026-05-08
SAMMAANCAP,41,2209,21237700,722400,1522094306.0,41,568,12852700,-73100,352075271.0,0.605,0.257,2026-05-08
SBICARD,58,4638,9462400,242400,2545943720.0,58,1729,6104800,47200,884081160.0,0.645,0.373,2026-05-08
SBILIFE,77,5029,4068750,91500,3651562481.25,76,2091,2095125,2625,1449076350.0,0.515,0.416,2026-05-08
SBIN,94,597159,115450500,77163750,498622101262.5,95,309728,50632500,23796000,238266528112.5,0.439,0.519,2026-05-08
SHREECEM,78,10440,110575,4275,7112250152.5,77,2871,55000,475,1797048131.25,0.497,0.275,2026-05-08
SHRIRAMFIN,92,9708,15388725,132000,8495532870.0,92,7027,8567625,-351450,5772842583.75,0.557,0.724,2026-05-08
SIEMENS,58,8762,1089550,30975,6240879015.0,56,9091,649775,104300,6090880337.5,0.596,1.038,2026-05-08
SOLARINDS,51,11980,143250,28800,10372063277.5,52,3776,103900,8350,2529906310.0,0.725,0.315,2026-05-08
SONACOMS,95,1645,5222175,36750,1229666637.5,97,483,3035550,64925,341188470.0,0.581,0.294,2026-05-08
SRF,113,13398,1696600,-77800,7765802050.0,118,8225,1750000,-54600,4462613420.0,1.031,0.614,2026-05-08
SUNPHARMA,77,29378,10875550,509950,19666674860.0,78,15594,7407050,393400,9901478265.0,0.681,0.531,2026-05-08
SUPREMEIND,63,3680,1038275,109725,2578950955.0,62,6203,345975,8925,3410714571.25,0.333,1.686,2026-05-08
SUZLON,50,8740,156412275,1498150,4724637769.25,54,3174,62579350,-2184050,1550917911.5,0.4,0.363,2026-05-08
SWIGGY,48,14623,13883225,2999100,5733029315.0,47,9032,8854825,2589600,3182429185.0,0.638,0.618,2026-05-08
TATACONSUM,80,45641,4722300,1173150,30973770355.0,80,13914,2357850,756800,8977547452.5,0.499,0.305,2026-05-08
TATAELXSI,73,13009,1374700,-13400,5984254165.0,72,4724,591325,-19500,1928900720.0,0.43,0.363,2026-05-08
TATAPOWER,70,17748,30970550,2264900,11972258355.0,68,5229,17678400,387150,3310715255.0,0.571,0.295,2026-05-08
TATASTEEL,60,22023,87881750,3470500,13654878737.5,60,16826,62925500,437250,9815535840.0,0.716,0.764,2026-05-08
TCS,101,98653,16550875,1168900,43196417015.0,101,40425,10083775,283600,16692453985.0,0.609,0.41,2026-05-08
TECHM,58,13916,6862200,-145200,12740443080.0,61,5206,4840800,184200,4520349990.0,0.705,0.374,2026-05-08
TIINDIA,103,4280,458000,-37000,2762456030.0,100,918,260200,7000,542717510.0,0.568,0.214,2026-05-08
TITAN,72,284819,4231850,1932875,234577275870.0,72,144678,3299975,1803375,110611521300.0,0.78,0.508,2026-05-08
TMPV,63,20061,29941600,683200,6089009080.0,64,12486,17882400,-166400,3515724000.0,0.597,0.622,2026-05-08
TORNTPHARM,70,3186,437250,-13875,1824545725.0,71,631,231875,8500,340237893.75,0.53,0.198,2026-05-08
TRENT,72,20272,3359400,96500,9138614780.0,65,12283,1352500,-107700,5212283550.0,0.403,0.606,2026-05-08
TVSMOTOR,131,8207,1636075,62125,5558529261.25,127,4726,1083600,33425,3015525196.25,0.662,0.576,2026-05-08
ULTRACEMCO,87,20627,1238300,19400,12995030800.0,91,11371,510300,13000,6747354232.5,0.412,0.551,2026-05-08
UNIONBANK,63,7512,73419600,3380700,6038986668.75,63,3058,32877750,898275,2260012685.25,0.448,0.407,2026-05-08
UNITDSPR,107,6071,4292400,257200,3296695100.0,107,1827,2692000,71200,936333420.0,0.627,0.301,2026-05-08
UNOMINDA,47,8593,1422850,18700,5865296305.0,46,6553,838200,200200,3602666677.5,0.589,0.763,2026-05-08
UPL,90,4024,6154410,457990,3756148075.0,93,2005,4083970,598910,1780933681.0,0.664,0.498,2026-05-08
VBL,73,3336,11554875,-23625,2016513843.75,75,1635,6494625,-181125,947429550.0,0.562,0.49,2026-05-08
VEDL,59,43544,49346500,5783350,16633635305.0,59,25469,23773950,207000,8569879005.0,0.482,0.585,2026-05-08
VMM,79,361,4074000,266750,228189396.0,79,406,2711150,800250,250282552.5,0.665,1.125,2026-05-08
VOLTAS,76,14301,5671125,1007625,7812504750.0,74,8226,3565500,408000,4087807743.75,0.629,0.575,2026-05-08
WAAREEENER,66,25934,4145050,-137200,15801434171.25,66,9990,2308950,-87325,5500394147.5,0.557,0.385,2026-05-08
WIPRO,65,25218,138168000,-2466000,15860440680.0,67,9438,71025000,-285000,5517068910.0,0.514,0.374,2026-05-08
YESBANK,29,37636,350248200,1492800,28685894222.0,31,14422,304469000,-3483200,9572071826.0,0.869,0.383,2026-05-08
ZYDUSLIFE,73,4901,3302100,-414900,4347360900.0,75,1133,2226600,900,949645710.0,0.674,0.231,2026-05-08
360ONE,50,2927,995500,94000,1732456850.0,54,847,668000,19000,465152150.0,0.671,0.289,2026-05-11
ABB,142,79872,2940500,1221125,71620001900.0,136,58967,1039750,201500,47703253456.25,0.354,0.738,2026-05-11
ABCAPITAL,62,6708,17251500,1109800,7882709915.0,66,4050,11200300,-632400,4475501930.0,0.649,0.604,2026-05-11
ADANIENSOL,73,15844,7930575,226800,15565691733.75,70,6852,4173525,-299025,6137906962.5,0.526,0.432,2026-05-11
ADANIENT,102,24809,7843038,-53148,20030057729.7,113,14796,6000162,4635,11383251818.849998,0.765,0.596,2026-05-11
ADANIGREEN,111,21613,8580000,-261600,18706569600.0,114,12630,6499200,448800,9386639460.0,0.757,0.584,2026-05-11
ADANIPORTS,73,33191,9521850,216125,29168771690.0,80,25719,7926325,406600,20869416768.75,0.832,0.775,2026-05-11
ADANIPOWER,79,11203,36600500,1349000,9541974390.5,83,4854,22347250,-1089850,3699401998.5,0.611,0.433,2026-05-11
ALKEM,85,4679,338000,26500,3425644918.75,88,883,154750,-1250,607094725.0,0.458,0.189,2026-05-11
AMBER,72,9135,1241600,144500,8489024880.0,77,8650,662600,69200,7300167940.0,0.534,0.947,2026-05-11
AMBUJACEM,68,14770,19667550,-118650,7221859785.0,69,5532,12992850,-12600,2580059632.5,0.661,0.375,2026-05-11
ANGELONE,53,8399,19490000,182500,7256954875.0,48,4713,11657500,75000,3779633250.0,0.598,0.561,2026-05-11
APLAPOLLO,86,4839,2130100,264950,3464274870.0,80,2290,1325450,132650,1571148565.0,0.622,0.473,2026-05-11
APOLLOHOSP,118,24097,1150875,133500,25483250606.25,120,8201,822000,19750,8223054968.75,0.714,0.34,2026-05-11
ASHOKLEY,69,22831,98235000,6750000,20524402600.0,68,12445,57210000,3465000,10136913650.0,0.582,0.545,2026-05-11
ASIANPAINT,96,36803,5645250,226750,24684672200.0,103,29927,3968750,-1500,19060979162.5,0.703,0.813,2026-05-11
ASTRAL,63,4843,2108850,32725,3431278682.5,66,1361,1172575,-17425,914761075.0,0.556,0.281,2026-05-11
AUBANK,79,6852,7879000,132000,7417269750.0,83,3941,4550000,-249000,4024756750.0,0.577,0.575,2026-05-11
AUROPHARMA,64,5523,3355550,73700,4734662790.0,60,3018,2532750,-91300,2421868405.0,0.755,0.546,2026-05-11
AXISBANK,98,37697,18636250,1151875,31208698875.0,95,23788,11610625,-165625,18763726093.75,0.623,0.631,2026-05-11
BAJAJ-AUTO,94,21618,1907025,-33000,17997099723.75,93,22671,1705200,-113550,17574003442.5,0.894,1.049,2026-05-11
BAJAJFINSV,76,13182,4347050,620250,6204863037.5,76,5500,2815500,-94500,2447704300.0,0.648,0.417,2026-05-11
BAJAJHLDNG,74,2471,127800,-4900,1388636395.0,78,562,58600,-2450,287792170.0,0.459,0.227,2026-05-11
BAJFINANCE,75,26409,17674500,120750,19811714962.5,81,15643,14196750,175500,11036272275.0,0.803,0.592,2026-05-11
BANDHANBNK,75,6996,40183200,-1476000,5426345196.0,81,4321,28796400,-1681200,3103165908.0,0.717,0.618,2026-05-11
BANKBARODA,88,40357,48189375,3875625,33304284146.25,83,23239,33804225,2266875,17939651096.25,0.701,0.576,2026-05-11
BANKINDIA,52,30115,30591600,4139200,23960955980.0,51,14667,19957600,811200,10902395660.0,0.652,0.487,2026-05-11
BANKNIFTY,591,1355179,17828430,1195740,2334156876363.0,591,1143828,14461950,230220,1843893939168.0,0.811,0.844,2026-05-11
BDL,68,9712,3069925,129850,5161546372.5,71,5291,1713600,-16800,2639981785.0,0.558,0.545,2026-05-11
BEL,72,24200,52716450,2371200,16065914906.25,71,10980,29226750,635550,6795217665.0,0.554,0.454,2026-05-11
BHARATFORG,87,12060,4357000,2500,12574379375.0,84,8455,3095500,-111500,8285930125.0,0.71,0.701,2026-05-11
BHARTIARTL,73,82188,19200925,4314425,73031188083.75,72,47118,9468650,1644450,40005518400.0,0.493,0.573,2026-05-11
BHEL,171,27991,54271875,834750,31216538850.0,175,22823,56306250,-2058000,23399560012.5,1.037,0.815,2026-05-11
BIOCON,64,40998,22362500,-47500,41795480625.0,67,16199,15520000,1357500,15420898500.0,0.694,0.395,2026-05-11
BLUESTARCO,89,7293,2481700,92625,4384986807.5,87,2742,1281150,13325,1516490251.25,0.516,0.376,2026-05-11
BOSCHLTD,106,2598,92775,125,2636104451.25,108,854,59375,-3050,789014796.25,0.64,0.329,2026-05-11
BPCL,54,11976,29609200,2265325,7619564812.5,61,8067,20186475,2052025,4699677215.0,0.682,0.674,2026-05-11
BRITANNIA,99,29994,3288750,386125,21709601743.75,99,10082,1330875,-32250,6797230975.0,0.405,0.336,2026-05-11
BSE,72,51490,10400075,-732000,79915686225.0,73,34649,7332750,-69750,49730752762.5,0.705,0.673,2026-05-11
CAMS,73,6279,4761750,121500,4095703387.5,77,5871,4349250,-477750,3511193550.0,0.913,0.935,2026-05-11
CANBK,102,68934,118030500,36240750,66109192065.0,105,47491,79359750,6736500,42534324517.5,0.672,0.689,2026-05-11
CDSL,54,14199,7445150,591850,9046301826.25,54,6911,5222150,337725,4062689796.25,0.701,0.487,2026-05-11
CGPOWER,77,18201,7566700,346800,14093262862.5,79,7275,5123800,-136000,5334274917.5,0.677,0.4,2026-05-11
CHOLAFIN,79,4224,3038750,16250,4617462062.5,78,3339,2378125,-230000,3345488656.25,0.783,0.79,2026-05-11
CIPLA,99,30281,6734825,988500,15778417912.5,104,24517,4833750,824625,12254723531.25,0.718,0.81,2026-05-11
COALINDIA,79,43992,40051800,1367550,28665927337.5,80,16894,17564850,-1350,10470957210.0,0.439,0.384,2026-05-11
COCHINSHIP,63,3328,1668000,100800,2498407320.0,64,1181,1117600,1200,808275680.0,0.67,0.355,2026-05-11
COFORGE,70,67194,11042625,909000,36559227468.75,70,34335,8370475,126750,17227711425.0,0.758,0.511,2026-05-11
COLPAL,88,7884,1598400,155250,4008661166.25,86,3609,1013625,36450,1764430031.25,0.634,0.458,2026-05-11
CONCOR,75,2680,5396250,56250,1881704937.5,79,1017,3577500,-86250,675444687.5,0.663,0.379,2026-05-11
CROMPTON,93,6348,18903600,1058400,3520977840.0,95,5751,10990800,664200,2969942580.0,0.581,0.906,2026-05-11
CUMMINSIND,76,6012,820200,120000,6717110220.0,79,4480,517800,-22400,4575650930.0,0.631,0.745,2026-05-11
DABUR,89,20621,14835000,2616250,12922656937.5,88,11038,9716250,-1166250,6448917937.5,0.655,0.535,2026-05-11
DALBHARAT,92,10061,2179775,313300,6310248636.25,93,7382,1290575,26975,4455258681.25,0.592,0.734,2026-05-11
DELHIVERY,65,7437,11920875,929600,7841473243.75,67,2196,5096200,172225,2166643308.75,0.428,0.295,2026-05-11
DIVISLAB,94,10662,886700,94900,7514487560.0,99,3178,570400,20900,2110588825.0,0.643,0.298,2026-05-11
DIXON,91,38060,1633400,-11050,22543561110.0,97,23766,1312650,39500,12676044962.5,0.804,0.624,2026-05-11
DLF,92,16404,10381800,1401675,8599719315.0,97,11500,7466250,1070850,5536795605.0,0.719,0.701,2026-05-11
DMART,74,10835,1616700,-46050,7537026090.0,73,5658,748500,-61800,3691761892.5,0.463,0.522,2026-05-11
DRREDDY,107,19609,12825000,750625,16592114343.75,101,11521,6153750,442500,9261947343.75,0.48,0.588,2026-05-11
EICHERMOT,98,8423,1272000,11800,6492753280.0,103,4826,882500,-5200,3498062530.0,0.694,0.573,2026-05-11
ETERNAL,77,31421,90420975,5461100,20427182833.75,80,21371,49140200,-948175,12841511452.0,0.543,0.68,2026-05-11
EXIDEIND,146,4383,16057800,604800,2970991710.0,150,2331,10056600,-199800,1500311610.0,0.626,0.532,2026-05-11
FEDERALBNK,86,13237,36432500,1505000,10227780125.0,86,6264,18785000,-715000,4571266125.0,0.516,0.473,2026-05-11
FINNIFTY,297,13250,434100,-82860,21881553138.0,297,4728,227160,-11940,7135007604.0,0.523,0.357,2026-05-11
FORCEMOT,44,3142,127225,-2500,1813999292.5,41,1474,60225,-6900,710130350.0,0.473,0.469,2026-05-11
FORTIS,64,16342,3615375,1228375,12825921593.75,66,2941,1393450,533975,2201176622.5,0.385,0.18,2026-05-11
GAIL,106,3438,22059450,198450,1881239346.0,112,1620,20128500,384300,831550954.5,0.912,0.471,2026-05-11
GLENMARK,81,5673,2557500,158250,5296372106.25,87,2149,1252500,187125,1897966125.0,0.49,0.379,2026-05-11
GMRAIRPORT,81,5842,58652775,2092500,4263409811.25,80,2806,38376450,-669600,1916048542.5,0.654,0.48,2026-05-11
GODFRYPHLP,108,3321,926475,68475,2349144270.0,111,1664,479050,-43450,994972701.25,0.517,0.501,2026-05-11
GODREJCP,93,18691,5949000,638500,10132314025.0,93,10233,2819500,-32500,5266581025.0,0.474,0.547,2026-05-11
GODREJPROP,88,15012,2831225,-16775,8041389097.5,89,9046,1668700,1100,4607872720.0,0.589,0.603,2026-05-11
GRASIM,104,14684,1672750,309500,11385897037.5,108,5217,1126500,198500,3809647087.5,0.673,0.355,2026-05-11
HAL,84,17337,3094800,115200,13102852080.0,90,9904,2294850,-16950,6921611280.0,0.742,0.571,2026-05-11
HAVELLS,104,8347,5891000,18000,5555888325.0,100,2120,2342500,-28500,1324307075.0,0.398,0.254,2026-05-11
HCLTECH,112,40395,23999200,58450,17929518582.5,110,17132,11650850,-38500,7153225240.0,0.485,0.424,2026-05-11
HDFCAMC,99,5108,1375500,138600,4513256700.0,101,3227,888600,30300,2631154155.0,0.646,0.632,2026-05-11
HDFCBANK,126,146428,89287200,5575250,65537284770.0,126,72861,47350100,1791150,30902028005.0,0.53,0.498,2026-05-11
HDFCLIFE,103,15334,19146600,668800,10857593945.0,105,8741,12652200,-255200,5926220795.0,0.661,0.57,2026-05-11
HEROMOTOCO,95,32309,2806950,375450,26973819510.0,96,20205,1789050,47400,15623458020.0,0.637,0.625,2026-05-11
HINDALCO,81,13693,7637000,227500,10444189455.0,79,10075,5434800,56700,7322925050.0,0.712,0.736,2026-05-11
HINDPETRO,72,6444,14314725,-291600,5326323783.75,75,4125,14782500,350325,3177675866.25,1.033,0.64,2026-05-11
HINDUNILVR,96,32402,9361500,-35700,23234992110.0,99,13535,4890000,90000,9284375325.0,0.522,0.418,2026-05-11
HINDZINC,55,19641,19253325,257250,16070156620.0,58,11034,12905375,-505925,8478034145.0,0.67,0.562,2026-05-11
HYUNDAI,68,46595,1689875,-328075,25650468373.75,68,16081,1078825,-271425,8097640100.0,0.638,0.345,2026-05-11
ICICIBANK,105,50263,38006500,-1051400,46421134900.0,96,31784,22738800,174300,28152802790.0,0.598,0.632,2026-05-11
ICICIGI,78,3400,983450,101400,2097258296.25,76,2067,478075,1950,1212566143.75,0.486,0.608,2026-05-11
ICICIPRULI,107,4316,4694375,9250,2366360298.75,108,1363,5046800,70300,699207361.25,1.075,0.316,2026-05-11
IDEA,27,77115,1700247300,55250175,73107371066.25,25,27465,1011371250,124509450,22727355327.75,0.595,0.356,2026-05-11
IDFCFIRSTB,60,12051,108396925,584325,8274965697.25,61,7283,94298925,315350,4647649168.75,0.87,0.604,2026-05-11
IEX,104,34569,55012500,4593750,18371882775.0,111,11615,28424550,1407750,5687897722.5,0.517,0.336,2026-05-11
INDHOTEL,99,24846,8456000,2591000,17406467350.0,107,17004,7679000,2169000,11210993650.0,0.908,0.684,2026-05-11
INDIANB,86,6730,8281000,1162000,6136327250.0,82,2882,4110000,163000,2448941050.0,0.496,0.428,2026-05-11
INDIGO,82,38846,4844550,521100,27049488922.5,88,46355,2718300,139650,30031660545.0,0.561,1.193,2026-05-11
INDUSINDBK,75,13474,7025900,288400,9185689485.0,79,9338,5901700,-67200,6074567485.0,0.84,0.693,2026-05-11
INDUSTOWER,69,30790,30938300,-1310700,22465823765.0,68,11008,18630300,-384200,7628276805.0,0.602,0.358,2026-05-11
INFY,105,61299,38858000,-1209200,30529846140.0,102,31717,23710800,160000,14779973260.0,0.61,0.517,2026-05-11
INOXWIND,75,4322,29360725,911625,1707958538.0,79,1677,13238225,-697125,617737620.5,0.451,0.388,2026-05-11
IOC,114,7334,55116750,2744625,5449899731.25,111,3884,37888500,1028625,2677773686.25,0.687,0.53,2026-05-11
IREDA,98,3248,21208225,1998625,1590305178.25,96,963,12755725,7975,436556236.0,0.601,0.296,2026-05-11
IRFC,73,5574,42515100,1135925,2621947556.25,79,2973,27190775,-612000,1328137750.0,0.64,0.533,2026-05-11
ITC,94,35591,121573600,2877075,18263542285.0,96,12506,39905600,667200,6176744000.0,0.328,0.351,2026-05-11
JINDALSTEL,94,6083,4038125,221875,4955708625.0,95,2941,2535625,-58750,2311007718.75,0.628,0.483,2026-05-11
JIOFIN,75,23596,73355250,5924350,14522962282.5,76,9390,40549250,-359550,5337844614.0,0.553,0.398,2026-05-11
JSWENERGY,81,24460,9274075,2641075,14515016431.25,89,10892,5860000,1215000,6071928150.0,0.632,0.445,2026-05-11
JSWSTEEL,82,5088,5262975,586575,4570658988.75,85,2922,3226500,84375,2516218391.25,0.613,0.574,2026-05-11
JUBLFOOD,83,3958,7571250,433750,2448503437.5,75,1472,5132500,52500,855329437.5,0.678,0.372,2026-05-11
KALYANKJIL,72,72717,25037425,7217375,36686266481.25,72,56833,11254500,3195175,26258967685.0,0.45,0.782,2026-05-11
KAYNES,80,19903,1486200,165000,9487121020.0,84,8762,846900,33700,3818164375.0,0.57,0.44,2026-05-11
KEI,84,7833,740250,13475,7447395445.0,86,5440,879375,-19075,4695018107.5,1.188,0.694,2026-05-11
KFINTECH,92,2450,3480500,270000,1192258550.0,92,1644,2314150,-89500,724480150.0,0.665,0.671,2026-05-11
KOTAKBANK,124,26974,44324000,-2016000,21331851100.0,124,11794,28410000,64000,8988459900.0,0.641,0.437,2026-05-11
KPITTECH,67,14440,7397125,-296650,4772397377.5,68,5926,3435200,-83300,1809429212.5,0.464,0.41,2026-05-11
LAURUSLABS,104,30747,7221600,289000,34159861837.5,104,13377,6396250,1575050,13954505930.0,0.886,0.435,2026-05-11
LICHSGFIN,85,12390,6971000,605000,7644622700.0,86,5248,5078000,477000,3005975700.0,0.728,0.424,2026-05-11
LICI,106,6346,7810600,669200,3728971645.0,105,2378,3647700,119700,1342579175.0,0.467,0.375,2026-05-11
LODHA,80,7315,3082950,154350,3281354932.5,86,5144,1951650,-40500,2149170075.0,0.633,0.703,2026-05-11
LT,131,48044,9438800,47775,34641602336.25,134,25238,5283950,125475,17214991150.0,0.56,0.525,2026-05-11
LTF,49,4666,15529500,882000,3328513762.5,55,2021,11124000,-175500,1327014675.0,0.716,0.433,2026-05-11
LTM,71,14259,1378800,111300,9725217675.0,70,3232,688200,26400,2051821920.0,0.499,0.227,2026-05-11
LUPIN,110,57437,11240825,3125875,59640412307.5,110,25802,4224075,227800,25057109667.5,0.376,0.449,2026-05-11
M&M,127,37406,5764200,321000,25632808110.0,131,30231,5189600,-65200,19569019090.0,0.9,0.808,2026-05-11
MANAPPURAM,50,4428,14646000,3465000,4313261550.0,54,4296,9615000,1080000,3858747000.0,0.656,0.97,2026-05-11
MANKIND,108,5366,1127250,85275,3101450613.75,102,1243,900675,29250,664706216.25,0.799,0.232,2026-05-11
MARICO,117,13880,7347600,144000,14477680080.0,119,6040,6452400,530400,5977781700.0,0.878,0.435,2026-05-11
MARUTI,98,33743,2273100,84600,24012820402.5,100,23784,1037500,9550,16007710592.5,0.456,0.705,2026-05-11
MAXHEALTH,91,28091,3201450,381150,15813622991.25,90,5425,1584975,258300,2926717998.75,0.495,0.193,2026-05-11
MAZDOCK,111,19154,4742000,381800,10712640750.0,120,8748,1942000,-17400,4573809980.0,0.41,0.457,2026-05-11
MCX,53,73149,6142725,573975,153781844733.75,55,35768,6030625,1086875,67908347125.0,0.982,0.489,2026-05-11
MFSL,70,2321,1676800,104400,1667443100.0,73,913,1057200,60000,606736620.0,0.63,0.393,2026-05-11
MIDCPNIFTY,566,94998,5066400,9000,169822204620.0,566,90986,6419160,-70440,153914149662.0,1.267,0.958,2026-05-11
MOTHERSON,111,2288,36364950,1242300,1954284700.5,117,3032,30614700,-55350,2344899490.5,0.842,1.325,2026-05-11
MOTILALOFS,83,1492,2549750,141050,1069546151.25,85,940,1638350,-78275,603166225.0,0.643,0.63,2026-05-11
MPHASIS,92,3282,1628275,7425,2125634857.5,88,760,984225,-6600,456644306.25,0.604,0.232,2026-05-11
MUTHOOTFIN,61,6877,1593350,3025,6990157556.25,63,3863,1030700,77550,3574369191.25,0.647,0.562,2026-05-11
NAM-INDIA,49,1963,1374375,157500,1409635906.25,47,1726,888750,167500,1131768250.0,0.647,0.879,2026-05-11
NATIONALUM,75,11967,31355625,393750,9838325250.0,75,3694,15652500,-335625,2768132343.75,0.499,0.309,2026-05-11
NAUKRI,83,4840,3375750,353625,1896200868.75,82,1348,1133250,-49875,495730725.0,0.336,0.279,2026-05-11
NBCC,93,4780,24069500,3269500,3241875975.0,98,1740,14521000,-325000,1117436320.0,0.603,0.364,2026-05-11
NESTLEIND,98,12053,4408000,357000,9250670750.0,103,5686,4299000,107500,4187485775.0,0.975,0.472,2026-05-11
NHPC,67,6661,55059200,3052800,3646916352.0,66,2681,24198400,454400,1368609600.0,0.439,0.402,2026-05-11
NIFTY,958,68415468,327763790,73965535,108416160571478.5,980,69448303,247928310,11119530,107166893294253.0,0.756,1.015,2026-05-11
NIFTYNXT50,702,408,6675,1150,736600351.25,702,10,1075,150,17670206.25,0.161,0.025,2026-05-11
NMDC,68,8291,78657750,1032750,5222270542.5,70,3545,41215500,1437750,2106469935.0,0.524,0.428,2026-05-11
NTPC,107,46851,57274500,7998000,29190241500.0,103,16683,16248000,-1219500,10039486425.0,0.284,0.356,2026-05-11
NUVAMA,89,8757,2475000,501500,7491067350.0,88,5372,1584500,81000,4175545275.0,0.64,0.613,2026-05-11
NYKAA,77,2056,9331250,37500,1831824687.5,77,747,3756250,75000,627593750.0,0.403,0.363,2026-05-11
OBEROIRLTY,55,13099,1848700,165550,8132972995.0,54,5939,740950,121450,3483338355.0,0.401,0.453,2026-05-11
OFSS,122,4445,645600,-34800,3286305330.0,121,10344,681175,-63600,6324001361.25,1.055,2.327,2026-05-11
OIL,93,9587,14119000,919800,6574429470.0,89,2883,6725600,380800,1847115270.0,0.476,0.301,2026-05-11
ONGC,96,28045,59199750,3543750,18784927350.0,93,8005,19323000,1113750,5039567550.0,0.326,0.285,2026-05-11
PAGEIND,93,897,22785,945,525601509.75,88,505,18270,405,275341280.25,0.802,0.563,2026-05-11
PATANJALI,71,3278,5012100,-126000,1428689565.0,71,726,3275100,-44100,303630165.0,0.653,0.221,2026-05-11
PAYTM,101,11488,9233600,432100,10482762530.0,108,7844,8312125,-157325,6588490388.75,0.9,0.683,2026-05-11
PERSISTENT,89,13338,1381500,23600,7187163520.0,85,7965,849900,3500,3985889835.0,0.615,0.597,2026-05-11
PETRONET,88,5589,12036500,-167200,3130560365.0,91,2086,11743900,-176700,1112532650.0,0.976,0.373,2026-05-11
PFC,69,10429,21357700,193700,6554294760.0,67,3745,12079600,162500,2214828980.0,0.566,0.359,2026-05-11
PGEL,51,3710,5431150,464550,2027710637.5,53,2024,3907350,18050,985481977.5,0.719,0.546,2026-05-11
PHOENIXLTD,68,1232,1141000,32200,831146732.5,66,483,669550,-7000,299788090.0,0.587,0.392,2026-05-11
PIDILITIND,113,16681,6413500,-85000,12769091175.0,115,9180,2649500,-367000,6615966075.0,0.413,0.55,2026-05-11
PIIND,107,2647,1017275,4725,1517944995.0,108,1213,570325,-8925,660183440.0,0.561,0.458,2026-05-11
PNB,84,16281,133912000,7640000,14771611440.0,89,10585,84504000,3600000,8971130880.0,0.631,0.65,2026-05-11
PNBHOUSING,78,4717,2412800,113750,3502998752.5,80,1388,1431300,-94250,948359425.0,0.593,0.294,2026-05-11
POLICYBZR,70,8756,2797900,194950,5354417372.5,73,3865,1536150,231000,2246480232.5,0.549,0.441,2026-05-11
POLYCAB,81,15560,1729500,-64625,18482094181.25,90,12967,2217875,11500,14156893637.5,1.282,0.833,2026-05-11
POWERGRID,87,11576,28885700,2152700,7181138160.0,90,5063,12939000,-36100,3038295320.0,0.448,0.437,2026-05-11
POWERINDIA,60,12931,258300,-10075,11578182045.0,63,13265,208800,-24100,9773366311.25,0.808,1.026,2026-05-11
PREMIERENE,65,4532,2741600,-23575,2785118386.25,67,2136,1971675,-121325,1257195812.5,0.719,0.471,2026-05-11
PRESTIGE,65,2465,1426950,140400,1714954162.5,63,1128,918900,-22950,740192287.5,0.644,0.458,2026-05-11
RBLBANK,48,8618,33251775,812800,9898570500.0,54,3581,16294100,-1762125,3814707096.25,0.49,0.416,2026-05-11
RECLTD,62,16191,31934175,1349600,8671950700.0,58,4130,17521175,148400,2051259770.0,0.549,0.255,2026-05-11
RELIANCE,108,147659,58577500,6770500,108948970925.0,110,111800,31717000,-3039000,77308717650.0,0.541,0.757,2026-05-11
RVNL,50,6050,17072375,1174250,2954214521.25,53,1564,9681625,260775,710127230.0,0.567,0.259,2026-05-11
SAIL,47,2017,11402200,117500,1835321048.0,46,1346,7270900,376000,1141526130.0,0.638,0.667,2026-05-11
SAMMAANCAP,41,2654,22291200,1053500,1765456934.0,41,578,12917200,64500,353559244.0,0.579,0.218,2026-05-11
SBICARD,58,9718,9390400,-72000,5291425360.0,58,5106,6128000,23200,2615111560.0,0.653,0.525,2026-05-11
SBILIFE,77,9110,4035000,-33750,6647178337.5,76,4227,2162250,67125,2961795225.0,0.536,0.464,2026-05-11
SBIN,97,467337,155638500,40188000,375701439075.0,97,176887,56786250,6153750,128776247212.5,0.365,0.378,2026-05-11
SHREECEM,78,6656,99800,-10775,4545066431.25,77,1249,54925,-75,772692680.0,0.55,0.188,2026-05-11
SHRIRAMFIN,92,18535,15547950,159225,16005317130.0,92,9102,8431500,-136125,7383378172.5,0.542,0.491,2026-05-11
SIEMENS,72,14650,1327025,237475,10071350537.5,69,12437,707175,57400,7841686527.5,0.533,0.849,2026-05-11
SOLARINDS,51,6951,139850,-3400,5976756460.0,52,4807,121950,18050,3238852760.0,0.872,0.692,2026-05-11
SONACOMS,95,12693,5530875,308700,9669649403.75,97,3902,3392025,356475,2799775475.0,0.613,0.307,2026-05-11
SRF,115,15895,1679000,-17600,9261771700.0,120,8213,1679000,-71000,4516101890.0,1.0,0.517,2026-05-11
SUNPHARMA,77,67940,12649000,1773450,45862414867.5,78,26928,8717800,1310750,17335707147.5,0.689,0.396,2026-05-11
SUPREMEIND,63,6799,1271025,232750,4717848878.75,62,1124,347725,1750,708408006.25,0.274,0.165,2026-05-11
SUZLON,50,9183,160843550,4431275,4877106299.75,54,3643,61009000,-1570350,1771044791.25,0.379,0.397,2026-05-11
SWIGGY,53,20994,15704525,1821300,7959187860.0,51,12934,7583425,-1271400,4548212890.0,0.483,0.616,2026-05-11
TATACONSUM,105,200367,6589000,1866700,142414422837.5,107,71111,5337750,2979900,47807844287.5,0.81,0.355,2026-05-11
TATAELXSI,74,7538,1443600,68900,3448898170.0,73,2623,591250,-75,1118611720.0,0.41,0.348,2026-05-11
TATAPOWER,71,26416,33138300,2167750,17702388292.5,69,7713,18271450,593050,4822410072.5,0.551,0.292,2026-05-11
TATASTEEL,60,29060,93073750,5192000,17952091905.0,60,13905,63299500,374000,8082507867.5,0.68,0.478,2026-05-11
TCS,101,74943,16346600,-204275,32892188631.25,101,33309,10673175,589400,13687862137.5,0.653,0.444,2026-05-11
TECHM,58,12110,7783200,921000,11044363410.0,61,4363,4656000,-184800,3796608360.0,0.598,0.36,2026-05-11
TIINDIA,104,1766,483200,25200,1130495450.0,102,381,266600,6400,226134010.0,0.552,0.216,2026-05-11
TITAN,79,220536,7294700,3062850,174701017968.75,80,230179,3691975,392000,167536121130.0,0.506,1.044,2026-05-11
TMPV,63,19009,30386400,444800,5711256080.0,64,13018,17839200,-43200,3609456720.0,0.587,0.685,2026-05-11
TORNTPHARM,72,45280,678750,241500,26546710781.25,73,7774,328750,96875,4227841868.75,0.484,0.172,2026-05-11
TRENT,72,25193,3537700,178300,11260891395.0,65,13941,1325750,-26750,5815055665.0,0.375,0.553,2026-05-11
TVSMOTOR,131,7721,1748425,112350,5186694887.5,127,3474,1125600,42000,2206686125.0,0.644,0.45,2026-05-11
ULTRACEMCO,87,16468,1261700,23400,10314231612.5,91,9867,473550,-36750,5589704552.5,0.375,0.599,2026-05-11
UNIONBANK,63,8818,74724975,1305375,7039373499.75,63,2918,33037050,159300,2137962689.25,0.442,0.331,2026-05-11
UNITDSPR,107,4431,4532400,240000,2426651480.0,107,1432,2801600,109600,724740360.0,0.618,0.323,2026-05-11
UNOMINDA,50,3925,1706100,283250,2686861622.5,49,2909,1011450,173250,1692087677.5,0.593,0.741,2026-05-11
UPL,109,75798,11222110,5067700,72155941780.25,112,30009,7559545,3475575,26907869943.0,0.674,0.396,2026-05-11
VBL,73,6710,11706750,151875,4020713156.25,75,2854,6418125,-76500,1647498712.5,0.548,0.425,2026-05-11
VEDL,59,34037,49555800,209300,12799875015.0,59,12560,24113200,339250,4244581402.5,0.487,0.369,2026-05-11
VMM,79,497,4719050,645050,313599739.0,79,359,2914850,203700,216525922.0,0.618,0.722,2026-05-11
VOLTAS,78,13078,6223125,552000,7076627493.75,77,5310,3714375,148875,2615086350.0,0.597,0.406,2026-05-11
WAAREEENER,66,22734,4443775,298725,13707343282.5,66,6968,2286200,-22750,3868176191.25,0.514,0.307,2026-05-11
WIPRO,65,17456,140238000,2070000,10915503570.0,67,9339,71154000,129000,5460639630.0,0.507,0.535,2026-05-11
YESBANK,29,21312,361910700,11662500,16261312669.0,31,13209,313985600,9516600,8985503123.0,0.868,0.62,2026-05-11
ZYDUSLIFE,73,8784,3776400,474300,7852856130.0,75,2299,2392200,165600,1928850030.0,0.633,0.262,2026-05-11
360ONE,50,1234,970000,-19000,716451700.0,54,516,642500,14000,279769250.0,0.662,0.418,2026-05-13
ABB,149,22489,2852750,-45750,19313385656.25,141,10534,994750,13000,8352035768.75,0.349,0.468,2026-05-13
ABCAPITAL,65,5511,20019800,1112900,6313260205.0,68,2308,11981500,186000,2457211280.0,0.598,0.419,2026-05-13
ADANIENSOL,79,20077,8914725,-598050,19278146340.0,75,6847,4758075,290250,5928566073.75,0.534,0.341,2026-05-13
ADANIENT,111,38511,7853853,-103206,30977696953.050003,122,19118,5811672,193743,14551419826.95,0.74,0.496,2026-05-13
ADANIGREEN,135,26619,9178200,56400,22983092190.0,138,15980,6924000,464400,12445825500.0,0.754,0.6,2026-05-13
ADANIPORTS,73,39612,9862425,-228475,34044486900.0,80,21952,7054700,229900,17531901540.0,0.715,0.554,2026-05-13
ADANIPOWER,92,17471,41357500,1175050,14235605044.5,97,7578,23319950,113600,5688324821.0,0.564,0.434,2026-05-13
ALKEM,85,2204,419000,78500,1613563275.0,88,698,167000,13750,474760212.5,0.399,0.317,2026-05-13
AMBER,77,10153,1420700,73700,9212109045.0,82,4633,746200,64800,3727006545.0,0.525,0.456,2026-05-13
AMBUJACEM,71,15806,20832000,411600,7686788497.5,71,6134,12687300,-349650,2849336017.5,0.609,0.388,2026-05-13
ANGELONE,60,5990,24050000,1327500,4901416125.0,57,2889,12332500,380000,2174563625.0,0.513,0.482,2026-05-13
APLAPOLLO,86,2842,2066750,4550,1989883175.0,80,1874,1251950,-34300,1262138587.5,0.606,0.659,2026-05-13
APOLLOHOSP,118,12187,1138750,7875,12751443387.5,120,5286,788500,6750,5291953056.25,0.692,0.434,2026-05-13
ASHOKLEY,72,22225,113115000,11565000,18933802200.0,70,19230,67970000,5845000,14834460850.0,0.601,0.865,2026-05-13
ASIANPAINT,111,115141,6425750,655500,77913389112.5,118,55880,4632000,777000,35650243150.0,0.721,0.485,2026-05-13
ASTRAL,63,8604,2210850,48875,6098773800.0,66,1823,1198075,15725,1206286170.0,0.542,0.212,2026-05-13
AUBANK,80,6356,8519000,366000,6722231100.0,84,3994,4781000,113000,3986130400.0,0.561,0.628,2026-05-13
AUROPHARMA,64,8866,3731750,404800,7617416840.0,60,3876,2668600,161700,3119471465.0,0.715,0.437,2026-05-13
AXISBANK,98,32203,20120625,84375,26548701906.25,95,19813,11255000,-31250,15561247250.0,0.559,0.615,2026-05-13
BAJAJ-AUTO,94,24767,2009100,40050,20177096313.75,93,19352,1579050,-20100,14742494898.75,0.786,0.781,2026-05-13
BAJAJFINSV,76,21132,5255050,186500,9682254725.0,76,10662,3074250,144250,4599017025.0,0.585,0.505,2026-05-13
BAJAJHLDNG,80,1031,132100,1350,564614347.5,84,694,61100,2600,333646340.0,0.463,0.673,2026-05-13
BAJFINANCE,80,25667,20121750,1035750,18368036737.5,85,17855,14846250,-4500,12302642962.5,0.738,0.696,2026-05-13
BANDHANBNK,78,11329,41414400,432000,8613556776.0,83,7482,26294400,32400,5353133076.0,0.635,0.66,2026-05-13
BANKBARODA,91,16066,46849725,-386100,12998616345.0,86,9628,34260525,1266525,7368271267.5,0.731,0.599,2026-05-13
BANKINDIA,52,5674,32463600,1892800,4401248332.0,51,3212,20030400,83200,2360725172.0,0.617,0.566,2026-05-13
BANKNIFTY,600,1590361,19860510,475980,2694364186258.5,600,1286733,14817600,514620,2044156293261.0,0.746,0.809,2026-05-13
BDL,75,8255,3108775,19950,4214649880.0,76,4303,1813350,-6650,2099021522.5,0.583,0.521,2026-05-13
BEL,75,40994,55301400,-118275,26480358900.0,74,19594,30643200,1356600,11825390002.5,0.554,0.478,2026-05-13
BHARATFORG,87,12759,4128000,-128000,13162962100.0,84,5940,2839500,-124000,5695448000.0,0.688,0.466,2026-05-13
BHARTIARTL,79,82939,20543750,-53675,73360641813.75,78,40730,10811000,821275,34186149118.75,0.526,0.491,2026-05-13
BHEL,171,39494,54768000,-1249500,43870069293.75,175,24883,54474000,4179000,25476860718.75,0.995,0.63,2026-05-13
BIOCON,74,40978,25130000,2260000,44205194625.0,77,20428,21690000,4555000,20523328125.0,0.863,0.499,2026-05-13
BLUESTARCO,96,5320,2700100,-21450,3128169216.25,92,1332,1282450,-2925,706307615.0,0.475,0.25,2026-05-13
BOSCHLTD,106,3138,93425,-575,3166950413.75,108,622,60900,2425,566686023.75,0.652,0.198,2026-05-13
BPCL,59,16804,32478875,1032925,10521454728.75,63,8685,20547900,106650,5023148047.5,0.633,0.517,2026-05-13
BRITANNIA,104,19741,3214375,-95875,14092974537.5,104,6180,1228625,-42000,4137086206.25,0.382,0.313,2026-05-13
BSE,72,36724,9705775,-679875,56451815737.5,73,25126,6594000,-445125,35857473000.0,0.679,0.684,2026-05-13
CAMS,73,5968,4582500,126000,3743602387.5,77,3996,3738750,-108000,2313978862.5,0.816,0.67,2026-05-13
CANBK,114,15035,117078750,60750,14104046430.0,115,8898,83963250,-553500,7891711132.5,0.717,0.592,2026-05-13
CDSL,59,16830,8756625,498275,10258008016.25,59,7584,5135225,21850,4337994191.25,0.586,0.451,2026-05-13
CGPOWER,77,11839,7417950,60350,8871826975.0,79,5129,5109350,81600,3654550137.5,0.689,0.433,2026-05-13
CHOLAFIN,79,4836,3138750,14375,5078276125.0,78,2753,2373750,52500,2664299468.75,0.756,0.569,2026-05-13
CIPLA,102,192705,8901200,1990500,100283021268.75,106,153522,8056500,2994375,75194507793.75,0.905,0.797,2026-05-13
COALINDIA,79,73896,44404200,3971700,48331629382.5,80,44942,23049900,5574150,27774479610.0,0.519,0.608,2026-05-13
COCHINSHIP,81,4695,1885600,133200,3384006080.0,79,1296,1198000,32400,850442400.0,0.635,0.276,2026-05-13
COFORGE,70,25337,10873875,-184125,13373911162.5,70,18608,7971475,56250,8968583943.75,0.733,0.734,2026-05-13
COLPAL,88,3879,1829250,97875,1951873267.5,86,2251,1072575,76275,1088814825.0,0.586,0.58,2026-05-13
CONCOR,75,1808,5516250,188750,1231702500.0,79,996,3553750,10000,653429875.0,0.644,0.551,2026-05-13
CROMPTON,93,19586,21389400,1458000,10603847250.0,95,14171,14648400,1387800,7216959420.0,0.685,0.724,2026-05-13
CUMMINSIND,79,5457,886000,-1000,5975105490.0,82,4100,552800,42800,4269359990.0,0.624,0.751,2026-05-13
DABUR,89,16989,14015000,130000,10435198250.0,88,9176,9491250,136250,5282253375.0,0.677,0.54,2026-05-13
DALBHARAT,98,4289,1998750,-88075,2666914055.0,98,3369,1123525,-143650,1966709663.75,0.562,0.785,2026-05-13
DELHIVERY,65,4652,13931550,921300,4775798005.0,67,2872,5085825,-153550,2784997666.25,0.365,0.617,2026-05-13
DIVISLAB,94,24714,972200,93900,17465358880.0,99,9031,626100,38100,5962951230.0,0.644,0.365,2026-05-13
DIXON,110,331296,2154250,2600,193061675672.5,113,158769,1790350,310500,82438365307.5,0.831,0.479,2026-05-13
DLF,100,21818,11521125,688875,11046853578.75,103,21178,9928875,1626900,9896311342.5,0.862,0.971,2026-05-13
DMART,74,8466,1660350,37650,5881900605.0,73,5627,725400,1200,3663709717.5,0.437,0.665,2026-05-13
DRREDDY,107,99920,14253750,-345625,83133337000.0,101,106098,9382500,1228125,83610153687.5,0.658,1.062,2026-05-13
EICHERMOT,98,32558,1449800,159600,24218697005.0,103,32548,1006000,134800,22523755460.0,0.694,1.0,2026-05-13
ETERNAL,82,34051,93134550,424375,21248742254.5,83,21647,49874975,1990925,12597991230.25,0.536,0.636,2026-05-13
EXIDEIND,146,4140,16797600,32400,2789104230.0,150,2252,9939600,-754200,1407136500.0,0.592,0.544,2026-05-13
FEDERALBNK,86,23062,39172500,1605000,17296232875.0,86,12160,20430000,2055000,8576808250.0,0.522,0.527,2026-05-13
FINNIFTY,302,7688,442380,-12480,12228014043.0,302,5632,231000,2100,8317207467.0,0.522,0.733,2026-05-13
FORCEMOT,44,3794,133075,3575,2172459922.5,41,1024,59975,-50,478757231.25,0.451,0.27,2026-05-13
FORTIS,69,5586,3695975,-225525,4349217850.0,71,1425,1351600,-38750,1067506932.5,0.366,0.255,2026-05-13
GAIL,113,11002,28085400,4743900,6001249117.5,119,3395,21231000,693000,1754760199.5,0.756,0.309,2026-05-13
GLENMARK,92,6929,2742375,-66375,6305571093.75,98,1746,1282875,31125,1513427643.75,0.468,0.252,2026-05-13
GMRAIRPORT,83,4619,57983175,-2176200,3291026874.75,82,2418,38976300,-20925,1598563561.5,0.672,0.523,2026-05-13
GODFRYPHLP,108,8970,880000,35475,6418418875.0,111,3782,476300,-8800,2182387102.5,0.541,0.422,2026-05-13
GODREJCP,96,11250,4809500,-564500,6146083075.0,96,5109,2657000,-134000,2616457675.0,0.552,0.454,2026-05-13
GODREJPROP,97,11940,2979175,73975,6103913530.0,96,7351,1926650,49775,3503389422.5,0.647,0.616,2026-05-13
GRASIM,109,7447,1585750,-13000,5693584725.0,113,4281,1188500,54000,3111329800.0,0.749,0.575,2026-05-13
HAL,84,31906,3225900,106350,23524847197.5,90,17923,2262300,59400,12263871787.5,0.701,0.562,2026-05-13
HAVELLS,114,8081,6126000,-130500,5238577275.0,109,2129,2321000,-9500,1281598525.0,0.379,0.263,2026-05-13
HCLTECH,122,47201,26718500,1382600,20455400127.5,120,22800,11427050,214400,9182174267.5,0.428,0.483,2026-05-13
HDFCAMC,109,4547,1491600,34500,3844977585.0,109,2177,876900,-2700,1722294795.0,0.588,0.479,2026-05-13
HDFCBANK,133,140056,93092850,1710500,61008283830.0,132,68705,50239800,510850,28510664525.0,0.54,0.491,2026-05-13
HDFCLIFE,103,10894,21214600,448800,7585510735.0,105,5765,11682000,-49500,3825938930.0,0.551,0.529,2026-05-13
HEROMOTOCO,95,29110,3274350,303450,23442107122.5,96,16903,1763550,62700,12707635237.5,0.539,0.581,2026-05-13
HINDALCO,83,58629,9309300,994000,45818603005.0,81,23405,6316800,504000,17410805335.0,0.679,0.399,2026-05-13
HINDPETRO,74,37135,19186875,3132675,30610763966.25,77,18543,17901000,832275,14058517747.5,0.933,0.499,2026-05-13
HINDUNILVR,96,23387,9880800,48600,16628860815.0,99,9965,4754400,-3900,6767547870.0,0.481,0.426,2026-05-13
HINDZINC,69,80676,23760100,2374050,69257857707.5,72,33437,19081825,3738700,26622133343.75,0.803,0.414,2026-05-13
HYUNDAI,74,9468,1703075,56650,5103364323.75,76,6207,1104400,19800,3070147217.5,0.648,0.656,2026-05-13
ICICIBANK,106,62759,40490100,569800,57088408825.0,98,36223,22427300,-485800,31526050780.0,0.554,0.577,2026-05-13
ICICIGI,78,3910,1184300,5850,2391682637.5,76,1440,498225,27625,840905471.25,0.421,0.368,2026-05-13
ICICIPRULI,107,3288,6485175,85100,1744883508.75,108,1303,4477000,6475,663263063.75,0.69,0.396,2026-05-13
IDEA,29,81332,1856920500,68187150,81839767722.75,27,23922,1064119800,94704375,20400388067.25,0.573,0.294,2026-05-13
IDFCFIRSTB,60,8761,115121300,343175,5946935688.75,61,7162,95588150,-2151800,4550352749.25,0.83,0.817,2026-05-13
IEX,104,10013,57525000,2580000,5077097025.0,111,2736,28151400,228750,1322605275.0,0.489,0.273,2026-05-13
INDHOTEL,102,14397,8793000,-544000,9665669950.0,109,10878,7440000,325000,6898941700.0,0.846,0.756,2026-05-13
INDIANB,88,7078,8722000,-96000,6290115250.0,84,8169,4840000,421000,6664492900.0,0.555,1.154,2026-05-13
INDIGO,82,27714,5302050,156000,18835234665.0,88,21455,2661750,56100,13535956357.5,0.502,0.774,2026-05-13
INDUSINDBK,79,12124,7537600,282800,8031082920.0,82,7653,6292300,317800,4824112125.0,0.835,0.631,2026-05-13
INDUSTOWER,69,24426,30758100,-841500,17870564390.0,68,8687,17688500,302600,6025541200.0,0.575,0.356,2026-05-13
INFY,109,89435,43632400,3325600,42993196780.0,106,43657,23116000,48800,19818690060.0,0.53,0.488,2026-05-13
INOXWIND,87,4224,29314250,100100,1602600034.75,88,1653,12970100,471900,596657990.5,0.442,0.391,2026-05-13
IOC,125,11000,57676125,1881750,8093393100.0,122,5263,41266875,1311375,3593682787.5,0.715,0.478,2026-05-13
IREDA,119,5411,25027375,2684100,2580097887.0,118,1546,13466425,465750,688113229.5,0.538,0.286,2026-05-13
IRFC,85,5275,43067600,-1398250,2438092017.5,87,1952,27178025,816000,831102035.0,0.631,0.37,2026-05-13
ITC,99,38906,128151825,2233850,19783028730.0,100,13823,42280000,1555200,6762975680.0,0.33,0.355,2026-05-13
JINDALSTEL,95,11308,4078750,-94375,9162051562.5,96,4269,2638125,122500,3302051781.25,0.647,0.378,2026-05-13
JIOFIN,91,21552,79150350,-63450,12722894007.5,89,9149,43785200,1069250,4986908680.0,0.553,0.425,2026-05-13
JSWENERGY,108,20189,13259075,-240000,11065715750.0,107,7745,6651650,-323350,4037001900.0,0.502,0.384,2026-05-13
JSWSTEEL,82,15563,6380100,707400,13966466208.75,85,5466,3734775,254475,4673219703.75,0.585,0.351,2026-05-13
JUBLFOOD,94,5107,7576250,67500,3068536750.0,89,2263,5030000,92500,1267965625.0,0.664,0.443,2026-05-13
KALYANKJIL,97,101088,30621375,4466525,45555365301.25,96,85773,16524550,5533250,35509014663.75,0.54,0.848,2026-05-13
KAYNES,84,71243,2734750,926500,32215015165.0,88,29925,1251300,190800,11592453685.0,0.458,0.42,2026-05-13
KEI,84,11189,877625,-71925,10460098950.0,86,14115,786275,16975,11966102960.0,0.896,1.262,2026-05-13
KFINTECH,93,5028,4192000,450500,2309233825.0,93,4550,2385650,115000,1897728550.0,0.569,0.905,2026-05-13
KOTAKBANK,124,19658,42586000,-858000,15557229200.0,124,8590,27942000,-348000,6555825100.0,0.656,0.437,2026-05-13
KPITTECH,67,11739,7352500,-405875,3838847583.75,68,5755,3324275,-400775,1716209245.0,0.452,0.49,2026-05-13
LAURUSLABS,114,16867,7480000,-5950,18984911967.5,114,10184,6753250,142800,10893356135.0,0.903,0.604,2026-05-13
LICHSGFIN,85,17137,7679000,426000,10460826850.0,86,9486,6361000,1091000,5456054700.0,0.828,0.554,2026-05-13
LICI,116,6400,8589700,646800,3720493035.0,113,2585,3714200,23100,1440257000.0,0.432,0.404,2026-05-13
LODHA,88,7323,3296250,142200,3134621407.5,92,13218,3625200,1650600,4837311022.5,1.1,1.805,2026-05-13
LT,142,47042,9157050,-336875,33858176765.0,143,27162,5396650,79800,18365349257.5,0.589,0.577,2026-05-13
LTF,51,5615,18168750,384750,3828863137.5,56,1870,13061250,938250,1227838837.5,0.719,0.333,2026-05-13
LTM,80,9522,1455000,-21450,6296864685.0,80,5099,690150,27300,3114035092.5,0.474,0.535,2026-05-13
LUPIN,112,22785,11553625,557175,23379472636.25,112,5029,4088925,-24650,4823643856.25,0.354,0.221,2026-05-13
M&M,127,35565,5997200,71200,23669379830.0,131,29341,5216400,87800,18474756270.0,0.87,0.825,2026-05-13
MANAPPURAM,52,14982,13974000,1782000,14434686450.0,56,9573,12237000,1398000,8617275450.0,0.876,0.639,2026-05-13
MANKIND,112,5504,1170450,67725,3118294181.25,106,1905,899775,40500,1031407683.75,0.769,0.346,2026-05-13
MARICO,123,3680,7118400,-60000,3809872320.0,125,3518,5860800,-104400,3408221940.0,0.823,0.956,2026-05-13
MARUTI,98,41794,2554250,38400,29110404495.0,100,23160,1053150,39450,15029222877.5,0.412,0.554,2026-05-13
MAXHEALTH,97,6289,3165750,-105525,3522974883.75,96,2538,1452150,-82425,1367206155.0,0.459,0.404,2026-05-13
MAZDOCK,128,24826,5174800,47200,13395505920.0,133,8245,2108200,49400,4112441070.0,0.407,0.332,2026-05-13
MCX,59,39030,7079600,169375,82586172312.5,61,23130,6102500,-24375,44858677375.0,0.862,0.593,2026-05-13
MFSL,70,30777,2879200,854800,21603389660.0,73,17687,1053200,-363200,11435961200.0,0.366,0.575,2026-05-13
MIDCPNIFTY,566,89155,5592840,322320,156570004650.0,566,93306,6760200,502080,154422137856.0,1.209,1.047,2026-05-13
MOTHERSON,115,2600,36531000,1279200,2158835053.5,120,1616,31973850,442800,1249848817.5,0.875,0.622,2026-05-13
MOTILALOFS,83,1615,2571450,11625,1115933001.25,85,411,1570150,-44175,253049047.5,0.611,0.254,2026-05-13
MPHASIS,97,3565,1711875,24475,2288290070.0,92,1201,985325,40975,708875860.0,0.576,0.337,2026-05-13
MUTHOOTFIN,61,16814,2010250,97625,17233014136.25,63,5786,1255925,139425,5371131631.25,0.625,0.344,2026-05-13
NAM-INDIA,49,3842,1640000,143750,2688217687.5,47,1375,1106875,93125,870595781.25,0.675,0.358,2026-05-13
NATIONALUM,77,26245,32086875,-401250,21161865843.75,77,8743,17347500,1183125,6579250125.0,0.541,0.333,2026-05-13
NAUKRI,90,4826,3634125,239625,1838831025.0,89,2434,1301625,118500,867215156.25,0.358,0.504,2026-05-13
NBCC,93,2422,24498500,-461500,1584118250.0,98,1112,16601000,1150500,693677725.0,0.678,0.459,2026-05-13
NESTLEIND,98,8198,4478000,10000,6208671650.0,103,7373,4225500,47000,5376582925.0,0.944,0.899,2026-05-13
NHPC,76,6389,64672000,3456000,3425188096.0,75,2094,27667750,1017600,1049758528.0,0.428,0.328,2026-05-13
NIFTY,945,25002345,208279665,34721780,39230010784724.5,967,25818103,194641540,34017885,38808954089792.25,0.935,1.033,2026-05-13
NIFTYNXT50,706,238,8350,125,428717877.5,706,68,1500,175,118983298.75,0.18,0.286,2026-05-13
NMDC,78,30501,85772250,1167750,19570411080.0,79,8243,46554750,4812750,4979359305.0,0.543,0.27,2026-05-13
NTPC,109,43613,68902500,-217500,26681416500.0,105,15548,16780500,-187500,9192969675.0,0.244,0.356,2026-05-13
NUVAMA,89,2816,2171500,-113000,2332419350.0,88,1985,1376000,-16000,1493069800.0,0.634,0.705,2026-05-13
NYKAA,81,2261,10265625,390625,1990171250.0,82,741,3506250,112500,605537968.75,0.342,0.328,2026-05-13
OBEROIRLTY,61,6149,1796900,-65800,3707403122.5,59,5234,828450,-47600,2969358140.0,0.461,0.851,2026-05-13
OFSS,131,6008,579750,-21750,4369560360.0,130,9499,604825,-12600,5011690533.75,1.043,1.581,2026-05-13
OIL,94,34303,11708200,-715400,25412034130.0,91,13277,8738800,1323000,9217568360.0,0.746,0.387,2026-05-13
ONGC,98,66214,74704500,1955250,46057099950.0,96,19819,27294750,2709000,13152220537.5,0.365,0.299,2026-05-13
PAGEIND,110,2093,30915,6240,1177971532.5,106,1306,25290,5760,700977999.75,0.818,0.624,2026-05-13
PATANJALI,79,3366,5327100,148500,1429510545.0,79,1412,3543300,207900,572634765.0,0.665,0.419,2026-05-13
PAYTM,101,16327,9509825,50025,14474748213.75,108,12516,8062000,3625,10020875216.25,0.848,0.767,2026-05-13
PERSISTENT,93,12489,1491100,31900,6473962215.0,88,8502,981000,21100,4141767670.0,0.658,0.681,2026-05-13
PETRONET,93,2319,12047900,-338200,1268056295.0,95,1529,12114400,-288800,795154560.0,1.006,0.659,2026-05-13
PFC,71,50553,25729600,3095300,30949712300.0,69,24941,13458900,1098500,14403017200.0,0.523,0.493,2026-05-13
PGEL,56,4205,6052450,67450,2211021212.5,56,1835,4386150,200450,849123015.0,0.725,0.436,2026-05-13
PHOENIXLTD,72,2715,1078000,2450,1789733067.5,70,680,634550,-8750,414931702.5,0.589,0.25,2026-05-13
PIDILITIND,113,8396,5737500,-13500,6386211100.0,115,3372,2480000,-24000,2423826275.0,0.432,0.402,2026-05-13
PIIND,108,5879,1115100,-18725,3325350980.0,109,1698,554050,35350,881990777.5,0.497,0.289,2026-05-13
PNB,97,12105,142888000,2976000,10732213680.0,97,8200,87096000,2272000,6745768640.0,0.61,0.677,2026-05-13
PNBHOUSING,78,1564,2494700,40300,1146627982.5,80,779,1342250,-42250,528368620.0,0.538,0.498,2026-05-13
POLICYBZR,71,9731,3012100,20650,5870494822.5,74,3843,1572900,-24500,2202525832.5,0.522,0.395,2026-05-13
POLYCAB,81,20929,1751375,-20500,24603849168.75,90,25700,1978125,-103000,27761219006.25,1.129,1.228,2026-05-13
POWERGRID,95,28641,32372200,1955100,17253368760.0,97,19537,13833900,959500,11313383655.0,0.427,0.682,2026-05-13
POWERINDIA,61,11299,267225,-275,9945440610.0,65,13451,194375,-8750,9221622893.75,0.727,1.19,2026-05-13
PREMIERENE,75,5088,3558675,19550,3035930453.75,76,2673,1772150,78775,1513950361.25,0.498,0.525,2026-05-13
PRESTIGE,71,3455,2020050,120150,2315726842.5,69,1994,1085400,51300,1239876967.5,0.537,0.577,2026-05-13
RBLBANK,51,6151,33318450,-1117600,6905482760.0,56,1796,13633450,-425450,1839851698.75,0.409,0.292,2026-05-13
RECLTD,66,15882,30457175,-130200,8211445760.0,63,6794,17661175,260400,3315996687.5,0.58,0.428,2026-05-13
RELIANCE,116,125644,63677500,1587000,89995144150.0,117,68710,33607500,796000,46707909375.0,0.528,0.547,2026-05-13
RVNL,56,7849,17665600,594750,3685887485.0,56,2454,10346275,90450,1065544698.75,0.586,0.313,2026-05-13
SAIL,67,974,9837100,-1038700,909613701.0,67,710,6706900,-310200,614079064.0,0.682,0.729,2026-05-13
SAMMAANCAP,41,1938,24669100,197800,1253265960.0,41,661,13175200,399900,399336657.0,0.534,0.341,2026-05-13
SBICARD,60,11100,9887200,-145600,6005150880.0,60,4701,6090400,-238400,2376859800.0,0.616,0.424,2026-05-13
SBILIFE,78,6747,4224375,90375,4873767918.75,77,3869,1986375,-60750,2660137893.75,0.47,0.573,2026-05-13
SBIN,104,224132,154330500,-8250,175075151475.0,103,80937,56337000,649500,57964914450.0,0.365,0.361,2026-05-13
SHREECEM,78,4047,94725,-4850,2699022913.75,77,3183,49875,1975,1807681458.75,0.527,0.787,2026-05-13
SHRIRAMFIN,99,22394,17894250,541200,18492946395.0,97,10786,9139350,579150,8273277210.0,0.511,0.482,2026-05-13
SIEMENS,72,11833,1316525,-7175,7959954598.75,69,6058,797475,108325,3794465106.25,0.606,0.512,2026-05-13
SOLARINDS,55,6206,153750,4450,5307427790.0,56,2986,123850,8000,1965147060.0,0.806,0.481,2026-05-13
SONACOMS,95,4506,5592125,-379750,3436295948.75,97,1565,3539025,-35525,1130894642.5,0.633,0.347,2026-05-13
SRF,115,6373,1685800,28800,3629411380.0,120,4761,1435600,-75400,2569108680.0,0.852,0.747,2026-05-13
SUNPHARMA,81,29524,14722050,-143500,19661547535.0,82,19937,8176350,-742000,12753576902.5,0.555,0.675,2026-05-13
SUPREMEIND,67,4352,1343475,73675,2951619518.75,66,964,336175,-13125,596045380.0,0.25,0.222,2026-05-13
SUZLON,54,12712,171953325,2906050,6561801786.25,57,8129,71676550,2517975,3765651918.75,0.417,0.639,2026-05-13
SWIGGY,55,9324,15737025,139100,3485443390.0,53,4793,7546250,189800,1613188755.0,0.48,0.514,2026-05-13
TATACONSUM,110,16296,5953750,100650,11606591150.0,112,11712,3849450,-787600,7940557130.0,0.647,0.719,2026-05-13
TATAELXSI,77,10047,1522800,15200,4475396740.0,76,6129,568075,-26075,2509932565.0,0.373,0.61,2026-05-13
TATAPOWER,92,103071,45321200,5879750,65653972320.0,89,58562,22857800,1164350,34451798160.0,0.504,0.568,2026-05-13
TATASTEEL,60,95565,99992750,5956500,59692244590.0,60,41853,70372500,6792500,24621045515.0,0.704,0.438,2026-05-13
TCS,110,95900,20930800,1886050,40511319035.0,110,48716,11889475,405050,19225643353.75,0.568,0.508,2026-05-13
TECHM,61,9844,8316600,343200,8658591180.0,63,9740,4929600,-161400,8101465650.0,0.593,0.989,2026-05-13
TIINDIA,104,18206,821600,318400,11614777540.0,102,7941,393600,94800,4658373220.0,0.479,0.436,2026-05-13
TITAN,84,105543,8142050,106575,79998291992.5,84,92244,3807825,348600,64324262931.25,0.468,0.874,2026-05-13
TMPV,64,25002,35204000,3249600,7270660600.0,65,13276,18974400,960000,3546688920.0,0.539,0.531,2026-05-13
TORNTPHARM,78,6864,726875,36625,3950849037.5,79,4070,327250,-16500,2192834912.5,0.45,0.593,2026-05-13
TRENT,74,23485,3840300,-4400,10276042440.0,67,13147,1346350,-200,4916402360.0,0.351,0.56,2026-05-13
TVSMOTOR,131,79328,2993550,1146600,52235649760.0,127,35395,1609475,447300,21844594808.75,0.538,0.446,2026-05-13
ULTRACEMCO,87,35514,1330750,28600,22283444692.5,91,21186,499150,13350,11532380082.5,0.375,0.597,2026-05-13
UNIONBANK,65,10522,81605850,1730175,8252572785.0,65,3696,35461950,300900,2666368134.75,0.435,0.351,2026-05-13
UNITDSPR,117,6692,5230000,384800,3584889320.0,116,2028,3016400,88000,1022582600.0,0.577,0.303,2026-05-13
UNOMINDA,50,2066,1982200,174350,1381246157.5,49,1669,1080200,18150,1012262405.0,0.545,0.808,2026-05-13
UPL,124,10031,12785780,-634140,9085114568.0,126,4970,7692335,-226285,4267285172.25,0.602,0.495,2026-05-13
VBL,78,5657,11994750,-138375,3363978262.5,80,2286,6287625,42750,1289429831.25,0.524,0.404,2026-05-13
VEDL,59,149674,40080950,-7567000,58622421965.0,59,53703,27537900,3553500,19092165162.5,0.687,0.359,2026-05-13
VMM,85,406,5325300,334650,251414639.5,85,115,3482300,174600,68152539.5,0.654,0.283,2026-05-13
VOLTAS,81,18187,7461375,290250,9503161087.5,80,8953,4117500,168750,4301881556.25,0.552,0.492,2026-05-13
WAAREEENER,66,20262,4630325,127050,11987608806.25,66,5674,2296700,7000,3071216575.0,0.496,0.28,2026-05-13
WIPRO,68,36440,161742000,5673000,21918505230.0,69,20682,75918000,1584000,11598990270.0,0.469,0.568,2026-05-13
YESBANK,29,17785,399261800,11786900,13433073071.0,31,7111,278904800,-3421000,4763220331.0,0.699,0.4,2026-05-13
ZYDUSLIFE,78,3578,4311900,-347400,3180317580.0,80,1033,2389500,12600,848297610.0,0.554,0.289,2026-05-13
360ONE,50,2474,927500,-42500,1423498675.0,54,1335,672500,30000,711115925.0,0.725,0.54,2026-05-14
ABB,149,29011,2649250,-203500,25064637831.25,141,10786,991125,-3625,8536661456.25,0.374,0.372,2026-05-14
ABCAPITAL,65,6757,19582700,-437100,7716212480.0,68,3601,11395600,-585900,3856362335.0,0.582,0.533,2026-05-14
ADANIENSOL,79,13973,8669025,-245700,13517628435.0,75,4561,4490100,-267975,3912472293.75,0.518,0.326,2026-05-14
ADANIENT,123,186427,10273632,2419779,159434815268.55,134,73491,6946938,1135266,58817042930.25,0.676,0.394,2026-05-14
ADANIGREEN,135,28154,9756600,578400,25026116040.0,138,16872,7611600,687600,13289457090.0,0.78,0.599,2026-05-14
ADANIPORTS,73,44561,10445725,583300,39094695758.75,80,25811,7583850,529150,20859640793.75,0.726,0.579,2026-05-14
ADANIPOWER,92,26280,42894650,1537150,22148031064.5,97,9881,23344800,24850,7392725651.5,0.544,0.376,2026-05-14
ALKEM,85,7451,444750,25750,5483440956.25,88,963,175500,8500,661148218.75,0.395,0.129,2026-05-14
AMBER,77,16916,1370100,-50600,15118286900.0,82,11323,854700,108500,8986063550.0,0.624,0.669,2026-05-14
AMBUJACEM,71,16541,20480250,-351750,8127552037.5,71,4625,12025800,-661500,2175433050.0,0.587,0.28,2026-05-14
ANGELONE,60,15984,23557500,-492500,12825634750.0,57,6959,11772500,-560000,5236095500.0,0.5,0.435,2026-05-14
APLAPOLLO,86,6092,1932350,-134400,4256390127.5,80,2082,1286950,35000,1358232277.5,0.666,0.342,2026-05-14
APOLLOHOSP,118,23852,1264750,126000,25248537675.0,120,6891,830500,42000,6904694668.75,0.657,0.289,2026-05-14
ASHOKLEY,73,36032,115990000,2875000,30112967350.0,71,19187,71480000,3510000,14499582000.0,0.616,0.532,2026-05-14
ASIANPAINT,111,43101,7119500,693750,29451969875.0,118,25322,4749500,117500,16312727125.0,0.667,0.588,2026-05-14
ASTRAL,63,4883,2130525,-80325,3407198055.0,66,1112,1184900,-13175,732784341.25,0.556,0.228,2026-05-14
AUBANK,80,7348,8477000,-42000,7725349350.0,84,3243,4672000,-109000,3243715200.0,0.551,0.441,2026-05-14
AUROPHARMA,64,12363,4162950,431200,10641410917.5,60,4812,2759350,90750,3875932252.5,0.663,0.389,2026-05-14
AXISBANK,98,41162,21126875,1006250,33687055343.75,95,24766,10918125,-336875,19390398218.75,0.517,0.602,2026-05-14
BAJAJ-AUTO,94,29664,1940550,-68550,24162391683.75,93,16123,1593600,14550,12322888608.75,0.821,0.544,2026-05-14
BAJAJFINSV,80,26737,5807050,552000,12108722362.5,79,12036,3114500,40250,5215622525.0,0.536,0.45,2026-05-14
BAJAJHLDNG,80,3112,125900,-6200,1700779042.5,84,1058,58800,-2300,515315707.5,0.467,0.34,2026-05-14
BAJFINANCE,81,35644,20848500,726750,25409634975.0,86,20442,15273000,426750,13920686812.5,0.733,0.574,2026-05-14
BANDHANBNK,79,10824,41320800,-93600,8150865804.0,84,4987,25995600,-298800,3530985264.0,0.629,0.461,2026-05-14
BANKBARODA,91,18402,44612100,-2237625,15055845626.25,86,10169,34959600,699075,7835434571.25,0.784,0.553,2026-05-14
BANKINDIA,52,6158,33430800,967200,4815669248.0,51,2513,20649200,618800,1845648324.0,0.618,0.408,2026-05-14
BANKNIFTY,600,1723123,18620340,-1240170,2918932987599.0,600,1338369,15264540,446940,2129456851435.5,0.82,0.777,2026-05-14
BDL,75,8675,3176325,67550,4400336832.5,76,3034,1899100,85750,1481987150.0,0.598,0.35,2026-05-14
BEL,75,31450,56669400,1368000,20459509676.25,74,16733,30472200,-171000,10151684681.25,0.538,0.532,2026-05-14
BHARATFORG,87,6522,4290000,162000,6711963725.0,84,3188,2779500,-60000,3057028200.0,0.648,0.489,2026-05-14
BHARTIARTL,84,225429,18688400,-1855350,203840843075.0,83,124541,13497125,2686125,106748338708.75,0.722,0.552,2026-05-14
BHEL,171,45878,51568125,-3199875,51673499062.5,175,28716,55668375,1194375,29717609512.5,1.08,0.626,2026-05-14
BIOCON,84,16957,24915000,-215000,18525789750.0,87,11010,22007500,317500,11342499625.0,0.883,0.649,2026-05-14
BLUESTARCO,96,11368,2591550,-108550,6592534178.75,92,4557,1361750,79300,2342224348.75,0.525,0.401,2026-05-14
BOSCHLTD,106,4000,95600,2175,3977238435.0,108,883,60900,0,788044383.75,0.637,0.221,2026-05-14
BPCL,59,15235,32812650,333775,9502118420.0,63,7713,20135125,-412775,4485205151.25,0.614,0.506,2026-05-14
BRITANNIA,104,15114,2912250,-302125,10827156287.5,104,5219,1140625,-88000,3499407362.5,0.392,0.345,2026-05-14
BSE,72,89581,8579650,-1126125,140433819018.75,73,49692,6944250,350250,72279660375.0,0.809,0.555,2026-05-14
CAMS,73,8334,4623750,41250,5219266575.0,77,3714,3645000,-93750,2184734100.0,0.788,0.446,2026-05-14
CANBK,114,18121,111820500,-5258250,16889611117.5,115,9813,81378000,-2585250,8741789662.5,0.728,0.542,2026-05-14
CDSL,59,35749,8756625,0,22949838298.75,59,9340,5187950,52725,5343798925.0,0.592,0.261,2026-05-14
CGPOWER,77,14292,7511450,93500,10719586130.0,79,4601,4918100,-191250,3285421912.5,0.655,0.322,2026-05-14
CHOLAFIN,79,7033,3128750,-10000,7349512687.5,78,3708,2375000,1250,3623038781.25,0.759,0.527,2026-05-14
CIPLA,119,218266,10162000,1260800,119935610950.0,123,130666,13038000,4981500,66687156881.25,1.283,0.599,2026-05-14
COALINDIA,79,77190,46585800,2181600,50207165752.5,80,57296,21505500,-1544400,35295655432.5,0.462,0.742,2026-05-14
COCHINSHIP,81,5302,2006800,121200,3828177520.0,79,2086,1167200,-30800,1362651060.0,0.582,0.393,2026-05-14
COFORGE,70,43480,11197500,323625,22163152293.75,70,31621,8040950,69475,14832267676.25,0.718,0.727,2026-05-14
COLPAL,88,5974,2003175,173925,3014201497.5,86,2082,1105200,32625,1008140343.75,0.552,0.349,2026-05-14
CONCOR,75,2186,5601250,85000,1493283312.5,79,1063,3520000,-33750,694374125.0,0.628,0.486,2026-05-14
CROMPTON,93,32856,21040200,-349200,17850713760.0,95,16793,13483800,-1164600,8581027320.0,0.641,0.511,2026-05-14
CUMMINSIND,79,6257,895200,9200,6927486800.0,82,2823,606200,53400,2966772120.0,0.677,0.451,2026-05-14
DABUR,89,12764,13815000,-200000,7787723125.0,88,4446,9510000,18750,2551897812.5,0.688,0.348,2026-05-14
DALBHARAT,98,6484,1962350,-36400,3999641230.0,98,6053,1647750,524225,3540628113.75,0.84,0.934,2026-05-14
DELHIVERY,65,2251,14124525,192975,2326053835.0,67,846,5119025,33200,822776821.25,0.362,0.376,2026-05-14
DIVISLAB,98,28700,1104700,132500,20435473500.0,103,9480,734000,107900,6328673500.0,0.664,0.33,2026-05-14
DIXON,110,87857,2108850,-45400,51993655377.5,113,62389,1719500,-70850,33384443885.0,0.815,0.71,2026-05-14
DLF,100,49152,10393350,-1127775,24648190503.75,103,44237,9043650,-885225,20515255530.0,0.87,0.9,2026-05-14
DMART,74,14629,1729350,69000,10082128260.0,73,10388,743400,18000,6715106452.5,0.43,0.71,2026-05-14
DRREDDY,109,40122,13643750,-610000,33560315437.5,103,26242,8460625,-921875,20712775250.0,0.62,0.654,2026-05-14
EICHERMOT,104,22596,1456900,7100,16699357335.0,107,13986,989100,-16900,9565715725.0,0.679,0.619,2026-05-14
ETERNAL,82,34607,90942350,-2192200,21628368535.5,83,20853,50529725,654750,12193322653.25,0.556,0.603,2026-05-14
EXIDEIND,146,4711,17463600,666000,3171184470.0,150,1663,9743400,-196200,1055231190.0,0.558,0.353,2026-05-14
FEDERALBNK,90,11812,39667500,495000,8746830375.0,90,5091,20095000,-335000,3572127750.0,0.507,0.431,2026-05-14
FINNIFTY,302,12320,509940,67560,19599249282.0,302,7874,242400,11400,11767806483.0,0.475,0.639,2026-05-14
FORCEMOT,44,6752,128850,-4225,3811351518.75,41,1274,56650,-3325,618966278.75,0.44,0.189,2026-05-14
FORTIS,69,4930,3678150,-17825,3850797060.0,71,1192,1289600,-62000,895451778.75,0.351,0.242,2026-05-14
GAIL,113,10168,25518150,-2567250,5523121107.0,119,4407,21265650,34650,2255251446.0,0.833,0.433,2026-05-14
GLENMARK,92,11699,2838375,96000,10756650412.5,98,2737,1436250,153375,2395499981.25,0.506,0.234,2026-05-14
GMRAIRPORT,83,3976,59643225,1660050,2833466177.25,82,1832,38397375,-578925,1217764622.25,0.644,0.461,2026-05-14
GODFRYPHLP,108,5182,938025,58025,3700676003.75,111,3934,496650,20350,2253166066.25,0.529,0.759,2026-05-14
GODREJCP,96,8474,4397500,-412000,4655786225.0,96,3862,2640500,-16500,1982529575.0,0.6,0.456,2026-05-14
GODREJPROP,97,14302,3170025,190850,7236865198.75,96,7803,1872200,-54450,3743410907.5,0.591,0.546,2026-05-14
GRASIM,109,6012,1668000,82250,4616341137.5,113,3035,1220000,31500,2196897425.0,0.731,0.505,2026-05-14
HAL,84,130509,4257600,1031700,96773921055.0,90,73765,2607900,345600,50540781810.0,0.613,0.565,2026-05-14
HAVELLS,114,9527,6015000,-111000,6095719300.0,109,2695,2369000,48000,1627567650.0,0.394,0.283,2026-05-14
HCLTECH,122,92975,27549800,831300,39233517570.0,120,46715,11259800,-167250,18574437887.5,0.409,0.502,2026-05-14
HDFCAMC,109,6293,1559100,67500,5332340190.0,109,2112,855300,-21600,1686214050.0,0.549,0.336,2026-05-14
HDFCBANK,134,285249,85718200,-7374650,125681908815.0,133,130479,47806250,-2433550,54614698425.0,0.558,0.457,2026-05-14
HDFCLIFE,103,14776,20421500,-793100,10291761205.0,105,5434,11915200,233200,3620209615.0,0.583,0.368,2026-05-14
HEROMOTOCO,97,48759,3317850,43500,38942635170.0,98,24416,1808850,45300,18099498112.5,0.545,0.501,2026-05-14
HINDALCO,85,42829,9323300,14000,34167346990.0,84,23448,8064700,1747900,17780180215.0,0.865,0.547,2026-05-14
HINDPETRO,74,20487,20462625,1275750,16642408533.75,77,12806,16602975,-1298025,9786251418.75,0.811,0.625,2026-05-14
HINDUNILVR,96,21549,10262400,381600,15262955250.0,99,7644,4798800,44400,5182734720.0,0.468,0.355,2026-05-14
HINDZINC,69,28151,23724575,-35525,24165367913.75,72,16228,18993625,-88200,12980522931.25,0.801,0.576,2026-05-14
HYUNDAI,74,6257,1655225,-47850,3316113941.25,76,2655,1073050,-31350,1330876758.75,0.648,0.424,2026-05-14
ICICIBANK,106,65651,39627000,-863100,59722660025.0,98,32947,22456700,29400,28841344070.0,0.567,0.502,2026-05-14
ICICIGI,78,9247,1596400,412100,5712830597.5,76,2879,659750,161525,1688236355.0,0.413,0.311,2026-05-14
ICICIPRULI,107,4201,6533275,48100,2227106821.25,108,1746,4423350,-53650,873644277.5,0.677,0.416,2026-05-14
IDEA,29,35797,1893587175,36666675,37011671244.75,29,11427,1048109400,-16010400,9944480427.75,0.554,0.319,2026-05-14
IDFCFIRSTB,60,15842,116206475,1085175,10598915076.75,61,11460,98927150,3339000,7174301447.25,0.851,0.723,2026-05-14
IEX,104,10924,54873750,-2651250,5519309137.5,111,4250,28837650,686250,2058815737.5,0.526,0.389,2026-05-14
INDHOTEL,102,12824,7962000,-831000,8643130400.0,109,7777,6802000,-638000,5017970550.0,0.854,0.606,2026-05-14
INDIANB,89,10582,8472000,-250000,9331972250.0,85,3972,4878000,38000,3284139600.0,0.576,0.375,2026-05-14
INDIGO,82,34228,5458800,156750,23204413687.5,88,19774,2678250,16500,12589439400.0,0.491,0.578,2026-05-14
INDUSINDBK,79,15482,7288400,-249200,10253436620.0,82,8657,6349000,56700,5498096205.0,0.871,0.559,2026-05-14
INDUSTOWER,69,27714,27936100,-2822000,20534761295.0,68,11775,20104200,2415700,8301240080.0,0.72,0.425,2026-05-14
INFY,114,159074,47359600,3727200,74853374460.0,110,80366,25107600,1991600,35448560860.0,0.53,0.505,2026-05-14
INOXWIND,87,3507,29775425,461175,1326345413.25,88,887,12977250,7150,328376727.25,0.436,0.253,2026-05-14
IOC,125,6921,60498750,2822625,5057255677.5,122,3670,41262000,-4875,2530791510.0,0.682,0.53,2026-05-14
IREDA,119,6288,26296975,1269600,2998943688.0,118,2679,14311675,845250,1279798752.0,0.544,0.426,2026-05-14
IRFC,85,18508,51452850,8385250,8545227905.0,87,9272,31470525,4292500,3986396937.5,0.612,0.501,2026-05-14
ITC,99,53641,126922575,-1229250,27552158040.0,100,15532,42697600,417600,7644118800.0,0.336,0.29,2026-05-14
JINDALSTEL,95,14640,4439375,360625,11865119062.5,96,5615,2570000,-68125,4386329125.0,0.579,0.384,2026-05-14
JIOFIN,91,27828,75324550,-3825800,16453360547.0,89,9715,42922750,-862450,5354934895.0,0.57,0.349,2026-05-14
JSWENERGY,111,13896,12480075,-779000,7598549100.0,110,3417,6697650,46000,1779910350.0,0.537,0.246,2026-05-14
JSWSTEEL,82,36498,8163450,1783350,33359999512.5,85,11389,4608900,874125,9848254286.25,0.565,0.312,2026-05-14
JUBLFOOD,94,6054,7347500,-228750,3683606625.0,89,2451,5077500,47500,1379398687.5,0.691,0.405,2026-05-14
KALYANKJIL,97,35281,30189150,-432225,16141677895.0,96,17712,15625675,-898875,7379829667.5,0.518,0.502,2026-05-14
KAYNES,110,329823,6284250,3549500,128766976025.0,108,157600,2556700,1305400,54067549105.0,0.407,0.478,2026-05-14
KEI,96,10446,819000,-58625,9765334118.75,98,5902,753200,-33075,5000131447.5,0.92,0.565,2026-05-14
KFINTECH,97,8120,4553500,361500,3703162950.0,97,3211,2413650,28000,1335595800.0,0.53,0.395,2026-05-14
KOTAKBANK,124,24445,44338000,1752000,19324181000.0,124,9726,28272000,330000,7426472000.0,0.638,0.398,2026-05-14
KPITTECH,67,21035,8415000,1062500,6852819403.75,68,8730,3300900,-23375,2608386160.0,0.392,0.415,2026-05-14
LAURUSLABS,117,21287,7926250,446250,24357384780.0,117,13301,7559900,806650,14288357965.0,0.954,0.625,2026-05-14
LICHSGFIN,93,52065,8684000,1005000,30979341500.0,94,31667,5468000,-893000,17853017400.0,0.63,0.608,2026-05-14
LICI,116,12547,8540000,-49700,7359759085.0,113,3925,3747100,32900,2198061635.0,0.439,0.313,2026-05-14
LODHA,88,9733,2974500,-321750,4161210097.5,92,11792,3674250,49050,4333098937.5,1.235,1.212,2026-05-14
LT,142,52870,9248750,91700,37740465525.0,143,33397,5668425,271775,22754668798.75,0.613,0.632,2026-05-14
LTF,51,12034,18677250,508500,8150238450.0,56,3668,12885750,-175500,2414106450.0,0.69,0.305,2026-05-14
LTM,81,20448,1762200,307200,13068847020.0,81,10465,799650,109500,6274600732.5,0.454,0.512,2026-05-14
LUPIN,114,25348,10965000,-588625,25722433333.75,114,7669,3980975,-107950,7336119331.25,0.363,0.303,2026-05-14
M&M,127,35045,5736000,-261200,23017069080.0,131,20925,5111000,-105400,13188084200.0,0.891,0.597,2026-05-14
MANAPPURAM,52,5743,13659000,-315000,5572666200.0,56,2841,11826000,-411000,2609044350.0,0.866,0.495,2026-05-14
MANKIND,112,5187,1058400,-112050,2951688678.75,106,1181,921375,21600,627891097.5,0.871,0.228,2026-05-14
MARICO,123,2982,7173600,55200,3099308100.0,125,2195,5835600,-25200,2159797560.0,0.813,0.736,2026-05-14
MARUTI,100,55731,2658100,103850,38360426620.0,101,22778,1057650,4500,14738019815.0,0.398,0.409,2026-05-14
MAXHEALTH,97,17134,3465525,299775,9722044920.0,96,5087,1625400,173250,2785271028.75,0.469,0.297,2026-05-14
MAZDOCK,128,22353,5198600,23800,12140828270.0,133,8641,2137000,28800,4351024330.0,0.411,0.387,2026-05-14
MCX,59,54696,6497950,-581650,118003509466.25,61,28201,7176350,1073850,55459454660.0,1.104,0.516,2026-05-14
MFSL,70,10111,2613600,-265600,6990497440.0,73,4911,1004400,-48800,3143764480.0,0.384,0.486,2026-05-14
MIDCPNIFTY,566,104728,5548560,-44280,184363899762.0,566,90952,7041720,281520,151076369850.0,1.269,0.868,2026-05-14
MOTHERSON,115,1882,37459650,928650,1562879143.5,120,858,31955400,-18450,656979715.5,0.853,0.456,2026-05-14
MOTILALOFS,83,2120,2454425,-117025,1460337227.5,85,475,1533725,-36425,301763377.5,0.625,0.224,2026-05-14
MPHASIS,97,8703,1793825,81950,5393863708.75,92,3830,983125,-2200,2236806288.75,0.548,0.44,2026-05-14
MUTHOOTFIN,61,26361,2792075,781825,27589211842.5,63,11662,1714075,458150,10938994866.25,0.614,0.442,2026-05-14
NAM-INDIA,49,6337,1651250,11250,4489276718.75,47,4848,1250000,143125,3051857343.75,0.757,0.765,2026-05-14
NATIONALUM,77,26168,31520625,-566250,21458379187.5,77,10217,17581875,234375,7818445687.5,0.558,0.39,2026-05-14
NAUKRI,93,8833,3473625,-160500,3363412237.5,92,3450,1137000,-164625,1210462293.75,0.327,0.391,2026-05-14
NBCC,93,3595,24401000,-97500,2358156060.0,98,1133,16724500,123500,700833185.0,0.685,0.315,2026-05-14
NESTLEIND,98,9808,4322000,-156000,7427095325.0,103,7019,4177500,-48000,5089440625.0,0.967,0.716,2026-05-14
NHPC,76,7498,70252800,5580800,4032748352.0,75,2175,29222950,1555200,1089696960.0,0.416,0.29,2026-05-14
NIFTY,964,25931470,209797710,1518045,40808836819403.25,986,24631984,244540545,49899005,37152022086104.25,1.166,0.95,2026-05-14
NIFTYNXT50,706,306,7925,-425,551940652.5,706,27,1725,225,47004105.0,0.218,0.088,2026-05-14
NMDC,78,34877,87939000,2166750,22812133005.0,79,11882,50739750,4185000,7302387262.5,0.577,0.341,2026-05-14
NTPC,110,39182,68815500,-87000,24095958075.0,107,11945,18490500,1710000,7072468725.0,0.269,0.305,2026-05-14
NUVAMA,89,4605,2148500,-23000,3729363525.0,88,2962,1312000,-64000,2149177900.0,0.611,0.643,2026-05-14
NYKAA,81,4624,10159375,-106250,4122357812.5,82,1743,4337500,831250,1470001250.0,0.427,0.377,2026-05-14
OBEROIRLTY,63,4905,1757700,-39200,2941187025.0,60,4468,932050,103600,2509221925.0,0.53,0.911,2026-05-14
OFSS,132,10211,626025,46275,7160756021.25,131,14744,554875,-49950,8514544353.75,0.886,1.444,2026-05-14
OIL,98,40250,13004600,1296400,30712001670.0,96,17135,9542400,803600,12184790100.0,0.734,0.426,2026-05-14
ONGC,98,56312,70645500,-4059000,39627514012.5,96,20339,29594250,2299500,13552320375.0,0.419,0.361,2026-05-14
PAGEIND,110,2144,31995,1080,1224331585.5,106,651,24930,-360,347503923.75,0.779,0.304,2026-05-14
PATANJALI,79,3594,5595300,268200,1533285090.0,79,1495,3414600,-128700,611378460.0,0.61,0.416,2026-05-14
PAYTM,101,16481,8507150,-1002675,14298939846.25,108,10144,7798825,-263175,8060120256.25,0.917,0.615,2026-05-14
PERSISTENT,102,41843,1810900,319800,20910315000.0,97,33128,1122625,141625,15581170850.0,0.62,0.792,2026-05-14
PETRONET,93,2549,11865500,-182400,1396790605.0,95,1089,11916800,-197600,557165975.0,1.004,0.427,2026-05-14
PFC,71,27948,26967200,1237600,17063827170.0,69,13337,13330200,-128700,7788865500.0,0.494,0.477,2026-05-14
PGEL,56,7661,6272850,220400,3910994865.0,56,5316,4686350,300200,2408827647.5,0.747,0.694,2026-05-14
PHOENIXLTD,72,5596,1144850,66850,3618308855.0,70,1757,632450,-2100,1083046755.0,0.552,0.314,2026-05-14
PIDILITIND,113,19220,5296000,-441500,14748062500.0,115,6894,2368500,-111500,4980314175.0,0.447,0.359,2026-05-14
PIIND,108,16369,1035475,-79625,9362132990.0,109,9467,602175,48125,5234911298.75,0.582,0.578,2026-05-14
PNB,97,15251,138480000,-4408000,13526847840.0,97,9298,88064000,968000,7747963840.0,0.636,0.61,2026-05-14
PNBHOUSING,78,3016,2511600,16900,2208491057.5,80,878,1409200,66950,593776950.0,0.561,0.291,2026-05-14
POLICYBZR,71,11720,3026800,14700,7161882507.5,74,4083,1411900,-161000,2344596940.0,0.466,0.348,2026-05-14
POLYCAB,81,26482,1686500,-64875,31323088306.25,90,34454,2024125,46000,37468310518.75,1.2,1.301,2026-05-14
POWERGRID,100,17229,34416600,2044400,10415162550.0,101,6575,13795900,-38000,3817535195.0,0.401,0.382,2026-05-14
POWERINDIA,63,11590,251050,-16175,10176338866.25,66,13761,205325,10950,9755607560.0,0.818,1.187,2026-05-14
PREMIERENE,75,5468,3380425,-178250,3247930711.25,76,2417,1873925,101775,1344190322.5,0.554,0.442,2026-05-14
PRESTIGE,72,3533,1915200,-104850,2371074885.0,70,1562,1120950,35550,971918887.5,0.585,0.442,2026-05-14
RBLBANK,51,13194,31911925,-1406525,14836758331.25,56,4011,14671675,1038225,4152945243.75,0.46,0.304,2026-05-14
RECLTD,66,20885,29533175,-924000,10930807230.0,63,8378,17619175,-42000,4119752700.0,0.597,0.401,2026-05-14
RELIANCE,116,141017,66794000,3116500,100700524200.0,117,65297,34985500,1378000,44550341275.0,0.524,0.463,2026-05-14
RVNL,56,8218,18312200,646600,3848574637.5,56,2583,10310075,-36200,1133614832.5,0.563,0.314,2026-05-14
SAIL,69,158,9700800,-136300,154501690.0,69,86,6641100,-65800,76608449.0,0.685,0.544,2026-05-14
SAMMAANCAP,41,8439,23353300,-1315800,5512143297.0,41,1843,13127900,-47300,1132272904.0,0.562,0.218,2026-05-14
SBICARD,60,12837,10390400,503200,6783127880.0,60,5823,5998400,-92000,2965843600.0,0.577,0.454,2026-05-14
SBILIFE,78,8373,4099125,-125250,6016980075.0,77,4815,1870875,-115500,3286954856.25,0.456,0.575,2026-05-14
SBIN,104,269858,142585500,-11745000,210305242912.5,103,96649,56166000,-171000,68915105137.5,0.394,0.358,2026-05-14
SHREECEM,78,3477,81525,-13200,2307082741.25,77,2869,45225,-4650,1607519928.75,0.555,0.825,2026-05-14
SHRIRAMFIN,101,29136,18128550,234300,23670873517.5,99,12869,8991675,-147675,9854289101.25,0.496,0.442,2026-05-14
SIEMENS,73,35424,1273650,-42875,23893945985.0,70,11718,828975,31500,7383345173.75,0.651,0.331,2026-05-14
SOLARINDS,60,35403,188050,34300,31029939097.5,61,7114,130350,6500,5571087247.5,0.693,0.201,2026-05-14
SONACOMS,95,3688,5522300,-69825,2785180641.25,97,1338,3431225,-107800,965550390.0,0.621,0.363,2026-05-14
SRF,115,7047,1732200,46400,3985634900.0,120,3731,1430000,-5600,1993351190.0,0.826,0.529,2026-05-14
SUNPHARMA,81,41197,15594950,872900,27508090277.5,82,22782,9504250,1327900,14496559630.0,0.609,0.553,2026-05-14
SUPREMEIND,67,5815,1334550,-8925,3938033995.0,66,2625,345800,9625,1484901355.0,0.259,0.451,2026-05-14
SUZLON,54,16092,175825050,3871725,8260933211.5,57,6303,76947150,5270600,2982799953.75,0.438,0.392,2026-05-14
SWIGGY,57,8227,15870925,133900,2994813900.0,55,2791,7709800,163550,949830385.0,0.486,0.339,2026-05-14
TATACONSUM,110,17696,6398700,444950,12531407955.0,112,8597,3875300,25850,5735311037.5,0.606,0.486,2026-05-14
TATAELXSI,79,16611,1569500,46700,7240723780.0,78,5880,533175,-34900,2361752520.0,0.34,0.354,2026-05-14
TATAPOWER,92,39523,45564800,243600,24842262242.5,89,14542,22583750,-274050,8542204692.5,0.496,0.368,2026-05-14
TATASTEEL,64,72802,103815250,3822500,46160673900.0,64,38111,73438750,3066250,22803601452.5,0.707,0.523,2026-05-14
TCS,114,190654,21699400,768600,79052063432.5,114,73538,12044275,154800,28752399625.0,0.555,0.386,2026-05-14
TECHM,64,22933,9553800,1237200,19726305270.0,65,14375,5007000,77400,11694637710.0,0.524,0.627,2026-05-14
TIINDIA,132,15378,971800,150200,9393050570.0,128,10705,428400,34800,6078328140.0,0.441,0.696,2026-05-14
TITAN,84,55272,7623175,-518875,42270720047.5,84,26991,3716650,-91175,18993666186.25,0.488,0.488,2026-05-14
TMPV,64,50413,36867200,1663200,14704725960.0,65,24048,20342400,1368000,6449193280.0,0.552,0.477,2026-05-14
TORNTPHARM,78,7733,710000,-16875,4480685062.5,79,1449,346875,19625,781367868.75,0.489,0.187,2026-05-14
TRENT,74,28405,3770500,-69800,12429403640.0,67,12160,1320150,-26200,4681166070.0,0.35,0.428,2026-05-14
TVSMOTOR,131,54784,3377675,384125,35028228550.0,127,26079,1625225,15750,15744823053.75,0.481,0.476,2026-05-14
ULTRACEMCO,87,21803,1300500,-30250,13509181030.0,91,35231,503200,4050,17560992322.5,0.387,1.616,2026-05-14
UNIONBANK,65,16646,77822475,-3783375,12982070752.5,65,6059,34227375,-1234575,4429149853.5,0.44,0.364,2026-05-14
UNITDSPR,117,10121,5333200,103200,5467585080.0,116,4237,3225600,209200,2146113700.0,0.605,0.419,2026-05-14
UNOMINDA,50,4163,2086700,104500,2771598280.0,49,1280,1088450,8250,782409045.0,0.522,0.307,2026-05-14
UPL,124,9156,12205840,-579940,8283623125.0,126,4414,7380685,-311650,3780745796.5,0.605,0.482,2026-05-14
VBL,78,13550,13583250,1588500,8019258300.0,80,3591,6294375,6750,2016225393.75,0.463,0.265,2026-05-14
VEDL,59,139338,35955900,-4125050,56791052140.0,59,58221,31798650,4260750,21510739535.0,0.884,0.418,2026-05-14
VMM,110,7793,8157700,2832400,4729833781.0,110,3591,4801500,1319200,2048179201.5,0.589,0.461,2026-05-14
VOLTAS,83,32261,7691625,230250,16961160506.25,82,15863,4892250,774750,7496320612.5,0.636,0.492,2026-05-14
WAAREEENER,66,29862,4805675,175350,17601664928.75,66,5679,2283750,-12950,3046415190.0,0.475,0.19,2026-05-14
WIPRO,70,43981,164562000,2820000,26188400430.0,71,18264,75366000,-552000,10249731240.0,0.458,0.415,2026-05-14
YESBANK,29,14651,403678000,4416200,11042268346.0,31,6501,285093700,6188900,4312648196.0,0.706,0.444,2026-05-14
ZYDUSLIFE,88,35545,4660200,348300,32679465075.0,90,10740,3417300,1027800,9278000910.0,0.733,0.302,2026-05-14
360ONE,50,2713,1022500,95000,1560686375.0,54,600,666000,-6500,323828425.0,0.651,0.221,2026-05-15
ABB,149,19356,2595000,-54250,16756323687.5,141,8152,984750,-6375,6436088531.25,0.379,0.421,2026-05-15
ABCAPITAL,65,13956,20943600,1360900,16338123595.0,68,7401,15444200,4048600,8050056440.0,0.737,0.53,2026-05-15
ADANIENSOL,79,26912,8317350,-351675,25916571843.75,75,8318,4324050,-166050,7343482308.75,0.52,0.309,2026-05-15
ADANIENT,126,162878,11914731,1641099,144958839645.6,137,72725,7849527,902589,60427563815.55,0.659,0.446,2026-05-15
ADANIGREEN,135,51161,12263400,2506800,45885754230.0,138,25782,8096400,484800,21297974910.0,0.66,0.504,2026-05-15
ADANIPORTS,73,81118,10695100,249375,72323314797.5,80,49912,8324375,740525,41553599260.0,0.778,0.615,2026-05-15
ADANIPOWER,92,36062,47761700,4867050,30431071333.5,97,13862,24452400,1107600,10529834204.0,0.512,0.384,2026-05-15
ALKEM,85,3365,452250,7500,2457226150.0,88,768,166375,-9125,531311856.25,0.368,0.228,2026-05-15
AMBER,77,31179,1602800,232700,28405436070.0,82,15219,965900,111200,12298214990.0,0.603,0.488,2026-05-15
AMBUJACEM,71,16908,20806800,326550,8288312812.5,71,4231,12067800,42000,1980500340.0,0.58,0.25,2026-05-15
ANGELONE,60,12369,23935000,377500,10092562000.0,57,5146,11897500,125000,3919154750.0,0.497,0.416,2026-05-15
APLAPOLLO,86,3152,1901200,-31150,2230297352.5,80,813,1248450,-38500,535819112.5,0.657,0.258,2026-05-15
APOLLOHOSP,119,13759,1214250,-50500,14486693100.0,121,6327,800875,-29625,6365051693.75,0.66,0.46,2026-05-15
ASHOKLEY,73,30456,126585000,10595000,25750667150.0,71,8816,73735000,2255000,6757920100.0,0.582,0.289,2026-05-15
ASIANPAINT,111,17160,7159000,39500,11616554912.5,118,16969,4725750,-23750,10994860637.5,0.66,0.989,2026-05-15
ASTRAL,63,9938,2370225,239700,6982646597.5,66,2317,1212100,27200,1545576590.0,0.511,0.233,2026-05-15
AUBANK,80,16913,9198000,721000,17637253900.0,84,16133,5465000,793000,15820961050.0,0.594,0.954,2026-05-15
AUROPHARMA,69,5655,3735600,-427350,4880253675.0,65,2612,2726900,-32450,2126010397.5,0.73,0.462,2026-05-15
AXISBANK,100,39940,21973750,846875,32565203062.5,96,22830,10951250,33125,17921503281.25,0.498,0.572,2026-05-15
BAJAJ-AUTO,94,25253,1937475,-3075,20649953523.75,93,16711,1548075,-45525,12809267973.75,0.799,0.662,2026-05-15
BAJAJFINSV,80,19360,5944300,137250,8778999575.0,79,8576,3164250,49750,3739679650.0,0.532,0.443,2026-05-15
BAJAJHLDNG,80,774,120800,-5100,424780542.5,84,364,59100,300,177114840.0,0.489,0.47,2026-05-15
BAJFINANCE,81,32261,22714500,1866000,23312901675.0,86,15114,15723000,450000,10360793625.0,0.692,0.468,2026-05-15
BANDHANBNK,79,8187,41238000,-82800,6150249576.0,84,3702,26528400,532800,2649783384.0,0.643,0.452,2026-05-15
BANKBARODA,91,14206,46653750,2041650,11597802401.25,86,6482,34555950,-403650,5038711031.25,0.741,0.456,2026-05-15
BANKINDIA,52,7370,34039200,608400,5786085448.0,51,3391,20446400,-202800,2552988828.0,0.601,0.46,2026-05-15
BANKNIFTY,600,1682728,20825070,2204730,2864034475572.0,600,1391881,16061550,797010,2232364793305.5,0.771,0.827,2026-05-15
BDL,75,14648,3762300,585975,7488758272.5,76,3336,1932700,33600,1580650400.0,0.514,0.228,2026-05-15
BEL,75,25385,59285700,2616300,16487663463.75,74,11228,30894000,421800,6782392593.75,0.521,0.442,2026-05-15
BHARATFORG,87,8182,4389500,99500,8364213125.0,84,6564,3122500,343000,6098491425.0,0.711,0.802,2026-05-15
BHARTIARTL,84,172644,22058525,3370125,160906295220.0,83,83966,15505425,2008300,74552214107.5,0.703,0.486,2026-05-15
BHEL,171,31420,58356375,6788250,35260245562.5,175,24103,55148625,-519750,24710762081.25,0.945,0.767,2026-05-15
BIOCON,84,35084,25310000,395000,39071175875.0,87,15477,21395000,-612500,15999411625.0,0.845,0.441,2026-05-15
BLUESTARCO,96,5107,2679300,87750,3012400348.75,92,1701,1329250,-32500,904920428.75,0.496,0.333,2026-05-15
BOSCHLTD,106,8668,91050,-4550,8638084935.0,108,1917,62850,1950,1771614637.5,0.69,0.221,2026-05-15
BPCL,59,19616,37933825,5121175,12113376322.5,63,14811,22532775,2397650,8433717482.5,0.594,0.755,2026-05-15
BRITANNIA,104,12473,2849750,-62500,8878775356.25,104,5026,1152625,12000,3395005087.5,0.404,0.403,2026-05-15
BSE,74,45531,9046900,467250,71529880800.0,75,33334,6732375,-211875,49375529681.25,0.744,0.732,2026-05-15
CAMS,73,9079,4449000,-174750,5719584487.5,77,3196,3549000,-96000,1869735000.0,0.798,0.352,2026-05-15
CANBK,114,13810,115998750,4178250,12913709175.0,115,8020,80109000,-1269000,7085702677.5,0.691,0.581,2026-05-15
CDSL,59,19656,9185550,428925,12358950401.25,59,5110,5225475,37525,2868395087.5,0.569,0.26,2026-05-15
CGPOWER,77,8868,7390750,-120700,6625898112.5,79,3432,4854350,-63750,2447738030.0,0.657,0.387,2026-05-15
CHOLAFIN,79,5029,3380000,251250,5197159468.75,78,2950,2381250,6250,2886762750.0,0.705,0.587,2026-05-15
CIPLA,126,33095,9737875,-424125,18326363812.5,131,34804,11638875,-1399125,17705925318.75,1.195,1.052,2026-05-15
COALINDIA,80,75750,45366750,-1219050,49362054142.5,81,34631,24912900,3407400,21458746327.5,0.549,0.457,2026-05-15
COCHINSHIP,81,7515,2404000,397200,5285104500.0,79,4615,1372000,204800,2886641000.0,0.571,0.614,2026-05-15
COFORGE,70,51193,11794500,597000,26138868562.5,70,23027,8187200,146250,10853850750.0,0.694,0.45,2026-05-15
COLPAL,88,5337,2042325,39150,2723187678.75,86,1834,1176075,70875,892200566.25,0.576,0.344,2026-05-15
CONCOR,75,1942,5712500,111250,1344172000.0,79,804,3558750,38750,525135937.5,0.623,0.414,2026-05-15
CROMPTON,113,79125,23274000,2233800,44573182830.0,115,34486,17659800,4176000,18348008490.0,0.759,0.436,2026-05-15
CUMMINSIND,79,8519,918000,22800,9495785330.0,82,4814,634000,27800,5068472410.0,0.691,0.565,2026-05-15
DABUR,89,10090,13062500,-752500,6179578812.5,88,3630,8838750,-671250,2098153062.5,0.677,0.36,2026-05-15
DALBHARAT,98,5387,1968200,5850,3353010878.75,98,3019,1677000,29250,1727409320.0,0.852,0.56,2026-05-15
DELHIVERY,65,12370,16010700,1886175,13015874080.0,67,3293,5660600,541575,3251249232.5,0.354,0.266,2026-05-15
DIVISLAB,104,14322,1085100,-19600,10227294060.0,109,6334,709700,-24300,4269218700.0,0.654,0.442,2026-05-15
DIXON,110,83300,2163300,54450,49512617682.5,113,44715,1680600,-38900,24245168892.5,0.777,0.537,2026-05-15
DLF,100,26013,11252175,858825,13082438943.75,103,17282,8865450,-178200,8041407577.5,0.788,0.664,2026-05-15
DMART,74,9962,1692900,-36450,6895612470.0,73,5026,715950,-27450,3247320420.0,0.423,0.505,2026-05-15
DRREDDY,109,43846,12812500,-831250,37407014406.25,103,23613,8436875,-23750,19035466375.0,0.658,0.539,2026-05-15
EICHERMOT,104,17734,1434900,-22000,13280080375.0,107,9566,1004800,15700,6726671860.0,0.7,0.539,2026-05-15
ETERNAL,82,28017,92026325,1083975,17590439949.75,83,19325,50241150,-288575,11357291681.25,0.546,0.69,2026-05-15
EXIDEIND,146,3915,18061200,597600,2650806450.0,150,984,9507600,-235800,617782230.0,0.526,0.251,2026-05-15
FEDERALBNK,90,12645,38847500,-820000,9396221000.0,90,4950,21167500,1072500,3491072000.0,0.545,0.391,2026-05-15
FINNIFTY,302,17223,566700,56760,27476306550.0,302,5998,246720,4320,9060723348.0,0.435,0.348,2026-05-15
FORCEMOT,44,21208,148825,19975,12018029828.75,41,5423,61200,4550,2647343383.75,0.411,0.256,2026-05-15
FORTIS,69,3188,3611500,-66650,2494733680.0,71,596,1280300,-9300,444745646.25,0.355,0.187,2026-05-15
GAIL,113,3743,25511850,-6300,2009512638.0,119,2239,20695500,-570150,1152786222.0,0.811,0.598,2026-05-15
GLENMARK,92,6484,2937375,99000,6037990875.0,98,1352,1429875,-6375,1168996575.0,0.487,0.209,2026-05-15
GMRAIRPORT,83,4096,59127075,-516150,2948273282.25,82,2098,38690325,292950,1410730508.25,0.654,0.512,2026-05-15
GODFRYPHLP,108,6756,1257300,319275,4876310725.0,111,2735,623150,126500,1686595130.0,0.496,0.405,2026-05-15
GODREJCP,96,7894,4297000,-100500,4284783675.0,96,2111,2629000,-11500,1090670825.0,0.612,0.267,2026-05-15
GODREJPROP,97,7971,3222000,51975,4060936673.75,96,4523,1879075,6875,2151641813.75,0.583,0.567,2026-05-15
GRASIM,109,4513,1649000,-19000,3456177250.0,113,2358,1223000,3000,1726555387.5,0.742,0.522,2026-05-15
HAL,87,118578,5830800,1573200,84398524042.5,94,72390,2810700,202800,48125759820.0,0.482,0.61,2026-05-15
HAVELLS,114,8473,5925000,-90000,5434763000.0,109,2736,2350000,-19000,1645181275.0,0.397,0.323,2026-05-15
HCLTECH,127,59035,27531750,-18050,25008375392.5,125,27464,11317250,57450,10898316905.0,0.411,0.465,2026-05-15
HDFCAMC,109,7200,1464000,-95100,6174768270.0,109,1662,908400,53100,1327509570.0,0.62,0.231,2026-05-15
HDFCBANK,134,153700,82589150,-3129050,67942108337.5,133,105067,46364350,-1441900,44428583350.0,0.561,0.684,2026-05-15
HDFCLIFE,103,10865,20587600,166100,7554141925.0,105,5340,12151700,236500,3582375665.0,0.59,0.491,2026-05-15
HEROMOTOCO,97,29122,3174600,-143250,23603927490.0,98,12830,1759800,-49050,9734286412.5,0.554,0.441,2026-05-15
HINDALCO,91,38190,9554300,231000,30052212260.0,91,28826,8426600,361900,21811547555.0,0.882,0.755,2026-05-15
HINDPETRO,74,18334,21094425,631800,14625123277.5,77,10875,16795350,192375,8200198113.75,0.796,0.593,2026-05-15
HINDUNILVR,98,32841,10003500,-258900,23253975525.0,100,13005,4770900,-27900,8782084290.0,0.477,0.396,2026-05-15
HINDZINC,69,57096,26985525,3260950,47777285421.25,72,42973,18094475,-899150,33542774947.5,0.671,0.753,2026-05-15
HYUNDAI,74,7315,1606000,-49225,3927546012.5,76,2447,1021350,-51700,1199382222.5,0.636,0.335,2026-05-15
ICICIBANK,106,53351,38771600,-855400,48442149070.0,98,30448,22591100,134400,26679836400.0,0.583,0.571,2026-05-15
ICICIGI,78,4107,1424475,-171925,2536291517.5,76,1788,593125,-66625,1054221918.75,0.416,0.435,2026-05-15
ICICIPRULI,107,6688,5161500,-1371775,3532734053.75,108,1944,4438150,14800,975664100.0,0.86,0.291,2026-05-15
IDEA,29,54447,2019883500,126296325,56507846241.0,29,19778,1103859900,55750500,17483634837.75,0.546,0.363,2026-05-15
IDFCFIRSTB,60,20197,127132425,10925950,13389331660.25,61,22057,104186075,5258925,13581349110.0,0.82,1.092,2026-05-15
IEX,104,6249,54626250,-247500,3176368612.5,111,2312,28402650,-435000,1101946125.0,0.52,0.37,2026-05-15
INDHOTEL,102,9268,7617000,-345000,6301573050.0,109,3881,6636000,-166000,2537965150.0,0.871,0.419,2026-05-15
INDIANB,89,8432,8180000,-292000,7486692850.0,85,3233,4968000,90000,2685758950.0,0.607,0.383,2026-05-15
INDIGO,82,30841,5417250,-41550,20985068662.5,88,20339,2746050,67800,13133085735.0,0.507,0.659,2026-05-15
INDUSINDBK,79,16310,7422800,134400,10743175170.0,82,12901,6334300,-14700,8055828515.0,0.853,0.791,2026-05-15
INDUSTOWER,71,31954,26632200,-1303900,24073766470.0,71,15231,21860300,1756100,10901043620.0,0.821,0.477,2026-05-15
INFY,120,182405,44836000,-2523600,85811630380.0,116,99460,26050000,942400,43840723200.0,0.581,0.545,2026-05-15
INOXWIND,87,4313,27848500,-1926925,1625271290.5,88,931,13291850,314600,329527162.25,0.477,0.216,2026-05-15
IOC,125,15092,66373125,5874375,10813728461.25,122,11764,45288750,4026750,7875128771.25,0.682,0.779,2026-05-15
IREDA,119,3277,27083575,786600,1557033369.0,118,1901,14777425,465750,902531523.0,0.546,0.58,2026-05-15
IRFC,85,17984,57761025,6308175,8182676092.5,87,6618,32630775,1160250,3016182712.5,0.565,0.368,2026-05-15
ITC,99,62167,124957425,-1965150,31874465888.75,100,20408,42296000,-401600,10064948560.0,0.338,0.328,2026-05-15
JINDALSTEL,95,12213,4455625,16250,9875293093.75,96,5947,2450625,-119375,4645602750.0,0.55,0.487,2026-05-15
JIOFIN,91,23580,78114000,2789450,14029877316.0,89,6535,43108400,185650,3629843229.0,0.552,0.277,2026-05-15
JSWENERGY,111,24922,13009075,529000,13639544650.0,110,8125,6809650,112000,4268746350.0,0.523,0.326,2026-05-15
JSWSTEEL,87,56620,10270125,2106675,51491014773.75,90,17753,4759425,150525,15446505903.75,0.463,0.314,2026-05-15
JUBLFOOD,94,4390,7288750,-58750,2698232500.0,89,1939,5067500,-10000,1103916750.0,0.695,0.442,2026-05-15
KALYANKJIL,97,20592,30249075,59925,9707529988.75,96,9911,14736900,-888775,4164780510.0,0.487,0.481,2026-05-15
KAYNES,110,12592,5416350,-867900,4724335530.0,108,4260,2291800,-264900,1433872690.0,0.423,0.338,2026-05-15
KEI,96,8419,878150,59150,7908356680.0,98,4699,715050,-38150,3799628253.75,0.814,0.558,2026-05-15
KFINTECH,102,9008,4784000,230500,4133047750.0,102,2023,2486150,72500,845805975.0,0.52,0.225,2026-05-15
KOTAKBANK,124,59420,42962000,-1376000,47577572800.0,124,20047,30020000,1748000,15554735400.0,0.699,0.337,2026-05-15
KPITTECH,67,15807,8797925,382925,5180982071.25,68,3461,3233750,-67150,1021416397.5,0.368,0.219,2026-05-15
LAURUSLABS,127,11350,8126000,199750,13114987365.0,127,8816,7993400,433500,9741411017.5,0.984,0.777,2026-05-15
LICHSGFIN,93,12196,9328000,644000,7194688550.0,94,5730,5233000,-235000,3149563800.0,0.561,0.47,2026-05-15
LICI,116,6412,8407700,-132300,3791226390.0,113,2320,3692500,-54600,1301022835.0,0.439,0.362,2026-05-15
LODHA,88,11542,3302100,327600,4926639690.0,92,7038,3628800,-45450,2595196305.0,1.099,0.61,2026-05-15
LT,142,39028,9421475,172725,27807524955.0,143,21331,5797750,129325,14982235861.25,0.615,0.547,2026-05-15
LTF,51,9149,19422000,744750,6229482637.5,56,1327,12946500,60750,851337450.0,0.667,0.145,2026-05-15
LTM,85,34373,1929450,167250,21828395722.5,85,4541,785100,-14550,2664926227.5,0.407,0.132,2026-05-15
LUPIN,114,25267,10945450,-19550,25811005012.5,114,6663,3857300,-123675,6408706495.0,0.352,0.264,2026-05-15
M&M,127,36783,6110800,374800,24282636130.0,131,18712,5004800,-106200,11837938040.0,0.819,0.509,2026-05-15
MANAPPURAM,52,4330,13353000,-306000,4233631050.0,56,2578,11745000,-81000,2377052850.0,0.88,0.595,2026-05-15
MANKIND,112,16728,1199025,140625,9747761343.75,106,4029,963000,41625,2170979538.75,0.803,0.241,2026-05-15
MARICO,123,3770,7270800,97200,3912225240.0,125,3186,5839200,3600,3123534480.0,0.803,0.845,2026-05-15
MARUTI,102,74067,2616000,-42100,51171926302.5,104,39299,1024200,-33450,25727864377.5,0.392,0.531,2026-05-15
MAXHEALTH,99,7951,3541125,75600,4527530385.0,98,3454,1734600,109200,1902984956.25,0.49,0.434,2026-05-15
MAZDOCK,128,21494,5429800,231200,11725897720.0,133,7238,2194800,57800,3655414890.0,0.404,0.337,2026-05-15
MCX,64,36427,6920225,422275,80421612531.25,66,24680,7703675,527325,49999350326.25,1.113,0.678,2026-05-15
MFSL,70,7096,2385200,-228400,4934881860.0,73,2519,964800,-39600,1619658220.0,0.404,0.355,2026-05-15
MIDCPNIFTY,566,97213,5842320,293760,171381253794.0,566,98571,7167360,125640,166116202296.0,1.227,1.014,2026-05-15
MOTHERSON,115,13229,40694550,3234900,11154436978.5,120,3765,34753650,2798250,2976427615.5,0.854,0.285,2026-05-15
MOTILALOFS,83,2071,2360650,-93775,1458426697.5,85,572,1462425,-71300,356328570.0,0.62,0.276,2026-05-15
MPHASIS,101,12717,2025100,231275,7942145406.25,95,3974,1113475,130350,2307127886.25,0.55,0.312,2026-05-15
MUTHOOTFIN,66,130347,5305575,2513500,128842413218.75,66,95833,2493425,779350,86533580801.25,0.47,0.735,2026-05-15
NAM-INDIA,49,2298,1626250,-25000,1643437250.0,47,985,1206875,-43125,639581781.25,0.742,0.429,2026-05-15
NATIONALUM,77,18399,32686875,1166250,15002989218.75,77,9127,17748750,166875,6903772312.5,0.543,0.496,2026-05-15
NAUKRI,93,6054,3515250,41625,2315013356.25,92,1226,1148625,11625,431225868.75,0.327,0.203,2026-05-15
NBCC,93,2716,26825500,2424500,1770590380.0,98,796,16529500,-195000,496195635.0,0.616,0.293,2026-05-15
NESTLEIND,98,11715,4493500,171500,8732161675.0,103,10554,3830000,-347500,7646505775.0,0.852,0.901,2026-05-15
NHPC,76,12784,84537600,14284800,6838894848.0,75,4267,31302950,2080000,2124276288.0,0.37,0.334,2026-05-15
NIFTY,964,46127287,256947145,47149435,72505972829615.0,986,50980332,258627645,14087100,77649322730599.75,1.007,1.105,2026-05-15
NIFTYNXT50,706,268,8500,575,482703126.25,706,180,2250,525,319444078.75,0.265,0.672,2026-05-15
NMDC,80,14407,91266750,3327750,9452578162.5,81,6465,48114000,-2625750,3966926062.5,0.527,0.449,2026-05-15
NTPC,110,22312,67887000,-928500,13765242300.0,107,6216,18505500,15000,3698635800.0,0.273,0.279,2026-05-15
NUVAMA,89,3495,2205000,56500,2811587550.0,88,876,1312000,0,631554025.0,0.595,0.251,2026-05-15
NYKAA,81,3632,9950000,-209375,3240633437.5,82,1014,4081250,-256250,863390781.25,0.41,0.279,2026-05-15
OBEROIRLTY,63,2446,1698900,-58800,1467621890.0,60,2373,972300,40250,1318230427.5,0.572,0.97,2026-05-15
OFSS,132,34571,829275,203250,24715302881.25,131,9723,582250,27375,6343638468.75,0.702,0.281,2026-05-15
OIL,104,10055,12163200,-841400,7627492600.0,104,6309,9220400,-322000,4523574930.0,0.758,0.627,2026-05-15
ONGC,98,35734,70362000,-283500,25092510862.5,96,14108,30057750,463500,9460490512.5,0.427,0.395,2026-05-15
PAGEIND,110,4622,37455,5460,2648309679.75,106,3070,29445,4515,1521040626.75,0.786,0.664,2026-05-15
PATANJALI,79,24263,5218200,-377100,10566444510.0,79,6577,3614400,199800,2718404910.0,0.693,0.271,2026-05-15
PAYTM,101,9163,8425225,-81925,7967725567.5,108,4526,7687175,-111650,3684968447.5,0.912,0.494,2026-05-15
PERSISTENT,102,46812,1802700,-8200,23417107005.0,97,20942,1198125,75500,9767237750.0,0.665,0.447,2026-05-15
PETRONET,93,4437,11658400,-207100,2397990475.0,95,2792,11952900,36100,1433669225.0,1.025,0.629,2026-05-15
PFC,71,19127,27251900,284700,11732680180.0,69,7152,13746200,416000,4168788130.0,0.504,0.374,2026-05-15
PGEL,56,5889,6785850,513000,3093571402.5,56,2303,4783250,96900,1053287705.0,0.705,0.391,2026-05-15
PHOENIXLTD,72,4137,1153250,8400,2666232852.5,70,731,652400,19950,448364472.5,0.566,0.177,2026-05-15
PIDILITIND,113,6718,4782000,-514000,5149198500.0,115,3581,2231000,-137500,2632239175.0,0.467,0.533,2026-05-15
PIIND,108,4856,1057000,21525,2784105948.75,109,1860,659925,57750,1018314911.25,0.624,0.383,2026-05-15
PNB,97,12904,145352000,6872000,11331837520.0,97,8382,93512000,5448000,6959347840.0,0.643,0.65,2026-05-15
PNBHOUSING,78,2109,2481050,-30550,1575008630.0,80,588,1456000,46800,395455775.0,0.587,0.279,2026-05-15
POLICYBZR,71,10277,2993900,-32900,6330440217.5,74,4090,1442350,30450,2411225652.5,0.482,0.398,2026-05-15
POLYCAB,83,17010,1673625,-12875,20216363300.0,92,14352,1945125,-79000,15658472237.5,1.162,0.844,2026-05-15
POWERGRID,100,30027,37131700,2715100,18240825740.0,101,11905,15599000,1803100,6872066395.0,0.42,0.396,2026-05-15
POWERINDIA,63,14312,239250,-11800,12642722430.0,66,15364,194275,-11050,10620508816.25,0.812,1.074,2026-05-15
PREMIERENE,75,6754,3559825,179400,4041232250.0,76,5919,2262625,388700,3209733892.5,0.636,0.876,2026-05-15
PRESTIGE,72,4333,1977750,62550,2900726325.0,70,1057,1158750,37800,656137237.5,0.586,0.244,2026-05-15
RBLBANK,51,13945,34229675,2317750,15711133170.0,56,3556,16192500,1520825,3800158293.75,0.473,0.255,2026-05-15
RECLTD,66,13079,29685775,152600,6790351190.0,63,5232,17859975,240800,2558963540.0,0.602,0.4,2026-05-15
RELIANCE,116,240181,74137000,7343000,170515572050.0,117,124406,37408500,2423000,83150781350.0,0.505,0.518,2026-05-15
RVNL,56,8789,18719375,407175,4157370286.25,56,3036,11483200,1173125,1358102913.75,0.613,0.345,2026-05-15
SAIL,69,20,9677300,-23500,18731709.0,69,15,6580000,-61100,12582934.0,0.68,0.75,2026-05-15
SAMMAANCAP,41,7465,24927100,1573800,4917879556.0,41,1757,14770500,1642600,1090948786.0,0.593,0.235,2026-05-15
SBICARD,60,7689,10706400,316000,4131820480.0,60,1860,6076000,77600,943444520.0,0.568,0.242,2026-05-15
SBILIFE,78,6001,4017000,-82125,4325864381.25,77,3289,1806000,-64875,2269796456.25,0.45,0.548,2026-05-15
SBIN,104,180990,137786250,-4799250,141475496475.0,103,71124,54860250,-1305750,51241837650.0,0.398,0.393,2026-05-15
SHREECEM,78,2046,80400,-1125,1344029360.0,77,2400,44650,-575,1377702130.0,0.555,1.173,2026-05-15
SHRIRAMFIN,101,26381,18787725,659175,21602643232.5,99,8703,9278775,287100,6720312018.75,0.494,0.33,2026-05-15
SIEMENS,73,11801,1316525,42875,8089024168.75,70,5675,819000,-9975,3595073221.25,0.622,0.481,2026-05-15
SOLARINDS,61,68319,307150,119100,61742479112.5,62,32384,255350,125000,25665906102.5,0.831,0.474,2026-05-15
SONACOMS,95,5451,5639900,117600,4140388647.5,97,1468,3347925,-83300,1047718551.25,0.594,0.269,2026-05-15
SRF,115,5141,1744600,12400,2910026710.0,120,1991,1404200,-25800,1069333260.0,0.805,0.387,2026-05-15
SUNPHARMA,81,43853,16258200,663250,29527226907.5,82,24505,10097500,593250,15585547582.5,0.621,0.559,2026-05-15
SUPREMEIND,67,7278,1323350,-11200,4857024217.5,66,876,332850,-12950,544868633.75,0.252,0.12,2026-05-15
SUZLON,54,14753,175743825,-81225,7705292029.25,57,4352,78959725,2012575,2070199715.25,0.449,0.295,2026-05-15
SWIGGY,57,7985,16293425,422500,2930839795.0,55,2570,7744900,35100,871955825.0,0.475,0.322,2026-05-15
TATACONSUM,110,20465,6325550,-73150,14370993065.0,112,7712,3692700,-182600,5189166097.5,0.584,0.377,2026-05-15
TATAELXSI,79,31355,1532675,-36825,13721026535.0,78,5825,579175,46000,2330567235.0,0.378,0.186,2026-05-15
TATAPOWER,92,29039,46034600,469800,18357492130.0,89,10052,22340150,-243600,5973822012.5,0.485,0.346,2026-05-15
TATASTEEL,64,93429,120733250,16918000,59143937297.5,64,61781,75509500,2070750,36640434187.5,0.625,0.661,2026-05-15
TCS,117,147673,20679300,-1020100,61655625738.75,117,53689,12114950,70675,21090928312.5,0.586,0.364,2026-05-15
TECHM,66,30653,10248000,694200,26366050920.0,66,10195,5353200,346200,8361823920.0,0.522,0.333,2026-05-15
TIINDIA,132,14002,936000,-35800,8416811420.0,128,5505,410400,-18000,3089929610.0,0.438,0.393,2026-05-15
TITAN,84,52612,7301175,-322000,40252155545.0,84,30908,3827600,110950,22198248870.0,0.524,0.587,2026-05-15
TMPV,64,346264,45214400,8347200,103903348600.0,65,176400,23766400,3424000,49382672280.0,0.526,0.509,2026-05-15
TORNTPHARM,78,4288,716750,6750,2453978062.5,79,908,349250,2375,492539843.75,0.487,0.212,2026-05-15
TRENT,74,40656,3863100,92600,17843521760.0,67,19684,1376550,56400,7697357175.0,0.356,0.484,2026-05-15
TVSMOTOR,134,26077,3256400,-121275,16690204667.5,129,9541,1614725,-10500,5733963882.5,0.496,0.366,2026-05-15
ULTRACEMCO,87,21517,1373100,72600,13239058107.5,91,27844,521300,18100,14292772385.0,0.38,1.294,2026-05-15
UNIONBANK,65,9564,79694250,1871775,7555456338.0,65,2168,34484025,256650,1584509973.75,0.433,0.227,2026-05-15
UNITDSPR,120,92497,5887200,554000,50987304380.0,121,25030,3515600,290000,13189826500.0,0.597,0.271,2026-05-15
UNOMINDA,50,6487,2097150,10450,4324381572.5,49,1494,1136300,47850,912939472.5,0.542,0.23,2026-05-15
UPL,124,7239,11741075,-464765,6567973208.5,126,3130,7207245,-173440,2720781125.25,0.614,0.432,2026-05-15
VBL,78,9730,13318875,-264375,5794258106.25,80,3172,6111000,-183375,1796252962.5,0.459,0.326,2026-05-15
VEDL,63,75615,40041850,4085950,30606870040.0,63,54049,28737350,-3061300,19858570702.5,0.718,0.715,2026-05-15
VMM,110,4756,8055850,-101850,2925067543.5,110,1028,4534750,-266750,582149234.5,0.563,0.216,2026-05-15
VOLTAS,85,58645,8943750,1252125,30313301606.25,84,30173,4770750,-121500,14177991787.5,0.533,0.515,2026-05-15
WAAREEENER,66,26890,4728500,-77175,15780367023.75,66,4672,2279375,-4375,2489505777.5,0.482,0.174,2026-05-15
WIPRO,70,40594,166434000,1872000,24165499710.0,71,15510,78348000,2982000,8729691750.0,0.471,0.382,2026-05-15
YESBANK,29,14788,418108400,14430400,11105851985.0,31,5270,285093700,0,3560833375.0,0.682,0.356,2026-05-15
ZYDUSLIFE,90,13092,4673700,13500,12342684735.0,92,5249,3504600,87300,4604597055.0,0.75,0.401,2026-05-15
360ONE,50,3092,940500,-82000,1792783700.0,54,1001,665000,-1000,542560800.0,0.707,0.324,2026-05-18
ABB,149,25597,2422875,-172125,21937509262.5,141,8396,1014750,30000,6606523568.75,0.419,0.328,2026-05-18
ABCAPITAL,65,6640,21641100,697500,7642836720.0,68,3511,14845900,-598300,3790453855.0,0.686,0.529,2026-05-18
ADANIENSOL,79,15224,8417925,100575,14495760472.5,75,5061,4239000,-85050,4429149930.0,0.504,0.332,2026-05-18
ADANIENT,126,48788,12512337,597606,42551542181.25001,137,32157,7912254,62727,26421959331.0,0.632,0.659,2026-05-18
ADANIGREEN,135,28230,12711600,448200,24381699720.0,138,15127,8059200,-37200,12118344300.0,0.634,0.536,2026-05-18
ADANIPORTS,75,28348,10665650,-29450,24772631395.0,82,26578,8411300,86925,21889682165.0,0.789,0.938,2026-05-18
ADANIPOWER,92,9761,50470350,2708650,8169373422.5,97,4083,24377850,-74550,3112406658.5,0.483,0.418,2026-05-18
ALKEM,85,3347,419750,-32500,2407224925.0,88,1735,178250,11875,1159592906.25,0.425,0.518,2026-05-18
AMBER,90,160583,3027800,1425000,130707739405.0,93,168335,1710600,744700,122199696715.0,0.565,1.048,2026-05-18
AMBUJACEM,71,15862,21091350,284550,7542726975.0,71,5582,12403800,336000,2540057677.5,0.588,0.352,2026-05-18
ANGELONE,60,9539,23082500,-852500,7709021125.0,57,4784,11532500,-365000,3630653750.0,0.5,0.502,2026-05-18
APLAPOLLO,86,5501,1856050,-45150,3804169005.0,80,1364,1232700,-15750,905453850.0,0.664,0.248,2026-05-18
APOLLOHOSP,119,10929,1300000,85750,11463927987.5,121,6124,817625,16750,6115174093.75,0.629,0.56,2026-05-18
ASHOKLEY,73,22612,124310000,-2275000,18826996550.0,71,10217,77040000,3305000,7730555550.0,0.62,0.452,2026-05-18
ASIANPAINT,111,17352,7124250,-34750,11654888662.5,118,20521,4651750,-74000,13155261100.0,0.653,1.183,2026-05-18
ASTRAL,63,26941,3241900,871675,18724935557.5,66,14003,1979650,767550,9032970060.0,0.611,0.52,2026-05-18
AUBANK,80,9428,8644000,-554000,9807443950.0,84,5627,5855000,390000,5544445400.0,0.677,0.597,2026-05-18
AUROPHARMA,69,5098,3725700,-9900,4392948725.0,65,2972,2670250,-56650,2424428985.0,0.717,0.583,2026-05-18
AXISBANK,102,43310,22576250,602500,34815933593.75,98,25205,11144375,193125,19597558906.25,0.494,0.582,2026-05-18
BAJAJ-AUTO,94,28217,1911600,-25875,22629682980.0,93,19993,1527375,-20700,15097499032.5,0.799,0.709,2026-05-18
BAJAJFINSV,80,42503,6754300,810000,19264822375.0,79,14106,3461000,296750,6075942150.0,0.512,0.332,2026-05-18
BAJAJHLDNG,80,1905,117700,-3100,1054650142.5,84,643,61300,2200,325255840.0,0.521,0.338,2026-05-18
BAJFINANCE,81,40826,22238250,-476250,29187551737.5,86,25337,15453000,-270000,17307147412.5,0.695,0.621,2026-05-18
BANDHANBNK,79,11068,41223600,-14400,8090772444.0,84,7091,25369200,-1159200,4888504620.0,0.615,0.641,2026-05-18
BANKBARODA,91,17913,46820475,166725,14267043911.25,86,10825,35848800,1292850,8251136448.75,0.766,0.604,2026-05-18
BANKINDIA,52,8457,33540000,-499200,6485638224.0,51,4677,20488000,41600,3435771144.0,0.611,0.553,2026-05-18
BANKNIFTY,605,2196817,21003240,178170,3691547207313.0,605,1540827,16780440,718890,2440894932349.5,0.799,0.701,2026-05-18
BDL,75,14818,3814450,52150,7309058610.0,76,10001,2064650,131950,4613045255.0,0.541,0.675,2026-05-18
BEL,75,53943,62761275,3475575,34682483482.5,74,23340,33141225,2247225,13971821332.5,0.528,0.433,2026-05-18
BHARATFORG,87,8531,4078500,-311000,8646566050.0,84,4681,2925500,-197000,4345053925.0,0.717,0.549,2026-05-18
BHARTIARTL,86,192012,25835725,3777200,180734391671.25,85,87823,17823900,2318475,79207312527.5,0.69,0.457,2026-05-18
BHEL,171,39478,60288375,1932000,43276928362.5,175,28788,53221875,-1926750,28690743375.0,0.883,0.729,2026-05-18
BIOCON,90,11466,24915000,-395000,12750247500.0,93,7220,22467500,1072500,7585821500.0,0.902,0.63,2026-05-18
BLUESTARCO,96,8402,2813525,134225,4741544193.75,92,8044,1435525,106275,4028829951.25,0.51,0.957,2026-05-18
BOSCHLTD,106,3705,97850,6800,3658098386.25,108,2191,64000,1150,1968387920.0,0.654,0.591,2026-05-18
BPCL,64,15478,36596750,-1337075,9394819533.75,66,10175,23301050,768275,5650311173.75,0.637,0.657,2026-05-18
BRITANNIA,104,15464,2772125,-77625,10947470293.75,104,5363,1168875,16250,3598411806.25,0.422,0.347,2026-05-18
BSE,74,76476,8916025,-130875,120394848656.25,75,47058,8181375,1449000,69957555675.0,0.918,0.615,2026-05-18
CAMS,73,5593,4251000,-198000,3443094337.5,77,4059,3370500,-178500,2350120687.5,0.793,0.726,2026-05-18
CANBK,116,19734,120798000,4799250,17970426652.5,116,14667,83976750,3867750,12778890210.0,0.695,0.743,2026-05-18
CDSL,59,24007,8917175,-268375,14383264788.75,59,7817,5246375,20900,4408379358.75,0.588,0.326,2026-05-18
CGPOWER,77,15200,7043950,-346800,11090460510.0,79,8688,4731100,-123250,6080332710.0,0.672,0.572,2026-05-18
CHOLAFIN,81,6617,3632500,252500,6697020781.25,80,3741,2488125,106875,3581051562.5,0.685,0.565,2026-05-18
CIPLA,126,27022,9464550,-273325,14835952635.0,131,30758,10404000,-1234875,16025198250.0,1.099,1.138,2026-05-18
COALINDIA,80,55966,45130500,-236250,36394579260.0,81,30436,26493750,1580850,18855549630.0,0.587,0.544,2026-05-18
COCHINSHIP,94,14940,2616400,212400,9915153820.0,91,16215,1542800,170800,9877131120.0,0.59,1.085,2026-05-18
COFORGE,70,95535,12567375,772875,49592767968.75,70,47452,8576450,389250,22385967581.25,0.682,0.497,2026-05-18
COLPAL,88,4387,2111175,68850,2201821177.5,86,1459,1162350,-13725,694591998.75,0.551,0.333,2026-05-18
CONCOR,75,2860,5881250,168750,1922042250.0,79,1632,3493750,-65000,1049933312.5,0.594,0.571,2026-05-18
CROMPTON,113,19409,25147800,1873800,10803727800.0,115,13095,14265000,-3394800,6932168010.0,0.567,0.675,2026-05-18
CUMMINSIND,79,5450,920400,2400,6068472080.0,82,9188,616600,-17400,8555626450.0,0.67,1.686,2026-05-18
DABUR,89,11108,13568750,506250,6691301687.5,88,4061,8812500,-26250,2341500250.0,0.649,0.366,2026-05-18
DALBHARAT,102,5059,1833650,-134550,3021359640.0,102,5924,1461200,-215800,3362996715.0,0.797,1.171,2026-05-18
DELHIVERY,77,23576,17075175,1064475,23841489587.5,76,8564,5751900,91300,8125261345.0,0.337,0.363,2026-05-18
DIVISLAB,104,13680,1061600,-23500,9649203995.0,109,7248,723500,13800,4775156890.0,0.682,0.53,2026-05-18
DIXON,110,76946,2332150,168850,44672891357.5,113,60735,1705750,25150,32228296800.0,0.731,0.789,2026-05-18
DLF,100,24519,10518750,-733425,12032476871.25,103,19215,8865450,0,8772553515.0,0.843,0.784,2026-05-18
DMART,74,11484,1685400,-7500,7812532740.0,73,7657,713700,-2250,4947248647.5,0.423,0.667,2026-05-18
DRREDDY,111,20972,12838750,26250,18002888062.5,106,14759,7705000,-731875,11990765843.75,0.6,0.704,2026-05-18
EICHERMOT,104,21912,1485300,50400,16176443825.0,107,16388,1053400,48600,11347148815.0,0.709,0.748,2026-05-18
ETERNAL,82,56727,97783275,5756950,34988376609.5,83,28584,46652150,-3589000,16455724831.75,0.477,0.504,2026-05-18
EXIDEIND,146,7943,17863200,-198000,5201705520.0,150,3663,9432000,-75600,2276237340.0,0.528,0.461,2026-05-18
FEDERALBNK,90,11620,38487500,-360000,8608905000.0,90,6870,21287500,120000,4821109750.0,0.553,0.591,2026-05-18
FINNIFTY,307,17992,610080,43380,28389028449.0,307,8712,295200,48480,12903822513.0,0.484,0.484,2026-05-18
FORCEMOT,44,12226,165575,16750,6897733098.75,41,6530,64575,3375,2933710285.0,0.39,0.534,2026-05-18
FORTIS,69,2416,3560350,-51150,1863955290.0,71,1132,1363225,82925,833985908.75,0.383,0.469,2026-05-18
GAIL,113,5641,24399900,-1111950,2984027476.5,119,2817,20881350,185850,1429154590.5,0.856,0.499,2026-05-18
GLENMARK,92,6020,2905875,-31500,5516379131.25,98,1821,1415250,-14625,1586543493.75,0.487,0.302,2026-05-18
GMRAIRPORT,83,8491,57041550,-2085525,5997252381.75,82,4953,38467125,-223200,3290894210.25,0.674,0.583,2026-05-18
GODFRYPHLP,115,42683,2294050,1036750,29868971137.5,118,15579,943525,320375,9874473042.5,0.411,0.365,2026-05-18
GODREJCP,96,8300,4270000,-27000,4434220325.0,96,3548,2535000,-94000,1800338525.0,0.594,0.427,2026-05-18
GODREJPROP,97,18554,3574375,352375,9265080175.0,96,10044,2054250,175175,4638929405.0,0.575,0.541,2026-05-18
GRASIM,109,5512,1650500,1500,4159686787.5,113,3802,1294250,71250,2749769100.0,0.784,0.69,2026-05-18
HAL,87,102421,6037500,206700,70570752360.0,94,60930,2899200,88500,38725286872.5,0.48,0.595,2026-05-18
HAVELLS,114,8034,5664500,-260500,5149982025.0,109,2444,2262000,-88000,1483922875.0,0.399,0.304,2026-05-18
HCLTECH,127,56789,27025200,-506550,23931263142.5,125,25586,11359950,42700,10231605510.0,0.42,0.451,2026-05-18
HDFCAMC,109,6698,1646400,182400,5648212035.0,109,4448,936900,28500,3531398730.0,0.569,0.664,2026-05-18
HDFCBANK,134,201270,82108000,-481150,88242009337.5,133,111325,47407900,1043550,46831628202.5,0.577,0.553,2026-05-18
HDFCLIFE,103,11558,21181600,594000,7942155925.0,105,5403,12123100,-28600,3564054340.0,0.572,0.467,2026-05-18
HEROMOTOCO,97,36638,3299550,124950,29361831600.0,98,12503,1789200,29400,9325455052.5,0.542,0.341,2026-05-18
HINDALCO,91,24341,9951200,396900,18805703140.0,91,13931,8440600,14000,10316529300.0,0.848,0.572,2026-05-18
HINDPETRO,74,10251,20551725,-542700,7946384715.0,77,5862,16428825,-366525,4331180970.0,0.799,0.572,2026-05-18
HINDUNILVR,98,27673,10419300,415800,19451292705.0,100,12053,4859100,88200,8127997350.0,0.466,0.436,2026-05-18
HINDZINC,69,42990,27270950,285425,35096622277.5,72,21086,17829875,-264600,16121211067.5,0.654,0.49,2026-05-18
HYUNDAI,74,5894,1642300,36300,3081478290.0,76,3191,989175,-32175,1548321802.5,0.602,0.541,2026-05-18
ICICIBANK,106,63500,36843800,-1927800,57496883640.0,98,34150,22924300,333200,29808417695.0,0.622,0.538,2026-05-18
ICICIGI,78,4852,1245400,-179075,2949015371.25,76,1911,569400,-23725,1122581866.25,0.457,0.394,2026-05-18
ICICIPRULI,112,37650,7688600,2527100,18571580246.25,113,33796,6763600,2325450,15763929735.0,0.88,0.898,2026-05-18
IDEA,29,50015,2177271450,157387950,51028732130.25,29,19869,1125516825,21656925,17017711470.0,0.517,0.397,2026-05-18
IDFCFIRSTB,60,8552,125685525,-1446900,5619830832.0,61,7370,105391825,1205750,4526732848.75,0.839,0.862,2026-05-18
IEX,104,8203,52537500,-2088750,4141548787.5,111,2469,26947950,-1454700,1160677957.5,0.513,0.301,2026-05-18
INDHOTEL,102,7614,7328000,-289000,5117165950.0,109,4094,6479000,-157000,2618072850.0,0.884,0.538,2026-05-18
INDIANB,89,6564,7860000,-320000,5743515550.0,85,2811,4677000,-291000,2327431600.0,0.595,0.428,2026-05-18
INDIGO,82,30478,5697450,280200,20504668575.0,88,21872,2872650,126600,13908296025.0,0.504,0.718,2026-05-18
INDUSINDBK,81,13473,7688800,266000,8712662980.0,82,10754,6422500,88200,6657318535.0,0.835,0.798,2026-05-18
INDUSTOWER,75,21802,28014300,1382100,16451569885.0,75,12211,22258100,397800,8778640030.0,0.795,0.56,2026-05-18
INFY,120,169693,44020800,-815200,80375368840.0,116,109689,26671600,621600,49169461360.0,0.606,0.646,2026-05-18
INOXWIND,105,6290,29317825,1469325,2278587775.75,106,3550,14864850,1573000,1230986685.5,0.507,0.564,2026-05-18
IOC,132,20844,80403375,14030250,14442162345.0,129,16215,56662125,11373375,10423712032.5,0.705,0.778,2026-05-18
IREDA,119,4790,27632125,548550,2262162171.0,118,2046,15222475,445050,907613028.0,0.551,0.427,2026-05-18
IRFC,87,17082,64008525,6247500,7616757477.5,88,4949,33166275,535500,2066534492.5,0.518,0.29,2026-05-18
ITC,99,86748,128797325,3839900,44385004605.0,100,32441,43924800,1628800,16047843520.0,0.341,0.374,2026-05-18
JINDALSTEL,95,18640,4207500,-248125,14817999812.5,96,8099,2501250,50625,6237453031.25,0.594,0.434,2026-05-18
JIOFIN,91,23601,78262050,148050,13736630498.0,89,9512,42727700,-380700,5224480755.0,0.546,0.403,2026-05-18
JSWENERGY,111,42578,12742075,-267000,23050649550.0,110,13681,6920700,111050,7154518821.25,0.543,0.321,2026-05-18
JSWSTEEL,87,34081,9037575,-1232550,30563929462.5,90,15950,4519800,-239625,13798099608.75,0.5,0.468,2026-05-18
JUBLFOOD,94,3675,7485000,196250,2219396687.5,89,1762,5050000,-17500,999762937.5,0.675,0.479,2026-05-18
KALYANKJIL,97,29101,29631025,-618050,13042107197.5,96,17568,14370300,-366600,7118662115.0,0.485,0.604,2026-05-18
KAYNES,122,7090,4907950,-508400,2776074080.0,120,1001,2241700,-50100,353745440.0,0.457,0.141,2026-05-18
KEI,96,4902,832825,-45325,4550722907.5,98,3747,693175,-21875,3117127343.75,0.832,0.764,2026-05-18
KFINTECH,105,7913,4855500,71500,3491935625.0,105,3689,2684650,198500,1496699200.0,0.553,0.466,2026-05-18
KOTAKBANK,127,33667,41316000,-1646000,26890125000.0,127,12837,30478000,458000,9955135600.0,0.738,0.381,2026-05-18
KPITTECH,67,15523,8742250,-55675,5028697473.75,68,4293,3040800,-192950,1270553607.5,0.348,0.277,2026-05-18
LAURUSLABS,127,11587,7729900,-396100,13387410835.0,127,9585,8193150,199750,10642322617.5,1.06,0.827,2026-05-18
LICHSGFIN,94,7940,9358000,30000,4550226600.0,95,5286,5835000,602000,2814331700.0,0.624,0.666,2026-05-18
LICI,116,6802,8788500,380800,3960993400.0,113,2531,3766700,74200,1398049800.0,0.429,0.372,2026-05-18
LODHA,92,8192,3307050,4950,3340334632.5,95,9756,3223800,-405000,3567866017.5,0.975,1.191,2026-05-18
LT,142,51765,9261875,-159600,36670549571.25,143,24702,5727225,-70525,16762607233.75,0.618,0.477,2026-05-18
LTF,51,9345,20245500,823500,6196048312.5,56,2681,12984750,38250,1697573025.0,0.641,0.287,2026-05-18
LTM,85,25054,1797900,-131550,15864824002.5,85,5684,759750,-25350,3382459740.0,0.423,0.227,2026-05-18
LUPIN,114,24003,10794575,-150875,24198316906.25,114,6284,3825850,-31450,6019415207.5,0.354,0.262,2026-05-18
M&M,127,35523,6008800,-102000,23064471320.0,131,20522,5155400,150600,12743674270.0,0.858,0.578,2026-05-18
MANAPPURAM,52,5710,12810000,-543000,5462239500.0,56,5472,11607000,-138000,4977473400.0,0.906,0.958,2026-05-18
MANKIND,116,8094,1261125,62100,4716999123.75,110,3644,964800,1800,1971250177.5,0.765,0.45,2026-05-18
MARICO,123,2383,7120800,-150000,2458380360.0,125,2471,5779200,-60000,2369462820.0,0.812,1.037,2026-05-18
MARUTI,102,77272,2835000,219000,52737135782.5,104,42457,971500,-52700,27382387035.0,0.343,0.549,2026-05-18
MAXHEALTH,100,10024,3677625,136500,5703661477.5,100,4716,1969800,235200,2588732895.0,0.536,0.47,2026-05-18
MAZDOCK,128,28391,5519200,89400,15128860280.0,133,11337,2211200,16400,5531774350.0,0.401,0.399,2026-05-18
MCX,69,23413,7237725,317500,51164912000.0,71,17738,7135150,-568525,35544183538.75,0.986,0.758,2026-05-18
MFSL,70,3217,2255600,-129600,2180366420.0,73,2553,950400,-14400,1622649980.0,0.421,0.794,2026-05-18
MIDCPNIFTY,566,122629,5906040,63720,213929357592.0,566,120192,7277040,109680,200258468136.0,1.232,0.98,2026-05-18
MOTHERSON,115,10059,42816300,2121750,8339828962.5,120,5763,37102950,2349300,4545486402.0,0.867,0.573,2026-05-18
MOTILALOFS,83,1808,2117300,-243350,1245254422.5,85,2694,1403525,-58900,1584847720.0,0.663,1.49,2026-05-18
MPHASIS,106,9929,1950300,-74800,6079323813.75,100,3535,1201200,87725,2069924766.25,0.616,0.356,2026-05-18
MUTHOOTFIN,67,30056,4937075,-368500,29173947068.75,67,17050,2361700,-131725,15162035817.5,0.478,0.567,2026-05-18
NAM-INDIA,49,3732,1740625,114375,2656071625.0,47,2287,1132500,-74375,1535628375.0,0.651,0.613,2026-05-18
NATIONALUM,77,15076,32347500,-339375,12064434468.75,77,6610,17784375,35625,4938403781.25,0.55,0.438,2026-05-18
NAUKRI,93,8958,3530625,15375,3359327793.75,92,2468,1217425,68800,865866042.5,0.345,0.276,2026-05-18
NBCC,93,3183,28294500,1469000,2029377805.0,98,1178,16438500,-91000,716783275.0,0.581,0.37,2026-05-18
NESTLEIND,101,8246,4638000,144500,6085411175.0,106,6035,3724000,-106000,4301106300.0,0.803,0.732,2026-05-18
NHPC,76,22517,86252800,1715200,11922132224.0,75,6091,30810150,-492800,3000257856.0,0.357,0.271,2026-05-18
NIFTY,964,88034914,267392460,10445315,136983808988091.0,986,76044246,331461190,72833545,114949622200812.77,1.24,0.864,2026-05-18
NIFTYNXT50,713,624,12575,4075,1096660316.25,713,70,2925,675,118039710.0,0.233,0.112,2026-05-18
NMDC,80,12294,91293750,27000,7882139835.0,81,4292,46507500,-1606500,2569795672.5,0.509,0.349,2026-05-18
NTPC,110,45595,78280500,10393500,27563472825.0,107,12162,18159000,-346500,7185589575.0,0.232,0.267,2026-05-18
NUVAMA,89,3135,2224500,19500,2439748050.0,88,1584,1375000,63000,1145874775.0,0.618,0.505,2026-05-18
NYKAA,81,3255,10718750,768750,2878804531.25,82,1106,4012500,-68750,923276093.75,0.374,0.34,2026-05-18
OBEROIRLTY,63,3399,1630650,-68250,1996192730.0,60,3015,929600,-42700,1665300437.5,0.57,0.887,2026-05-18
OFSS,132,47108,781125,-48150,34043154656.25,131,19201,662125,79875,12224778502.5,0.848,0.408,2026-05-18
OIL,104,7166,12023200,-140000,5384239910.0,104,5154,8317400,-903000,3630669560.0,0.692,0.719,2026-05-18
ONGC,98,34742,73413000,3051000,24137379675.0,96,13793,28552500,-1505250,9222205950.0,0.389,0.397,2026-05-18
PAGEIND,110,3509,40875,3420,2054040780.75,106,1941,36450,7005,1068974415.0,0.892,0.553,2026-05-18
PATANJALI,79,3901,5645700,427500,1689314715.0,79,1228,3546900,-67500,505091835.0,0.628,0.315,2026-05-18
PAYTM,101,16555,8665925,240700,14046239718.75,108,10254,7250000,-437175,8122576396.25,0.837,0.619,2026-05-18
PERSISTENT,102,46353,1667400,-135300,23589470860.0,97,21791,1246425,48300,10272191380.0,0.748,0.47,2026-05-18
PETRONET,101,4046,11987100,328700,2156735600.0,101,1870,11780000,-172900,946059875.0,0.983,0.462,2026-05-18
PFC,71,20978,24941800,-2310100,12697957350.0,69,7724,13494000,-252200,4390796930.0,0.541,0.368,2026-05-18
PGEL,64,17268,8790350,2004500,8395055807.5,64,26147,6839050,2055800,11159124317.5,0.778,1.514,2026-05-18
PHOENIXLTD,72,3711,1126650,-26600,2356050567.5,70,1523,680750,28350,921406517.5,0.604,0.41,2026-05-18
PIDILITIND,113,8013,4892500,110500,6054843525.0,115,3634,2163500,-67500,2627441900.0,0.442,0.454,2026-05-18
PIIND,108,7312,1200325,143325,4190444510.0,109,3611,731325,71400,1952352036.25,0.609,0.494,2026-05-18
PNB,99,24846,155168000,9816000,21099593280.0,99,15445,95256000,1744000,12555303280.0,0.614,0.622,2026-05-18
PNBHOUSING,78,3873,2314000,-167050,2830561077.5,80,1634,1417650,-38350,1103653687.5,0.613,0.422,2026-05-18
POLICYBZR,71,26074,3529050,535150,16316865372.5,74,6207,1667050,224700,3647651647.5,0.472,0.238,2026-05-18
POLYCAB,83,21880,1935000,261375,25831277650.0,92,17848,1867375,-77750,19650417743.75,0.965,0.816,2026-05-18
POWERGRID,116,54382,38628900,1497200,32141969590.0,116,27299,16754200,1155200,15377057105.0,0.434,0.502,2026-05-18
POWERINDIA,63,12306,237450,-1800,10856100322.5,66,11114,187975,-6300,7553204435.0,0.792,0.903,2026-05-18
PREMIERENE,75,54276,5898350,2338525,32718321617.5,76,17257,2481700,219075,9732738908.75,0.421,0.318,2026-05-18
PRESTIGE,72,11108,2012400,34650,7254533250.0,70,4224,1338750,180000,2522687445.0,0.665,0.38,2026-05-18
RBLBANK,51,10706,34921825,692150,11849482905.0,56,3641,13989050,-2203450,3836501248.75,0.401,0.34,2026-05-18
RECLTD,66,24894,29572375,-113400,12717035380.0,63,10359,17879575,19600,4951244550.0,0.605,0.416,2026-05-18
RELIANCE,120,199671,75079000,942000,140108157750.0,121,109937,38679000,1270500,72973117725.0,0.515,0.551,2026-05-18
RVNL,56,11480,19138750,419375,5246666958.75,56,4416,11692125,208925,1900519507.5,0.611,0.385,2026-05-18
SAIL,69,59,9541000,-136300,58388194.0,69,9,6580000,0,7669883.0,0.69,0.153,2026-05-18
SAMMAANCAP,41,4767,25146400,219300,3087388046.0,41,1028,15050000,279500,612036673.0,0.598,0.216,2026-05-18
SBICARD,60,11909,9096800,-1609600,6371399880.0,60,3891,6079200,3200,1918290760.0,0.668,0.327,2026-05-18
SBILIFE,78,6103,4135875,118875,4388137218.75,77,3309,1763250,-42750,2286593812.5,0.426,0.542,2026-05-18
SBIN,109,306911,139176000,1389750,234858315862.5,108,110644,54751500,-108750,77727558300.0,0.393,0.361,2026-05-18
SHREECEM,78,5656,83325,2925,3760698188.75,77,1659,45775,1125,1016342223.75,0.549,0.293,2026-05-18
SHRIRAMFIN,101,23481,17807625,-980100,19179828442.5,99,11818,9311775,33000,9035752935.0,0.523,0.503,2026-05-18
SIEMENS,73,10288,1303050,-13475,6784499286.25,70,5247,840350,21350,3223574296.25,0.645,0.51,2026-05-18
SOLARINDS,65,101691,347150,40000,95001973320.0,66,48469,400200,144850,41103107837.5,1.153,0.477,2026-05-18
SONACOMS,95,3458,5390000,-249900,2579562492.5,97,1834,3192350,-155575,1288884178.75,0.592,0.53,2026-05-18
SRF,115,9460,1674800,-69800,5285328060.0,120,4241,1323400,-80800,2229592250.0,0.79,0.448,2026-05-18
SUNPHARMA,81,79012,18336150,2077950,53554117802.5,82,31818,11342450,1244950,20787742885.0,0.619,0.403,2026-05-18
SUPREMEIND,67,3994,1292375,-30975,2630214317.5,66,1736,350175,17325,988341795.0,0.271,0.435,2026-05-18
SUZLON,54,15553,170680800,-5063025,8156047910.5,57,6602,75385825,-3573900,3141505300.75,0.442,0.424,2026-05-18
SWIGGY,57,13566,17189125,895700,4819302605.0,55,7145,7422500,-322400,2429096750.0,0.432,0.527,2026-05-18
TATACONSUM,110,16708,5504950,-820600,11758009147.5,112,6905,3536500,-156200,4530668395.0,0.642,0.413,2026-05-18
TATAELXSI,79,17758,1487375,-45300,7743933680.0,78,5654,575275,-3900,2299022375.0,0.387,0.318,2026-05-18
TATAPOWER,92,42797,45582200,-452400,26713681107.5,89,13788,22428600,88450,8033721302.5,0.492,0.322,2026-05-18
TATASTEEL,73,184232,149248000,28514750,111583706465.0,73,124702,77698500,2189000,71177933777.5,0.521,0.677,2026-05-18
TCS,117,136905,20751100,71800,56594924620.0,117,51243,12198225,83275,20189389481.25,0.588,0.374,2026-05-18
TECHM,66,55079,9922200,-325800,48252692130.0,66,21265,6532800,1179600,17823046830.0,0.658,0.386,2026-05-18
TIINDIA,132,5574,964400,28400,3331826310.0,128,2072,390000,-20400,1150692160.0,0.404,0.372,2026-05-18
TITAN,84,57109,6897100,-404075,43637725477.5,84,35719,3652950,-174650,25418978541.25,0.53,0.625,2026-05-18
TMPV,64,93988,43661600,-1552800,27992367720.0,65,55927,22386400,-1380000,15675563920.0,0.513,0.595,2026-05-18
TORNTPHARM,78,5617,719625,2875,3232420875.0,79,1258,346750,-2500,678577225.0,0.482,0.224,2026-05-18
TRENT,74,56010,4060200,197100,24234205225.0,67,28653,1355950,-20600,10814399450.0,0.334,0.512,2026-05-18
TVSMOTOR,172,50944,4080650,824250,31817955233.75,166,29816,1830675,215950,17573969735.0,0.449,0.585,2026-05-18
ULTRACEMCO,89,27395,1368050,-5050,16589733097.5,93,22044,552500,31200,11817230347.5,0.404,0.805,2026-05-18
UNIONBANK,65,12985,77561400,-2132850,10052072799.75,65,5316,33094575,-1389450,3899663424.75,0.427,0.409,2026-05-18
UNITDSPR,120,20021,5301600,-585600,10892825280.0,121,11445,3466000,-49600,6010304980.0,0.654,0.572,2026-05-18
UNOMINDA,54,40185,3860450,1763300,26369159465.0,54,18599,1801250,664950,11075398785.0,0.467,0.463,2026-05-18
UPL,124,8770,10972790,-768285,7861968059.75,126,4228,7243830,36585,3646453033.75,0.66,0.482,2026-05-18
VBL,78,13272,13518000,199125,7825277306.25,80,5160,5800500,-310500,2931129393.75,0.429,0.389,2026-05-18
VEDL,63,44287,41161950,1120100,17687168360.0,63,26216,28539550,-197800,9592028330.0,0.693,0.592,2026-05-18
VMM,110,4271,9345950,1290100,2623278912.5,110,915,5092500,557750,528313992.0,0.545,0.214,2026-05-18
VOLTAS,86,45276,8608125,-335625,22692987112.5,85,22747,5091000,320250,10424787206.25,0.591,0.502,2026-05-18
WAAREEENER,66,23977,4625250,-103250,13626926783.75,66,6486,2208850,-70525,3504654536.25,0.478,0.271,2026-05-18
WIPRO,70,47370,154878000,-11556000,28486263570.0,71,17878,79704000,1356000,10082404800.0,0.515,0.377,2026-05-18
YESBANK,29,19529,412883600,-5224800,14366003407.0,31,7317,278811500,-6282200,4808338345.0,0.675,0.375,2026-05-18
ZYDUSLIFE,92,6112,4891500,217800,5729305050.0,94,4872,3414600,-90000,4250326230.0,0.698,0.797,2026-05-18
360ONE,50,1741,927500,-13000,1002347425.0,54,808,634500,-30500,436406800.0,0.684,0.464,2026-05-19
ABB,149,17531,2389000,-33875,14883977543.75,141,8528,995375,-19375,6639210350.0,0.417,0.486,2026-05-19
ABCAPITAL,65,4852,21045900,-595200,5548977060.0,68,2414,15090800,244900,2602390325.0,0.717,0.498,2026-05-19
ADANIENSOL,79,16043,8152650,-265275,15398756167.5,75,4836,4085775,-153225,4270296813.75,0.501,0.301,2026-05-19
ADANIENT,126,88754,12566721,54384,78207451965.45,137,34337,7968183,55929,28361109472.200005,0.634,0.387,2026-05-19
ADANIGREEN,153,57063,12160800,-550800,50556832110.0,156,22979,8221800,162600,18550657680.0,0.676,0.403,2026-05-19
ADANIPORTS,75,39430,11240875,575225,34655896806.25,82,23593,8010875,-400425,19614599935.0,0.713,0.598,2026-05-19
ADANIPOWER,92,22972,55639150,5168800,19297696943.5,97,5785,24296200,-81650,4418484460.5,0.437,0.252,2026-05-19
ALKEM,85,6354,448250,28500,4568931075.0,88,2177,211500,33250,1496816787.5,0.472,0.343,2026-05-19
AMBER,92,76930,3169600,141800,59636154305.0,95,48947,1707000,-3600,34213545630.0,0.539,0.636,2026-05-19
AMBUJACEM,71,8012,21200550,109200,3828762945.0,71,2699,12598050,194250,1225458255.0,0.594,0.337,2026-05-19
ANGELONE,61,55051,26132500,3050000,46559021500.0,59,26747,17295000,5762500,20785648625.0,0.662,0.486,2026-05-19
APLAPOLLO,86,3072,1923600,67550,2134415132.5,80,2209,1215550,-17150,1408880357.5,0.632,0.719,2026-05-19
APOLLOHOSP,119,12278,1364500,64500,12847157518.75,121,4703,839875,22250,4695875706.25,0.616,0.383,2026-05-19
ASHOKLEY,76,26122,127235000,2925000,21255421000.0,74,14282,77915000,875000,10729628150.0,0.612,0.547,2026-05-19
ASIANPAINT,111,17346,7447000,322750,11742392725.0,118,13143,4568500,-83250,8461056875.0,0.613,0.758,2026-05-19
ASTRAL,73,53839,5312500,2070600,35748122750.0,73,55839,3278875,1299225,34388892552.5,0.617,1.037,2026-05-19
AUBANK,85,5822,8701000,57000,5987906950.0,88,2981,5821000,-34000,2922612500.0,0.669,0.512,2026-05-19
AUROPHARMA,69,6836,3849450,123750,5930577647.5,65,7074,3157000,486750,5666704532.5,0.82,1.035,2026-05-19
AXISBANK,102,64997,23840625,1264375,52049260250.0,98,37027,11895000,750625,28766272812.5,0.499,0.57,2026-05-19
BAJAJ-AUTO,94,26225,1883475,-28125,20964473561.25,93,14155,1482375,-45000,10641091593.75,0.787,0.54,2026-05-19
BAJAJFINSV,80,25900,6794050,39750,11767831637.5,79,7356,3473500,12500,3193602375.0,0.511,0.284,2026-05-19
BAJAJHLDNG,80,896,114600,-3100,499296722.5,84,799,55150,-6150,376425497.5,0.481,0.892,2026-05-19
BAJFINANCE,81,27609,22433250,195000,19851108787.5,86,16355,15327000,-126000,11193346312.5,0.683,0.592,2026-05-19
BANDHANBNK,81,7401,39596400,-1627200,5446193220.0,86,3088,25444800,75600,2112802596.0,0.643,0.417,2026-05-19
BANKBARODA,91,14909,48145500,1325025,11903643765.0,86,8180,36296325,447525,6195559353.75,0.754,0.549,2026-05-19
BANKINDIA,52,4681,32962800,-577200,3592063332.0,51,1649,20144800,-343200,1198288156.0,0.611,0.352,2026-05-19
BANKNIFTY,605,1612184,22658580,1655340,2707568422482.0,605,1342576,17526360,745920,2129016055212.0,0.773,0.833,2026-05-19
BDL,76,11780,3875700,61250,5764690907.5,77,3466,2000950,-63700,1627719800.0,0.516,0.294,2026-05-19
BEL,75,102045,75761550,13000275,65757425850.0,74,44300,36532725,3391500,26649195037.5,0.482,0.434,2026-05-19
BHARATFORG,87,10089,4398500,320000,10119456500.0,84,4492,2932500,7000,4191278525.0,0.667,0.445,2026-05-19
BHARTIARTL,86,80117,27691075,1855350,75126827877.5,85,44757,16168050,-1655850,40331859336.25,0.584,0.559,2026-05-19
BHEL,171,36555,60802875,514500,40090761900.0,175,22384,48893250,-4328625,22313329500.0,0.804,0.612,2026-05-19
BIOCON,90,13532,25712500,797500,15092286500.0,93,6111,23602500,1135000,6404724750.0,0.918,0.452,2026-05-19
BLUESTARCO,96,7587,2730650,-82875,4360945728.75,92,3009,1468025,32500,1582877660.0,0.538,0.397,2026-05-19
BOSCHLTD,106,9784,146250,48400,9893791291.25,108,4281,71950,7950,3672523355.0,0.492,0.438,2026-05-19
BPCL,64,23796,39065500,2468750,14385791572.5,66,14244,25343200,2042150,7896780651.25,0.649,0.599,2026-05-19
BRITANNIA,104,17580,2611000,-161125,12469932550.0,104,5851,1199875,31000,3927750212.5,0.46,0.333,2026-05-19
BSE,77,139844,9565150,649125,228428198137.5,78,95306,9033750,852375,145903685175.0,0.944,0.682,2026-05-19
CAMS,73,4550,4467000,216000,2768338837.5,77,1577,3456750,86250,910907962.5,0.774,0.347,2026-05-19
CANBK,126,9932,119522250,-1275750,9078366397.5,125,5992,85090500,1113750,5218042342.5,0.712,0.603,2026-05-19
CDSL,59,26808,8950900,33725,16299032390.0,59,9248,5299575,53200,5267445216.25,0.592,0.345,2026-05-19
CGPOWER,77,11141,6953000,-90950,8135114337.5,79,4293,4567900,-163200,2981817935.0,0.657,0.385,2026-05-19
CHOLAFIN,83,7594,4066875,434375,7612493500.0,82,4309,3040000,551875,4135367781.25,0.748,0.567,2026-05-19
CIPLA,126,26338,9631050,166500,14652612375.0,131,20602,9619125,-784875,10745232112.5,0.999,0.782,2026-05-19
COALINDIA,80,38146,45775800,645300,24533862862.5,81,21369,26134650,-359100,13139190090.0,0.571,0.56,2026-05-19
COCHINSHIP,94,6433,2900400,284000,4242648180.0,91,2263,1416000,-126800,1369188180.0,0.488,0.352,2026-05-19
COFORGE,78,176258,12342000,-225375,97359655818.75,78,96382,10128950,1552500,49447918200.0,0.821,0.547,2026-05-19
COLPAL,88,13668,2152350,41175,6991266195.0,86,4041,1188900,26550,1965662336.25,0.552,0.296,2026-05-19
CONCOR,79,1648,5631250,-250000,1103975750.0,82,739,3658750,165000,475470687.5,0.65,0.448,2026-05-19
CROMPTON,113,11911,24307200,-840600,6609615120.0,115,3727,13741200,-523800,1979166330.0,0.565,0.313,2026-05-19
CUMMINSIND,79,7467,970200,49800,8211328170.0,82,3657,644800,28200,3732191240.0,0.665,0.49,2026-05-19
DABUR,89,11646,14246250,677500,7032104187.5,88,3042,9010000,197500,1736637437.5,0.632,0.261,2026-05-19
DALBHARAT,103,4201,1924000,90350,2495625405.0,103,4289,1144325,-316875,2460113305.0,0.595,1.021,2026-05-19
DELHIVERY,77,8369,15147500,-1927675,8429016133.75,76,2477,5465550,-286350,2331369258.75,0.361,0.296,2026-05-19
DIVISLAB,104,10553,1101400,39800,7508521200.0,109,3855,741200,17700,2588930415.0,0.673,0.365,2026-05-19
DIXON,110,76404,2273950,-58200,44256041927.5,113,40774,1650400,-55350,21800804795.0,0.726,0.534,2026-05-19
DLF,100,22751,10704375,185625,11369330981.25,103,16255,8713650,-151800,7501128153.75,0.814,0.714,2026-05-19
DMART,74,21176,2058600,373200,14177509582.5,73,14346,793350,79650,9108103102.5,0.385,0.677,2026-05-19
DRREDDY,111,25542,12873125,34375,21862865250.0,106,15504,6883750,-821250,12638949562.5,0.535,0.607,2026-05-19
EICHERMOT,107,18009,1616900,131600,13379904225.0,110,8191,1060000,6600,5702122890.0,0.656,0.455,2026-05-19
ETERNAL,82,64901,97460750,-322525,40582594583.75,83,35060,47030450,378300,20617503793.5,0.483,0.54,2026-05-19
EXIDEIND,146,3504,17690400,-172800,2286549720.0,150,1519,9606600,174600,929717010.0,0.543,0.434,2026-05-19
FEDERALBNK,90,12848,37662500,-825000,9586517000.0,90,7332,21222500,-65000,5217511250.0,0.563,0.571,2026-05-19
FINNIFTY,307,21671,726660,116580,34332060792.0,307,10131,382320,87120,14823845535.0,0.526,0.467,2026-05-19
FORCEMOT,44,14016,181275,15700,7673120333.75,41,6070,64825,250,2696707666.25,0.358,0.433,2026-05-19
FORTIS,69,2480,3584375,24025,1922052855.0,71,1277,1436075,72850,944205052.5,0.401,0.515,2026-05-19
GAIL,113,8979,27934200,3534300,4731969406.5,119,5567,23287950,2406600,2787180984.0,0.834,0.62,2026-05-19
GLENMARK,92,13768,2803125,-102750,12711488775.0,98,4653,1669125,253875,4053033168.75,0.595,0.338,2026-05-19
GMRAIRPORT,83,3144,58025025,983475,2204405156.25,82,2075,37860300,-606825,1367955902.25,0.652,0.66,2026-05-19
GODFRYPHLP,115,20504,1840850,-453200,14228647812.5,118,8748,934450,-9075,5318745616.25,0.508,0.427,2026-05-19
GODREJCP,96,4857,3985000,-285000,2606286900.0,96,1997,2482500,-52500,1011936875.0,0.623,0.411,2026-05-19
GODREJPROP,99,14133,3481475,-92900,7084540671.25,98,6670,2119150,64900,3121333820.0,0.609,0.472,2026-05-19
GRASIM,109,9213,1864500,214000,7051743725.0,113,7825,1321500,27250,5299051875.0,0.709,0.849,2026-05-19
HAL,87,58806,5436450,-601050,40689252375.0,94,25479,2900550,1350,16274034697.5,0.534,0.433,2026-05-19
HAVELLS,114,6023,5507500,-157000,3865858850.0,109,2237,2096500,-165500,1352885300.0,0.381,0.371,2026-05-19
HCLTECH,127,127334,25522100,-1503100,54951564687.5,125,58653,11690100,330150,24045800055.0,0.458,0.461,2026-05-19
HDFCAMC,111,8377,1623300,-23100,6940021170.0,111,3367,956100,19200,2669829480.0,0.589,0.402,2026-05-19
HDFCBANK,134,128987,86813350,4705350,56477889740.0,133,77173,48499950,1092050,32519099100.0,0.559,0.598,2026-05-19
HDFCLIFE,103,14496,21750300,568700,10083590110.0,105,5848,12885400,762300,3890546825.0,0.592,0.403,2026-05-19
HEROMOTOCO,99,33421,3392700,93150,26303274285.0,99,12980,1754100,-35100,9596520810.0,0.517,0.388,2026-05-19
HINDALCO,91,23705,10268300,317100,18105954160.0,91,17044,8781500,340900,12587751750.0,0.855,0.719,2026-05-19
HINDPETRO,76,15260,20318850,-232875,11903768606.25,79,4967,16710300,281475,3676883422.5,0.822,0.325,2026-05-19
HINDUNILVR,98,32214,11154300,735000,22687890585.0,100,11729,4944000,84900,7893845055.0,0.443,0.364,2026-05-19
HINDZINC,69,35003,27023500,-247450,28776575327.5,72,13632,17337425,-492450,10507805245.0,0.642,0.389,2026-05-19
HYUNDAI,77,7719,1825175,182875,4065367556.25,78,1606,967450,-21725,773588942.5,0.53,0.208,2026-05-19
ICICIBANK,106,101955,38079300,1235500,92393419965.0,98,63883,23968000,1043700,55457847515.0,0.629,0.627,2026-05-19
ICICIGI,78,2892,1277900,32500,1761853356.25,76,1477,584025,14625,870076675.0,0.457,0.511,2026-05-19
ICICIPRULI,112,9603,7897650,209050,4827595118.75,113,6287,6716425,-47175,2982354243.75,0.85,0.655,2026-05-19
IDEA,29,68528,2157258450,-20013000,71604278976.75,29,25160,1224438225,98921400,22547677899.0,0.568,0.367,2026-05-19
IDFCFIRSTB,60,6854,128922500,3236975,4548025744.5,61,5515,105595875,204050,3417074909.5,0.819,0.805,2026-05-19
IEX,106,5081,50910000,-1627500,2570010150.0,112,1735,26409150,-538800,833638980.0,0.519,0.341,2026-05-19
INDHOTEL,102,6276,6957000,-371000,4271946300.0,109,4181,6001000,-478000,2663721450.0,0.863,0.666,2026-05-19
INDIANB,89,4869,7928000,68000,4200929100.0,85,2021,4716000,39000,1652048200.0,0.595,0.415,2026-05-19
INDIGO,82,28651,5787600,90150,19325480737.5,88,17771,2743350,-129300,11261029807.5,0.474,0.62,2026-05-19
INDUSINDBK,81,14472,8024100,335300,9387004375.0,82,14041,6580000,157500,8688655955.0,0.82,0.97,2026-05-19
INDUSTOWER,75,27610,28245500,231200,21009415830.0,75,15674,22584500,326400,11356357680.0,0.8,0.568,2026-05-19
INFY,120,256666,40958800,-3062000,126616855240.0,116,164830,27214800,543200,76523099240.0,0.664,0.642,2026-05-19
INOXWIND,105,4374,29575225,257400,1600409489.25,106,2469,15872300,1007450,851284315.75,0.537,0.564,2026-05-19
IOC,137,33721,81266250,862875,23323624106.25,134,16515,52328250,-4333875,10656316612.5,0.644,0.49,2026-05-19
IREDA,119,3062,26773075,-859050,1470358915.5,118,922,15840025,617550,404029293.0,0.592,0.301,2026-05-19
IRFC,88,11525,64068025,59500,5210867625.0,89,1982,32868775,-297500,822249540.0,0.513,0.172,2026-05-19
ITC,99,106720,130054450,1257125,54947585600.0,100,45465,44251325,326525,22548622840.0,0.34,0.426,2026-05-19
JINDALSTEL,95,7096,4223750,16250,5667266500.0,96,3367,2483750,-17500,2577683781.25,0.588,0.474,2026-05-19
JIOFIN,91,20184,80203150,1941100,11786864849.5,89,8973,43651250,923550,4999210295.5,0.544,0.445,2026-05-19
JSWENERGY,111,24863,12717075,-25000,13777269850.0,110,8898,7397700,477000,4727265322.5,0.582,0.358,2026-05-19
JSWSTEEL,87,14162,8740575,-297000,12725550933.75,90,6826,4632525,112725,5947071603.75,0.53,0.482,2026-05-19
JUBLFOOD,94,12133,7775000,290000,7512644250.0,89,4010,4915000,-135000,2322257000.0,0.632,0.331,2026-05-19
KALYANKJIL,98,19263,29396025,-235000,8692316358.75,97,7734,13952000,-418300,3212939211.25,0.475,0.401,2026-05-19
KAYNES,124,4774,4564150,-343800,1891392215.0,122,908,2188000,-53700,325076625.0,0.479,0.19,2026-05-19
KEI,96,5440,811825,-21000,5096649582.5,98,3656,645575,-47600,2962002951.25,0.795,0.672,2026-05-19
KFINTECH,105,7378,4905500,50000,3217906275.0,105,2322,2839150,154500,955119725.0,0.579,0.315,2026-05-19
KOTAKBANK,131,28584,46980000,5664000,22766007000.0,131,13112,29998000,-480000,10155973200.0,0.639,0.459,2026-05-19
KPITTECH,67,63703,7476600,-1265650,20880641318.75,68,18668,3455600,414800,5679752381.25,0.462,0.293,2026-05-19
LAURUSLABS,129,12214,7929650,199750,14264098497.5,129,10850,8540800,347650,12054126462.5,1.077,0.888,2026-05-19
LICHSGFIN,94,5368,9631000,273000,3091894150.0,95,1376,6001000,166000,752183450.0,0.623,0.256,2026-05-19
LICI,116,7105,8915200,126700,4172924630.0,113,2620,3780000,13300,1454517540.0,0.424,0.369,2026-05-19
LODHA,92,23068,3477150,170100,9636677752.5,95,14298,3558600,334800,5489056350.0,1.023,0.62,2026-05-19
LT,142,44930,9199225,-62650,31770735307.5,143,23786,5713225,-14000,16316340232.5,0.621,0.529,2026-05-19
LTF,51,6895,21208500,963000,4566309525.0,56,1602,13275000,290250,1020808687.5,0.626,0.232,2026-05-19
LTM,86,47086,1658250,-139650,31064524545.0,86,15273,915600,155850,9445173645.0,0.552,0.324,2026-05-19
LUPIN,114,20057,10406550,-388025,20204570932.5,114,6931,3856875,31025,6694946481.25,0.371,0.346,2026-05-19
M&M,127,53705,6142800,134000,34781846280.0,131,29112,5002800,-152600,18056058200.0,0.814,0.542,2026-05-19
MANAPPURAM,52,8393,14316000,1506000,8204124450.0,56,3968,12495000,888000,3630410250.0,0.873,0.473,2026-05-19
MANKIND,116,16686,1548000,286875,9876669446.25,110,8230,1291725,326925,4531848198.75,0.834,0.493,2026-05-19
MARICO,123,4470,7658400,537600,4685408520.0,125,2433,5770800,-8400,2393443500.0,0.754,0.544,2026-05-19
MARUTI,102,59065,2963500,128500,40065159615.0,104,24451,1019750,48250,15789764055.0,0.344,0.414,2026-05-19
MAXHEALTH,100,11890,3399900,-277725,6883141020.0,100,5126,2050650,80850,2845101840.0,0.603,0.431,2026-05-19
MAZDOCK,128,22034,5574400,55200,11595539780.0,133,8309,2279400,68200,4054061320.0,0.409,0.377,2026-05-19
MCX,69,37288,7606475,368750,82515225062.5,71,23497,7407475,272325,46518159406.25,0.974,0.63,2026-05-19
MFSL,70,4132,2317600,62000,2803190240.0,73,1070,906400,-44000,690513020.0,0.391,0.259,2026-05-19
MIDCPNIFTY,566,122001,6718080,812040,215632211616.0,566,179727,8255400,978360,299545885914.0,1.229,1.473,2026-05-19
MOTHERSON,115,11147,50682150,7865850,9440168328.0,120,4736,44372250,7269300,3677973613.5,0.876,0.425,2026-05-19
MOTILALOFS,83,8451,3076750,959450,5840304985.0,85,2097,1555425,151900,1307143946.25,0.506,0.248,2026-05-19
MPHASIS,108,24906,2014375,64075,15912745901.25,103,10127,1455575,254375,6038139648.75,0.723,0.407,2026-05-19
MUTHOOTFIN,68,22033,4637875,-299200,21349893881.25,68,8070,2295150,-66550,7132142146.25,0.495,0.366,2026-05-19
NAM-INDIA,49,4232,1656875,-83750,2982782781.25,47,2347,1176250,43750,1557747781.25,0.71,0.555,2026-05-19
NATIONALUM,77,17208,32701875,354375,13552378781.25,77,6938,18358125,573750,5202701343.75,0.561,0.403,2026-05-19
NAUKRI,93,10841,3679125,148500,4042504837.5,92,2186,1187800,-29625,775864593.75,0.323,0.202,2026-05-19
NBCC,93,1984,27625000,-669500,1280229665.0,98,533,15912000,-526500,322347090.0,0.576,0.269,2026-05-19
NESTLEIND,101,9436,4873000,235000,7000034675.0,106,4327,3578000,-146000,3103272650.0,0.734,0.459,2026-05-19
NHPC,76,10803,78054400,-8198400,5756086336.0,75,3288,30259750,-550400,1646056128.0,0.388,0.304,2026-05-19
NIFTY,964,196751289,363552240,96159780,305178486735388.5,986,220270038,350450040,18988850,337238027907514.5,0.964,1.12,2026-05-19
NIFTYNXT50,713,423,12525,-50,746589681.25,713,178,3700,775,306414365.0,0.295,0.421,2026-05-19
NMDC,80,10109,95107500,3813750,6427654897.5,81,3650,48006000,1498500,2222241817.5,0.505,0.361,2026-05-19
NTPC,112,39163,82443000,4162500,23686904625.0,109,9416,19123500,964500,5529557700.0,0.232,0.24,2026-05-19
NUVAMA,89,6796,2383000,158500,5212389725.0,88,2557,1296500,-78500,1876776150.0,0.544,0.376,2026-05-19
NYKAA,81,2123,11362500,643750,1883681875.0,82,686,4278125,265625,575495781.25,0.377,0.323,2026-05-19
OBEROIRLTY,65,3027,1595300,-35350,1775392745.0,62,1543,878850,-50750,849436315.0,0.551,0.51,2026-05-19
OFSS,155,61663,869775,88650,46819716221.25,154,32625,702625,40500,22368027120.0,0.808,0.529,2026-05-19
OIL,104,6501,11853800,-169400,4817703590.0,104,3461,7953400,-364000,2419467330.0,0.671,0.532,2026-05-19
ONGC,98,37332,72947250,-465750,25735465462.5,96,14906,27225000,-1327500,9908014050.0,0.373,0.399,2026-05-19
PAGEIND,110,6194,39525,-1350,3714852517.5,106,8840,41445,4995,4374337401.0,1.049,1.427,2026-05-19
PATANJALI,79,16151,5078700,-567000,7102910610.0,79,5157,3943800,396900,2173261860.0,0.777,0.319,2026-05-19
PAYTM,101,15555,8597050,-68875,13157724487.5,108,8558,7063675,-186325,6903418100.0,0.822,0.55,2026-05-19
PERSISTENT,102,73514,1669600,2200,39423305335.0,97,42191,1403225,156800,21029486035.0,0.84,0.574,2026-05-19
PETRONET,101,2291,11493100,-494000,1214810125.0,101,1054,11508300,-271700,533879195.0,1.001,0.46,2026-05-19
PFC,76,11963,24492000,-449800,7146063340.0,75,4074,13401700,-92300,2301299715.0,0.547,0.341,2026-05-19
PGEL,66,25391,11427550,2637200,12124241192.5,66,12330,7727300,888250,5401835137.5,0.676,0.486,2026-05-19
PHOENIXLTD,72,2593,1101100,-25550,1642236627.5,70,1151,669200,-11550,711408652.5,0.608,0.444,2026-05-19
PIDILITIND,113,8368,4704500,-188000,6346870350.0,115,2226,2125500,-38000,1603888975.0,0.452,0.266,2026-05-19
PIIND,108,28098,1459850,259525,16289643300.0,109,15719,1082725,351400,8505191485.0,0.742,0.559,2026-05-19
PNB,104,14661,148240000,-6928000,12523790000.0,104,10103,96112000,856000,8173293040.0,0.648,0.689,2026-05-19
PNBHOUSING,78,2152,2364050,50050,1552806482.5,80,867,1565850,148200,578653562.5,0.662,0.403,2026-05-19
POLICYBZR,75,33050,3613400,84350,21486265325.0,78,14080,2299500,632450,8534597225.0,0.636,0.426,2026-05-19
POLYCAB,83,31754,2061000,126000,37755465281.25,92,15147,1803875,-63500,16784907025.0,0.875,0.477,2026-05-19
POWERGRID,116,29596,39413600,784700,17421769180.0,116,13031,16767500,13300,7372575510.0,0.425,0.44,2026-05-19
POWERINDIA,63,15754,241050,3600,14104837278.75,66,18903,191725,3750,11500965477.5,0.795,1.2,2026-05-19
PREMIERENE,75,12299,4904750,-993600,7330497727.5,76,3918,2242500,-239200,2188745003.75,0.457,0.319,2026-05-19
PRESTIGE,72,9005,2086650,74250,5817620880.0,70,2852,1403100,64350,1731681090.0,0.672,0.317,2026-05-19
RBLBANK,51,6407,34871025,-50800,7046996320.0,56,2375,14452600,463550,2438596691.25,0.414,0.371,2026-05-19
RECLTD,68,15248,30766575,1194200,7704173960.0,65,5427,18047575,168000,2584461460.0,0.587,0.356,2026-05-19
RELIANCE,120,232982,78695500,3616500,162216613150.0,121,262372,40586000,1907000,171546748475.0,0.516,1.126,2026-05-19
RVNL,57,9436,19802125,663375,4288448458.75,57,3047,12236950,544825,1333286781.25,0.618,0.323,2026-05-19
SAIL,69,32,9465800,-75200,30778185.0,69,35,6500100,-79900,29257735.0,0.687,1.094,2026-05-19
SAMMAANCAP,41,2580,26531000,1384600,1688993775.0,41,1132,15376800,326800,685392652.0,0.58,0.439,2026-05-19
SBICARD,62,6606,9383200,286400,3512504280.0,62,6030,5933600,-145600,3066081800.0,0.632,0.913,2026-05-19
SBILIFE,78,9888,4483125,347250,7156060443.75,77,3301,1971750,208500,2316043556.25,0.44,0.334,2026-05-19
SBIN,114,214115,132585750,-6590250,162425176012.5,113,87610,55563000,811500,61596123187.5,0.419,0.409,2026-05-19
SHREECEM,78,3517,86225,2900,2259200157.5,77,2707,45375,-400,1543260716.25,0.526,0.77,2026-05-19
SHRIRAMFIN,101,14246,17763900,-43725,11573870715.0,99,4567,9263100,-48675,3509028971.25,0.521,0.321,2026-05-19
SIEMENS,73,10566,1315125,12075,6951116908.75,70,3032,881475,41125,1879193741.25,0.67,0.287,2026-05-19
SOLARINDS,71,46894,395100,47950,44890905042.5,72,21569,381650,-18550,18811179895.0,0.966,0.46,2026-05-19
SONACOMS,96,2064,5421850,31850,1515848810.0,98,929,3209500,17150,650800605.0,0.592,0.45,2026-05-19
SRF,115,5181,1689400,14600,2875575220.0,120,2084,1313200,-10200,1096806850.0,0.777,0.402,2026-05-19
SUNPHARMA,85,44805,19059250,723100,30542842295.0,86,25510,11019750,-322700,16629910570.0,0.578,0.569,2026-05-19
SUPREMEIND,67,6147,1382150,89775,3989255200.0,66,4858,348950,-1225,2665057298.75,0.252,0.79,2026-05-19
SUZLON,54,10498,167305450,-3375350,5455506095.25,57,4684,80710575,5324750,2245539310.5,0.482,0.446,2026-05-19
SWIGGY,57,10340,15822825,-1366300,3721844620.0,55,4319,6714525,-707975,1424909335.0,0.424,0.418,2026-05-19
TATACONSUM,110,21219,5744200,239250,14695377097.5,112,6670,3478200,-58300,4447408405.0,0.606,0.314,2026-05-19
TATAELXSI,79,20833,1414550,-72825,9280378810.0,78,5271,563500,-11775,2167645936.25,0.398,0.253,2026-05-19
TATAPOWER,92,68094,44349700,-1232500,42789340645.0,89,24634,22827350,398750,14666340592.5,0.515,0.362,2026-05-19
TATASTEEL,73,109520,145037750,-4210250,66466303557.5,73,48668,74263750,-3434750,27781998062.5,0.512,0.444,2026-05-19
TCS,117,295608,19793375,-957725,125450136053.75,117,114905,12541500,343275,46331437111.25,0.634,0.389,2026-05-19
TECHM,70,62290,10619400,697200,57125958810.0,70,36144,7320000,787200,31285795920.0,0.689,0.58,2026-05-19
TIINDIA,132,9620,968400,4000,5754752240.0,128,2039,388400,-1600,1142047220.0,0.401,0.212,2026-05-19
TITAN,84,33171,7292250,395150,25176147377.5,84,19424,3737825,84875,13838439098.75,0.513,0.586,2026-05-19
TMPV,64,130453,47432000,3770400,39216029120.0,65,65825,24620800,2234400,18679771840.0,0.519,0.505,2026-05-19
TORNTPHARM,78,17690,777750,58125,10196779700.0,79,2188,380750,34000,1199689793.75,0.49,0.124,2026-05-19
TRENT,74,51114,4231600,171400,22003286880.0,68,21476,1479850,123900,8203153125.0,0.35,0.42,2026-05-19
TVSMOTOR,172,61786,4021150,-59500,37937815938.75,166,21067,1968750,138075,12082950836.25,0.49,0.341,2026-05-19
ULTRACEMCO,89,25391,1428950,60900,15303441330.0,93,15780,588800,36300,8552841647.5,0.412,0.621,2026-05-19
UNIONBANK,67,10900,67255575,-10305825,8605332501.75,67,2267,33236175,141600,1610399232.75,0.494,0.208,2026-05-19
UNITDSPR,120,11962,5341200,39600,6590183660.0,121,3608,3402000,-64000,1884215240.0,0.637,0.302,2026-05-19
UNOMINDA,58,27347,4384600,524150,17069259075.0,58,14621,1892550,91300,8171130082.5,0.432,0.535,2026-05-19
UPL,124,6185,11440265,467475,5570147617.75,126,2991,7138140,-105690,2598150034.5,0.624,0.484,2026-05-19
VBL,78,9834,12712500,-805500,5877745312.5,80,4767,5613750,-186750,2708126268.75,0.442,0.485,2026-05-19
VEDL,63,62728,39325400,-1836550,25212737712.5,63,27289,29523950,984400,10037820425.0,0.751,0.435,2026-05-19
VMM,110,2675,10931900,1585950,1644983521.0,110,445,5179800,87300,264195117.0,0.474,0.166,2026-05-19
VOLTAS,86,54950,7916250,-691875,28075866393.75,85,21574,4727625,-363375,10170990581.25,0.597,0.393,2026-05-19
WAAREEENER,66,18519,4737075,111825,10371233792.5,66,5301,2148825,-60025,2750383273.75,0.454,0.286,2026-05-19
WIPRO,70,71905,145557000,-9321000,43913674410.0,71,29133,82917000,3213000,16842891060.0,0.57,0.405,2026-05-19
YESBANK,29,11736,399106300,-13777300,8569536580.0,31,5977,283507600,4696100,3925803382.0,0.71,0.509,2026-05-19
ZYDUSLIFE,105,72755,8794800,3903300,70180824555.0,107,30320,5005800,1591200,27440775180.0,0.569,0.417,2026-05-19
360ONE,50,2363,916500,-11000,1347678500.0,54,578,594000,-40500,315625325.0,0.648,0.245,2026-05-20
ABB,149,67350,2296375,-92625,57501754243.75,141,20246,1175875,180500,16066020431.25,0.512,0.301,2026-05-20
ABCAPITAL,65,13702,20283300,-762600,15538182545.0,68,7838,13884900,-1205900,8407365230.0,0.685,0.572,2026-05-20
ADANIENSOL,79,10659,8048025,-104625,10170310353.75,75,4047,4083750,-2025,3535079422.5,0.507,0.38,2026-05-20
ADANIENT,126,32258,12279660,-287061,28104949646.4,137,17481,7918743,-49440,14305318260.149998,0.645,0.542,2026-05-20
ADANIGREEN,153,19216,12091800,-69000,16667076900.0,156,10004,8053800,-168000,7487733390.0,0.666,0.521,2026-05-20
ADANIPORTS,75,26197,10752100,-488775,22849442536.25,82,15714,7970500,-40375,12915498686.25,0.741,0.6,2026-05-20
ADANIPOWER,92,17303,54048750,-1590400,14423476192.0,97,4988,23550700,-745500,3755190674.5,0.436,0.288,2026-05-20
ALKEM,85,4033,432375,-15875,2895140837.5,88,1258,230000,18500,850668556.25,0.532,0.312,2026-05-20
AMBER,92,47486,3160200,-9400,36228086520.0,95,29898,1680600,-26400,20804725160.0,0.532,0.63,2026-05-20
AMBUJACEM,71,10123,21674100,473550,4819758615.0,71,3479,12935100,337050,1655351565.0,0.597,0.344,2026-05-20
ANGELONE,61,24059,24710000,-1422500,20484397125.0,59,12912,16022500,-1272500,10190678875.0,0.648,0.537,2026-05-20
APLAPOLLO,87,5571,1917300,-6300,3871940100.0,82,4019,1333500,117950,2555695765.0,0.696,0.721,2026-05-20
APOLLOHOSP,119,51837,1765500,401000,54959096950.0,121,20054,1087875,248000,19743208025.0,0.616,0.387,2026-05-20
ASHOKLEY,76,27076,118705000,-8530000,21996583950.0,74,13104,76585000,-1330000,9987071200.0,0.645,0.484,2026-05-20
ASIANPAINT,111,21901,7422250,-24750,14677535462.5,118,19179,4503500,-65000,12260270487.5,0.607,0.876,2026-05-20
ASTRAL,76,26549,5003950,-308550,17368313733.75,76,21853,2996250,-282625,13120475092.5,0.599,0.823,2026-05-20
AUBANK,85,12209,8520000,-181000,12392885350.0,88,6175,6250000,429000,5915253850.0,0.734,0.506,2026-05-20
AUROPHARMA,69,11370,4115650,266200,9897051340.0,65,6054,2952950,-204050,4857476552.5,0.717,0.532,2026-05-20
AXISBANK,102,63298,22966250,-874375,50754847656.25,98,30837,12283750,388750,23916822843.75,0.535,0.487,2026-05-20
BAJAJ-AUTO,94,80332,2031375,147900,64573092322.5,93,41065,1673025,190650,30943428322.5,0.824,0.511,2026-05-20
BAJAJFINSV,80,34044,6689750,-104300,15419010535.0,79,12310,3603750,130250,5473421462.5,0.539,0.362,2026-05-20
BAJAJHLDNG,80,1357,112150,-2450,740510632.5,84,1549,52100,-3050,717825765.0,0.465,1.141,2026-05-20
BAJFINANCE,81,28362,20984250,-1449000,20336427375.0,86,17114,14895750,-431250,11779765312.5,0.71,0.603,2026-05-20
BANDHANBNK,81,9689,39474000,-122400,7057505448.0,86,4532,24480000,-964800,3086930052.0,0.62,0.468,2026-05-20
BANKBARODA,91,19440,49154625,1009125,15460894946.25,86,11072,35968725,-327600,8414008053.75,0.732,0.57,2026-05-20
BANKINDIA,52,4288,33326800,364000,3254926948.0,51,2805,20087600,-57200,2091793184.0,0.603,0.654,2026-05-20
BANKNIFTY,605,2890074,22913490,254910,4803544322737.5,605,2099919,18413010,886650,3314965905574.5,0.804,0.727,2026-05-20
BDL,76,13627,3806400,-69300,6556933967.5,77,5296,2082850,81900,2420843740.0,0.547,0.389,2026-05-20
BEL,75,166995,82399200,6637650,105464625915.0,74,67738,37232400,699675,39832403700.0,0.452,0.406,2026-05-20
BHARATFORG,87,19722,4325000,-73500,19431391600.0,84,8622,2981500,49000,7962418375.0,0.689,0.437,2026-05-20
BHARTIARTL,86,59522,28187925,496850,55445419406.25,85,39392,15665500,-502550,34942794930.0,0.556,0.662,2026-05-20
BHEL,171,40761,61091625,288750,45137276231.25,175,23788,50615250,1722000,24450699000.0,0.829,0.584,2026-05-20
BIOCON,90,13263,25535000,-177500,14811654875.0,93,9741,21762500,-1840000,10073136750.0,0.852,0.734,2026-05-20
BLUESTARCO,96,10115,3009825,279175,5865281630.0,92,1563,1473225,5200,841090396.25,0.489,0.155,2026-05-20
BOSCHLTD,106,24306,192650,46400,24090889185.0,108,9503,99425,27475,8429594601.25,0.516,0.391,2026-05-20
BPCL,64,41017,33790275,-5275225,24791724601.25,66,25744,23672350,-1670850,14312517492.5,0.701,0.628,2026-05-20
BRITANNIA,104,15569,2594875,-16125,10868486825.0,104,6018,1122500,-77375,4028290731.25,0.433,0.387,2026-05-20
BSE,82,65689,8965525,-599625,107167370490.0,83,48711,8892000,-141750,74361781425.0,0.992,0.742,2026-05-20
CAMS,73,4430,4404750,-62250,2678323162.5,77,1933,3428250,-28500,1110118987.5,0.778,0.436,2026-05-20
CANBK,126,15529,114061500,-5460750,14064905947.5,125,9569,84307500,-783000,8315063167.5,0.739,0.616,2026-05-20
CDSL,59,36010,9566500,615600,21822579081.25,59,11936,5710925,411350,6889752426.25,0.597,0.331,2026-05-20
CGPOWER,77,38932,7625350,672350,28812829100.0,79,13670,5234300,666400,9514975437.5,0.686,0.351,2026-05-20
CHOLAFIN,83,5991,3897500,-169375,5916362625.0,82,3335,2825000,-215000,3207152312.5,0.725,0.557,2026-05-20
CIPLA,126,32322,9738675,107625,17597107218.75,131,22755,8838000,-781125,11807993418.75,0.908,0.704,2026-05-20
COALINDIA,80,26896,42954300,-2821500,17424399037.5,81,17097,25693200,-441450,10437336742.5,0.598,0.636,2026-05-20
COCHINSHIP,94,7731,2884400,-16000,4951781300.0,91,3169,1357200,-58800,1919385100.0,0.471,0.41,2026-05-20
COFORGE,78,83368,12839250,497250,46354115306.25,78,42588,10616450,487500,22009697531.25,0.827,0.511,2026-05-20
COLPAL,88,6398,2146950,-5400,3276691987.5,86,2562,1169550,-19350,1248821707.5,0.545,0.4,2026-05-20
CONCOR,79,3664,5060000,-571250,2475594500.0,82,1676,3656250,-2500,1064446875.0,0.723,0.457,2026-05-20
CROMPTON,113,9426,22339800,-1967400,5160986820.0,115,2369,13354200,-387000,1236606120.0,0.598,0.251,2026-05-20
CUMMINSIND,79,17656,1003000,32800,19504553860.0,82,9050,725600,80800,9522388570.0,0.723,0.513,2026-05-20
DABUR,89,13136,13790000,-456250,7798169812.5,88,7055,8755000,-255000,3919428062.5,0.635,0.537,2026-05-20
DALBHARAT,103,3654,1852500,-71500,2212300122.5,103,4468,1373450,229125,2428987145.0,0.741,1.223,2026-05-20
DELHIVERY,77,7549,13721975,-1425525,7593249293.75,76,2611,5395000,-70550,2490292782.5,0.393,0.346,2026-05-20
DIVISLAB,104,37785,1052500,-48900,26815658000.0,109,17384,770500,29300,11914898665.0,0.732,0.46,2026-05-20
DIXON,110,60384,2229450,-44500,35022651655.0,113,35346,1606550,-43850,19059483787.5,0.721,0.585,2026-05-20
DLF,100,28381,10611975,-92400,14087762122.5,103,25581,9316725,603075,11781195607.5,0.878,0.901,2026-05-20
DMART,77,25718,2240700,182100,16930794757.5,76,20417,873300,79950,12632183827.5,0.39,0.794,2026-05-20
DRREDDY,111,16337,12483750,-389375,13940373906.25,106,9866,6725625,-158125,8016777281.25,0.539,0.604,2026-05-20
EICHERMOT,108,24513,1613000,-3900,18347964675.0,111,8815,1083800,23800,6073121800.0,0.672,0.36,2026-05-20
ETERNAL,82,36554,97067900,-392850,22809942534.75,83,19941,46761275,-269175,11799207870.25,0.482,0.546,2026-05-20
EXIDEIND,146,5156,17346600,-343800,3389376420.0,150,2218,9963000,356400,1408243860.0,0.574,0.43,2026-05-20
FEDERALBNK,90,17597,35500000,-2162500,13102640750.0,90,6616,21065000,-157500,4693508375.0,0.593,0.376,2026-05-20
FINNIFTY,307,24556,742920,16260,38709409761.0,307,15239,479280,96960,22667642565.0,0.645,0.621,2026-05-20
FORCEMOT,44,9505,180600,-675,5009152867.5,41,3152,62250,-2575,1424010236.25,0.345,0.332,2026-05-20
FORTIS,69,6461,3414650,-169725,5019910987.5,71,1810,1684075,248000,1338296931.25,0.493,0.28,2026-05-20
GAIL,122,10669,29449350,1515150,5521759897.5,127,7613,25552800,2264850,3709762686.0,0.868,0.714,2026-05-20
GLENMARK,92,10457,2739750,-63375,9741904912.5,98,4208,1721250,52125,3707298975.0,0.628,0.402,2026-05-20
GMRAIRPORT,84,6127,57411225,-613800,4233903120.0,83,3307,37532475,-327825,2174005874.25,0.654,0.54,2026-05-20
GODFRYPHLP,115,21338,1797950,-42900,14410273322.5,118,7914,845625,-88825,4840764060.0,0.47,0.371,2026-05-20
GODREJCP,96,4398,3840500,-144500,2340193800.0,96,2578,2655500,173000,1304200400.0,0.691,0.586,2026-05-20
GODREJPROP,99,12302,3614025,132550,6091815303.75,98,6944,2186250,67100,3229250571.25,0.605,0.564,2026-05-20
GRASIM,109,66231,2604250,739750,50551020625.0,113,36459,2062750,741250,26160101212.5,0.792,0.55,2026-05-20
HAL,87,41395,5295000,-141450,28180478947.5,94,23539,2832750,-67800,15079052595.0,0.535,0.569,2026-05-20
HAVELLS,114,6672,5194500,-313000,4269742325.0,109,2117,2135500,39000,1271026750.0,0.411,0.317,2026-05-20
HCLTECH,127,48034,25703700,181600,20811575417.5,125,23409,11334550,-355550,9639666875.0,0.441,0.487,2026-05-20
HDFCAMC,111,8531,1659600,36300,7200018090.0,111,2865,1000800,44700,2255366190.0,0.603,0.336,2026-05-20
HDFCBANK,134,154979,88039550,1226200,67397085687.5,133,84753,49794250,1294300,35533290507.5,0.566,0.547,2026-05-20
HDFCLIFE,103,12405,21844900,94600,8538851530.0,105,4529,13147200,261800,3022017955.0,0.602,0.365,2026-05-20
HEROMOTOCO,99,34350,3303300,-89400,26789837632.5,99,14749,1721850,-32250,10876763947.5,0.521,0.429,2026-05-20
HINDALCO,91,104319,11382000,1113700,81681915700.0,91,62896,9893800,1112300,46737694955.0,0.869,0.603,2026-05-20
HINDPETRO,76,21609,20661075,342225,17233560506.25,79,10394,17202375,492075,7943377893.75,0.833,0.481,2026-05-20
HINDUNILVR,98,38994,11611500,457200,27058560225.0,100,16004,5233500,289500,10634273865.0,0.451,0.41,2026-05-20
HINDZINC,69,54496,25525325,-1498175,44362659661.25,72,18616,17228400,-109025,14245732147.5,0.675,0.342,2026-05-20
HYUNDAI,77,5312,1683000,-142175,2765533705.0,78,3792,986425,18975,1816223530.0,0.586,0.714,2026-05-20
ICICIBANK,106,94896,39020100,940800,84753972310.0,98,58451,23927400,-40600,50523647615.0,0.613,0.616,2026-05-20
ICICIGI,78,3750,1469650,191750,2267637888.75,76,2800,571350,-12675,1638518358.75,0.389,0.747,2026-05-20
ICICIPRULI,112,4479,7948525,50875,2214683655.0,113,4521,6375100,-341325,2119648230.0,0.802,1.009,2026-05-20
IDEA,32,31599,2201715900,44457450,33216639648.0,32,13552,1197706575,-26731650,12238095309.0,0.544,0.429,2026-05-20
IDFCFIRSTB,60,9510,129423350,500850,6272336913.5,61,7027,105521675,-74200,4342242061.5,0.815,0.739,2026-05-20
IEX,106,5516,48820500,-2089500,2762834380.5,112,2237,25047900,-1361250,1098263025.0,0.513,0.406,2026-05-20
INDHOTEL,102,7308,6828000,-129000,4930025850.0,109,3718,6042000,41000,2430145800.0,0.885,0.509,2026-05-20
INDIANB,89,6164,7580000,-348000,5309750300.0,85,2706,4846000,130000,2280280000.0,0.639,0.439,2026-05-20
INDIGO,82,34659,5637600,-150000,23294429017.5,88,25239,2747700,4350,16013835585.0,0.487,0.728,2026-05-20
INDUSINDBK,81,15255,7904400,-119700,9824626945.0,82,11581,6469400,-110600,7264989060.0,0.818,0.759,2026-05-20
INDUSTOWER,75,18334,31290200,3044700,13830870285.0,75,6673,22944900,360400,4833987230.0,0.733,0.364,2026-05-20
INFY,122,166485,39668000,-1290800,82218044620.0,118,108574,27576000,361200,50887136080.0,0.695,0.652,2026-05-20
INOXWIND,105,3336,30047125,471900,1242944953.25,106,1247,15854425,-17875,431259864.75,0.528,0.374,2026-05-20
IOC,137,37173,75270000,-5996250,25719740377.5,134,19090,53556750,1228500,12549442376.25,0.712,0.514,2026-05-20
IREDA,119,5070,25697300,-1075775,2358307798.25,118,2587,15943525,103500,1155556386.0,0.62,0.51,2026-05-20
IRFC,90,8169,60940025,-3128000,3662423347.5,91,2309,32239775,-629000,949745120.0,0.529,0.283,2026-05-20
ITC,99,55982,130264925,210475,28649750791.25,100,21190,44742525,491200,10484024960.0,0.343,0.379,2026-05-20
JINDALSTEL,95,16229,4164375,-59375,12741432937.5,96,10193,2659375,175625,7764540218.75,0.639,0.628,2026-05-20
JIOFIN,91,29086,80757750,554600,16916195585.0,89,10360,43829850,178600,5789827305.0,0.543,0.356,2026-05-20
JSWENERGY,111,19797,12284075,-433000,10889755600.0,110,8524,7204700,-193000,4525013400.0,0.587,0.431,2026-05-20
JSWSTEEL,87,15379,8083800,-656775,13671799346.25,90,8246,4482675,-149850,7105795503.75,0.555,0.536,2026-05-20
JUBLFOOD,94,16117,9988750,2213750,10039388375.0,89,8049,6915000,2000000,4623973437.5,0.692,0.499,2026-05-20
KALYANKJIL,100,26427,28891950,-504075,11589912771.25,99,12654,14103575,151575,5124409001.25,0.488,0.479,2026-05-20
KAYNES,125,3632,4313150,-251000,1425977450.0,123,964,2132600,-55400,336172335.0,0.494,0.265,2026-05-20
KEI,96,6013,772800,-39025,5663978530.0,98,2746,609350,-36225,2340784713.75,0.788,0.457,2026-05-20
KFINTECH,105,5923,4878500,-27000,2565018525.0,105,1750,2960650,121500,729530825.0,0.607,0.295,2026-05-20
KOTAKBANK,131,23608,46056000,-924000,18588661400.0,131,11244,29256000,-742000,8605165900.0,0.635,0.476,2026-05-20
KPITTECH,67,50461,7645325,168725,16746842651.25,68,11385,3567800,112200,3537696982.5,0.467,0.226,2026-05-20
LAURUSLABS,132,18131,8205900,276250,21364128905.0,132,12332,8697200,156400,13791133040.0,1.06,0.68,2026-05-20
LICHSGFIN,94,5683,9819000,188000,3230227950.0,95,2212,5947000,-54000,1188024600.0,0.606,0.389,2026-05-20
LICI,116,8077,9030000,114800,4789590855.0,113,3047,4064900,284900,1685475435.0,0.45,0.377,2026-05-20
LODHA,92,19742,3734550,257400,8138505082.5,95,22435,3394800,-163800,8646155415.0,0.909,1.136,2026-05-20
LT,142,42460,9170875,-28350,29938243580.0,143,19177,5759250,46025,13199085646.25,0.628,0.452,2026-05-20
LTF,51,8127,21476250,267750,5325340950.0,56,2435,13506750,231750,1509392137.5,0.629,0.3,2026-05-20
LTM,86,20925,1701300,43050,13706849062.5,86,12451,895350,-20250,7651894717.5,0.526,0.595,2026-05-20
LUPIN,114,25666,10296475,-110075,25991592272.5,114,6963,3794825,-62050,6723049415.0,0.369,0.271,2026-05-20
M&M,127,53810,5712000,-430800,34514540110.0,131,34513,5148600,145800,21260533400.0,0.901,0.641,2026-05-20
MANAPPURAM,52,22382,17262000,2946000,22377914850.0,56,7201,14232000,1737000,6731766900.0,0.824,0.322,2026-05-20
MANKIND,141,127530,2094750,546750,76255889760.0,135,41598,1283625,-8100,23474700618.75,0.613,0.326,2026-05-20
MARICO,123,5778,6798000,-860400,5944359000.0,125,4966,5596800,-174000,4851580080.0,0.823,0.859,2026-05-20
MARUTI,103,84264,2922300,-41200,56740978960.0,105,48048,1160600,140850,30847590095.0,0.397,0.57,2026-05-20
MAXHEALTH,103,7129,3513825,113925,4142395215.0,103,3623,2055900,5250,1995985818.75,0.585,0.508,2026-05-20
MAZDOCK,128,22781,5325200,-249200,11963554930.0,133,8843,2219200,-60200,4242062260.0,0.417,0.388,2026-05-20
MCX,69,21637,7551475,-55000,47906051656.25,71,15814,7359975,-47500,31988445625.0,0.975,0.731,2026-05-20
MFSL,70,4181,2158400,-159200,2863575720.0,73,973,863600,-42800,629995740.0,0.4,0.233,2026-05-20
MIDCPNIFTY,566,194468,6859320,141240,341613224844.0,566,191857,8196600,-58800,320608749882.0,1.195,0.987,2026-05-20
MOTHERSON,115,62117,80798700,30116550,53528851606.5,120,20935,53203650,8831400,16672333521.0,0.658,0.337,2026-05-20
MOTILALOFS,83,4748,3024050,-52700,3286450623.75,85,1038,1543800,-11625,668460633.75,0.511,0.219,2026-05-20
MPHASIS,108,8121,1968450,-45925,5166728971.25,103,2740,1430275,-25300,1643127090.0,0.727,0.337,2026-05-20
MUTHOOTFIN,68,26400,4145075,-492800,25205378591.25,68,12186,2339150,44000,10809681300.0,0.564,0.462,2026-05-20
NAM-INDIA,49,6665,1635000,-21875,4734541937.5,47,2104,1230000,53750,1386153812.5,0.752,0.316,2026-05-20
NATIONALUM,77,19232,32810625,108750,15109135593.75,77,8145,17690625,-667500,6103093593.75,0.539,0.424,2026-05-20
NAUKRI,93,9594,3717750,38625,3613262043.75,92,2043,1260550,72750,717448987.5,0.339,0.213,2026-05-20
NBCC,93,2350,27566500,-58500,1499602715.0,98,583,16003000,91000,351825565.0,0.581,0.248,2026-05-20
NESTLEIND,101,8522,4877500,4500,6263354875.0,106,5389,3497500,-80500,3785693350.0,0.717,0.632,2026-05-20
NHPC,76,14588,69971200,-8083200,7780641728.0,75,3802,29120550,-1139200,1907410496.0,0.416,0.261,2026-05-20
NIFTY,925,24285487,177130825,19347980,38081560138648.0,947,20189895,219393060,46451390,30454217099588.75,1.239,0.831,2026-05-20
NIFTYNXT50,713,493,13450,925,876068147.5,713,239,3725,25,408696433.75,0.277,0.485,2026-05-20
NMDC,80,15253,98617500,3510000,9550065375.0,81,4431,48093750,87750,2615081895.0,0.488,0.291,2026-05-20
NTPC,112,53130,81813000,-630000,32119980525.0,109,14435,21198000,2074500,8458976100.0,0.259,0.272,2026-05-20
NUVAMA,89,3313,2182500,-200500,2569826475.0,88,1267,1254000,-42500,876422825.0,0.575,0.382,2026-05-20
NYKAA,81,3659,12909375,1546875,3252763750.0,82,1037,5431250,1153125,875045156.25,0.421,0.283,2026-05-20
OBEROIRLTY,65,3920,1515850,-79450,2309021452.5,62,1596,858550,-20300,894502000.0,0.566,0.407,2026-05-20
OFSS,155,47517,1003875,134100,36092924328.75,154,18345,754225,51600,12513804386.25,0.751,0.386,2026-05-20
OIL,104,16666,11492600,-361200,12232851260.0,104,4833,7761600,-191800,3383549330.0,0.675,0.29,2026-05-20
ONGC,98,68536,75291750,2344500,47355012225.0,96,23169,28179000,954000,15476481225.0,0.374,0.338,2026-05-20
PAGEIND,118,2662,41745,2220,1600857115.5,118,6690,41190,-255,3229605028.5,0.987,2.513,2026-05-20
PATANJALI,80,4391,5435100,356400,1923455925.0,80,2271,3992400,48600,946016910.0,0.735,0.517,2026-05-20
PAYTM,101,21667,8085925,-511125,18612650297.5,108,11168,6847625,-216050,8956464327.5,0.847,0.515,2026-05-20
PERSISTENT,102,25850,1590800,-78800,13729532095.0,97,16093,1316925,-86300,8024657725.0,0.828,0.623,2026-05-20
PETRONET,101,2268,11491200,-1900,1191958350.0,101,1356,11514000,5700,689586855.0,1.002,0.598,2026-05-20
PFC,76,13888,23766600,-725400,8205968615.0,75,5632,13642200,240500,3169579075.0,0.574,0.406,2026-05-20
PGEL,66,20377,11666950,239400,9590528207.5,66,12136,6846650,-880650,5250488500.0,0.587,0.596,2026-05-20
PHOENIXLTD,72,3374,1091650,-9450,2127530230.0,70,3137,732550,63350,1914546707.5,0.671,0.93,2026-05-20
PIDILITIND,113,4039,4416500,-288000,3062259225.0,115,1708,2112000,-13500,1224721175.0,0.478,0.423,2026-05-20
PIIND,125,62121,2016000,556150,33574705456.25,123,66312,1185625,102900,34044434095.0,0.588,1.067,2026-05-20
PNB,104,20373,141944000,-6296000,17402155920.0,104,12298,94896000,-1216000,10039754400.0,0.669,0.604,2026-05-20
PNBHOUSING,78,1862,2407600,43550,1334252725.0,80,1144,1623050,57200,768838135.0,0.674,0.614,2026-05-20
POLICYBZR,83,22067,3700550,87150,14515516855.0,86,9941,2330650,31150,6169312590.0,0.63,0.45,2026-05-20
POLYCAB,83,31122,2157625,96625,36887969100.0,92,16963,1849500,45625,18897478281.25,0.857,0.545,2026-05-20
POWERGRID,116,23631,38437000,-976600,13841706150.0,116,7964,16670600,-96900,4486483585.0,0.434,0.337,2026-05-20
POWERINDIA,71,89293,244200,3150,83637120225.0,74,30789,265200,73475,24309123045.0,1.086,0.345,2026-05-20
PREMIERENE,75,10736,4512600,-392150,6364990272.5,76,2916,2006175,-236325,1633192165.0,0.445,0.272,2026-05-20
PRESTIGE,72,3991,2069100,-17550,2616346597.5,70,2701,1394100,-9000,1633729432.5,0.674,0.677,2026-05-20
RBLBANK,54,10255,32343725,-2527300,11182903878.75,57,3357,14404975,-47625,3422822561.25,0.445,0.327,2026-05-20
RECLTD,68,18007,31148775,382200,8988434700.0,65,6765,18642575,595000,3176165790.0,0.599,0.376,2026-05-20
RELIANCE,122,451051,74636500,-4059000,314189299975.0,122,380157,44264000,3678000,250537425975.0,0.593,0.843,2026-05-20
RVNL,59,12604,20009275,207150,5562031176.25,59,5729,13030025,793075,2423397661.25,0.651,0.455,2026-05-20
SAIL,69,44,9400000,-65800,40759622.0,69,64,6246300,-253800,51737459.0,0.664,1.455,2026-05-20
SAMMAANCAP,43,13826,29351800,2820800,8991986925.0,43,7134,19913300,4536500,4200496624.0,0.678,0.516,2026-05-20
SBICARD,62,8825,9824000,440800,4616965960.0,62,3050,6050400,116800,1531569280.0,0.616,0.346,2026-05-20
SBILIFE,78,5265,4557000,73875,3803995875.0,77,2292,1932750,-39000,1608596475.0,0.424,0.435,2026-05-20
SBIN,114,270700,123958500,-8627250,203681804062.5,113,121096,55876500,313500,84550599900.0,0.451,0.447,2026-05-20
SHREECEM,78,6520,83775,-2450,4342310138.75,77,20200,53250,7875,10175579931.25,0.636,3.098,2026-05-20
SHRIRAMFIN,101,18559,17541150,-222750,14965731453.75,99,7218,9259800,-3300,5509486290.0,0.528,0.389,2026-05-20
SIEMENS,73,32371,1400700,85575,21680926251.25,70,10108,1004500,123025,6314558040.0,0.717,0.312,2026-05-20
SOLARINDS,71,22586,378000,-17100,21441318590.0,72,15725,368900,-12750,13628269577.5,0.976,0.696,2026-05-20
SONACOMS,96,4912,5545575,123725,3640956392.5,98,2106,3529225,319725,1519394082.5,0.636,0.429,2026-05-20
SRF,115,6570,1727800,38400,3564518490.0,120,3216,1291400,-21800,1679666890.0,0.747,0.489,2026-05-20
SUNPHARMA,85,41802,19363400,304150,28354914682.5,86,19777,11026750,7000,12731597812.5,0.569,0.473,2026-05-20
SUPREMEIND,72,6469,1422925,40775,4262593536.25,71,1569,336000,-12950,922202715.0,0.236,0.243,2026-05-20
SUZLON,54,10778,158190200,-9115250,5637141801.25,57,3337,80051750,-658825,1568178765.5,0.506,0.31,2026-05-20
SWIGGY,57,7386,15805925,-16900,2662512255.0,55,2561,6542925,-171600,862114500.0,0.414,0.347,2026-05-20
TATACONSUM,110,18339,5614950,-129250,12563165312.5,112,8211,3463350,-14850,5381479152.5,0.617,0.448,2026-05-20
TATAELXSI,79,11576,1375350,-39200,5117762925.0,78,3281,585625,22125,1370722915.0,0.426,0.283,2026-05-20
TATAPOWER,92,32632,45387900,1038200,20471652957.5,89,12434,22925950,98600,7451571605.0,0.505,0.381,2026-05-20
TATASTEEL,73,134634,145442000,404250,79345728687.5,73,82589,76430750,2167000,46248961247.5,0.526,0.613,2026-05-20
TCS,117,116321,20783575,990200,49136793545.0,117,49390,12704425,162925,19889907077.5,0.611,0.425,2026-05-20
TECHM,70,23516,10579800,-39600,21254946930.0,70,15857,6719400,-600600,13694637000.0,0.635,0.674,2026-05-20
TIINDIA,132,19606,890800,-77600,11959571030.0,128,5286,458800,70400,3019300360.0,0.515,0.27,2026-05-20
TITAN,84,44720,7051450,-240800,33499034371.25,84,19888,3564400,-173425,14145260193.75,0.505,0.445,2026-05-20
TMPV,64,90315,48431200,999200,27093479520.0,65,44544,25216800,596000,12700813280.0,0.521,0.493,2026-05-20
TORNTPHARM,78,13627,786375,8625,7937592950.0,79,2157,351125,-29625,1173367068.75,0.447,0.158,2026-05-20
TRENT,74,41481,3983200,-248400,17907415905.0,68,17758,1534550,54700,6877393290.0,0.385,0.428,2026-05-20
TVSMOTOR,172,64471,3545150,-476000,39257675870.0,166,20856,2037875,69125,12124553533.75,0.575,0.323,2026-05-20
ULTRACEMCO,92,22884,1422600,-6350,13570415925.0,95,14192,585450,-3350,7828431557.5,0.412,0.62,2026-05-20
UNIONBANK,67,9720,60560550,-6695025,7402668654.75,67,3153,33479550,243375,2249327726.25,0.553,0.324,2026-05-20
UNITDSPR,120,12185,5036800,-304400,6618382440.0,121,3264,3288000,-114000,1706455480.0,0.653,0.268,2026-05-20
UNOMINDA,58,16212,4134350,-250250,9997345627.5,58,4077,1827650,-64900,2313108600.0,0.442,0.251,2026-05-20
UPL,124,6617,11077125,-363140,5855544289.5,126,2777,7001285,-136855,2393779788.25,0.632,0.42,2026-05-20
VBL,78,8916,12687750,-24750,5322534243.75,80,3281,5529375,-84375,1874237287.5,0.436,0.368,2026-05-20
VEDL,63,57219,42559200,3233800,23388881930.0,63,27885,29981650,457700,10322089097.5,0.704,0.487,2026-05-20
VMM,110,2560,10044350,-887550,1565555313.5,110,538,5189500,9700,316074160.5,0.517,0.21,2026-05-20
VOLTAS,86,27967,8128125,211875,14274729731.25,85,9816,4630125,-97500,4702383300.0,0.57,0.351,2026-05-20
WAAREEENER,66,26568,4656225,-80850,14887705411.25,66,5643,2150925,2100,2968193970.0,0.462,0.212,2026-05-20
WIPRO,70,39387,141612000,-3945000,24095112690.0,71,21795,85857000,2940000,12706667430.0,0.606,0.553,2026-05-20
YESBANK,29,10752,405201900,6095600,7825590059.0,31,7282,273959900,-9547700,4768969477.0,0.676,0.677,2026-05-20
ZYDUSLIFE,113,145832,16363800,7569000,145481246190.0,115,60005,6470100,1464300,56430972990.0,0.395,0.411,2026-05-20
360ONE,50,6804,954000,37500,3917528050.0,54,2191,744000,150000,1215869675.0,0.78,0.322,2026-05-21
ABB,149,41456,2286875,-9500,35880328556.25,141,13974,1146000,-29875,11238763700.0,0.501,0.337,2026-05-21
ABCAPITAL,65,10409,20252300,-31000,11877572035.0,68,5975,13671000,-213900,6434922960.0,0.675,0.574,2026-05-21
ADANIENSOL,79,19525,8411850,363825,18961724193.75,75,6683,4028400,-55350,6052284225.0,0.479,0.342,2026-05-21
ADANIENT,126,49042,11374290,-905370,42877819854.450005,137,26230,7576062,-342681,21381709925.25,0.666,0.535,2026-05-21
ADANIGREEN,153,25090,11668800,-423000,21775845660.0,156,16909,7700400,-353400,12965663130.0,0.66,0.674,2026-05-21
ADANIPORTS,75,34388,10417700,-334400,30125298403.75,82,23090,8200400,229900,18962580426.25,0.787,0.671,2026-05-21
ADANIPOWER,92,23223,48613700,-5435050,19405687020.5,97,8849,22045500,-1505200,6777318419.0,0.453,0.381,2026-05-21
ALKEM,85,10962,445375,13000,7823431506.25,88,4958,228500,-1500,3361654412.5,0.513,0.452,2026-05-21
AMBER,94,171745,3295500,135300,135612903130.0,96,77313,1932200,251600,55810429920.0,0.586,0.45,2026-05-21
AMBUJACEM,71,11305,21121800,-552300,5391036262.5,71,4502,12462600,-472500,2101385527.5,0.59,0.398,2026-05-21
ANGELONE,76,69043,24200000,-510000,60574377375.0,74,30314,19712500,3690000,24661531625.0,0.815,0.439,2026-05-21
APLAPOLLO,90,4050,1913450,-3850,2746831237.5,85,2184,1261400,-72100,1390646145.0,0.659,0.539,2026-05-21
APOLLOHOSP,119,161230,1762250,-3250,171992330181.25,121,81604,1765250,677375,82468388631.25,1.002,0.506,2026-05-21
ASHOKLEY,76,30925,125915000,7210000,25351573750.0,74,12480,76785000,200000,9563778000.0,0.61,0.404,2026-05-21
ASIANPAINT,111,37489,6677000,-745250,25392066262.5,118,19466,4506250,2750,12582320150.0,0.675,0.519,2026-05-21
ASTRAL,76,29180,4214300,-789650,19309925468.75,76,14157,2680050,-316200,8630154698.75,0.636,0.485,2026-05-21
AUBANK,85,9388,8602000,82000,9435297400.0,88,4445,6125000,-125000,4304057300.0,0.712,0.473,2026-05-21
AUROPHARMA,69,22429,5215100,1099450,19847018125.0,65,10623,3463900,510950,8731122152.5,0.664,0.474,2026-05-21
AXISBANK,102,51270,21791250,-1175000,41206638937.5,98,32527,11818750,-465000,25336447156.25,0.542,0.634,2026-05-21
BAJAJ-AUTO,94,78503,2071050,39675,64044116692.5,93,49141,1674525,1500,37995497193.75,0.809,0.626,2026-05-21
BAJAJFINSV,80,21584,6772500,82750,9809918800.0,79,10323,3534250,-69500,4568308737.5,0.522,0.478,2026-05-21
BAJAJHLDNG,80,1987,106450,-5700,1086185332.5,84,1972,53650,1550,917814737.5,0.504,0.992,2026-05-21
BAJFINANCE,81,44115,21776250,792000,31405554375.0,86,26973,15000000,104250,18559886550.0,0.689,0.611,2026-05-21
BANDHANBNK,81,10923,40453200,979200,8013116412.0,86,6470,25210800,730800,4461168744.0,0.623,0.592,2026-05-21
BANKBARODA,91,13035,49324275,169650,10500250995.0,86,8753,37445850,1477125,7060203686.25,0.759,0.671,2026-05-21
BANKINDIA,52,3937,32052800,-1274000,2992025660.0,51,1807,20779200,691600,1361933820.0,0.648,0.459,2026-05-21
BANKNIFTY,605,2978893,26036160,3122670,4963267161036.0,605,2655395,18710640,297630,4210931323138.5,0.719,0.891,2026-05-21
BDL,76,16633,3914900,108500,8019141970.0,77,5698,2063950,-18900,2662108592.5,0.527,0.343,2026-05-21
BEL,78,137239,71867025,-10532175,86236398390.0,76,51879,35619300,-1613100,30807647636.25,0.496,0.378,2026-05-21
BHARATFORG,87,10476,4221000,-104000,10447959800.0,84,4133,2885000,-96500,3846179300.0,0.683,0.395,2026-05-21
BHARTIARTL,86,86279,27795100,-392825,79839228088.75,85,53110,14731175,-934325,47344366701.25,0.53,0.616,2026-05-21
BHEL,171,31958,59164875,-1926750,35567963943.75,175,20727,46312875,-4302375,21571278225.0,0.783,0.649,2026-05-21
BIOCON,92,11030,25445000,-90000,12316217000.0,95,6700,21122500,-640000,7101750750.0,0.83,0.607,2026-05-21
BLUESTARCO,96,5151,2931825,-78000,2985960428.75,92,1679,1485250,12025,911462776.25,0.507,0.326,2026-05-21
BOSCHLTD,129,84648,393900,201250,80593908872.5,129,40204,129775,30350,34924658635.0,0.329,0.475,2026-05-21
BPCL,64,25443,31959450,-1830825,15497994455.0,66,15096,22325400,-1346950,8629681920.0,0.699,0.593,2026-05-21
BRITANNIA,104,22923,2470125,-124750,16003010125.0,104,8688,1129375,6875,5765669056.25,0.457,0.379,2026-05-21
BSE,82,47813,9399025,433500,78330712837.5,83,39559,8359125,-532875,60955727981.25,0.889,0.827,2026-05-21
CAMS,73,4063,4411500,6750,2460383775.0,77,2693,3498000,69750,1564844512.5,0.793,0.663,2026-05-21
CANBK,126,11845,110295000,-3766500,10768981252.5,125,6342,82842750,-1464750,5508982260.0,0.751,0.535,2026-05-21
CDSL,59,35204,10611500,1045000,21291862958.75,59,13617,6269050,558125,7867613646.25,0.591,0.387,2026-05-21
CGPOWER,77,20009,7092400,-532950,15128815737.5,79,8930,5170550,-63750,6379344350.0,0.729,0.446,2026-05-21
CHOLAFIN,83,9515,4398750,501250,9344310718.75,82,4798,2881250,56250,4612990250.0,0.655,0.504,2026-05-21
CIPLA,126,20594,9395925,-342750,11119489818.75,131,14494,8471625,-366375,7530032250.0,0.902,0.704,2026-05-21
COALINDIA,80,39534,40425750,-2528550,25450729267.5,81,25431,24719850,-973350,15764404815.0,0.611,0.643,2026-05-21
COCHINSHIP,94,10199,2661600,-222800,6610123640.0,91,2721,1363600,6400,1680733180.0,0.512,0.267,2026-05-21
COFORGE,78,53120,12297375,-541875,28984151737.5,78,41729,9754700,-861750,21297021562.5,0.793,0.786,2026-05-21
COLPAL,88,13615,2050425,-96525,6940237736.25,86,8382,1083150,-86400,3989418952.5,0.528,0.616,2026-05-21
CONCOR,79,4297,4733750,-326250,2920027625.0,82,1679,3652500,-3750,1107336687.5,0.772,0.391,2026-05-21
CROMPTON,113,7960,21922200,-417600,4351352040.0,115,2613,13077000,-277200,1363935060.0,0.597,0.328,2026-05-21
CUMMINSIND,79,7285,995600,-7400,8064219590.0,82,3682,674200,-51400,3928113390.0,0.677,0.505,2026-05-21
DABUR,89,14641,13688750,-101250,8568577125.0,88,5339,8925000,170000,2980365375.0,0.652,0.365,2026-05-21
DALBHARAT,103,7571,1847625,-4875,4468233688.75,103,3727,1261325,-112125,2052935105.0,0.683,0.492,2026-05-21
DELHIVERY,77,5702,13715750,-6225,5628125005.0,76,1978,5243525,-151475,1877360815.0,0.382,0.347,2026-05-21
DIVISLAB,104,8603,1036900,-15600,6105195095.0,109,4560,788300,17800,3097869595.0,0.76,0.53,2026-05-21
DIXON,110,134804,1996550,-232900,78789547400.0,113,70562,1477400,-129150,38480758860.0,0.74,0.523,2026-05-21
DLF,100,15305,10838025,226050,7709508427.5,103,12433,8558550,-758175,5849097746.25,0.79,0.812,2026-05-21
DMART,79,34185,2244750,4050,22300357695.0,78,16980,892800,19500,10582019677.5,0.398,0.497,2026-05-21
DRREDDY,111,24643,11401875,-1081875,20995304000.0,106,13609,6518750,-206875,11100727156.25,0.572,0.552,2026-05-21
EICHERMOT,112,25054,1671400,58400,18638381730.0,113,9066,1129300,45500,6274217860.0,0.676,0.362,2026-05-21
ETERNAL,82,43140,94802950,-2264950,26810793719.25,83,25972,47416025,654750,15358951336.5,0.5,0.602,2026-05-21
EXIDEIND,146,4555,17060400,-286200,2969200710.0,150,2160,10171800,208800,1350578610.0,0.596,0.474,2026-05-21
FEDERALBNK,90,20883,37587500,2087500,15434286250.0,90,10404,20665000,-400000,7461625250.0,0.55,0.498,2026-05-21
FINNIFTY,307,29733,773520,30600,46853168799.0,307,18461,486900,7620,27499645464.0,0.629,0.621,2026-05-21
FORCEMOT,44,24849,199275,18675,12955214741.25,41,10111,63275,1025,4543743181.25,0.318,0.407,2026-05-21
FORTIS,69,10824,3757975,343325,8457126120.0,71,2684,1787925,103850,2007652418.75,0.476,0.248,2026-05-21
GAIL,122,12518,32634000,3184650,6467143410.0,127,10547,29118600,3565800,5193247468.5,0.892,0.843,2026-05-21
GLENMARK,92,11483,2814000,74250,10666767543.75,98,2685,1681500,-39750,2377538812.5,0.598,0.234,2026-05-21
GMRAIRPORT,84,9026,56288250,-1122975,6291286296.75,83,3053,35509725,-2022750,2033919555.75,0.631,0.338,2026-05-21
GODFRYPHLP,115,16448,1772650,-25300,11190478227.5,118,7997,904475,58850,4933645846.25,0.51,0.486,2026-05-21
GODREJCP,96,4021,3607000,-233500,2137881050.0,96,1826,2568500,-87000,940583950.0,0.712,0.454,2026-05-21
GODREJPROP,99,16691,3731175,117150,8335638795.0,98,9739,2272875,86625,4617815015.0,0.609,0.583,2026-05-21
GRASIM,139,200804,3316500,712250,159693046387.5,143,81838,3805000,1742250,62390268687.5,1.147,0.408,2026-05-21
HAL,87,57642,5159100,-135900,39578284222.5,94,31082,2884200,51450,20272092772.5,0.559,0.539,2026-05-21
HAVELLS,114,8573,4937500,-257000,5432835475.0,109,2836,2087000,-48500,1723567000.0,0.423,0.331,2026-05-21
HCLTECH,127,51217,24480850,-1222850,22082110395.0,125,25507,11328700,-5850,10471787715.0,0.463,0.498,2026-05-21
HDFCAMC,111,14930,1603800,-55800,12716608275.0,111,6501,1035300,34500,5183244270.0,0.646,0.435,2026-05-21
HDFCBANK,134,196201,87150950,-888600,85358211777.5,133,127668,50143100,348850,53267263367.5,0.575,0.651,2026-05-21
HDFCLIFE,103,16622,21811900,-33000,11486064975.0,105,5842,14000800,853600,3924961535.0,0.642,0.351,2026-05-21
HEROMOTOCO,99,25339,3118950,-184350,19848570510.0,99,10420,1713900,-7950,7733765745.0,0.55,0.411,2026-05-21
HINDALCO,91,64382,10845100,-536900,51167805990.0,91,42321,10192000,298200,32145547420.0,0.94,0.657,2026-05-21
HINDPETRO,76,17610,18727200,-1933875,14310452047.5,79,10277,15946875,-1255500,7900163887.5,0.852,0.584,2026-05-21
HINDUNILVR,102,33851,11765400,153900,23471953875.0,102,17885,5569200,335700,11782311030.0,0.473,0.528,2026-05-21
HINDZINC,69,29459,24512250,-1013075,24106936087.5,72,16715,17640000,411600,12645736862.5,0.72,0.567,2026-05-21
HYUNDAI,77,13547,1604900,-78100,7083494687.5,78,5692,976250,-10175,2774925230.0,0.608,0.42,2026-05-21
ICICIBANK,106,90104,39284700,264600,80542315875.0,98,71617,24086300,158900,61825629285.0,0.613,0.795,2026-05-21
ICICIGI,78,5633,1582100,112450,3399761625.0,76,1847,537225,-34125,1076031710.0,0.34,0.328,2026-05-21
ICICIPRULI,113,4735,7768150,-180375,2327054412.5,114,2742,6371400,-3700,1291925531.25,0.82,0.579,2026-05-21
IDEA,32,27087,2031962775,-169753125,28417074099.75,32,11489,1110721500,-86985075,10694205289.5,0.547,0.424,2026-05-21
IDFCFIRSTB,60,7568,128551500,-871850,5006982517.25,61,6057,102933950,-2587725,3852148742.75,0.801,0.8,2026-05-21
IEX,106,6428,45517350,-3303150,3273242287.5,112,2760,24624150,-423750,1350492450.0,0.541,0.429,2026-05-21
INDHOTEL,102,7916,6742000,-86000,5358055800.0,109,5146,5732000,-310000,3372189550.0,0.85,0.65,2026-05-21
INDIANB,89,5535,7265000,-315000,4740773850.0,85,2220,4667000,-179000,1849902450.0,0.642,0.401,2026-05-21
INDIGO,82,124233,5796000,158400,84882255885.0,88,55045,3068550,320850,35693008140.0,0.529,0.443,2026-05-21
INDUSINDBK,81,18874,7833700,-70700,12220667655.0,82,11850,6129200,-340200,7447604850.0,0.782,0.628,2026-05-21
INDUSTOWER,75,22374,32005900,715700,16978203790.0,75,14293,26081400,3136500,10387968660.0,0.815,0.639,2026-05-21
INFY,122,146315,40194000,526000,71720840060.0,118,86301,27554800,-21200,40594596120.0,0.686,0.59,2026-05-21
INOXWIND,105,2601,28252475,-1794650,973496309.5,106,929,16118975,264550,324927853.25,0.571,0.357,2026-05-21
IOC,137,32158,69366375,-5903625,22588801998.75,134,17759,52464750,-1092000,11950557986.25,0.756,0.552,2026-05-21
IREDA,119,3892,25947225,249925,1822255071.75,118,1915,16119475,175950,844851421.5,0.621,0.492,2026-05-21
IRFC,90,9355,57030025,-3910000,4135861532.5,91,3392,33000525,760750,1429547765.0,0.579,0.363,2026-05-21
ITC,99,109954,137786700,7521775,56174284183.75,100,56484,52104250,7361725,27788312312.5,0.378,0.514,2026-05-21
JINDALSTEL,95,11175,4553750,389375,8790355218.75,96,6139,2817500,158125,4678063125.0,0.619,0.549,2026-05-21
JIOFIN,91,26049,79895300,-862450,15292715381.0,89,12412,44133000,303150,6950134188.5,0.552,0.476,2026-05-21
JSWENERGY,111,27416,12291075,7000,15418702500.0,110,14225,7848700,644000,7672405858.75,0.639,0.519,2026-05-21
JSWSTEEL,87,16772,7636275,-447525,14895192498.75,90,7558,4470525,-12150,6529519991.25,0.585,0.451,2026-05-21
JUBLFOOD,96,65454,16341250,6352500,38144916500.0,92,39518,9432500,2517500,21925247187.5,0.577,0.604,2026-05-21
KALYANKJIL,100,34121,26869950,-2022000,14944029417.5,99,16129,14278650,175075,6521264863.75,0.531,0.473,2026-05-21
KAYNES,127,4578,4050150,-263000,1732771010.0,125,1994,2016900,-115700,692436685.0,0.498,0.436,2026-05-21
KEI,96,20185,858375,85575,19057137321.25,98,7133,646800,37450,6273818775.0,0.754,0.353,2026-05-21
KFINTECH,105,8503,4589500,-289000,3707640050.0,105,3635,2807650,-153000,1523464925.0,0.612,0.427,2026-05-21
KOTAKBANK,131,19943,45994000,-62000,15663844600.0,131,8302,29338000,82000,6384002800.0,0.638,0.416,2026-05-21
KPITTECH,67,20294,7499550,-145775,6714020438.75,68,4833,3337025,-230775,1509714027.5,0.445,0.238,2026-05-21
LAURUSLABS,137,13359,8144700,-61200,15717583962.5,137,10626,8210150,-487050,12001337085.0,1.008,0.795,2026-05-21
LICHSGFIN,94,4600,9717000,-102000,2624074250.0,95,2241,5961000,14000,1227471500.0,0.613,0.487,2026-05-21
LICI,116,26182,11151700,2121700,15463505785.0,113,11984,5058200,993300,6691861960.0,0.454,0.458,2026-05-21
LODHA,92,13243,3670650,-63900,5532676785.0,95,9655,3324600,-70200,3725187705.0,0.906,0.729,2026-05-21
LT,142,58445,9153375,-17500,41550642280.0,143,25812,5942650,183400,17701478138.75,0.649,0.442,2026-05-21
LTF,51,8944,23517000,2040750,5782678200.0,56,3906,14638500,1131750,2408483700.0,0.622,0.437,2026-05-21
LTM,86,12627,1707300,6000,8172350085.0,86,6590,921750,26400,4027742167.5,0.54,0.522,2026-05-21
LUPIN,114,24710,9842575,-453900,24979205042.5,114,8635,3862400,67575,8415627448.75,0.392,0.349,2026-05-21
M&M,127,36212,5769200,57200,23377565720.0,131,19136,5067000,-81600,11917252010.0,0.878,0.528,2026-05-21
MANAPPURAM,52,9929,14679000,-2583000,9935681850.0,56,5397,12513000,-1719000,5096420250.0,0.852,0.544,2026-05-21
MANKIND,141,39170,1576575,-518175,23597766157.5,135,18579,1118625,-165000,10607807940.0,0.71,0.474,2026-05-21
MARICO,123,3356,6793200,-4800,3442943820.0,125,2632,4975200,-621600,2559208620.0,0.732,0.784,2026-05-21
MARUTI,103,61468,2743450,-178850,41687336727.5,105,32510,1066000,-94600,20948368510.0,0.389,0.529,2026-05-21
MAXHEALTH,106,47699,5206950,1693125,28407703222.5,106,21658,3255000,1199100,12236794237.5,0.625,0.454,2026-05-21
MAZDOCK,128,27525,5353600,28400,14518413290.0,133,9265,2255600,36400,4593392490.0,0.421,0.337,2026-05-21
MCX,69,32884,8323975,772500,72342428593.75,71,25456,7072075,-287900,52050375062.5,0.85,0.774,2026-05-21
MFSL,70,3766,2001600,-156800,2558097120.0,73,2300,769600,-94000,1469024960.0,0.384,0.611,2026-05-21
MIDCPNIFTY,566,176181,7903680,1044360,311349883650.0,566,222701,8327760,131160,375783360732.0,1.054,1.264,2026-05-21
MOTHERSON,115,55736,68086650,-12712050,48313212127.5,120,21184,51223350,-1980300,17333180664.0,0.752,0.38,2026-05-21
MOTILALOFS,83,9998,2783800,-240250,6987332536.25,85,1289,1516675,-27125,829288168.75,0.545,0.129,2026-05-21
MPHASIS,108,4825,1860375,-108075,3073206427.5,103,2270,1417625,-12650,1388063668.75,0.762,0.47,2026-05-21
MUTHOOTFIN,68,16326,3997675,-147400,15624505352.5,68,10327,2248950,-90200,9206909635.0,0.563,0.633,2026-05-21
NAM-INDIA,49,9376,1904375,269375,6706867343.75,47,1830,1177500,-52500,1228579218.75,0.618,0.195,2026-05-21
NATIONALUM,77,19549,31295625,-1515000,15671042812.5,77,9136,18108750,418125,6927930375.0,0.579,0.467,2026-05-21
NAUKRI,93,10263,3871125,153375,3871911825.0,92,3951,1315675,55125,1402944468.75,0.34,0.385,2026-05-21
NBCC,93,2459,26065000,-1501500,1584540360.0,98,1162,15288000,-715000,709974525.0,0.587,0.473,2026-05-21
NESTLEIND,103,6742,4757000,-120500,4906502575.0,108,4079,3398000,-99500,2878587275.0,0.714,0.605,2026-05-21
NHPC,76,9200,66067200,-3904000,4913054144.0,75,3010,29427750,307200,1532178304.0,0.445,0.327,2026-05-21
NIFTY,926,23694417,234823285,57692460,37298774357926.25,948,24863383,234803885,15410825,37620464167786.5,1.0,1.049,2026-05-21
NIFTYNXT50,713,623,13325,-125,1106044805.0,713,394,7950,4225,667932226.25,0.597,0.632,2026-05-21
NMDC,80,9685,98941500,324000,6092430322.5,81,2770,45792000,-2301750,1632587130.0,0.463,0.286,2026-05-21
NTPC,112,40576,81574500,-238500,24401525400.0,109,17021,19401000,-1797000,10002500925.0,0.238,0.419,2026-05-21
NUVAMA,89,5107,1986000,-196500,3990851700.0,88,1298,1196500,-57500,942138500.0,0.602,0.254,2026-05-21
NYKAA,81,11701,19668750,6759375,10561439531.25,82,3790,8084375,2653125,3207454062.5,0.411,0.324,2026-05-21
OBEROIRLTY,65,14758,1551900,36050,8815875757.5,62,4867,866250,7700,2818941860.0,0.558,0.33,2026-05-21
OFSS,155,11375,911025,-92850,8662923975.0,154,14260,722650,-31575,8881216027.5,0.793,1.254,2026-05-21
OIL,104,6771,11247600,-245000,4981402580.0,104,2696,7863800,102200,1872141040.0,0.699,0.398,2026-05-21
ONGC,98,38627,76961250,1669500,26417733412.5,96,16018,27861750,-317250,10656060412.5,0.362,0.415,2026-05-21
PAGEIND,118,46087,89595,47850,27916457485.5,118,29809,60990,19800,16438564935.75,0.681,0.647,2026-05-21
PATANJALI,80,3585,5293800,-141300,1564518285.0,80,1112,4088700,96300,467166915.0,0.772,0.31,2026-05-21
PAYTM,101,13928,7550875,-535050,12020269377.5,108,8982,6528625,-319000,7400680846.25,0.865,0.645,2026-05-21
PERSISTENT,102,16006,1576200,-14600,8484929910.0,97,13875,1259225,-57700,6883338040.0,0.799,0.867,2026-05-21
PETRONET,101,5088,10605800,-885400,2687098560.0,101,2653,11189100,-324900,1370488525.0,1.055,0.521,2026-05-21
PFC,76,23313,23968100,201500,13783724760.0,75,9611,13491400,-150800,5456216805.0,0.563,0.412,2026-05-21
PGEL,66,13185,10199200,-1467750,6322525785.0,66,5263,6234850,-611800,2327207637.5,0.611,0.399,2026-05-21
PHOENIXLTD,72,9458,1083250,-8400,6062069055.0,70,3704,689850,-42700,2240521447.5,0.637,0.392,2026-05-21
PIDILITIND,113,6025,4096500,-320000,4565113675.0,115,2515,1982500,-129500,1813600250.0,0.484,0.417,2026-05-21
PIIND,145,72008,3293850,1277850,36912754558.75,142,48669,1875125,689500,23550962688.75,0.569,0.676,2026-05-21
PNB,104,15448,143904000,1960000,13315063600.0,104,10758,95856000,960000,8840954160.0,0.666,0.696,2026-05-21
PNBHOUSING,78,1382,2335450,-72150,983618317.5,80,1051,1578200,-44850,649257960.0,0.676,0.76,2026-05-21
POLICYBZR,87,7536,3502450,-198100,4936914097.5,90,4170,2556750,226100,2588566645.0,0.73,0.553,2026-05-21
POLYCAB,83,30880,2273750,116125,36656104675.0,92,14315,1877500,28000,15973245368.75,0.826,0.464,2026-05-21
POWERGRID,116,25369,36162700,-2274300,14915613225.0,116,13816,16910000,239400,7873412375.0,0.468,0.545,2026-05-21
POWERINDIA,71,45648,260200,16000,44261531862.5,74,29005,303875,38675,22734578763.75,1.168,0.635,2026-05-21
PREMIERENE,75,17378,3610000,-902600,10325112343.75,76,6883,2032625,26450,3930756982.5,0.563,0.396,2026-05-21
PRESTIGE,72,14046,2453400,384300,9226061167.5,70,4520,1524600,130500,2806054402.5,0.621,0.322,2026-05-21
RBLBANK,54,7876,30086300,-2257425,8703234911.25,57,3178,14624050,219075,3347679042.5,0.486,0.404,2026-05-21
RECLTD,68,18447,30405375,-743400,9210826380.0,65,7619,18764725,122150,3687807060.0,0.617,0.413,2026-05-21
RELIANCE,122,340580,75800000,1163500,238409986450.0,122,332049,42264500,-1999500,221525090225.0,0.558,0.975,2026-05-21
RVNL,60,16383,20333050,323775,7255752580.0,60,4228,13553100,523075,1788726561.25,0.667,0.258,2026-05-21
SAIL,69,30,9371800,-28200,28011013.0,69,11,6265100,18800,9511625.0,0.669,0.367,2026-05-21
SAMMAANCAP,48,66178,35337400,5985600,45976291053.0,48,31884,33071300,13158000,20364961637.0,0.936,0.482,2026-05-21
SBICARD,62,12998,10489600,665600,6790580040.0,62,5987,6456800,406400,3039600040.0,0.616,0.461,2026-05-21
SBILIFE,78,6833,4634250,77250,4900549518.75,77,2698,1713750,-219000,1880171006.25,0.37,0.395,2026-05-21
SBIN,114,217501,116949750,-7008750,163795387162.5,113,105218,54876000,-1000500,74763670350.0,0.469,0.484,2026-05-21
SHREECEM,78,5290,82950,-825,3463104838.75,77,3742,48175,-5075,2037026715.0,0.581,0.707,2026-05-21
SHRIRAMFIN,101,27091,19277775,1736625,21732162952.5,99,10431,9551025,291225,7965085631.25,0.495,0.385,2026-05-21
SIEMENS,73,26931,1446550,45850,18325809363.75,70,7806,1004850,350,5004238190.0,0.695,0.29,2026-05-21
SOLARINDS,73,31081,383100,5100,29812477167.5,74,13812,344850,-24050,12113000692.5,0.9,0.444,2026-05-21
SONACOMS,96,2035,5367950,-177625,1510791275.0,98,811,3512075,-17150,582264427.5,0.654,0.399,2026-05-21
SRF,115,6062,1730400,2600,3292631970.0,120,2864,1294400,3000,1535355050.0,0.748,0.472,2026-05-21
SUNPHARMA,85,55195,18827900,-535500,37499414995.0,86,28931,11106900,80150,18693722950.0,0.59,0.524,2026-05-21
SUPREMEIND,72,7732,1408050,-14875,4938196060.0,71,2070,367325,31325,1213283041.25,0.261,0.268,2026-05-21
SUZLON,54,11757,164345250,6155050,6044054503.25,57,5245,84564250,4512500,2521359555.5,0.515,0.446,2026-05-21
SWIGGY,57,8752,16622325,816400,3122501785.0,55,3573,6425925,-117000,1175134090.0,0.387,0.408,2026-05-21
TATACONSUM,110,22079,5211250,-403700,14957732075.0,112,7141,3378650,-84700,4694925895.0,0.648,0.323,2026-05-21
TATAELXSI,79,13706,1381450,6100,6202206865.0,78,4082,579925,-5700,1742242360.0,0.42,0.298,2026-05-21
TATAPOWER,92,37356,42139900,-3248000,23277735442.5,89,11931,22312600,-613350,7136781390.0,0.529,0.319,2026-05-21
TATASTEEL,73,82327,138935500,-6506500,48874433080.0,73,88283,78023000,1592250,49282214135.0,0.562,1.072,2026-05-21
TCS,117,129463,20035500,-748075,54532406605.0,117,48586,12449075,-255350,19886436800.0,0.621,0.375,2026-05-21
TECHM,70,17267,10534200,-45600,15427362420.0,70,11757,6388200,-331200,9987316980.0,0.606,0.681,2026-05-21
TIINDIA,132,15028,898800,8000,9415788150.0,128,6053,464600,5800,3541029450.0,0.517,0.403,2026-05-21
TITAN,84,39222,6622175,-429275,29477058520.0,84,16540,3537625,-26775,11795311272.5,0.534,0.422,2026-05-21
TMPV,64,77253,48736800,305600,23140042960.0,65,37624,25808000,591200,10740339560.0,0.53,0.487,2026-05-21
TORNTPHARM,78,12945,759375,-27000,7561264512.5,79,2803,338625,-12500,1526747287.5,0.446,0.217,2026-05-21
TRENT,74,71546,3608400,-374800,30903841245.0,68,25739,1554700,20150,10485651480.0,0.431,0.36,2026-05-21
TVSMOTOR,172,24144,3140550,-404600,14926607578.75,166,8801,1975400,-62475,5123544396.25,0.629,0.365,2026-05-21
ULTRACEMCO,92,21219,1262050,-160550,12730459125.0,95,15293,555150,-30300,7940339550.0,0.44,0.721,2026-05-21
UNIONBANK,67,11658,56308125,-4252425,8858040357.75,67,4678,33050325,-429225,3385585067.25,0.587,0.401,2026-05-21
UNITDSPR,120,9986,4696800,-340000,5405393160.0,121,3137,3294400,6400,1706162060.0,0.701,0.314,2026-05-21
UNOMINDA,58,9304,3565650,-568700,5774929985.0,58,4425,1739650,-88000,2535131252.5,0.488,0.476,2026-05-21
UPL,124,8355,10921300,-155825,7391922624.75,126,4749,6775000,-226285,4161900995.75,0.62,0.568,2026-05-21
VBL,78,33933,17506125,4818375,20542752168.75,80,13350,6646500,1117125,7772854106.25,0.38,0.393,2026-05-21
VEDL,63,46735,43391800,832600,18966353265.0,63,18542,28704000,-1277650,6842215317.5,0.662,0.397,2026-05-21
VMM,110,2916,9282900,-761450,1789604943.5,110,642,5024600,-164900,378974198.5,0.541,0.22,2026-05-21
VOLTAS,86,26012,8007375,-120750,13262263387.5,85,11498,4632000,1875,5496510206.25,0.578,0.442,2026-05-21
WAAREEENER,66,40651,4336325,-319900,22805002176.25,66,8623,2089500,-61425,4526249070.0,0.482,0.212,2026-05-21
WIPRO,70,53214,144819000,3207000,32632182720.0,71,31019,85662000,-195000,18218663310.0,0.592,0.583,2026-05-21
YESBANK,29,19925,431854600,26652700,14278720013.0,31,13160,262795000,-11164900,8598274846.0,0.609,0.66,2026-05-21
ZYDUSLIFE,113,29814,13844700,-2519100,29172368385.0,115,10165,5755500,-714600,9436258080.0,0.416,0.341,2026-05-21
360ONE,50,2709,795000,-159000,1555591125.0,54,3789,820000,76000,2098134475.0,1.031,1.399,2026-05-22
ABB,149,38335,1964250,-322625,33148201993.75,141,14799,1165750,19750,12125379206.25,0.593,0.386,2026-05-22
ABCAPITAL,65,8843,17515000,-2737300,10092019155.0,68,3745,13426100,-244900,4039762675.0,0.767,0.423,2026-05-22
ADANIENSOL,79,25107,7057800,-1354050,24356648092.5,75,5924,3718575,-309825,5377405556.25,0.527,0.236,2026-05-22
ADANIENT,126,32461,10720446,-653844,28352462014.5,137,22397,7810284,234222,18330536810.4,0.729,0.69,2026-05-22
ADANIGREEN,153,17463,10526400,-1142400,15117031050.0,156,13113,7772400,72000,10122598680.0,0.738,0.751,2026-05-22
ADANIPORTS,75,24032,10078075,-339625,21039167471.25,82,44464,7582900,-617500,34566759470.0,0.752,1.85,2026-05-22
ADANIPOWER,92,15713,44801000,-3812700,12981688706.0,97,4954,20700050,-1345450,3751940436.5,0.462,0.315,2026-05-22
ALKEM,85,5910,445000,-375,4252405675.0,88,2541,219500,-9000,1728024681.25,0.493,0.43,2026-05-22
AMBER,94,100419,3701200,405700,79726083665.0,96,57310,1838200,-94000,41804400795.0,0.497,0.571,2026-05-22
AMBUJACEM,71,11778,19467000,-1654800,5693284590.0,71,5920,11667750,-794850,2887151400.0,0.599,0.503,2026-05-22
ANGELONE,76,29829,22945000,-1255000,26347921125.0,74,14229,19530000,-182500,11760794500.0,0.851,0.477,2026-05-22
APLAPOLLO,90,5818,1821750,-91700,3952507265.0,85,1573,1183350,-78050,1028654865.0,0.65,0.27,2026-05-22
APOLLOHOSP,129,55139,1556625,-205625,58949953112.5,131,39509,1635000,-130250,40168418312.5,1.05,0.717,2026-05-22
ASHOKLEY,76,32618,114050000,-11865000,27183844600.0,74,14303,76430000,-355000,11201983050.0,0.67,0.439,2026-05-22
ASIANPAINT,111,96572,7467000,790000,65480729712.5,118,42780,4734000,227750,27764012362.5,0.634,0.443,2026-05-22
ASTRAL,76,54854,3444200,-770100,36847159787.5,76,21445,2780350,100300,13661005031.25,0.807,0.391,2026-05-22
AUBANK,87,13654,8317000,-285000,13847616550.0,90,5853,6458000,333000,5700046550.0,0.776,0.429,2026-05-22
AUROPHARMA,71,47966,5539600,324500,40712804275.0,67,40662,3464450,550,32654319417.5,0.625,0.848,2026-05-22
AXISBANK,102,102556,19865625,-1925625,83550375218.75,98,51539,14021250,2202500,40810143437.5,0.706,0.503,2026-05-22
BAJAJ-AUTO,94,49110,2006400,-64650,39956155128.75,93,28902,1586325,-88200,22477315462.5,0.791,0.589,2026-05-22
BAJAJFINSV,80,20601,6661250,-111250,9356453562.5,79,9828,3574250,40000,4435277100.0,0.537,0.477,2026-05-22
BAJAJHLDNG,80,1939,98750,-7700,1065919172.5,84,1961,53750,100,896095932.5,0.544,1.011,2026-05-22
BAJFINANCE,81,37737,20207250,-1569000,26903785687.5,86,20551,14744250,-255750,14149336612.5,0.73,0.545,2026-05-22
BANDHANBNK,81,12452,41144400,691200,9251377848.0,86,6156,25426800,216000,4289151996.0,0.618,0.494,2026-05-22
BANKBARODA,91,18194,48745125,-579150,14602353918.75,86,11774,38446200,1000350,9322003665.0,0.789,0.647,2026-05-22
BANKINDIA,52,3709,31428800,-624000,2838459104.0,51,1718,19624800,-1154400,1281598292.0,0.624,0.463,2026-05-22
BANKNIFTY,605,4679565,27982200,1946040,7786385937237.0,605,4120687,21970650,3260010,6594847146433.5,0.785,0.881,2026-05-22
BDL,76,13369,3717150,-197750,6624330667.5,77,5032,2086350,22400,2336545750.0,0.561,0.376,2026-05-22
BEL,78,69780,66967875,-4899150,43613995455.0,76,22457,36481425,862125,13366245423.75,0.545,0.322,2026-05-22
BHARATFORG,87,6482,3892000,-329000,6545041825.0,84,2310,2771500,-113500,2146670650.0,0.712,0.356,2026-05-22
BHARTIARTL,86,90783,26575300,-1219800,83306905643.75,85,47671,13333725,-1397450,42311336858.75,0.502,0.525,2026-05-22
BHEL,171,30883,55461000,-3703875,34366154550.0,175,18610,43260000,-3052875,19498390931.25,0.78,0.603,2026-05-22
BIOCON,92,11997,23560000,-1885000,13224930625.0,95,7262,19527500,-1595000,7590755250.0,0.829,0.605,2026-05-22
BLUESTARCO,96,5491,2646475,-285350,3211160988.75,92,1603,1485250,0,867062868.75,0.561,0.292,2026-05-22
BOSCHLTD,129,172107,374500,-19400,162951939863.75,129,60706,159175,29400,53131170811.25,0.425,0.353,2026-05-22
BPCL,64,16608,30164175,-1795275,10117444581.25,66,9670,21290500,-1034900,5547574735.0,0.706,0.582,2026-05-22
BRITANNIA,104,13504,2286250,-183875,9418427450.0,104,4329,1130750,1375,2903136450.0,0.495,0.321,2026-05-22
BSE,82,55070,8690650,-708375,89729345643.75,83,43652,8504625,145500,66796369687.5,0.979,0.793,2026-05-22
CAMS,73,5133,4171500,-240000,3063787725.0,77,3677,3213000,-285000,2114122500.0,0.77,0.716,2026-05-22
CANBK,126,12744,109066500,-1228500,11608711155.0,125,8757,84820500,1977750,7890728670.0,0.778,0.687,2026-05-22
CDSL,59,18904,10106100,-505400,11492349571.25,59,8143,6271900,2850,4713781820.0,0.621,0.431,2026-05-22
CGPOWER,77,12137,6766850,-325550,9191877347.5,79,4691,4952100,-218450,3363454250.0,0.732,0.387,2026-05-22
CHOLAFIN,85,8240,4536250,137500,8151280593.75,83,5559,2976250,95000,5298151656.25,0.656,0.675,2026-05-22
CIPLA,126,24790,9000300,-395625,13309572693.75,131,18013,7814625,-657000,9361141631.25,0.868,0.727,2026-05-22
COALINDIA,80,29855,39286350,-1139400,19235011747.5,81,13816,23458950,-1260900,8586839565.0,0.597,0.463,2026-05-22
COCHINSHIP,94,5527,2368400,-293200,3598186880.0,91,1583,1264400,-99200,974753820.0,0.534,0.286,2026-05-22
COFORGE,78,45429,11278875,-1018500,24655718681.25,78,25286,9497450,-257250,12799993406.25,0.842,0.557,2026-05-22
COLPAL,88,26047,1998900,-51525,13185395145.0,86,13662,1213650,130500,6421138548.75,0.607,0.525,2026-05-22
CONCOR,79,2535,4603750,-130000,1711492750.0,82,1333,3541250,-111250,861714000.0,0.769,0.526,2026-05-22
CROMPTON,113,15132,20818800,-1103400,8331514470.0,115,6061,12013200,-1063800,3184860780.0,0.577,0.401,2026-05-22
CUMMINSIND,79,4193,962400,-33200,4655352650.0,82,2043,660400,-13800,2162458400.0,0.686,0.487,2026-05-22
DABUR,89,7655,12735000,-953750,4540400375.0,88,4265,8516250,-408750,2393392125.0,0.669,0.557,2026-05-22
DALBHARAT,103,19206,2075775,228150,11487238652.5,103,6449,1307800,46475,3710989018.75,0.63,0.336,2026-05-22
DELHIVERY,77,8660,13070425,-645325,8491749712.5,76,1854,4882475,-361050,1745356992.5,0.374,0.214,2026-05-22
DIVISLAB,104,29121,1134000,97100,20827862945.0,109,19583,1020800,232500,13315946700.0,0.9,0.672,2026-05-22
DIXON,126,375014,2134400,137850,228383830987.5,129,157935,1676550,199150,89483234082.5,0.785,0.421,2026-05-22
DLF,100,17755,11063250,225225,8973828600.0,103,11619,7681575,-876975,5556807588.75,0.694,0.654,2026-05-22
DMART,79,20637,2140200,-104550,13417682377.5,78,8828,886350,-6450,5467543177.5,0.414,0.428,2026-05-22
DRREDDY,111,21361,10004375,-1397500,18070162750.0,106,11989,5910625,-608125,9768446187.5,0.591,0.561,2026-05-22
EICHERMOT,112,61901,2142500,471100,45806311875.0,113,21236,1408400,279100,14656056490.0,0.657,0.343,2026-05-22
ETERNAL,82,47083,89688625,-5114325,29049218681.25,83,28565,47384500,-31525,16662084790.0,0.528,0.607,2026-05-22
EXIDEIND,146,3749,16286400,-774000,2429629920.0,150,1886,9862200,-309600,1181023920.0,0.606,0.503,2026-05-22
FEDERALBNK,90,13635,33062500,-4525000,10074876625.0,90,6183,19995000,-670000,4435508875.0,0.605,0.453,2026-05-22
FINNIFTY,307,72038,882540,109020,112733445294.0,307,63186,619980,133080,95022560550.0,0.702,0.877,2026-05-22
FORCEMOT,44,42363,164850,-34425,22622131320.0,41,12965,56300,-6975,6169495486.25,0.342,0.306,2026-05-22
FORTIS,69,14725,3949400,191425,11408720478.75,71,8122,2581525,793600,5946573605.0,0.654,0.552,2026-05-22
GAIL,122,26420,31749650,-884350,13650872013.0,127,22149,28549250,-569350,11226081759.5,0.899,0.838,2026-05-22
GLENMARK,99,41833,3103125,289125,37550761593.75,103,40553,1784250,102750,34341023681.25,0.575,0.969,2026-05-22
GMRAIRPORT,84,6032,50736150,-5552100,4220307450.0,83,2636,33919425,-1590300,1769070575.25,0.669,0.437,2026-05-22
GODFRYPHLP,115,7080,1533400,-239250,4789385163.75,118,3076,854975,-49500,1927274896.25,0.558,0.434,2026-05-22
GODREJCP,96,5200,3253000,-354000,2780783175.0,96,2549,2334000,-234500,1312590675.0,0.717,0.49,2026-05-22
GODREJPROP,99,21381,3309875,-421300,10668749863.75,98,9453,2332000,59125,4483524347.5,0.705,0.442,2026-05-22
GRASIM,139,35629,2831500,-485000,28818410125.0,143,27493,3168000,-637000,21195063975.0,1.119,0.772,2026-05-22
HAL,87,42099,4509300,-649800,29167733017.5,94,18163,2882850,-1350,11861738992.5,0.639,0.431,2026-05-22
HAVELLS,114,6581,4535500,-402000,4148245400.0,109,2303,2007000,-80000,1416060250.0,0.443,0.35,2026-05-22
HCLTECH,127,64020,26241350,1760500,27903973737.5,125,22311,11117500,-211200,9176431975.0,0.424,0.349,2026-05-22
HDFCAMC,111,8118,1531800,-72000,6947491650.0,111,2491,1012800,-22500,2025778965.0,0.661,0.307,2026-05-22
HDFCBANK,134,301008,84130200,-3020750,131152260460.0,133,172081,50695150,552050,72519564440.0,0.603,0.572,2026-05-22
HDFCLIFE,103,15368,21731600,-80300,10683821390.0,105,6947,14667400,666600,4697986480.0,0.675,0.452,2026-05-22
HEROMOTOCO,99,25051,2886600,-232350,19570373287.5,99,10831,1724850,10950,8072123257.5,0.598,0.432,2026-05-22
HINDALCO,91,53556,11856600,1011500,42934287165.0,91,36876,12463500,2271500,28080251325.0,1.051,0.689,2026-05-22
HINDPETRO,76,10915,18356625,-370575,8936676540.0,79,6462,14995125,-951750,5019444348.75,0.817,0.592,2026-05-22
HINDUNILVR,105,40490,11083500,-681900,27889076250.0,105,23328,5438100,-131100,15356864925.0,0.491,0.576,2026-05-22
HINDZINC,69,72859,24083500,-428750,59354653785.0,72,17770,16905000,-735000,13467820520.0,0.702,0.244,2026-05-22
HYUNDAI,77,5712,1445950,-158950,2995371926.25,78,3002,940775,-35475,1498533946.25,0.651,0.526,2026-05-22
ICICIBANK,106,158235,37834300,-1450400,143537511810.0,98,101029,27441400,3355100,89271312375.0,0.725,0.638,2026-05-22
ICICIGI,78,11117,1263925,-318175,6791478915.0,76,2637,507650,-29575,1539654691.25,0.402,0.237,2026-05-22
ICICIPRULI,113,6627,7877300,109150,3299180387.5,114,3445,6380650,9250,1640106353.75,0.81,0.52,2026-05-22
IDEA,32,30654,1932398100,-99564675,32432917702.5,32,13008,1099642875,-11078625,11805694431.0,0.569,0.424,2026-05-22
IDFCFIRSTB,60,10980,121799300,-6752200,7267151060.75,61,8097,102998875,64925,5191801083.0,0.846,0.737,2026-05-22
IEX,106,9211,40157250,-5360100,4613707935.0,112,4394,22194150,-2430000,2174148375.0,0.553,0.477,2026-05-22
INDHOTEL,102,5385,6310000,-432000,3643657900.0,109,3041,5511000,-221000,1979550450.0,0.873,0.565,2026-05-22
INDIANB,89,6034,6634000,-631000,5214904200.0,85,2634,4388000,-279000,2178580250.0,0.661,0.437,2026-05-22
INDIGO,82,63331,5735400,-60600,43471534335.0,88,43082,3489450,420900,28047192120.0,0.608,0.68,2026-05-22
INDUSINDBK,81,14408,7193900,-639800,9427871880.0,82,11847,5675600,-453600,7477796410.0,0.789,0.822,2026-05-22
INDUSTOWER,75,13663,32606000,600100,10340839645.0,75,8391,26448600,367200,6133711945.0,0.811,0.614,2026-05-22
INFY,122,166456,39492400,-701600,80951122420.0,118,83172,28153200,598400,38703575080.0,0.713,0.5,2026-05-22
INOXWIND,105,4675,27233600,-1018875,1692544389.25,106,1463,16215500,96525,508687822.5,0.595,0.313,2026-05-22
IOC,137,15770,67055625,-2310750,11112950306.25,134,8880,50929125,-1535625,6000496856.25,0.76,0.563,2026-05-22
IREDA,119,6231,25765450,-181775,2918068850.75,118,2711,16705975,586500,1214047134.0,0.648,0.435,2026-05-22
IRFC,90,6560,54981525,-2048500,2926918900.0,91,2588,31517275,-1483250,1113973662.5,0.573,0.395,2026-05-22
ITC,99,187118,143988375,6201675,94413961413.75,100,86732,50490375,-1613875,42360982915.0,0.351,0.464,2026-05-22
JINDALSTEL,98,6377,4183125,-370625,4964014718.75,98,3054,2815000,-2500,2313284562.5,0.673,0.479,2026-05-22
JIOFIN,91,39560,76436100,-3459200,23371032987.0,89,17907,45326800,1193800,10226436767.0,0.593,0.453,2026-05-22
JSWENERGY,111,13478,11504075,-787000,7632884700.0,110,5486,8381200,532500,2968060508.75,0.729,0.407,2026-05-22
JSWSTEEL,87,11087,6776325,-859950,9851142341.25,90,5935,4212675,-257850,5113286696.25,0.622,0.535,2026-05-22
JUBLFOOD,96,39411,14710000,-1631250,22468270687.5,92,15252,8153750,-1278750,8287986250.0,0.554,0.387,2026-05-22
KALYANKJIL,100,39603,24401275,-2468675,17457058366.25,99,21447,13339825,-938825,8810760392.5,0.547,0.542,2026-05-22
KAYNES,127,8299,3639950,-410200,3041282250.0,125,4010,1816300,-200600,1354108005.0,0.499,0.483,2026-05-22
KEI,96,25302,900200,41825,23992546900.0,98,8340,659925,13125,7399770927.5,0.733,0.33,2026-05-22
KFINTECH,105,5945,4624000,34500,2591916800.0,105,1706,2785225,-22425,716577050.0,0.602,0.287,2026-05-22
KOTAKBANK,131,22629,45532000,-462000,17823724900.0,131,11498,30578000,1240000,8887791400.0,0.672,0.508,2026-05-22
KPITTECH,67,22486,5819950,-1679600,7505191811.25,68,6588,3127500,-209525,2075026460.0,0.537,0.293,2026-05-22
LAURUSLABS,137,10442,7662750,-481950,12226608250.0,137,9033,8201650,-8500,10080585115.0,1.07,0.865,2026-05-22
LICHSGFIN,94,5780,9317000,-400000,3251461000.0,95,3268,6133000,172000,1763592050.0,0.658,0.565,2026-05-22
LICI,116,111040,12439700,1288000,66117683940.0,113,35794,5597200,539000,20291424860.0,0.45,0.322,2026-05-22
LODHA,92,5668,3474450,-196200,2357406652.5,95,4325,3063600,-261000,1685828317.5,0.882,0.763,2026-05-22
LT,142,50267,8363250,-790125,35849051245.0,143,28992,5896975,-45675,19869301768.75,0.705,0.577,2026-05-22
LTF,54,12398,23042250,-474750,7942797112.5,57,5371,14121000,-517500,3269668162.5,0.613,0.433,2026-05-22
LTM,86,30153,1904400,197100,19118974942.5,86,17542,926100,4350,10571539147.5,0.486,0.582,2026-05-22
LUPIN,114,27320,8746925,-1095650,27397135825.0,114,10013,3865375,2975,9742548275.0,0.442,0.367,2026-05-22
M&M,127,42012,5562000,-207200,27075972480.0,131,24411,5111800,44800,15310773460.0,0.919,0.581,2026-05-22
MANAPPURAM,52,7347,13479000,-1200000,7380711900.0,56,4632,11286000,-1227000,4381426500.0,0.837,0.63,2026-05-22
MANKIND,141,10859,1415925,-160650,6398185961.25,135,8191,955950,-162675,4504811478.75,0.675,0.754,2026-05-22
MARICO,123,2411,6301200,-492000,2481806040.0,125,1399,4579200,-396000,1367697120.0,0.727,0.58,2026-05-22
MARUTI,103,100471,2683150,-60300,67906505315.0,105,44636,1053950,-12050,28978814047.5,0.393,0.444,2026-05-22
MAXHEALTH,110,133014,8031975,2825025,75420869186.25,110,95219,3863475,608475,51461352573.75,0.481,0.716,2026-05-22
MAZDOCK,128,29996,4988600,-365000,15645198940.0,133,8250,2145600,-110000,4070986350.0,0.43,0.275,2026-05-22
MCX,69,37757,8506475,182500,81849540656.25,71,28418,6504175,-567900,55809279000.0,0.765,0.753,2026-05-22
MFSL,70,15660,1835600,-166000,10657611920.0,73,3299,835600,66000,2156254600.0,0.455,0.211,2026-05-22
MIDCPNIFTY,566,333389,8158200,254520,586807113972.0,566,274845,8926080,598320,467880330216.0,1.094,0.824,2026-05-22
MOTHERSON,126,19610,56936700,-11149950,17087131648.5,132,9375,46340250,-4883100,7686009855.0,0.814,0.478,2026-05-22
MOTILALOFS,83,3507,2454425,-329375,2400457255.0,85,912,1526750,10075,577958807.5,0.622,0.26,2026-05-22
MPHASIS,108,7373,1760550,-99825,4652234056.25,103,4971,1469600,51975,3009782050.0,0.835,0.674,2026-05-22
MUTHOOTFIN,68,15790,3339875,-657800,15090837478.75,68,7312,1983850,-265100,6526468905.0,0.594,0.463,2026-05-22
NAM-INDIA,49,4979,1736250,-168125,3495122593.75,47,1027,1174375,-3125,671526156.25,0.676,0.206,2026-05-22
NATIONALUM,77,13124,27251250,-4044375,10549282218.75,77,6497,16818750,-1290000,4893275250.0,0.617,0.495,2026-05-22
NAUKRI,94,154046,5362300,1491175,57952709050.0,93,64111,2792800,1477125,22766497912.5,0.521,0.416,2026-05-22
NBCC,93,4421,23055500,-3009500,2861151085.0,98,2004,14521000,-767000,1236540630.0,0.63,0.453,2026-05-22
NESTLEIND,107,7284,4608000,-149000,5323011800.0,113,3898,3374500,-23500,2749337750.0,0.732,0.535,2026-05-22
NHPC,76,6574,62784000,-3283200,3516435456.0,75,2145,28858150,-569600,1076251328.0,0.46,0.326,2026-05-22
NIFTY,926,38716027,229868245,-4955040,60820165037446.75,948,37692654,247121380,12317495,57478020575407.25,1.075,0.974,2026-05-22
NIFTYNXT50,713,1321,14975,1650,2337675043.75,713,757,14125,6175,1293639386.25,0.943,0.573,2026-05-22
NMDC,80,6964,95850000,-3091500,4381174440.0,81,1930,44975250,-816750,1139537092.5,0.469,0.277,2026-05-22
NTPC,112,64851,82861500,1287000,38839771500.0,109,28677,22867500,3466500,16883108025.0,0.276,0.442,2026-05-22
NUVAMA,89,3123,1826000,-160000,2430317100.0,88,787,1128000,-68500,568574550.0,0.618,0.252,2026-05-22
NYKAA,81,69415,29965625,10296875,63024039687.5,82,18198,10437500,2353125,15537298437.5,0.348,0.262,2026-05-22
OBEROIRLTY,65,5257,1344000,-207900,3132129017.5,62,1800,732550,-133700,1037941695.0,0.545,0.342,2026-05-22
OFSS,155,18332,802575,-108450,13676916048.75,154,13576,661675,-60975,9218065215.0,0.824,0.741,2026-05-22
OIL,104,5730,10173800,-1073800,4188956240.0,104,2421,7376600,-487200,1681722420.0,0.725,0.423,2026-05-22
ONGC,98,36489,78374250,1413000,24796308150.0,96,16527,26255250,-1606500,10899608850.0,0.335,0.453,2026-05-22
PAGEIND,152,183408,154320,64725,112479863741.25,152,78247,83775,22785,44229859023.0,0.543,0.427,2026-05-22
PATANJALI,80,2255,5139900,-153900,983276415.0,80,825,4120200,31500,351859770.0,0.802,0.366,2026-05-22
PAYTM,101,37236,9229250,1678375,31396001822.5,108,24762,7110800,582175,19926282147.5,0.77,0.665,2026-05-22
PERSISTENT,102,32070,1540000,-36200,16799642185.0,97,16344,1231825,-27400,8126918920.0,0.8,0.51,2026-05-22
PETRONET,101,7709,10214400,-391400,4153907965.0,101,5950,9880000,-1309100,3086292360.0,0.967,0.772,2026-05-22
PFC,76,14855,22714900,-1253200,8724797380.0,75,5942,13846300,354900,3380996125.0,0.61,0.4,2026-05-22
PGEL,66,20750,10261900,62700,9838860487.5,66,6465,6094250,-140600,2916295465.0,0.594,0.312,2026-05-22
PHOENIXLTD,72,2827,1020950,-62300,1806673855.0,70,1056,621250,-68600,652410220.0,0.609,0.374,2026-05-22
PIDILITIND,113,8406,3607500,-489000,6350134550.0,115,3159,1870500,-112000,2314277075.0,0.519,0.376,2026-05-22
PIIND,148,53692,2730875,-562975,27221692155.0,145,21810,1382325,-492800,10381564558.75,0.506,0.406,2026-05-22
PNB,104,13799,135488000,-8416000,11984204160.0,104,7846,92144000,-3712000,6482861360.0,0.68,0.569,2026-05-22
PNBHOUSING,78,2882,2212600,-122850,2049673697.5,80,1222,1422200,-156000,814959535.0,0.643,0.424,2026-05-22
POLICYBZR,87,13434,3260250,-242200,8660185835.0,90,13581,2486050,-70700,8358116882.5,0.763,1.011,2026-05-22
POLYCAB,83,31375,1989625,-284125,37339043012.5,92,15728,1689750,-187750,17383422381.25,0.849,0.501,2026-05-22
POWERGRID,116,22740,35936600,-226100,13176427990.0,116,12448,17449600,539600,7051180535.0,0.486,0.547,2026-05-22
POWERINDIA,71,23569,304875,44675,22779162803.75,74,12708,281325,-22550,10416426855.0,0.923,0.539,2026-05-22
PREMIERENE,75,17297,4248825,638825,10237213577.5,76,7998,1718100,-314525,4611945912.5,0.404,0.462,2026-05-22
PRESTIGE,72,17915,2261250,-192150,11591118000.0,70,7871,1307250,-217350,4844036610.0,0.578,0.439,2026-05-22
RBLBANK,54,8618,26654125,-3432175,9524746476.25,57,3019,14430375,-193675,3124462731.25,0.541,0.35,2026-05-22
RECLTD,68,18125,29824375,-581000,9050242040.0,65,9455,19392275,627550,4630814510.0,0.65,0.522,2026-05-22
RELIANCE,122,268477,72838500,-2961500,188957070125.0,122,156696,43724500,1460000,106522802400.0,0.6,0.584,2026-05-22
RVNL,60,15107,19299100,-1033950,6716125086.25,60,4369,12886675,-666425,1915610185.0,0.668,0.289,2026-05-22
SAIL,69,49,9254300,-117500,47060348.0,69,59,6034800,-230300,46927996.0,0.652,1.204,2026-05-22
SAMMAANCAP,54,28613,29020700,-6316700,20312103328.0,54,12831,29579700,-3491600,8359478339.0,1.019,0.448,2026-05-22
SBICARD,62,9883,9768000,-721600,5200613000.0,62,4765,6350400,-106400,2390981640.0,0.65,0.482,2026-05-22
SBILIFE,78,28260,4505250,-129000,20272143881.25,77,5505,2000625,286875,3865490906.25,0.444,0.195,2026-05-22
SBIN,114,180488,110911500,-6038250,135940927875.0,113,91867,57315000,2439000,65083549275.0,0.517,0.509,2026-05-22
SHREECEM,78,6811,82325,-625,4439424515.0,77,2242,44175,-4000,1302587147.5,0.537,0.329,2026-05-22
SHRIRAMFIN,101,36037,17311800,-1965975,28946169945.0,99,16587,10172250,621225,12727402503.75,0.588,0.46,2026-05-22
SIEMENS,73,30211,1219575,-226975,20801071322.5,70,18173,1033025,28175,11574417776.25,0.847,0.602,2026-05-22
SOLARINDS,75,17164,374700,-8400,16320882427.5,76,11658,318700,-26150,10080207995.0,0.851,0.679,2026-05-22
SONACOMS,96,8803,5511275,143325,6560200482.5,98,1851,3519425,7350,1344729417.5,0.639,0.21,2026-05-22
SRF,115,15678,1710800,-19600,8546567980.0,120,3722,1226400,-68000,1993414720.0,0.717,0.237,2026-05-22
SUNPHARMA,85,194428,19461050,633150,131055557430.0,86,131885,12339950,1233050,84844822002.5,0.634,0.678,2026-05-22
SUPREMEIND,72,19198,1169525,-238525,12437113465.0,71,4404,401450,34125,2693874968.75,0.343,0.229,2026-05-22
SUZLON,54,12271,163190050,-1155200,6350146222.75,57,5444,89338475,4774225,2608830577.5,0.547,0.444,2026-05-22
SWIGGY,57,8419,16185525,-436800,2980280940.0,55,3372,6388225,-37700,1108005860.0,0.395,0.401,2026-05-22
TATACONSUM,110,22270,5049000,-162250,14965848287.5,112,4917,3252700,-125950,3223976140.0,0.644,0.221,2026-05-22
TATAELXSI,79,23054,1150150,-231300,10263869215.0,78,7442,536825,-43100,3104553405.0,0.467,0.323,2026-05-22
TATAPOWER,92,29370,41036450,-1103450,18228087097.5,89,11569,22272000,-40600,7017265937.5,0.543,0.394,2026-05-22
TATASTEEL,73,72578,132759000,-6176500,42928274812.5,73,74282,79455750,1432750,41982269010.0,0.598,1.023,2026-05-22
TCS,117,223306,19559375,-476125,93676593068.75,117,74870,12794225,345150,31367228066.25,0.654,0.335,2026-05-22
TECHM,70,12539,10066200,-468000,11110387800.0,70,5743,6123000,-265200,4850148780.0,0.608,0.458,2026-05-22
TIINDIA,132,6609,819800,-79000,4104483780.0,128,2380,471600,7000,1413951590.0,0.575,0.36,2026-05-22
TITAN,84,46776,6151600,-470575,35016398690.0,84,22981,3387825,-149800,16292224663.75,0.551,0.491,2026-05-22
TMPV,64,73182,46953600,-1783200,21818893200.0,65,45421,26540800,732800,13011809520.0,0.565,0.621,2026-05-22
TORNTPHARM,78,19555,744750,-14625,11455945587.5,79,9683,487875,149250,5344298550.0,0.655,0.495,2026-05-22
TRENT,74,150583,3310900,-297500,66367543465.0,68,42216,1896200,341500,17776322485.0,0.573,0.28,2026-05-22
TVSMOTOR,172,25326,2677325,-463225,15737645393.75,166,12534,1891750,-83650,7451717542.5,0.707,0.495,2026-05-22
ULTRACEMCO,92,27777,1186650,-75400,16686835787.5,95,13963,547250,-7900,7799239180.0,0.461,0.503,2026-05-22
UNIONBANK,67,9949,51330000,-4978125,7621539730.5,67,4358,31098900,-1951425,3221676164.25,0.606,0.438,2026-05-22
UNITDSPR,120,7602,4288400,-408400,4055917520.0,121,3191,3243200,-51200,1680805040.0,0.756,0.42,2026-05-22
UNOMINDA,58,13105,3001350,-564300,8254560407.5,58,5363,1613150,-126500,3150892580.0,0.537,0.409,2026-05-22
UPL,124,9770,10697725,-223575,8636417564.5,126,5547,6746545,-28455,4787707068.25,0.631,0.568,2026-05-22
VBL,78,88427,14443875,-3062250,54661451062.5,80,28223,8865000,2218500,16687727606.25,0.614,0.319,2026-05-22
VEDL,63,47000,40216650,-3175150,18804859282.5,63,17718,28050800,-653200,6457495295.0,0.697,0.377,2026-05-22
VMM,110,1791,8991900,-291000,1095168509.0,110,821,6174050,1149450,496411662.0,0.687,0.458,2026-05-22
VOLTAS,86,17454,7569750,-437625,8832275700.0,85,7103,4381500,-250500,3384304425.0,0.579,0.407,2026-05-22
WAAREEENER,66,44953,4633650,297325,25065590121.25,66,10050,2187500,98000,5331806331.25,0.472,0.224,2026-05-22
WIPRO,70,114159,149763000,4944000,70600102290.0,71,62346,96615000,10953000,36795632460.0,0.645,0.546,2026-05-22
YESBANK,29,14355,434031600,2177000,10305634368.0,31,5739,258005600,-4789400,3853373659.0,0.594,0.4,2026-05-22
ZYDUSLIFE,113,16034,10312200,-3532500,15680784420.0,115,4622,5333400,-422100,4268275965.0,0.517,0.288,2026-05-22
360ONE,50,3675,923000,128000,2142329100.0,54,2708,909000,89000,1481951925.0,0.985,0.737,2026-05-25
ABB,149,31446,1842625,-121625,27537408012.5,141,15003,1147625,-18125,12360217868.75,0.623,0.477,2026-05-25
ABCAPITAL,65,6844,15881300,-1633700,7910889690.0,68,4390,12787500,-638600,4812772320.0,0.805,0.641,2026-05-25
ADANIENSOL,79,29942,6565050,-492750,29260057612.5,75,10371,3795525,76950,9360133503.75,0.578,0.346,2026-05-25
ADANIENT,158,162184,10297734,-422712,145353709370.55002,169,58635,8820096,1009812,49659602839.2,0.857,0.362,2026-05-25
ADANIGREEN,153,53549,9843600,-682800,46538449500.0,156,19515,7770000,-2400,15835928700.0,0.789,0.364,2026-05-25
ADANIPORTS,75,45845,9457250,-620825,40288690101.25,82,24881,6840475,-742425,20712812641.25,0.723,0.543,2026-05-25
ADANIPOWER,92,74184,41123200,-3677800,63021817046.0,97,21673,25744600,5044550,17207463688.5,0.626,0.292,2026-05-25
ALKEM,85,6220,400250,-44750,4420759762.5,88,2598,205000,-14500,1730378162.5,0.512,0.418,2026-05-25
AMBER,94,59723,3383700,-317500,47018804565.0,96,46765,1959600,121400,33817656685.0,0.579,0.783,2026-05-25
AMBUJACEM,71,18944,17251500,-2215500,9064880370.0,71,9791,10903350,-764400,4608115890.0,0.632,0.517,2026-05-25
ANGELONE,76,24000,20807500,-2137500,21416331125.0,74,13843,18830000,-700000,11514857625.0,0.905,0.577,2026-05-25
APLAPOLLO,90,8614,2015300,193550,5982139240.0,85,4003,1202250,18900,2666469680.0,0.597,0.465,2026-05-25
APOLLOHOSP,133,21999,1277875,-278750,23673457693.75,135,17969,1381125,-253875,18272256556.25,1.081,0.817,2026-05-25
ASHOKLEY,76,50775,101380000,-12670000,43318113100.0,74,20258,75775000,-655000,16611607650.0,0.747,0.399,2026-05-25
ASIANPAINT,111,59186,7355000,-112000,40330476837.5,118,35539,4718500,-15500,23175662425.0,0.642,0.6,2026-05-25
ASTRAL,76,17288,3010700,-433500,11873505181.25,76,7734,2397425,-382925,4954042568.75,0.796,0.447,2026-05-25
AUBANK,87,14208,7212000,-1105000,14591878350.0,90,7279,6209000,-249000,7194662600.0,0.861,0.512,2026-05-25
AUROPHARMA,71,19686,5239300,-300300,16503151582.5,67,8795,3384150,-80300,6952516807.5,0.646,0.447,2026-05-25
AXISBANK,102,112787,18371875,-1493750,93342687281.25,98,44069,13431875,-589375,35356717156.25,0.731,0.391,2026-05-25
BAJAJ-AUTO,94,89685,2242275,235875,72566406780.0,93,57626,1351575,-234750,44402152818.75,0.603,0.643,2026-05-25
BAJAJFINSV,80,38148,6243000,-418250,17511935462.5,79,26628,3633750,59500,11778849387.5,0.582,0.698,2026-05-25
BAJAJHLDNG,80,5368,85100,-13650,2988016142.5,84,4719,51050,-2700,2407598652.5,0.6,0.879,2026-05-25
BAJFINANCE,81,55517,17652000,-2555250,40188094237.5,86,29109,13152750,-1591500,20447597137.5,0.745,0.524,2026-05-25
BANDHANBNK,81,10812,37468800,-3675600,8120407176.0,86,4080,24591600,-835200,2855998044.0,0.656,0.377,2026-05-25
BANKBARODA,91,20245,44117775,-4627350,16493709375.0,86,10930,39507975,1061775,8772941092.5,0.896,0.54,2026-05-25
BANKINDIA,52,9792,27528800,-3900000,7613065408.0,51,3802,18636800,-988000,2833852840.0,0.677,0.388,2026-05-25
BANKNIFTY,605,8201700,25818660,-2163540,13779743632816.5,605,7254598,25494000,3523350,11796343420671.0,0.987,0.885,2026-05-25
BDL,76,11396,3827400,110250,5693487362.5,77,4061,2064300,-22050,1918037502.5,0.539,0.356,2026-05-25
BEL,78,47294,61018500,-5949375,29354261707.5,76,19222,34720125,-1761300,11630652067.5,0.569,0.406,2026-05-25
BHARATFORG,87,13883,3600500,-291500,13889538125.0,84,4995,2436500,-335000,4708354725.0,0.677,0.36,2026-05-25
BHARTIARTL,86,62094,24047350,-2527950,56694414877.5,85,34586,12346200,-987525,30672809243.75,0.513,0.557,2026-05-25
BHEL,171,35131,49560000,-5901000,39468185925.0,175,16252,40524750,-2735250,17169589106.25,0.818,0.463,2026-05-25
BIOCON,92,11798,24500000,940000,13123995750.0,95,6970,20487500,960000,7303418750.0,0.836,0.591,2026-05-25
BLUESTARCO,96,5290,2509000,-137475,3014246641.25,92,3451,1395550,-89700,1855638313.75,0.556,0.652,2026-05-25
BOSCHLTD,129,56477,333575,-40925,53905223593.75,129,23970,140150,-19025,20998800246.25,0.42,0.424,2026-05-25
BPCL,64,43266,25965325,-4198850,26989289622.5,66,18087,19593975,-1696525,10789849921.25,0.755,0.418,2026-05-25
BRITANNIA,104,14649,1952250,-334000,10312942487.5,104,6558,1126250,-4500,4401388256.25,0.577,0.448,2026-05-25
BSE,82,60892,7603600,-1087050,100131284072.5,83,52902,8549850,45225,80850592908.75,1.124,0.869,2026-05-25
CAMS,73,5034,3822000,-349500,3027511012.5,77,2817,2931000,-282000,1612566075.0,0.767,0.56,2026-05-25
CANBK,126,20852,98172000,-10894500,19409709780.0,125,14861,81810000,-3010500,13348383525.0,0.833,0.713,2026-05-25
CDSL,59,27763,8957550,-1148550,16923533035.0,59,12345,6006850,-265050,7342216953.75,0.671,0.445,2026-05-25
CGPOWER,77,13134,6095350,-671500,10044852092.5,79,5416,5270000,317900,3949261755.0,0.865,0.412,2026-05-25
CHOLAFIN,85,16624,3628750,-907500,16928554718.75,83,8228,2610000,-366250,7950400187.5,0.719,0.495,2026-05-25
CIPLA,126,35777,8258175,-742125,19215253443.75,131,18130,7561125,-253500,9412717631.25,0.916,0.507,2026-05-25
COALINDIA,80,23489,35514450,-3771900,15102412807.5,81,20685,20922300,-2536650,12772874002.5,0.589,0.881,2026-05-25
COCHINSHIP,94,4286,2063200,-305200,2779558860.0,91,1979,1089200,-175200,1219849520.0,0.528,0.462,2026-05-25
COFORGE,78,55205,10603125,-675750,29964884550.0,78,29250,8574575,-922875,14793967818.75,0.809,0.53,2026-05-25
COLPAL,88,56116,2128725,129825,27734032980.0,86,45887,1153175,-60475,21733009268.75,0.542,0.818,2026-05-25
CONCOR,79,7779,4991250,387500,5244352250.0,82,5720,4533750,992500,3623227187.5,0.908,0.735,2026-05-25
CROMPTON,113,8033,18973800,-1845000,4431397500.0,115,3558,10827000,-1186200,1862853120.0,0.571,0.443,2026-05-25
CUMMINSIND,79,7323,850400,-112000,8115488200.0,82,4230,659200,-1200,4435699090.0,0.775,0.578,2026-05-25
DABUR,89,6390,12217500,-517500,3798049187.5,88,2887,8265000,-251250,1637339875.0,0.676,0.452,2026-05-25
DALBHARAT,103,11277,1507350,-568425,6824254921.25,103,5244,1225575,-82225,3010169045.0,0.813,0.465,2026-05-25
DELHIVERY,78,5335,11611700,-1458725,5221638003.75,77,2398,4807775,-74700,2248996116.25,0.414,0.449,2026-05-25
DIVISLAB,104,65460,1219500,85500,46148292745.0,109,47838,862300,-158500,32383248510.0,0.707,0.731,2026-05-25
DIXON,126,193418,1932900,-201500,118091641317.5,129,93738,1590000,-86550,53303824390.0,0.823,0.485,2026-05-25
DLF,100,14005,10361175,-702075,7130981261.25,103,8237,7775625,94050,4007627291.25,0.75,0.588,2026-05-25
DMART,79,19130,2011500,-128700,12437537190.0,78,7285,903900,17550,4486732125.0,0.449,0.381,2026-05-25
DRREDDY,111,26980,9517500,-486875,22829238281.25,106,15352,5685625,-225000,12502351406.25,0.597,0.569,2026-05-25
EICHERMOT,122,193660,2181900,39400,146753369825.0,123,79896,1696700,288300,57437674890.0,0.778,0.413,2026-05-25
ETERNAL,82,40548,75611500,-14077125,25394378621.75,83,25809,43111650,-4272850,15482370402.0,0.57,0.637,2026-05-25
EXIDEIND,146,6376,16605000,318600,4178898360.0,150,3187,9979200,117000,2034620100.0,0.601,0.5,2026-05-25
FEDERALBNK,90,11962,31115000,-1947500,8918620625.0,90,5596,18757500,-1237500,4010450625.0,0.603,0.468,2026-05-25
FINNIFTY,307,160680,1039860,157320,253629995871.0,307,157429,985620,365640,242553287577.0,0.948,0.98,2026-05-25
FORCEMOT,44,81887,211300,46450,44634083331.25,41,23857,67775,11475,11556686675.0,0.321,0.291,2026-05-25
FORTIS,69,18413,2840375,-1109025,14332083796.25,71,8216,1816600,-764925,6090277050.0,0.64,0.446,2026-05-25
GAIL,139,64303,34604350,2854700,34978127625.5,143,28274,33469550,4920300,14755101165.0,0.967,0.44,2026-05-25
GLENMARK,99,37043,3142875,39750,33632771006.25,103,17925,1865250,81000,15441950625.0,0.593,0.484,2026-05-25
GMRAIRPORT,84,4794,49250475,-1485675,3379578684.75,83,2277,32705775,-1213650,1512668668.5,0.664,0.475,2026-05-25
GODFRYPHLP,115,18163,1370600,-162800,12148412485.0,118,5297,682825,-172150,3314373961.25,0.498,0.292,2026-05-25
GODREJCP,96,8794,3269000,16000,4885375850.0,96,3963,2062000,-272000,2000563150.0,0.631,0.451,2026-05-25
GODREJPROP,99,15587,3110525,-199350,7808245666.25,98,11348,2134825,-197175,5417960638.75,0.686,0.728,2026-05-25
GRASIM,139,19250,2407000,-424500,15513887325.0,143,16114,2706500,-461500,12468963250.0,1.124,0.837,2026-05-25
HAL,87,56912,4100250,-409050,39255780540.0,94,26816,2626050,-256800,17559825532.5,0.64,0.471,2026-05-25
HAVELLS,114,5210,4176000,-359500,3339018600.0,109,2007,1950000,-57000,1246479575.0,0.467,0.385,2026-05-25
HCLTECH,127,48348,24352800,-1888550,20758257977.5,125,25285,10371900,-745600,10480153072.5,0.426,0.523,2026-05-25
HDFCAMC,111,19316,1484100,-47700,16599496380.0,111,3129,996000,-16800,2554063365.0,0.671,0.162,2026-05-25
HDFCBANK,134,256104,75101800,-9028400,113246983880.0,133,142925,50057850,-637300,61162463052.5,0.667,0.558,2026-05-25
HDFCLIFE,103,14079,20981400,-750200,9860792370.0,105,8352,14788400,121000,5630864635.0,0.705,0.593,2026-05-25
HEROMOTOCO,99,34189,2969100,82500,26843395717.5,99,11385,1753350,28500,8515084297.5,0.591,0.333,2026-05-25
HINDALCO,91,89531,11851700,-4900,70614268760.0,91,51630,10140900,-2322600,39084638565.0,0.856,0.577,2026-05-25
HINDPETRO,81,29489,17789625,-567000,24959655495.0,84,12181,15335325,340200,9811654132.5,0.862,0.413,2026-05-25
HINDUNILVR,105,28865,11082600,-900,19899205665.0,105,15264,5369400,-68700,10165737315.0,0.484,0.529,2026-05-25
HINDZINC,69,33259,21916475,-2167025,26894487716.25,72,11432,15965425,-939575,8729912213.75,0.728,0.344,2026-05-25
HYUNDAI,77,14083,1226775,-219175,7500517832.5,78,4308,933625,-7150,2159249276.25,0.761,0.306,2026-05-25
ICICIBANK,106,114679,33882100,-3952200,105029533665.0,98,67363,25811100,-1630300,60000455130.0,0.762,0.587,2026-05-25
ICICIGI,78,3822,1206400,-57525,2363451463.75,76,778,519025,11375,459565258.75,0.43,0.204,2026-05-25
ICICIPRULI,113,4445,7003175,-874125,2250126602.5,114,2203,6261325,-119325,1055247631.25,0.894,0.496,2026-05-25
IDEA,32,25425,1910955600,-21442500,27256826142.75,32,9244,1191273825,91630950,8756777493.75,0.623,0.364,2026-05-25
IDFCFIRSTB,60,9967,111012475,-10786825,6679357210.75,61,8527,98704550,-4294325,5488176380.75,0.889,0.856,2026-05-25
IEX,106,9435,35751600,-4405650,4798320232.5,112,3639,21609150,-585000,1803503662.5,0.604,0.386,2026-05-25
INDHOTEL,102,5835,6009000,-301000,3984848450.0,109,3988,5103000,-408000,2704780550.0,0.849,0.683,2026-05-25
INDIANB,89,9527,6326000,-308000,8293674850.0,85,3818,4281000,-107000,3221873650.0,0.677,0.401,2026-05-25
INDIGO,82,137249,5614500,-120900,95606046510.0,88,190864,3552600,63150,124734631230.0,0.633,1.391,2026-05-25
INDUSINDBK,81,15687,6597500,-596400,10419881430.0,82,8907,5337500,-338100,5684065765.0,0.809,0.568,2026-05-25
INDUSTOWER,75,19103,30787000,-1819000,14531089745.0,75,9349,28095900,1647300,6843566240.0,0.913,0.489,2026-05-25
INFY,122,120197,38588000,-904400,58350506220.0,118,73652,25776000,-2377200,34775655800.0,0.668,0.613,2026-05-25
INOXWIND,105,10247,29467975,2234375,3794151575.5,106,3675,13175475,-3040025,1304221857.0,0.447,0.359,2026-05-25
IOC,137,29169,64915500,-2140125,21163950697.5,134,16014,49144875,-1784250,11231258853.75,0.757,0.549,2026-05-25
IREDA,119,8434,25460325,-305125,3988367717.75,118,3817,18548000,1842025,1730265552.25,0.729,0.453,2026-05-25
IRFC,90,16433,46260525,-8721000,7412988762.5,91,4683,32843275,1326000,1984233922.5,0.71,0.285,2026-05-25
ITC,99,47463,141641200,-2347175,23774414300.0,100,28313,49811375,-679000,14094392417.5,0.352,0.597,2026-05-25
JINDALSTEL,98,4328,3638125,-545000,3410799250.0,98,2831,2734375,-80625,2166927343.75,0.752,0.654,2026-05-25
JIOFIN,91,34173,60129450,-16306650,20497783561.5,89,14035,44041350,-1285450,8152514743.5,0.732,0.411,2026-05-25
JSWENERGY,111,16075,9742075,-1762000,9151276300.0,110,9177,7669200,-712000,5075784750.0,0.787,0.571,2026-05-25
JSWSTEEL,87,9944,6053400,-722925,8895178788.75,90,3787,3811725,-400950,3269379240.0,0.63,0.381,2026-05-25
JUBLFOOD,96,22012,12152500,-2557500,12599347875.0,92,6770,7868750,-285000,3746347312.5,0.648,0.308,2026-05-25
KALYANKJIL,100,21059,22721025,-1680250,9333547698.75,99,10512,12584300,-755525,4391708963.75,0.554,0.499,2026-05-25
KAYNES,127,6979,3416150,-223800,2556356850.0,125,3406,1721200,-95100,1163273715.0,0.504,0.488,2026-05-25
KEI,96,9347,741125,-159075,8863308693.75,98,14393,583975,-75950,12848519512.5,0.788,1.54,2026-05-25
KFINTECH,105,4482,4039500,-584500,1950942900.0,105,1798,2710725,-74500,761845350.0,0.671,0.401,2026-05-25
KOTAKBANK,131,44122,42192000,-3340000,35344477900.0,131,19853,34596000,4018000,15444307400.0,0.82,0.45,2026-05-25
KPITTECH,67,30028,5780000,-39950,10047575258.75,68,8540,3195500,68000,2729428880.0,0.553,0.284,2026-05-25
LAURUSLABS,137,7921,7348250,-314500,9324654020.0,137,7225,7726500,-475150,8083799837.5,1.051,0.912,2026-05-25
LICHSGFIN,94,6473,9044000,-273000,3663237900.0,95,3354,6012000,-121000,1857028850.0,0.665,0.518,2026-05-25
LICI,118,53230,9548000,-2891700,31969274365.0,115,17939,5352200,-245000,10347378720.0,0.561,0.337,2026-05-25
LODHA,92,11212,3074400,-400050,4679809807.5,95,5795,2795400,-268200,2264408752.5,0.909,0.517,2026-05-25
LT,142,109703,7519400,-843850,78866933285.0,143,56814,5893825,-3150,39400091631.25,0.784,0.518,2026-05-25
LTF,54,13916,21964500,-1077750,9080334450.0,57,8578,15205500,1084500,5501094637.5,0.692,0.616,2026-05-25
LTM,86,30301,1790700,-113700,18993115747.5,86,12938,959850,33750,7711087110.0,0.536,0.427,2026-05-25
LUPIN,114,17501,7243700,-1503225,17633000950.0,114,6265,3612925,-252450,6040991841.25,0.499,0.358,2026-05-25
M&M,127,62755,5832600,270600,40722970680.0,131,30798,5147000,35200,19805055950.0,0.882,0.491,2026-05-25
MANAPPURAM,52,7415,11466000,-2013000,7537118100.0,56,3348,10179000,-1107000,3153316350.0,0.888,0.452,2026-05-25
MANKIND,141,7794,1298475,-117450,4502397926.25,135,5756,748725,-207225,3163200247.5,0.577,0.739,2026-05-25
MARICO,123,2951,5624400,-676800,3009850500.0,125,2562,3884400,-694800,2480949780.0,0.691,0.868,2026-05-25
MARUTI,103,90043,2499800,-183350,61229347930.0,105,42826,1064100,10150,27789675815.0,0.426,0.476,2026-05-25
MAXHEALTH,110,37297,7932750,-99225,20560451520.0,110,23112,3675525,-187950,12222033495.0,0.463,0.62,2026-05-25
MAZDOCK,128,18783,4620600,-368000,9861459860.0,133,6271,2108000,-37600,3069383030.0,0.456,0.334,2026-05-25
MCX,69,44471,7985050,-521425,96441579425.0,71,20163,5881050,-623125,40254543582.5,0.737,0.453,2026-05-25
MFSL,70,13073,1339200,-496400,9129963140.0,73,4067,873200,37600,2689310740.0,0.652,0.311,2026-05-25
MIDCPNIFTY,566,438473,7825680,-332520,774093267360.0,566,467082,9691920,765840,800899776504.0,1.238,1.065,2026-05-25
MOTHERSON,126,9319,51733800,-5202900,8133140746.5,132,5209,43006950,-3333300,4212679459.5,0.831,0.559,2026-05-25
MOTILALOFS,83,7174,2313375,-141050,5003494821.25,85,1240,1516675,-10075,800351218.75,0.656,0.173,2026-05-25
MPHASIS,108,4779,1626900,-133650,3074030630.0,103,3656,1358775,-110825,2214581971.25,0.835,0.765,2026-05-25
MUTHOOTFIN,68,19613,2896300,-443575,19005212063.75,68,9736,1918125,-65725,8827393533.75,0.662,0.496,2026-05-25
NAM-INDIA,49,2144,1523125,-213125,1515349281.25,47,618,1166875,-7500,405166281.25,0.766,0.288,2026-05-25
NATIONALUM,77,14735,27738750,487500,11684344031.25,77,7200,15853125,-965625,5466147281.25,0.572,0.489,2026-05-25
NAUKRI,101,92015,5710475,348175,33613177461.25,100,54198,3494575,701775,18806177927.5,0.612,0.589,2026-05-25
NBCC,93,14223,24648000,1592500,9499591660.0,98,6865,17056000,2535000,4302393290.0,0.692,0.483,2026-05-25
NESTLEIND,107,6554,4599500,-8500,4825030300.0,113,3544,3332000,-42500,2526339775.0,0.724,0.541,2026-05-25
NHPC,76,7731,57184550,-5599450,4145174692.0,75,2500,29075750,217600,1254576256.0,0.508,0.323,2026-05-25
NIFTY,927,52539581,245123265,15255020,82985914407620.25,949,52733892,308517355,61395975,81097152755095.75,1.259,1.004,2026-05-25
NIFTYNXT50,713,2227,19250,4275,4005353823.75,713,865,16675,2550,1483729237.5,0.866,0.388,2026-05-25
NMDC,80,10770,83146500,-12703500,6822736447.5,81,3623,43692750,-1282500,2163965422.5,0.525,0.336,2026-05-25
NTPC,112,56361,85668000,2806500,33556800150.0,109,31280,23011500,144000,18232434075.0,0.269,0.555,2026-05-25
NUVAMA,89,3752,1765000,-61000,2932175575.0,88,1820,1088000,-40000,1308226550.0,0.616,0.485,2026-05-25
NYKAA,84,23618,34725000,4759375,21312150468.75,85,7646,11653125,1215625,6499606250.0,0.336,0.324,2026-05-25
OBEROIRLTY,65,6837,1276450,-67550,4160369867.5,62,2982,793800,61250,1767315235.0,0.622,0.436,2026-05-25
OFSS,155,24437,750750,-51825,18361743101.25,154,17071,647800,-13875,11673671216.25,0.863,0.699,2026-05-25
OIL,104,8076,9263800,-910000,5793991280.0,104,7905,6286000,-1090600,5386692290.0,0.679,0.979,2026-05-25
ONGC,98,29664,78738750,364500,19888867800.0,96,21341,25575750,-679500,13764671437.5,0.325,0.719,2026-05-25
PAGEIND,152,39749,154020,-300,24271875720.0,152,31203,64575,-19200,17237334615.75,0.419,0.785,2026-05-25
PATANJALI,80,6978,5348700,208800,3082842090.0,80,4823,4270500,150300,2216831490.0,0.798,0.691,2026-05-25
PAYTM,101,17363,9083525,-145725,14563489555.0,108,14166,6594600,-516200,11228102876.25,0.726,0.816,2026-05-25
PERSISTENT,102,19488,1441200,-98800,10185330075.0,97,11025,1200025,-31800,5405876290.0,0.833,0.566,2026-05-25
PETRONET,101,9067,10719800,505400,5029813855.0,101,5119,10985800,1105800,2713127800.0,1.025,0.565,2026-05-25
PFC,76,19030,21661900,-1053000,11323915655.0,75,9097,13417300,-429000,5232197620.0,0.619,0.478,2026-05-25
PGEL,66,14186,10359750,97850,6694835392.5,66,5803,6457150,362900,2621205515.0,0.623,0.409,2026-05-25
PHOENIXLTD,72,2723,954450,-66500,1761638917.5,70,1836,615650,-5600,1144242015.0,0.645,0.674,2026-05-25
PIDILITIND,113,7134,3393500,-214000,5444938600.0,115,2513,1643500,-227000,1813939750.0,0.484,0.352,2026-05-25
PIIND,148,28616,2148125,-582750,14775504642.5,145,9403,1217125,-165200,4604426032.5,0.567,0.329,2026-05-25
PNB,104,21162,115456000,-20032000,18535463760.0,104,11662,86384000,-5760000,9906856880.0,0.748,0.551,2026-05-25
PNBHOUSING,78,7101,2464800,252200,5185987332.5,80,2142,1511900,89700,1477541682.5,0.613,0.302,2026-05-25
POLICYBZR,87,7844,3319050,58800,5069265302.5,90,6736,2227050,-259000,4173528572.5,0.671,0.859,2026-05-25
POLYCAB,83,42906,1725000,-264625,51459770368.75,92,26083,1412500,-277250,28325997350.0,0.819,0.608,2026-05-25
POWERGRID,117,11702,36181700,245100,6724844515.0,117,7900,18088000,638400,4486771340.0,0.5,0.675,2026-05-25
POWERINDIA,71,36166,378150,73275,34705335508.75,74,23171,351000,69675,18849743750.0,0.928,0.641,2026-05-25
PREMIERENE,75,16551,4069425,-179400,9724986327.5,76,6016,1865300,147200,3432253688.75,0.458,0.363,2026-05-25
PRESTIGE,72,6750,1768050,-493200,4400195602.5,70,3125,1170900,-136350,1937110635.0,0.662,0.463,2026-05-25
RBLBANK,54,15072,23517225,-3136900,16970976980.0,57,6940,15754350,1323975,7246573010.0,0.67,0.46,2026-05-25
RECLTD,68,18651,28133175,-1691200,9462991650.0,65,10478,18249350,-1142925,5136719822.5,0.649,0.562,2026-05-25
RELIANCE,122,177618,70260000,-2578500,125152591200.0,122,109584,42127500,-1597000,75400903025.0,0.6,0.617,2026-05-25
RVNL,60,18799,22479175,3180075,8393518280.0,60,7957,14724250,1837575,3312216500.0,0.655,0.423,2026-05-25
SAIL,69,48,9141500,-112800,45196046.0,69,124,5748100,-286700,100589917.0,0.629,2.583,2026-05-25
SAMMAANCAP,54,26607,29622700,602000,19808515794.0,54,13446,35358900,5779200,9262259383.0,1.194,0.505,2026-05-25
SBICARD,62,12107,9958400,190400,6376212640.0,62,5049,6676000,325600,2612272680.0,0.67,0.417,2026-05-25
SBILIFE,78,11164,4126875,-378375,8128764881.25,77,5306,2279250,278625,3702960112.5,0.552,0.475,2026-05-25
SBIN,114,286249,90135000,-20776500,215718034762.5,113,115887,52029000,-5286000,85898492925.0,0.577,0.405,2026-05-25
SHREECEM,78,8630,68500,-13825,5675702077.5,77,2612,43025,-1150,1582165835.0,0.628,0.303,2026-05-25
SHRIRAMFIN,101,32987,14630550,-2681250,27133054616.25,99,12563,9487500,-684750,9863221500.0,0.648,0.381,2026-05-25
SIEMENS,73,33903,1454775,235200,23493826256.25,70,37865,1068550,35525,24064748968.75,0.735,1.117,2026-05-25
SOLARINDS,75,23863,364600,-10100,22745383140.0,76,16747,323550,4850,14496047597.5,0.887,0.702,2026-05-25
SONACOMS,96,3531,5038425,-472850,2646347410.0,98,2200,3045350,-474075,1590264497.5,0.604,0.623,2026-05-25
SRF,115,12071,1567600,-143200,6695472100.0,120,4867,1204600,-21800,2605461750.0,0.768,0.403,2026-05-25
SUNPHARMA,85,120867,18827550,-633500,80059360552.5,86,84764,11706800,-633150,53965310087.5,0.622,0.701,2026-05-25
SUPREMEIND,72,6553,985250,-184275,4300781905.0,71,5219,407750,6300,3244279718.75,0.414,0.796,2026-05-25
SUZLON,54,30748,180653425,17463375,16055064452.75,57,18611,93493650,4155175,8934765296.25,0.518,0.605,2026-05-25
SWIGGY,58,8119,16912225,726700,2831005970.0,56,3412,6237425,-150800,1149228530.0,0.369,0.42,2026-05-25
TATACONSUM,110,7706,4711850,-337150,5212771272.5,112,3278,3136100,-116600,2148490987.5,0.666,0.425,2026-05-25
TATAELXSI,79,22762,1095450,-54700,10233019405.0,78,6742,554225,17400,2917717105.0,0.506,0.296,2026-05-25
TATAPOWER,92,28400,38842600,-2193850,17694263580.0,89,14362,22005200,-266800,8674386765.0,0.567,0.506,2026-05-25
TATASTEEL,73,61978,119897250,-12861750,36804400160.0,73,36309,72283750,-7172000,20709107320.0,0.603,0.586,2026-05-25
TCS,117,128103,18410500,-1148875,53986105367.5,117,68647,12781300,-12925,28941738126.25,0.694,0.536,2026-05-25
TECHM,70,14381,9961200,-105000,12767377200.0,70,6020,6251400,128400,5095200780.0,0.628,0.419,2026-05-25
TIINDIA,132,11133,721000,-98800,7015276290.0,128,3604,441000,-30600,2157391030.0,0.612,0.324,2026-05-25
TITAN,84,52103,5244750,-906850,39232999601.25,84,25113,3010700,-377125,17894770792.5,0.574,0.482,2026-05-25
TMPV,64,136815,46986400,32800,41647368600.0,65,55809,30548000,4007200,16288491280.0,0.65,0.408,2026-05-25
TORNTPHARM,90,132688,919250,174500,78871358400.0,91,56036,702125,214250,31436385343.75,0.764,0.422,2026-05-25
TRENT,74,68789,2980550,-330350,30757770337.5,68,27274,1547800,-348400,11557152180.0,0.519,0.396,2026-05-25
TVSMOTOR,172,29931,2422350,-254975,18690384702.5,166,12779,1754550,-137200,7676988786.25,0.724,0.427,2026-05-25
ULTRACEMCO,92,24072,1054600,-132050,14603394307.5,95,9690,502500,-44750,5548807927.5,0.476,0.403,2026-05-25
UNIONBANK,68,20008,51387525,57525,15440492826.75,68,6753,30090000,-1008900,4989423175.5,0.586,0.338,2026-05-25
UNITDSPR,120,7217,3905200,-383200,3892852900.0,121,5508,3163600,-79600,2840488720.0,0.81,0.763,2026-05-25
UNOMINDA,58,6535,2374350,-627000,4155804290.0,58,2082,1557600,-55550,1239856667.5,0.656,0.319,2026-05-25
UPL,124,9287,9422670,-1275055,8411849349.5,126,4262,6365790,-380755,3765191819.25,0.676,0.459,2026-05-25
VBL,85,25962,13783500,-660375,16046844131.25,88,16214,8073150,-791850,9587912025.0,0.586,0.625,2026-05-25
VEDL,63,41707,35790300,-4426350,16778470215.0,63,23426,27734550,-316250,8551290002.5,0.775,0.562,2026-05-25
VMM,110,1534,8322600,-669300,927783320.5,110,440,5703600,-470450,260203227.5,0.685,0.287,2026-05-25
VOLTAS,86,26427,6440250,-1129500,13365386625.0,85,11392,4212000,-169500,5456465906.25,0.654,0.431,2026-05-25
WAAREEENER,66,41516,4336850,-296800,23043411763.75,66,10539,1909075,-278425,5624392707.5,0.44,0.254,2026-05-25
WIPRO,73,113467,174732000,24969000,71203425690.0,74,50505,105474000,8859000,29873793780.0,0.604,0.445,2026-05-25
YESBANK,29,9728,409462600,-24569000,7097934340.0,31,6795,262452900,4447300,4631992326.0,0.641,0.698,2026-05-25
ZYDUSLIFE,113,25545,7468200,-2844000,25115501970.0,115,7431,4925700,-407700,6959558025.0,0.66,0.291,2026-05-25
360ONE,52,2198,904500,-18500,1292592175.0,56,1223,797500,-111500,669972775.0,0.882,0.556,2026-05-26
ABB,149,13405,1486875,-355750,11888654187.5,141,7177,1116625,-31000,6067723762.5,0.751,0.535,2026-05-26
ABCAPITAL,65,2642,15469000,-412300,3113125090.0,68,1342,12905300,117800,1462332620.0,0.834,0.508,2026-05-26
ADANIENSOL,89,19481,5570775,-994275,19704759941.25,85,6826,3875850,80325,6311640048.75,0.696,0.35,2026-05-26
ADANIENT,158,98784,9587343,-710391,92150252738.85,169,45752,9437169,617073,39855258270.15,0.984,0.463,2026-05-26
ADANIGREEN,153,36895,8426400,-1417200,33059681790.0,156,13476,8338800,568800,11019708570.0,0.99,0.365,2026-05-26
ADANIPORTS,76,23635,9153725,-303525,20952523362.5,83,10676,6436250,-404225,8869490082.5,0.703,0.452,2026-05-26
ADANIPOWER,107,61197,35535500,-5587700,54660278218.5,112,19199,27196550,1451950,15741111480.5,0.765,0.314,2026-05-26
ALKEM,85,3518,377875,-22375,2455146031.25,88,6413,225625,20625,4264791081.25,0.597,1.823,2026-05-26
AMBER,94,36673,2695200,-688500,29248257625.0,96,19095,1845100,-114500,13913187070.0,0.685,0.521,2026-05-26
AMBUJACEM,71,28386,16478700,-772800,14033051550.0,71,12473,11141700,238350,6267944392.5,0.676,0.439,2026-05-26
ANGELONE,76,9933,18605000,-2202500,8934551000.0,74,7457,19567500,737500,6185900625.0,1.052,0.751,2026-05-26
APLAPOLLO,90,6213,1844150,-171150,4253741870.0,85,5447,1328600,126350,3597075300.0,0.72,0.877,2026-05-26
APOLLOHOSP,133,11856,1145875,-132000,12715796837.5,135,11755,1046000,-335125,11981150362.5,0.913,0.991,2026-05-26
ASHOKLEY,76,15123,100105000,-1275000,13191500500.0,74,9736,75295000,-480000,8026731650.0,0.752,0.644,2026-05-26
ASIANPAINT,111,22600,6727000,-628000,15466429287.5,118,14005,4564250,-154250,9177420962.5,0.678,0.62,2026-05-26
ASTRAL,76,10287,2975850,-34850,7067989891.25,76,5591,1968600,-428825,3603703647.5,0.662,0.544,2026-05-26
AUBANK,87,6265,6206000,-1006000,6543806050.0,90,4060,6179000,-30000,4060773200.0,0.996,0.648,2026-05-26
AUROPHARMA,71,9054,4814150,-425150,7595950862.5,67,4662,3121800,-262350,3667700162.5,0.648,0.515,2026-05-26
AXISBANK,105,40082,15559375,-2812500,33343243593.75,102,30342,12070000,-1361875,24511705062.5,0.776,0.757,2026-05-26
BAJAJ-AUTO,94,42651,1954200,-288075,34471656735.0,93,15998,1296450,-55125,12344836552.5,0.663,0.375,2026-05-26
BAJAJFINSV,80,15443,6043500,-199500,7220932025.0,79,9461,4104350,470600,4346857162.5,0.679,0.613,2026-05-26
BAJAJHLDNG,80,3580,69800,-15300,1983399212.5,84,2638,54150,3100,1370562160.0,0.776,0.737,2026-05-26
BAJFINANCE,81,29767,16342500,-1309500,21810134325.0,86,16284,13096500,-56250,11414931825.0,0.801,0.547,2026-05-26
BANDHANBNK,81,19106,33926400,-3542400,14541101100.0,86,6278,22273200,-2318400,4474011384.0,0.657,0.329,2026-05-26
BANKBARODA,91,10925,44705700,587925,9006035512.5,86,6232,41678325,2170350,4954347888.75,0.932,0.57,2026-05-26
BANKINDIA,53,4284,25885600,-1643200,3385724160.0,52,2193,19380400,743600,1652041560.0,0.749,0.512,2026-05-26
BANKNIFTY,605,44345605,33886290,8067630,73995075282184.5,605,44317262,27413310,1919310,73018936077531.0,0.809,0.999,2026-05-26
BDL,76,10080,3585200,-242200,4974803802.5,77,3000,2108750,44450,1413489262.5,0.588,0.298,2026-05-26
BEL,78,37352,58919475,-2099025,23481600015.0,76,16712,36621075,1900950,10244603587.5,0.622,0.447,2026-05-26
BHARATFORG,87,9140,3097500,-503000,9081261675.0,84,2391,2277500,-159000,2285597600.0,0.735,0.262,2026-05-26
BHARTIARTL,86,32913,24729925,682575,30209088071.25,85,18279,12230775,-115425,16350388867.5,0.495,0.555,2026-05-26
BHEL,171,21193,46680375,-2879625,24078067781.25,175,10912,41270250,745500,11551852068.75,0.884,0.515,2026-05-26
BIOCON,92,14783,23645000,-855000,16747401875.0,95,5087,20220000,-267500,5412629375.0,0.855,0.344,2026-05-26
BLUESTARCO,96,4466,2226575,-282425,2539127126.25,92,3198,1422200,26650,1698430175.0,0.639,0.716,2026-05-26
BOSCHLTD,129,20647,231350,-102225,19677097427.5,129,6985,123875,-16275,6071416025.0,0.535,0.338,2026-05-26
BPCL,64,11624,25234575,-730750,7364674373.75,66,6447,19086400,-507575,3905948020.0,0.756,0.555,2026-05-26
BRITANNIA,104,10087,1686500,-265750,7033890612.5,104,4743,1050875,-75375,3211177368.75,0.623,0.47,2026-05-26
BSE,86,50256,6682600,-921000,84454495140.0,87,37651,7715750,-834100,58087143377.5,1.155,0.749,2026-05-26
CAMS,73,2527,3692250,-129750,1535297362.5,77,1012,2923500,-7500,584187075.0,0.792,0.4,2026-05-26
CANBK,126,11099,90639000,-7533000,10489880362.5,125,6668,80784000,-1026000,6076741027.5,0.891,0.601,2026-05-26
CDSL,59,13973,8370925,-586625,8641569336.25,59,6967,5901400,-105450,4184889697.5,0.705,0.499,2026-05-26
CGPOWER,77,11045,5816550,-278800,8538694975.0,79,2715,5287850,17850,1978695110.0,0.909,0.246,2026-05-26
CHOLAFIN,85,4669,3349375,-279375,4804628812.5,83,6031,2461250,-148750,5853463281.25,0.735,1.292,2026-05-26
CIPLA,126,16661,8109675,-148500,9040047431.25,131,11778,7585500,24375,6123117056.25,0.935,0.707,2026-05-26
COALINDIA,80,74000,39353850,3839400,48406785907.5,81,48351,28584900,7662600,30332666227.5,0.726,0.653,2026-05-26
COCHINSHIP,94,4412,1737600,-325600,2835014200.0,91,1954,997200,-92000,1231573580.0,0.574,0.443,2026-05-26
COFORGE,78,29631,10060875,-542250,16331858137.5,78,15238,7976825,-597750,7779963056.25,0.793,0.514,2026-05-26
COLPAL,88,17173,2304000,175275,8469471003.75,86,9479,1335700,182525,4440661771.25,0.58,0.552,2026-05-26
CONCOR,93,26121,10601250,5610000,16792283937.5,94,21503,7345000,2811250,13326986875.0,0.693,0.823,2026-05-26
CROMPTON,113,6145,18234000,-739800,3346650180.0,115,2953,10168200,-658800,1555441057.5,0.558,0.481,2026-05-26
CUMMINSIND,79,6867,915800,65400,7749525220.0,82,4551,780600,121400,4806239200.0,0.852,0.663,2026-05-26
DABUR,89,3685,12632500,415000,2169564312.5,88,2924,8376250,111250,1672562812.5,0.663,0.793,2026-05-26
DALBHARAT,103,4631,1404975,-102375,2798252697.5,103,2355,1190800,-34775,1370090507.5,0.848,0.509,2026-05-26
DELHIVERY,78,3923,10694550,-917150,3883323178.75,77,1590,5058850,251075,1519383993.75,0.473,0.405,2026-05-26
DIVISLAB,104,19257,1128400,-91100,13446803750.0,109,15564,764800,-97500,10338349525.0,0.678,0.808,2026-05-26
DIXON,127,68519,1575150,-357750,41950884985.0,130,49417,1293000,-297000,27648936277.5,0.821,0.721,2026-05-26
DLF,100,12779,10376850,15675,6558411378.75,103,7018,7873100,97475,3565052986.25,0.759,0.549,2026-05-26
DMART,80,15852,1686450,-325050,10358989417.5,79,7415,949650,45750,4530343560.0,0.563,0.468,2026-05-26
DRREDDY,111,13946,10119375,601875,11961821156.25,106,8479,6010625,325000,7016853593.75,0.594,0.608,2026-05-26
EICHERMOT,123,49028,1800000,-381900,37381170185.0,124,20468,1495300,-201400,14932657375.0,0.831,0.417,2026-05-26
ETERNAL,82,34996,67650225,-7961275,22246898856.75,83,19190,46899500,3787850,11668427208.0,0.693,0.548,2026-05-26
EXIDEIND,146,18912,16353000,-252000,12676211910.0,150,5419,11021400,1042200,3448572120.0,0.674,0.287,2026-05-26
FEDERALBNK,90,8983,30442500,-672500,6726089875.0,90,4445,18957500,200000,3232068250.0,0.623,0.495,2026-05-26
FINNIFTY,307,1307785,1585320,545460,2053568416977.0,307,1478045,1333380,347760,2298523875981.0,0.841,1.13,2026-05-26
FORCEMOT,44,17326,122325,-88975,9385242148.75,41,3877,56125,-11650,1874853075.0,0.459,0.224,2026-05-26
FORTIS,69,3776,2632675,-207700,2941003557.5,71,1632,1650750,-165850,1199171295.0,0.627,0.432,2026-05-26
GAIL,139,11391,31241350,-3363000,6274326777.0,143,8226,30905450,-2564100,4305919369.5,0.989,0.722,2026-05-26
GLENMARK,99,11694,2544375,-598500,10656457162.5,103,7946,1815750,-49500,6888774375.0,0.714,0.679,2026-05-26
GMRAIRPORT,84,5695,51747525,2497050,4065036207.75,83,2016,35488800,2783025,1377953169.75,0.686,0.354,2026-05-26
GODFRYPHLP,115,10308,1269675,-100925,6890292282.5,118,5610,659725,-23100,3474440392.5,0.52,0.544,2026-05-26
GODREJCP,96,4091,2973500,-295500,2184385975.0,96,2651,1808500,-253500,1350972800.0,0.608,0.648,2026-05-26
GODREJPROP,99,10455,2784650,-325875,5350503840.0,98,6791,2117825,-17000,3307594260.0,0.761,0.65,2026-05-26
GRASIM,140,13749,1982500,-424500,11147757162.5,144,9869,2315250,-391250,7678659925.0,1.168,0.718,2026-05-26
HAL,87,26320,3844500,-255750,18349384657.5,94,14784,2586300,-39750,9859004752.5,0.673,0.562,2026-05-26
HAVELLS,114,4591,4221500,45500,2938547025.0,109,6274,2021000,71000,3816321800.0,0.479,1.367,2026-05-26
HCLTECH,127,32638,22296100,-2056700,14116490470.0,125,15437,10387250,15350,6464377245.0,0.466,0.473,2026-05-26
HDFCAMC,111,5253,1340700,-143400,4446873120.0,111,2873,949800,-46200,2340016515.0,0.708,0.547,2026-05-26
HDFCBANK,134,153667,81276500,6174700,68702863640.0,133,84776,50463100,405250,36666842887.5,0.621,0.552,2026-05-26
HDFCLIFE,103,10896,20392900,-588500,7638560490.0,105,5604,15184400,396000,3807169355.0,0.745,0.514,2026-05-26
HEROMOTOCO,99,24911,2594850,-374250,19658456812.5,99,8041,1626300,-127050,6126237622.5,0.627,0.323,2026-05-26
HINDALCO,91,30478,11273500,-578200,24514139230.0,91,17465,9365300,-775600,13323599835.0,0.831,0.573,2026-05-26
HINDPETRO,81,6581,17267175,-522450,5619544998.75,84,4858,15722100,386775,3880858736.25,0.911,0.738,2026-05-26
HINDUNILVR,105,21486,11740800,658200,14797790010.0,105,12885,5335200,-34200,8539968600.0,0.454,0.6,2026-05-26
HINDZINC,69,21199,19554675,-2361800,17430434533.75,72,10465,14646100,-1319325,8071836088.75,0.749,0.494,2026-05-26
HYUNDAI,77,3511,1075525,-151250,1867933622.5,78,1260,896775,-36850,640122546.25,0.834,0.359,2026-05-26
ICICIBANK,109,60324,33443900,-438200,56430630130.0,101,41282,27988800,2177700,37634763530.0,0.837,0.684,2026-05-26
ICICIGI,78,7099,947375,-259025,4395714878.75,76,2831,561925,42900,1670895151.25,0.593,0.399,2026-05-26
ICICIPRULI,113,1290,6987450,-15725,650797255.0,114,1108,6274275,12950,539743003.75,0.898,0.859,2026-05-26
IDEA,32,20535,1793164800,-117790800,22361151021.0,32,7415,1209785850,18512025,7281321927.75,0.675,0.361,2026-05-26
IDFCFIRSTB,60,8453,117059775,6047300,5738459937.0,61,5399,103954200,5249650,3584305849.25,0.888,0.639,2026-05-26
IEX,106,8266,33569550,-2182050,4200319440.0,112,2500,22449150,840000,1235874675.0,0.669,0.302,2026-05-26
INDHOTEL,102,4509,6053000,44000,3083453350.0,109,2613,5366000,263000,1765157300.0,0.887,0.58,2026-05-26
INDIANB,89,3819,6177000,-149000,3360370350.0,85,2012,4280000,-1000,1729631900.0,0.693,0.527,2026-05-26
INDIGO,82,48109,4612950,-1001550,33537353917.5,88,30904,3368550,-184050,20592984802.5,0.73,0.642,2026-05-26
INDUSINDBK,81,6388,6501600,-95900,4303890990.0,82,3846,5201000,-136500,2480468235.0,0.8,0.602,2026-05-26
INDUSTOWER,77,29461,31936200,1149200,22617478130.0,77,14597,30513300,2417400,10699206615.0,0.955,0.495,2026-05-26
INFY,122,79775,35363600,-3224400,39206804080.0,118,48068,25217600,-558400,22970330120.0,0.713,0.603,2026-05-26
INOXWIND,105,11238,26643725,-2824250,4138907522.75,106,2595,13148200,-27275,930517308.25,0.493,0.231,2026-05-26
IOC,137,10043,65734500,819000,7440142856.25,134,7338,55921125,6776250,5389956390.0,0.851,0.731,2026-05-26
IREDA,119,3465,24180375,-1279950,1647413571.0,118,1746,19543525,995525,795540150.5,0.808,0.504,2026-05-26
IRFC,90,9120,47655700,1395175,4129017050.5,91,3160,36196525,3353250,1338991527.5,0.76,0.346,2026-05-26
ITC,99,38921,148675475,7034275,19633705826.25,100,24869,52992575,3181200,12417763480.0,0.356,0.639,2026-05-26
JINDALSTEL,98,4304,3419375,-218750,3379269000.0,98,2179,2740000,5625,1670587500.0,0.801,0.506,2026-05-26
JIOFIN,91,18858,59353950,-775500,11437816435.5,89,10950,46088200,2046850,6799496227.5,0.776,0.581,2026-05-26
JSWENERGY,111,32674,9371075,-371000,19240170600.0,110,9276,7155075,-514125,5255955573.75,0.764,0.284,2026-05-26
JSWSTEEL,87,8514,5515425,-537975,7635214541.25,90,4023,3673350,-138375,3475385257.5,0.666,0.473,2026-05-26
JUBLFOOD,96,7977,13046250,893750,4572047500.0,92,4499,8245000,376250,2491358750.0,0.632,0.564,2026-05-26
KALYANKJIL,100,10239,20906825,-1814200,4587333538.75,99,4656,12923350,339050,2002592165.0,0.618,0.455,2026-05-26
KAYNES,127,65533,2461400,-954750,24111802892.5,125,38123,1524500,-196700,12931627277.5,0.619,0.582,2026-05-26
KEI,96,4371,679525,-61600,4136311856.25,98,6703,553525,-30450,6007200263.75,0.815,1.534,2026-05-26
KFINTECH,105,2428,3858000,-181500,1069445525.0,105,1648,2671225,-39500,717300200.0,0.692,0.679,2026-05-26
KOTAKBANK,134,16507,40794000,-1398000,13315020200.0,134,11033,35268000,672000,8544348600.0,0.865,0.668,2026-05-26
KPITTECH,78,22737,4643975,-1136025,7692743652.5,79,5423,3638775,443275,1732485470.0,0.784,0.239,2026-05-26
LAURUSLABS,137,8549,7532700,184450,10171113217.5,137,6978,7538650,-187850,7786612467.5,1.001,0.816,2026-05-26
LICHSGFIN,94,3778,8805000,-239000,2147494550.0,95,2550,6228000,216000,1405687850.0,0.707,0.675,2026-05-26
LICI,126,23045,7337400,-2210600,14156991765.0,125,7917,5360600,8400,4610988865.0,0.731,0.344,2026-05-26
LODHA,92,4570,2655000,-419400,1945787040.0,95,1714,2788200,-7200,684958927.5,1.05,0.375,2026-05-26
LT,142,50480,6263250,-1256150,36489345462.5,143,26760,5548900,-344925,18729483797.5,0.886,0.53,2026-05-26
LTF,54,9756,21269250,-695250,6499713825.0,57,3243,15612750,407250,2037612262.5,0.734,0.332,2026-05-26
LTM,86,14807,1539150,-251550,9376064745.0,86,4558,999450,39600,2792972955.0,0.649,0.308,2026-05-26
LUPIN,114,9102,6236025,-1007675,9296602235.0,114,3669,3522400,-90525,3583901558.75,0.565,0.403,2026-05-26
M&M,127,32907,5912600,80000,21513788130.0,131,17874,5072400,-74600,11225975770.0,0.858,0.543,2026-05-26
MANAPPURAM,54,4888,13491000,2025000,5078856150.0,58,2176,10800000,621000,2038489500.0,0.801,0.445,2026-05-26
MANKIND,141,4177,1167975,-130500,2381044950.0,135,4069,703725,-45000,2225088618.75,0.603,0.974,2026-05-26
MARICO,123,1756,5446800,-177600,1806274200.0,125,1303,3886800,2400,1273380540.0,0.714,0.742,2026-05-26
MARUTI,103,58806,2313050,-186750,40170937110.0,105,26448,1056550,-7550,17250682005.0,0.457,0.45,2026-05-26
MAXHEALTH,110,13268,7991025,58275,7368196473.75,110,7312,3405675,-269850,3857367675.0,0.426,0.551,2026-05-26
MAZDOCK,128,15480,4044800,-575800,8148871260.0,133,7665,1993800,-114200,3784470850.0,0.493,0.495,2026-05-26
MCX,69,20919,6897550,-1087500,45335647750.0,71,10734,5365425,-515625,21355501906.25,0.778,0.513,2026-05-26
MFSL,71,6253,1140800,-198400,4449117840.0,74,2065,907600,34400,1391090420.0,0.796,0.33,2026-05-26
MIDCPNIFTY,566,3204542,10321800,2496120,5651010301440.0,566,2754409,13888560,4196640,4807453817742.0,1.346,0.86,2026-05-26
MOTHERSON,126,6833,49685850,-2047950,5997714130.5,132,3723,41192700,-1814250,3045958347.0,0.829,0.545,2026-05-26
MOTILALOFS,83,6225,2242075,-71300,4407601118.75,85,1330,1467075,-49600,891005487.5,0.654,0.214,2026-05-26
MPHASIS,108,5569,1589225,-37675,3610657380.0,103,3488,1386825,28050,2161435828.75,0.873,0.626,2026-05-26
MUTHOOTFIN,68,7270,2599300,-297000,7065866871.25,68,4852,1686300,-231825,4384098881.25,0.649,0.667,2026-05-26
NAM-INDIA,49,1893,1478750,-44375,1348168562.5,47,1442,1245000,78125,967146531.25,0.842,0.762,2026-05-26
NATIONALUM,77,19811,25569375,-2169375,15940554375.0,77,9074,15095625,-757500,6977705625.0,0.59,0.458,2026-05-26
NAUKRI,101,61520,4541975,-1168500,23254383431.25,100,20614,3110200,-384375,7353194581.25,0.685,0.335,2026-05-26
NBCC,93,9028,26838500,2190500,6027752770.0,98,4370,18674500,1618500,2780380915.0,0.696,0.484,2026-05-26
NESTLEIND,107,5409,4425000,-174500,3963437475.0,113,3443,3247000,-85000,2431441550.0,0.734,0.637,2026-05-26
NHPC,76,5092,54688550,-2496000,2732869952.0,75,2822,29075750,0,1407723712.0,0.532,0.554,2026-05-26
NIFTY,934,147985046,318770615,73647350,232336655506169.5,956,166035286,311484570,2967215,257482988117069.0,0.977,1.122,2026-05-26
NIFTYNXT50,713,10053,48350,29100,17984244678.75,713,7287,44675,28000,12717772358.75,0.924,0.725,2026-05-26
NMDC,80,14612,81378000,-1768500,9337514827.5,81,6999,48478500,4785750,4194119452.5,0.596,0.479,2026-05-26
NTPC,112,19370,86584500,916500,11606118225.0,109,12299,24043500,1032000,7273925100.0,0.278,0.635,2026-05-26
NUVAMA,89,2820,1457000,-308000,2196766600.0,88,1361,921000,-167000,1008651075.0,0.632,0.483,2026-05-26
NYKAA,84,9200,35503125,778125,8256379687.5,85,3015,11334375,-318750,2526754687.5,0.319,0.328,2026-05-26
OBEROIRLTY,66,3187,1178800,-97650,1936957260.0,64,2022,889350,95550,1181147047.5,0.754,0.634,2026-05-26
OFSS,155,19412,692775,-57975,14733687363.75,154,11678,546625,-101175,8165062050.0,0.789,0.602,2026-05-26
OIL,104,7665,8946000,-317800,5489410220.0,104,3941,6091400,-194600,2666170430.0,0.681,0.514,2026-05-26
ONGC,98,29158,81470250,2731500,19860602737.5,96,15107,27837000,2261250,9714945600.0,0.342,0.518,2026-05-26
PAGEIND,152,11993,100740,-53280,7261355603.25,152,5624,49830,-14745,3138284940.0,0.495,0.469,2026-05-26
PATANJALI,80,3145,5137200,-211500,1371221685.0,80,1890,4049100,-221400,802220130.0,0.788,0.601,2026-05-26
PAYTM,101,22347,7646575,-1436950,18899980013.75,108,11074,6179175,-415425,8988857798.75,0.808,0.496,2026-05-26
PERSISTENT,102,17499,1338800,-102400,9248897685.0,97,9937,1166425,-33600,4947902545.0,0.871,0.568,2026-05-26
PETRONET,101,5196,12017500,1297700,2925222995.0,101,3924,12087800,1102000,2195255915.0,1.006,0.755,2026-05-26
PFC,76,12213,22053200,391300,7262897655.0,75,6162,13985400,568100,3577376985.0,0.634,0.505,2026-05-26
PGEL,66,11514,10415800,56050,5625424810.0,66,6959,7393850,936700,3083514987.5,0.71,0.604,2026-05-26
PHOENIXLTD,72,1895,912450,-42000,1228935785.0,70,764,585200,-30450,485783375.0,0.641,0.403,2026-05-26
PIDILITIND,113,4063,2828500,-565000,3093289100.0,115,1663,1620500,-23000,1200858850.0,0.573,0.409,2026-05-26
PIIND,148,9086,2052575,-95550,4833402402.5,145,6187,1108800,-108325,3052218496.25,0.54,0.681,2026-05-26
PNB,104,10853,108408000,-7048000,9731261200.0,104,7144,88024000,1640000,6300684320.0,0.812,0.658,2026-05-26
PNBHOUSING,78,2329,2217800,-247000,1699021317.5,80,2173,1630200,118300,1528783327.5,0.735,0.933,2026-05-26
POLICYBZR,87,3708,3184650,-134400,2382056337.5,90,2456,2093350,-133700,1537969002.5,0.657,0.662,2026-05-26
POLYCAB,88,29741,1229750,-495250,35940569143.75,97,16971,1433375,20875,19334424437.5,1.166,0.571,2026-05-26
POWERGRID,117,8022,36500900,319200,4634095440.0,117,5027,18278000,190000,2868261375.0,0.501,0.627,2026-05-26
POWERINDIA,71,199030,332475,-45675,186284671685.0,74,83122,368400,17400,70018147932.5,1.108,0.418,2026-05-26
PREMIERENE,75,26423,3735425,-334000,15850149536.25,76,8339,1926825,61525,4763955212.5,0.516,0.316,2026-05-26
PRESTIGE,72,2078,1674000,-94050,1344319852.5,70,2347,981450,-189450,1482542550.0,0.586,1.129,2026-05-26
RBLBANK,54,6550,21367750,-2149475,7401399027.5,57,4210,14849475,-904875,4372607936.25,0.695,0.643,2026-05-26
RECLTD,68,13533,29725500,1592325,6955274672.5,65,8247,20072150,1822800,4247089910.0,0.675,0.609,2026-05-26
RELIANCE,122,121935,66816500,-3443500,86550515125.0,122,66489,43700000,1572500,45882618600.0,0.654,0.545,2026-05-26
RVNL,60,27826,24609375,2130200,12065908423.75,60,18722,15012400,288150,7735980923.75,0.61,0.673,2026-05-26
SAIL,69,437,8243800,-897700,420760074.0,69,366,5160600,-587500,317895545.0,0.626,0.838,2026-05-26
SAMMAANCAP,56,7953,25825800,-3796900,6006891063.0,56,5342,34572000,-786900,3734105251.0,1.339,0.672,2026-05-26
SBICARD,62,10613,10204000,245600,5641317800.0,62,5075,6849600,173600,2601809720.0,0.671,0.478,2026-05-26
SBILIFE,81,7536,3936375,-190500,5482434468.75,81,3636,2181000,-98250,2555329462.5,0.554,0.482,2026-05-26
SBIN,114,119792,84794250,-5340750,91388535487.5,113,65014,52446750,417750,48806596200.0,0.619,0.543,2026-05-26
SHREECEM,78,2972,58250,-10250,1945272516.25,77,1318,41275,-1750,807500576.25,0.709,0.443,2026-05-26
SHRIRAMFIN,101,11596,13616625,-1013925,9621108048.75,99,7178,9197100,-290400,5695551180.0,0.675,0.619,2026-05-26
SIEMENS,73,29113,1523550,68775,19894847971.25,70,18700,1324925,256375,11691208191.25,0.87,0.642,2026-05-26
SOLARINDS,75,11128,275350,-89250,10622952752.5,76,7249,243850,-79700,6235826307.5,0.886,0.651,2026-05-26
SONACOMS,96,4856,4764025,-274400,3682650615.0,98,2407,3285450,240100,1750078487.5,0.69,0.496,2026-05-26
SRF,115,16443,1321000,-246600,9280110450.0,120,6281,1130200,-74400,3423407770.0,0.856,0.382,2026-05-26
SUNPHARMA,85,36566,18115300,-712250,24101051957.5,86,34308,10803100,-903700,22000152965.0,0.596,0.938,2026-05-26
SUPREMEIND,72,3165,814800,-170450,2103340111.25,71,1193,429450,21700,742535596.25,0.527,0.377,2026-05-26
SUZLON,54,28489,175693350,-4960075,14881861711.75,57,15931,86975925,-6517725,7781908503.5,0.495,0.559,2026-05-26
SWIGGY,58,7671,16827725,-84500,2731636895.0,56,3038,6263425,26000,1034118735.0,0.372,0.396,2026-05-26
TATACONSUM,110,6026,4610650,-101200,4097784927.5,112,2717,3306600,170500,1798369347.5,0.717,0.451,2026-05-26
TATAELXSI,79,8639,873950,-221500,3938128370.0,78,2131,543725,-10500,922142810.0,0.622,0.247,2026-05-26
TATAPOWER,92,53391,39587900,745300,34008258457.5,89,16007,23137650,1132450,9803567885.0,0.584,0.3,2026-05-26
TATASTEEL,73,37099,114848250,-5049000,22044701140.0,73,25322,66880000,-5403750,14563411335.0,0.582,0.683,2026-05-26
TCS,117,85105,17024875,-1385625,36195422038.75,117,55123,12431900,-349400,23353497675.0,0.73,0.648,2026-05-26
TECHM,70,9535,9684600,-276600,8568822030.0,70,4243,6099000,-152400,3645122460.0,0.63,0.445,2026-05-26
TIINDIA,132,3780,603400,-117600,2367786270.0,128,1261,434400,-6600,759685080.0,0.72,0.334,2026-05-26
TITAN,84,30341,5041225,-203525,22827890881.25,84,16667,2974300,-36400,12041725412.5,0.59,0.549,2026-05-26
TMPV,67,118764,43190400,-3796000,37408789800.0,67,38427,32816000,2268000,11558862480.0,0.76,0.324,2026-05-26
TORNTPHARM,90,16611,842375,-76875,9726735637.5,91,14664,496500,-205625,8150731756.25,0.589,0.883,2026-05-26
TRENT,75,34837,2563050,-417500,15531200550.0,69,18003,1301200,-246600,7603964725.0,0.508,0.517,2026-05-26
TVSMOTOR,172,12533,2077950,-344400,7890062906.25,166,12271,1752800,-1750,7362059582.5,0.844,0.979,2026-05-26
ULTRACEMCO,92,13508,1046350,-8250,8154615082.5,95,5935,477350,-25150,3432907080.0,0.456,0.439,2026-05-26
UNIONBANK,68,12054,49719300,-1668225,9455476201.5,68,4169,29523600,-566400,3153552448.5,0.594,0.346,2026-05-26
UNITDSPR,120,6381,3781200,-124000,3438320500.0,121,5403,3269600,106000,2884957460.0,0.865,0.847,2026-05-26
UNOMINDA,58,3705,1917300,-457050,2390048842.5,58,848,1522400,-35200,525026782.5,0.794,0.229,2026-05-26
UPL,124,7480,8451135,-971535,6848552381.0,126,3742,6681505,315715,3356413928.75,0.791,0.5,2026-05-26
VBL,85,8980,13092750,-690750,5563073643.75,88,5470,7502775,-570375,3212128406.25,0.573,0.609,2026-05-26
VEDL,63,97256,32055100,-3735200,40475315360.0,63,37851,29679200,1944650,14483396412.5,0.926,0.389,2026-05-26
VMM,110,1514,6916100,-1406500,914893912.0,110,561,5368950,-334650,327596354.0,0.776,0.371,2026-05-26
VOLTAS,86,9414,5801625,-638625,4854365175.0,85,5101,4032750,-179250,2494341468.75,0.695,0.542,2026-05-26
WAAREEENER,66,77861,2927050,-1409800,43604692363.75,66,26022,1851150,-57925,13973193456.25,0.632,0.334,2026-05-26
WIPRO,75,61841,179739000,5007000,37993988550.0,76,35608,127035000,21561000,19807385550.0,0.707,0.576,2026-05-26
YESBANK,29,12679,380975000,-28487600,9472392594.0,31,5458,277256500,14803600,3759115779.0,0.728,0.43,2026-05-26
ZYDUSLIFE,113,8929,6693300,-774900,8955782235.0,115,3930,4885200,-40500,3716130825.0,0.73,0.44,2026-05-26
360ONE,46,578,458000,77500,345916875.0,46,318,230500,50000,174653100.0,0.503,0.55,2026-05-27
ABB,128,38361,840875,303875,35872332493.75,128,14042,627125,156000,11877473687.5,0.746,0.366,2026-05-27
ABCAPITAL,53,2881,6376700,657200,3508281470.0,53,1272,5487000,548700,1406704825.0,0.86,0.442,2026-05-27
ADANIENSOL,72,21130,4311900,1675350,23339305878.75,72,6893,2515725,690525,6738945558.75,0.583,0.326,2026-05-27
ADANIENT,110,50824,5558910,1103130,49559784313.49999,112,23761,4455471,461646,21501500650.5,0.802,0.468,2026-05-27
ADANIGREEN,104,23625,5862600,1821600,22712734710.0,104,9342,3643800,749400,8058901020.0,0.622,0.395,2026-05-27
ADANIPORTS,59,21845,4139625,395675,19932416521.25,60,7683,2237725,244150,6566407291.25,0.541,0.352,2026-05-27
ADANIPOWER,76,25940,27292400,4668250,24674247807.0,76,9923,20668100,4597250,8471391909.0,0.757,0.383,2026-05-27
ALKEM,79,4866,252750,142750,3510942125.0,79,3964,201375,115375,2701166768.75,0.797,0.815,2026-05-27
AMBER,71,22490,1465400,331600,18405542880.0,71,12027,1132300,31800,8719179635.0,0.773,0.535,2026-05-27
AMBUJACEM,65,20697,10790850,3373650,10566898177.5,65,5440,8470650,1270650,2593988017.5,0.785,0.263,2026-05-27
ANGELONE,56,9011,12877500,3550000,8323947250.0,56,5066,9455000,1157500,4305647625.0,0.734,0.562,2026-05-27
APLAPOLLO,75,9515,773500,335650,6663956372.5,74,4904,616700,102200,3290441420.0,0.797,0.515,2026-05-27
APOLLOHOSP,113,10635,732750,190875,11666357500.0,113,5395,488500,149125,5439704331.25,0.667,0.507,2026-05-27
ASHOKLEY,62,16158,61195000,13960000,14318442600.0,63,6451,50625000,8225000,5155624750.0,0.827,0.399,2026-05-27
ASIANPAINT,93,16741,2491250,648500,11897223775.0,94,8018,1687250,425250,5200406350.0,0.677,0.479,2026-05-27
ASTRAL,67,5951,1312825,-97325,4210132853.75,67,3038,925225,121125,1971039032.5,0.705,0.511,2026-05-27
AUBANK,71,2200,2556000,360000,2351614750.0,71,1636,2394000,100000,1642361500.0,0.937,0.744,2026-05-27
AUROPHARMA,55,5169,3113000,287100,4383611732.5,55,2620,1834250,322850,2089994720.0,0.589,0.507,2026-05-27
AXISBANK,91,18495,6750625,1971875,15856753218.75,91,14951,5706250,1641875,11989636812.5,0.845,0.808,2026-05-27
BAJAJ-AUTO,76,44672,1070400,243900,37146365801.25,76,12999,574275,193275,9931214381.25,0.537,0.291,2026-05-27
BAJAJFINSV,68,7613,1837500,419250,3644722550.0,68,5319,2025900,408300,2352963000.0,1.103,0.699,2026-05-27
BAJAJHLDNG,79,461,28950,11500,257723855.0,79,329,25900,13450,177743660.0,0.895,0.714,2026-05-27
BAJFINANCE,69,14081,9395250,1426500,10423142587.5,70,8779,8339250,1134000,6025673625.0,0.888,0.623,2026-05-27
BANDHANBNK,64,8874,20624400,2170800,6975355716.0,64,2957,11833200,662400,2149245252.0,0.574,0.333,2026-05-27
BANKBARODA,80,5020,18848700,1968525,4209040631.25,78,3316,22244625,1289925,2621992961.25,1.18,0.661,2026-05-27
BANKINDIA,45,4249,12386400,2366000,3424885516.0,45,2264,10925200,2204800,1728861628.0,0.882,0.533,2026-05-27
BANKNIFTY,497,776359,11002350,1688310,1347569530333.5,497,674020,10790070,1626450,1093698591154.5,0.981,0.868,2026-05-27
BDL,60,10548,2104625,784625,5280510878.75,60,6523,1479150,501250,2991017036.25,0.703,0.618,2026-05-27
BEL,67,19331,28559850,3857475,12305735058.75,67,10058,22868400,2871375,5982647182.5,0.801,0.52,2026-05-27
BHARATFORG,67,3730,1191000,208500,3827505675.0,67,1759,924500,160000,1689630550.0,0.776,0.472,2026-05-27
BHARTIARTL,74,28058,8563300,1129550,26046341140.0,74,14542,4969450,975650,12765234977.5,0.58,0.518,2026-05-27
BHEL,117,13255,24420375,2294250,15505228068.75,118,5729,16419375,1879500,6227152575.0,0.672,0.432,2026-05-27
BIOCON,77,4438,10302500,520000,5102170500.0,77,1759,6720000,310000,1875451250.0,0.652,0.396,2026-05-27
BLUESTARCO,76,1707,628550,99125,976212266.25,76,1036,463125,69225,557396807.5,0.737,0.607,2026-05-27
BOSCHLTD,107,3883,114975,16625,3792149858.75,107,2580,70150,20800,2183708196.25,0.61,0.664,2026-05-27
BPCL,54,7304,9286450,1036875,4711383435.0,54,4610,6661675,448325,2761499312.5,0.717,0.631,2026-05-27
BRITANNIA,93,4454,516625,140000,3162529975.0,93,2432,466250,100750,1557802600.0,0.902,0.546,2026-05-27
BSE,63,27846,4984975,1021875,48043416225.0,64,27937,4525075,604325,44363796263.75,0.908,1.003,2026-05-27
CAMS,57,4404,1382325,532575,2757089418.75,59,1096,813000,212250,636427425.0,0.588,0.249,2026-05-27
CANBK,105,4388,40716000,4144500,4230114030.0,104,2909,44239500,2234250,2613843405.0,1.087,0.663,2026-05-27
CDSL,48,14970,4762825,626050,9395452001.25,48,5933,3649900,242725,3493249726.25,0.766,0.396,2026-05-27
CGPOWER,80,34497,4863700,2188750,28432101350.0,80,10456,3374500,1648150,7991891887.5,0.694,0.303,2026-05-27
CHOLAFIN,69,1914,1483750,131250,2036050031.25,69,955,1101875,105000,915823500.0,0.743,0.499,2026-05-27
CIPLA,107,8486,2536425,798375,4736307825.0,107,4999,1982625,543375,2569583100.0,0.782,0.589,2026-05-27
COALINDIA,85,177031,38276550,18273600,112757510025.0,85,129719,39916800,21324600,77587637332.5,1.043,0.733,2026-05-27
COCHINSHIP,69,1573,630000,150800,1027953320.0,69,549,404800,64000,342337280.0,0.643,0.349,2026-05-27
COFORGE,60,11574,4331250,512625,6520735087.5,60,6683,2643225,437275,3540126818.75,0.61,0.577,2026-05-27
COLPAL,74,5636,1481400,43200,2798126741.25,74,2735,992175,47300,1258159183.75,0.67,0.485,2026-05-27
CONCOR,78,8621,9530000,1576250,5454471187.5,78,4634,6312500,467500,2775037625.0,0.662,0.538,2026-05-27
CROMPTON,91,1839,5794200,622800,1031585850.0,91,603,2386800,325800,317864070.0,0.412,0.328,2026-05-27
CUMMINSIND,108,48449,1004600,657000,59506668190.0,108,21967,1112400,818000,24600104530.0,1.107,0.453,2026-05-27
DABUR,74,4531,5046250,1665000,2702878937.5,74,2270,3472500,962500,1215242687.5,0.688,0.501,2026-05-27
DALBHARAT,83,795,381550,43875,507258748.75,83,461,404950,2925,264437306.25,1.061,0.58,2026-05-27
DELHIVERY,66,1645,4751750,856975,1672851720.0,66,829,2328150,429525,793523367.5,0.49,0.504,2026-05-27
DIVISLAB,92,10076,590900,52000,7231306190.0,92,5693,369400,82400,3762313760.0,0.625,0.565,2026-05-27
DIXON,102,29586,944250,129250,18749104097.5,102,13445,746850,81950,7563562360.0,0.791,0.454,2026-05-27
DLF,86,11446,6161925,866250,5967443130.0,88,4073,4506400,524000,1999878288.75,0.731,0.356,2026-05-27
DMART,69,7861,781350,179850,5191142797.5,69,2976,562650,89550,1803969915.0,0.72,0.379,2026-05-27
DRREDDY,93,8864,3431250,881250,7764693312.5,93,3481,2346875,576875,2794486156.25,0.684,0.393,2026-05-27
EICHERMOT,103,11534,1063500,20600,9083963265.0,103,9253,860200,108000,6411077050.0,0.809,0.802,2026-05-27
ETERNAL,66,29354,29500125,6639650,19290824948.0,67,15566,27916600,3562325,9604175931.0,0.946,0.53,2026-05-27
EXIDEIND,111,43439,13899600,5988600,32241555090.0,111,16197,9664200,4249800,11068914240.0,0.695,0.373,2026-05-27
FEDERALBNK,82,5995,12007500,1865000,4561206625.0,81,3725,9837500,2097500,2727282750.0,0.819,0.621,2026-05-27
FINNIFTY,218,2828,55140,44940,4554940125.0,218,2933,71340,63420,4419024927.0,1.294,1.037,2026-05-27
FORCEMOT,35,1671,47675,6525,909776521.25,35,413,15150,3975,206222427.5,0.318,0.247,2026-05-27
FORTIS,61,3100,1643000,298375,2425685093.75,61,1734,953250,259625,1297848170.0,0.58,0.559,2026-05-27
GAIL,113,4110,18321650,833200,2312670340.5,113,2392,16771400,1562400,1258373970.0,0.915,0.582,2026-05-27
GLENMARK,86,3974,1770375,213000,3782910431.25,86,1872,1209000,99750,1650828131.25,0.683,0.471,2026-05-27
GMRAIRPORT,69,10203,39569175,17304975,7490586001.5,69,4097,24768225,9653400,2769204037.5,0.626,0.402,2026-05-27
GODFRYPHLP,91,1655,617100,61600,1138920626.25,91,621,226050,36300,394253750.0,0.366,0.375,2026-05-27
GODREJCP,83,3787,777500,153500,2062455925.0,83,1692,557000,101500,875017700.0,0.716,0.447,2026-05-27
GODREJPROP,75,7218,1602900,347800,3850550286.25,75,3010,1020575,184525,1439443252.5,0.637,0.417,2026-05-27
GRASIM,114,4086,952500,167500,3416505700.0,114,3755,960000,114750,2905713087.5,1.008,0.919,2026-05-27
GVT&D,46,1968,34000,34000,1356990243.75,46,285,24250,24250,166945193.75,0.713,0.145,2026-05-27
HAL,70,10692,1684350,184350,7590972637.5,70,4027,1284750,73050,2644292827.5,0.763,0.377,2026-05-27
HAVELLS,93,3865,1393000,173500,2470110150.0,93,983,947500,42500,589989875.0,0.68,0.254,2026-05-27
HCLTECH,95,12253,5248000,893250,5320127815.0,93,6914,4074850,810800,2765959317.5,0.776,0.564,2026-05-27
HDFCAMC,93,1548,561900,70800,1358180475.0,93,856,391500,72600,687601650.0,0.697,0.553,2026-05-27
HDFCBANK,106,211343,71123550,25261550,93124910587.5,107,96036,41959750,13375100,40206262977.5,0.59,0.454,2026-05-27
HDFCLIFE,92,7385,8482100,2040500,5286911190.0,92,4633,6598900,1785300,3049331780.0,0.778,0.627,2026-05-27
HEROMOTOCO,85,17848,1250700,89250,14429029470.0,85,7774,779700,149550,5777948212.5,0.623,0.436,2026-05-27
HINDALCO,72,43789,8091300,2247700,36777424670.0,72,24349,6122200,2386300,19207907390.0,0.757,0.556,2026-05-27
HINDPETRO,67,6654,9535725,888975,5754838995.0,67,3496,6688575,224775,2825115772.5,0.701,0.525,2026-05-27
HINDUNILVR,89,13251,4578300,776100,9249120495.0,89,7072,2717100,641400,4545066210.0,0.593,0.534,2026-05-27
HINDZINC,54,14067,11639950,1063300,11923947201.25,55,7009,8370425,989800,5498626201.25,0.719,0.498,2026-05-27
HYUNDAI,68,4194,466950,155375,2321908063.75,68,1595,430375,202400,825348493.75,0.922,0.38,2026-05-27
ICICIBANK,91,35800,15523200,2902900,33553487905.0,88,24471,14839300,1353100,21908603605.0,0.956,0.684,2026-05-27
ICICIGI,68,656,306475,39975,412728696.25,68,718,272025,100425,422619990.0,0.888,1.095,2026-05-27
ICICIPRULI,96,1295,1479075,340400,663814040.0,96,940,1264475,101750,450453308.75,0.855,0.726,2026-05-27
IDEA,31,14566,1361169900,135159225,16670403009.0,31,7336,621189225,79122825,7079186339.25,0.456,0.504,2026-05-27
IDFCFIRSTB,46,8962,64702400,11909100,6305348586.25,46,5503,63552300,10258150,3577464609.25,0.982,0.614,2026-05-27
IEX,95,5245,20296350,3481800,2698084710.0,96,1496,14085900,1353000,709287597.0,0.694,0.285,2026-05-27
INDHOTEL,93,3262,2967000,664000,2286489350.0,93,1334,2764000,273000,877743800.0,0.932,0.409,2026-05-27
INDIANB,69,2162,2513000,384000,1910489400.0,69,801,1962000,154000,666890200.0,0.781,0.37,2026-05-27
INDIGO,68,27167,1837950,376200,19696381987.5,68,19159,1610550,190650,12907867762.5,0.876,0.705,2026-05-27
INDUSINDBK,66,12035,2893100,739200,8255317560.0,66,8012,2718800,499100,5233895415.0,0.94,0.666,2026-05-27
INDUSTOWER,68,9106,16267300,1191700,7105761065.0,68,3957,16983000,1057400,2938271075.0,1.044,0.435,2026-05-27
INFY,97,35597,15289200,2467200,17607795920.0,97,23106,13472800,1743600,10611674740.0,0.881,0.649,2026-05-27
INOXWIND,82,5432,18113775,5973825,2040463997.0,82,3106,10828025,4972825,1087668725.0,0.598,0.572,2026-05-27
IOC,115,7316,31975125,2018250,5471977338.75,115,3980,30766125,1384500,2735822017.5,0.962,0.544,2026-05-27
IREDA,96,3622,16434675,3228750,1735874291.25,96,1834,13900625,2026450,804504695.0,0.846,0.506,2026-05-27
IRFC,81,3885,25411200,2822000,1757770760.0,81,1921,22150275,2290750,787599630.0,0.872,0.494,2026-05-27
ITC,91,41924,60133100,60133100,20756598735.0,91,24797,39062075,39062075,11558273808.75,0.65,0.591,2026-05-27
JINDALSTEL,85,11374,1548125,801875,9203716593.75,85,5086,1801875,641875,3913113937.5,1.164,0.447,2026-05-27
JIOFIN,78,11564,30893100,4314600,7020592828.5,78,5558,27415100,2267750,3184625130.5,0.887,0.481,2026-05-27
JSWENERGY,115,25807,5326300,1962225,16218007161.25,115,9068,3945300,1602225,5291898480.0,0.741,0.351,2026-05-27
JSWSTEEL,79,12739,2893050,959175,11826626771.25,79,5141,2029725,702000,4489342818.75,0.702,0.404,2026-05-27
JUBLFOOD,78,4015,7067500,816250,2310951812.5,78,2115,5300000,373750,1144334437.5,0.75,0.527,2026-05-27
KALYANKJIL,79,5250,6493275,1142275,2407337625.0,79,2310,3903050,464300,970843192.5,0.601,0.44,2026-05-27
KAYNES,96,16611,1257200,303400,5955337635.0,96,9034,833550,207950,2906363577.5,0.663,0.544,2026-05-27
KEI,77,4239,314475,57400,4213621020.0,77,1448,218750,68950,1339935808.75,0.696,0.342,2026-05-27
KFINTECH,84,3887,956000,355500,1763202000.0,84,1468,841725,216500,601451325.0,0.88,0.378,2026-05-27
KOTAKBANK,114,9683,21032000,4166000,7957388700.0,114,5816,17482000,3164000,4462560800.0,0.831,0.601,2026-05-27
KPITTECH,63,8487,2741600,545625,2958222286.25,63,3858,1808300,402475,1254474752.5,0.66,0.455,2026-05-27
LAURUSLABS,109,3830,3423800,311100,4699706907.5,109,3403,3609100,421600,3931129300.0,1.054,0.889,2026-05-27
LICHSGFIN,83,10583,4622000,1383000,6116471850.0,83,3218,3560000,365000,1775367150.0,0.77,0.304,2026-05-27
LICI,114,21566,6162800,1720600,13278293875.0,114,15908,4704700,1638700,9216290545.0,0.763,0.738,2026-05-27
LODHA,76,8009,1159650,408150,3524163570.0,76,2044,884250,189900,848207295.0,0.763,0.255,2026-05-27
LT,112,19759,2785475,234850,14633772527.5,113,13471,3703000,318675,9338397976.25,1.329,0.682,2026-05-27
LTF,47,3865,9816750,1318500,2712126375.0,47,1758,8784000,992250,1119077887.5,0.895,0.455,2026-05-27
LTM,68,5134,771900,130800,3300514567.5,68,2305,555000,91350,1326473580.0,0.719,0.449,2026-05-27
LUPIN,97,5263,1497700,342550,5401073697.5,97,2576,1174700,237150,2414142098.75,0.784,0.489,2026-05-27
M&M,110,16686,3238000,428800,11011136020.0,110,9601,2712200,342600,5934260650.0,0.838,0.575,2026-05-27
MANAPPURAM,48,1317,7758000,303000,1377872250.0,48,777,3837000,330000,767406450.0,0.495,0.59,2026-05-27
MANKIND,103,1027,339300,18450,605511495.0,103,469,240000,32400,256342826.25,0.707,0.457,2026-05-27
MARICO,108,4150,2601600,1855200,4351312920.0,108,1271,1287600,624000,1248291180.0,0.495,0.306,2026-05-27
MARUTI,91,26325,677450,137950,18610842750.0,91,12516,500400,113000,8151016100.0,0.739,0.475,2026-05-27
MAXHEALTH,92,11808,5438475,896175,6592771237.5,92,5086,2133600,205800,2668039421.25,0.392,0.431,2026-05-27
MAZDOCK,105,4739,1100400,222600,2524128940.0,105,2310,819600,152200,1127245390.0,0.745,0.487,2026-05-27
MCX,52,14951,5269575,1230150,32797416063.75,53,11026,3385925,694875,21894564721.25,0.643,0.737,2026-05-27
MFSL,64,1656,464400,43200,1200174440.0,64,1162,352000,38800,791840700.0,0.758,0.702,2026-05-27
MIDCPNIFTY,436,46160,2517720,921480,85025846790.0,436,62978,3369960,1580640,107888017260.0,1.338,1.364,2026-05-27
MOTHERSON,132,13547,28087050,5122950,12336257079.0,133,4280,19784550,4065150,3542168391.0,0.704,0.316,2026-05-27
MOTILALOFS,63,4535,1344625,492125,3400832680.0,63,769,558000,138725,516494603.75,0.415,0.17,2026-05-27
MPHASIS,86,2163,581075,130350,1427894902.5,86,1568,474100,93225,978180266.25,0.816,0.725,2026-05-27
MUTHOOTFIN,58,3374,1196800,199925,3293106465.0,58,2476,790075,137775,2236680655.0,0.66,0.734,2026-05-27
NAM-INDIA,41,836,301250,90625,608385968.75,41,378,236875,65625,261258312.5,0.786,0.452,2026-05-27
NATIONALUM,75,29877,14193750,4003125,25685974593.75,75,13200,12063750,4927500,10547827031.25,0.85,0.442,2026-05-27
NAUKRI,81,15957,2567225,10125,6330837375.0,81,7378,2228950,278625,2633022806.25,0.868,0.462,2026-05-27
NBCC,75,5814,21359000,3438500,3988861240.0,75,1860,11914500,910000,1178575450.0,0.558,0.32,2026-05-27
NESTLEIND,93,2291,977000,137500,1712885725.0,94,1458,870000,116000,1041302475.0,0.89,0.636,2026-05-27
NHPC,65,7573,26906700,7750950,4106335269.0,65,3625,20774950,7686400,1808173248.0,0.772,0.479,2026-05-27
NIFTY,861,20021135,193223205,51326885,31804473077643.5,883,20048999,196614915,44666150,30735589978616.25,1.018,1.001,2026-05-27
NIFTYNXT50,595,52,450,425,97513337.5,595,5,150,125,9057250.0,0.333,0.096,2026-05-27
NMDC,66,13431,59251500,6149250,8880003405.0,66,4524,32042250,4313250,2729718765.0,0.541,0.337,2026-05-27
NTPC,100,38107,19078500,8655000,23726440275.0,100,14742,10401000,2610000,8731536300.0,0.545,0.387,2026-05-27
NUVAMA,57,1418,436000,154000,1168759125.0,57,284,231000,75000,207729200.0,0.53,0.2,2026-05-27
NYKAA,75,6849,27459375,5421875,6240200625.0,75,2476,9650000,2290625,2033270937.5,0.351,0.362,2026-05-27
OBEROIRLTY,57,787,354200,43400,496788005.0,57,523,280000,38850,301195807.5,0.791,0.665,2026-05-27
OFSS,111,31252,403975,144250,25129514986.25,111,8136,304900,116175,5825969613.75,0.755,0.26,2026-05-27
OIL,87,1620,2515800,392000,1189890450.0,87,1031,1629600,187600,703875480.0,0.648,0.636,2026-05-27
ONGC,104,44921,37480500,16447500,30183786787.5,104,23655,19203750,6156000,14908325062.5,0.512,0.527,2026-05-27
PAGEIND,122,4143,49230,4395,2671634664.75,122,954,21495,4245,537629110.5,0.437,0.23,2026-05-27
PATANJALI,75,3182,2903575,712975,1422813950.0,75,1268,2435400,380700,531303975.0,0.839,0.398,2026-05-27
PAYTM,85,9590,3801900,777200,8440915160.0,86,4518,2379450,416150,3713117152.5,0.626,0.471,2026-05-27
PERSISTENT,80,6321,553600,142800,3437827225.0,79,2641,360325,48000,1331459080.0,0.651,0.418,2026-05-27
PETRONET,88,1816,7149700,598500,1011132595.0,88,1597,7619000,406600,849675155.0,1.066,0.879,2026-05-27
PFC,65,6585,10073700,1589900,3948026095.0,65,2675,8420100,1034800,1483626495.0,0.836,0.406,2026-05-27
PGEL,53,15571,6756400,1862950,7766252992.5,53,10881,5777900,1614050,4722650212.5,0.855,0.699,2026-05-27
PHOENIXLTD,63,412,221200,32200,274559180.0,63,171,94850,17500,108819742.5,0.429,0.415,2026-05-27
PIDILITIND,99,1914,761000,189500,1486301800.0,99,555,406000,64500,408055775.0,0.534,0.29,2026-05-27
PIIND,117,4749,1272075,141225,2577212155.0,117,2224,574525,27125,1086105492.5,0.452,0.468,2026-05-27
PNB,89,4534,50216000,2984000,4116984480.0,89,3373,46656000,1432000,2823054560.0,0.929,0.744,2026-05-27
PNBHOUSING,64,1333,980200,128700,1005246157.5,64,326,438750,25350,230314175.0,0.448,0.245,2026-05-27
POLICYBZR,70,1430,805350,100450,958833540.0,70,596,519050,39900,374740362.5,0.645,0.417,2026-05-27
POLYCAB,71,7912,495625,35250,9892596887.5,75,5939,621375,104375,6881874362.5,1.254,0.751,2026-05-27
POWERGRID,102,17091,11272700,2506100,10192860840.0,102,5173,11071300,921500,2909123440.0,0.982,0.303,2026-05-27
POWERINDIA,52,32229,209800,-6950,31847292718.75,52,28308,261925,97025,23586041456.25,1.248,0.878,2026-05-27
PREMIERENE,65,11034,2224250,316175,6888587120.0,65,3440,1267875,389275,1991683045.0,0.57,0.312,2026-05-27
PRESTIGE,54,1004,316800,58050,684381150.0,54,380,280350,4500,235745865.0,0.885,0.378,2026-05-27
RADICO,49,392,17100,17100,228609247.5,49,56,5700,5700,29471287.5,0.333,0.143,2026-05-27
RBLBANK,48,5467,11398250,1501775,6414520603.75,48,2487,7747000,1539875,2654673062.5,0.68,0.455,2026-05-27
RECLTD,54,10144,16204825,2796325,5237613963.75,53,4895,13374900,1536150,2287407736.25,0.825,0.483,2026-05-27
RELIANCE,102,62959,35009500,4829500,45287147600.0,102,32634,27968500,1897000,22012196750.0,0.799,0.518,2026-05-27
RVNL,53,16021,19108350,6198775,6886278360.0,53,6895,12223050,2308725,2762254832.5,0.64,0.43,2026-05-27
SAIL,58,3671,6547100,6100600,3827293049.0,58,1772,3962100,3886900,1710422778.0,0.605,0.483,2026-05-27
SAMMAANCAP,28,12108,26307400,8423700,9613274575.0,28,6765,20416400,4966500,4884135048.0,0.776,0.559,2026-05-27
SBICARD,54,6760,6838400,920000,3572504120.0,54,3083,5333600,869600,1521499040.0,0.78,0.456,2026-05-27
SBILIFE,72,2423,885375,270375,1812833268.75,72,1825,673125,238125,1235662218.75,0.76,0.753,2026-05-27
SBIN,94,44163,37188750,4000500,34243353337.5,94,25659,29341500,1418250,18455797275.0,0.789,0.581,2026-05-27
SHREECEM,69,1751,27850,10825,1161973711.25,69,775,18375,5900,484832782.5,0.66,0.443,2026-05-27
SHRIRAMFIN,84,8007,5898750,891825,6749640397.5,84,3884,4060650,195525,3040314626.25,0.688,0.485,2026-05-27
SIEMENS,65,64652,1258950,254100,45793412516.25,65,35873,1312675,433475,22930118960.0,1.043,0.555,2026-05-27
SOLARINDS,56,3561,152250,11800,3516843907.5,56,6615,108550,21800,4770033672.5,0.713,1.858,2026-05-27
SONACOMS,82,6386,2762375,937125,5077282000.0,82,2012,1762775,355250,1503085228.75,0.638,0.315,2026-05-27
SRF,102,3275,627600,63200,1872389500.0,102,1224,399400,71600,675750370.0,0.636,0.374,2026-05-27
SUNPHARMA,71,25475,5524750,1001350,17239287082.5,72,14607,4683700,447300,9339066292.5,0.848,0.573,2026-05-27
SUPREMEIND,62,1542,203875,96250,1035744832.5,62,684,148225,37975,426199130.0,0.727,0.444,2026-05-27
SUZLON,47,22658,99986525,17169450,12348868383.75,50,8937,60683575,12876150,4428125239.5,0.607,0.394,2026-05-27
SWIGGY,52,25932,7759450,2343125,9729882780.0,51,7246,4380250,2179325,2509945588.75,0.565,0.279,2026-05-27
TATACONSUM,91,9578,2691150,1549900,6711042387.5,91,2816,1490500,589050,1805061362.5,0.554,0.294,2026-05-27
TATAELXSI,66,4442,398750,74200,2041378370.0,66,1232,254950,25125,493283102.5,0.639,0.277,2026-05-27
TATAPOWER,73,29853,20031750,884500,19562371007.5,73,10256,14533350,1815400,6277832855.0,0.726,0.344,2026-05-27
TATASTEEL,62,57220,56289750,10766250,35391698320.0,63,26666,34047750,6844750,15422731170.0,0.605,0.466,2026-05-27
TCS,99,44319,9005050,1641225,18846642526.25,97,24072,7639075,634975,9639365496.25,0.848,0.543,2026-05-27
TECHM,59,7162,2872800,399600,6626088810.0,59,4345,2425200,437400,3702433230.0,0.844,0.607,2026-05-27
TIINDIA,143,8045,279000,149000,5382044730.0,143,2349,208600,106000,1471946560.0,0.748,0.292,2026-05-27
TITAN,72,10448,1681050,351050,8038672696.25,72,5264,1149050,137900,3699425642.5,0.684,0.504,2026-05-27
TMPV,58,80467,16335200,2168000,26738592040.0,58,40680,14935200,3852000,12598206120.0,0.914,0.506,2026-05-27
TORNTPHARM,74,5695,525375,5000,3347395175.0,74,2256,269875,-5125,1245388737.5,0.514,0.396,2026-05-27
TRENT,57,13758,1103150,104000,6175412800.0,57,6616,698200,64300,2779557967.5,0.633,0.481,2026-05-27
TVSMOTOR,131,10923,874475,257775,6900996567.5,131,5085,773850,131425,3078574651.25,0.885,0.466,2026-05-27
ULTRACEMCO,82,5921,234000,68400,3652917310.0,82,5141,173300,47350,2822001260.0,0.741,0.868,2026-05-27
UNIONBANK,56,4553,20894850,2261175,3614590543.5,56,2236,17602650,2871825,1675379605.5,0.842,0.491,2026-05-27
UNITDSPR,103,4090,1760800,189200,2226203700.0,103,1019,1489200,89600,526548900.0,0.846,0.249,2026-05-27
UNOMINDA,50,915,402600,122100,603027122.5,50,428,348700,109450,256968442.5,0.866,0.468,2026-05-27
UPL,104,1375,3848200,598910,1279726091.5,104,708,3039265,186990,625972873.0,0.79,0.515,2026-05-27
VBL,69,6164,6666750,726750,3929024981.25,69,2754,3196275,311625,1649453906.25,0.479,0.447,2026-05-27
VEDL,57,47384,19880050,2887650,20753120455.0,57,15716,13069750,2256300,6257282077.5,0.657,0.332,2026-05-27
VMM,92,276,1755700,640200,175360237.5,92,173,2070950,160050,102636767.0,1.18,0.627,2026-05-27
VOLTAS,69,5812,2546250,274500,2979339637.5,69,2968,2018250,253500,1392696393.75,0.793,0.511,2026-05-27
WAAREEENER,54,18665,1403150,321300,10815922197.5,54,5991,970725,215600,3228144727.5,0.692,0.321,2026-05-27
WIPRO,67,40650,142614000,15804000,24929909340.0,67,16249,90165000,6909000,8753019510.0,0.632,0.4,2026-05-27
YESBANK,28,8860,204109300,28176600,6857246153.0,29,3743,133356800,19406400,2527765704.0,0.653,0.422,2026-05-27
ZYDUSLIFE,91,3207,2945700,271800,3295685205.0,91,1685,2034900,374400,1619505315.0,0.691,0.525,2026-05-27
360ONE,39,731,481000,23000,434776150.0,41,329,289000,58500,181119925.0,0.601,0.45,2026-05-29
ABB,91,24024,892750,51875,23066604518.75,103,17533,616875,-10250,13925692031.25,0.691,0.73,2026-05-29
ABCAPITAL,51,3295,7306700,930000,3943598505.0,50,1388,5886900,399900,1566507190.0,0.806,0.421,2026-05-29
ADANIENSOL,54,7597,4916025,604125,8544352365.0,53,2735,2498850,-16875,2742072311.25,0.508,0.36,2026-05-29
ADANIENT,90,19156,6039096,480186,18599833354.050003,100,14187,4663737,208266,12248936052.75,0.772,0.741,2026-05-29
ADANIGREEN,73,12580,5827800,-34800,12087097770.0,79,5980,3717600,73800,5331805020.0,0.638,0.475,2026-05-29
ADANIPORTS,57,12810,4639325,499700,11603181131.25,58,7962,2539350,301625,6764086711.25,0.547,0.622,2026-05-29
ADANIPOWER,61,11014,29859050,2566650,10492311059.0,59,5664,22247850,1579750,4754057973.0,0.745,0.514,2026-05-29
ALKEM,91,36128,569500,316750,27035215781.25,92,14770,301000,99625,10254802418.75,0.529,0.409,2026-05-29
AMBER,59,31445,1524100,58700,26279583700.0,55,17044,1174600,42300,12488689180.0,0.771,0.542,2026-05-29
AMBUJACEM,58,7372,11119650,328800,3725060902.5,62,2965,8531400,60750,1423127400.0,0.767,0.402,2026-05-29
ANGELONE,48,5291,13472500,595000,4861292625.0,50,2787,9640000,185000,2364883500.0,0.716,0.527,2026-05-29
APLAPOLLO,71,3002,883400,109900,2068500910.0,71,1475,703850,87150,963135005.0,0.797,0.491,2026-05-29
APOLLOHOSP,93,9700,876250,143500,10583138875.0,97,6274,597750,109250,6385526068.75,0.682,0.647,2026-05-29
ASHOKLEY,63,47811,105995000,44800000,41302596500.0,66,20572,67345000,16720000,16069554750.0,0.635,0.43,2026-05-29
ASIANPAINT,78,129228,4194000,1702750,92207475300.0,87,52347,2757250,1070000,34669718962.5,0.657,0.405,2026-05-29
ASTRAL,57,4165,1479850,167025,2968113831.25,61,2802,1076950,151725,1858503962.5,0.728,0.673,2026-05-29
AUBANK,64,3154,3057000,501000,3338507850.0,64,2488,2628000,234000,2485892450.0,0.86,0.789,2026-05-29
AUROPHARMA,53,4244,3212000,99000,3571341977.5,50,2223,1965150,130900,1748504092.5,0.612,0.524,2026-05-29
AXISBANK,83,20851,7745000,994375,17717365312.5,86,16884,6578750,872500,13644540781.25,0.849,0.81,2026-05-29
BAJAJ-AUTO,72,39424,1324725,254325,32532677422.5,74,15213,685875,111600,11683560228.75,0.518,0.386,2026-05-29
BAJAJFINSV,66,9458,2469950,632450,4510473932.5,65,7071,2485250,459350,3088015892.5,1.006,0.748,2026-05-29
BAJAJHLDNG,69,356,32450,3500,198453692.5,69,292,31100,5200,145724572.5,0.958,0.82,2026-05-29
BAJFINANCE,64,24972,11647500,2252250,18255269062.5,67,16508,10148250,1809000,11398853250.0,0.871,0.661,2026-05-29
BANDHANBNK,58,10845,22960800,2336400,8730999396.0,54,4968,12920400,1087200,3695223852.0,0.563,0.458,2026-05-29
BANKBARODA,78,6961,21370050,2521350,5819528081.25,77,3947,23850450,1605825,3145627923.75,1.116,0.567,2026-05-29
BANKINDIA,45,2338,13546000,13546000,1839807060.0,46,1730,12844000,12844000,1266050708.0,0.948,0.74,2026-05-29
BANKNIFTY,498,1040050,12573630,1571280,1795760613682.5,498,946600,11867760,1077690,1532059895572.5,0.944,0.91,2026-05-29
BDL,67,57636,5615775,3511150,26137208286.25,64,36750,3263325,1784175,15599757492.5,0.581,0.638,2026-05-29
BEL,67,24156,34170075,5610225,15223755367.5,65,13861,26021925,3153525,8115118642.5,0.762,0.574,2026-05-29
BHARATFORG,64,3735,1306500,115500,3837654625.0,63,1462,1001500,77000,1410339275.0,0.767,0.391,2026-05-29
BHARTIARTL,69,45741,10568275,2004975,41811649398.75,70,28796,6271425,1301975,25121432658.75,0.593,0.63,2026-05-29
BHEL,89,11138,24908625,488250,12938856787.5,98,6375,16445625,26250,6966323962.5,0.66,0.572,2026-05-29
BIOCON,66,4905,11207500,905000,5632376375.0,64,2712,7430000,710000,2925990625.0,0.663,0.553,2026-05-29
BLUESTARCO,69,2457,753675,125125,1393146007.5,66,1255,528450,65325,648450887.5,0.701,0.511,2026-05-29
BOSCHLTD,114,40064,133675,18700,40451955496.25,122,14501,86150,16000,13033402703.75,0.644,0.362,2026-05-29
BPCL,48,7164,10923725,1637275,4597677550.0,51,4825,7453650,791975,2899286471.25,0.682,0.674,2026-05-29
BRITANNIA,88,8237,740500,223875,5767167500.0,84,6534,625500,159250,4231122112.5,0.845,0.793,2026-05-29
BSE,55,22427,5353675,368700,37915364313.75,54,22463,4627625,102550,34765167787.5,0.864,1.002,2026-05-29
CAMS,48,7109,1641900,259575,4496674406.25,51,1968,1016475,203475,1159991977.5,0.619,0.277,2026-05-29
CANBK,91,6214,46845000,6129000,5923017270.0,96,4426,47040750,2801250,4005582300.0,1.004,0.712,2026-05-29
CDSL,43,22672,5691450,928625,14441807446.25,46,8782,3860325,210425,5167223208.75,0.678,0.387,2026-05-29
CGPOWER,62,10922,5348200,484500,9121077830.0,61,4420,3307350,-67150,3411893157.5,0.618,0.405,2026-05-29
CHOLAFIN,63,2602,1722500,238750,2738320218.75,61,1520,1233750,131875,1460888093.75,0.716,0.584,2026-05-29
CIPLA,92,11835,3365000,828575,6612310095.0,95,6979,2509225,526600,3621621618.75,0.746,0.59,2026-05-29
COALINDIA,67,114142,42350850,4074300,75773120895.0,74,76547,40135500,218700,46740532950.0,0.948,0.671,2026-05-29
COCHINSHIP,57,2207,777200,147200,1415057540.0,55,1265,483600,78800,756518960.0,0.622,0.573,2026-05-29
COFORGE,48,43140,4737850,406600,24504272275.0,53,12835,2832375,189150,6890240038.75,0.598,0.298,2026-05-29
COLPAL,70,4838,1528425,47025,2391734598.75,70,2950,994725,2550,1348186636.25,0.651,0.61,2026-05-29
CONCOR,74,6592,10276250,746250,4142006250.0,71,2727,6227500,-85000,1616838875.0,0.606,0.414,2026-05-29
CROMPTON,78,4633,6847200,1053000,2576649330.0,72,1783,2829600,442800,944915360.0,0.413,0.385,2026-05-29
CUMMINSIND,76,30114,1117000,112400,38095784790.0,78,22949,1044800,-67600,26532781630.0,0.935,0.762,2026-05-29
DABUR,68,3890,5580000,533750,2313490437.5,67,2679,4216250,743750,1443731687.5,0.756,0.689,2026-05-29
DALBHARAT,68,501,412100,30550,311196973.75,68,666,446550,41600,380520123.75,1.084,1.329,2026-05-29
DELHIVERY,57,2326,5652300,900550,2344122623.75,55,1075,2936125,607975,1028857002.5,0.519,0.462,2026-05-29
DIVISLAB,81,9115,754100,163200,6517792235.0,84,5572,476500,107100,3685916300.0,0.632,0.611,2026-05-29
DIXON,77,19125,1001450,57200,12022242055.0,92,18239,761700,14850,9541446175.0,0.761,0.954,2026-05-29
DLF,76,16827,6231600,69675,8793292051.25,81,5967,4507075,675,2921139806.25,0.723,0.355,2026-05-29
DMART,63,9647,866250,84900,6433971855.0,56,3215,569400,6750,1958564767.5,0.657,0.333,2026-05-29
DRREDDY,87,6821,4050625,619375,5921468906.25,90,4184,3008750,661875,3393857218.75,0.743,0.613,2026-05-29
EICHERMOT,87,21758,1275500,212000,16869866515.0,91,22537,962600,102400,15506755430.0,0.755,1.036,2026-05-29
ETERNAL,61,15010,34066400,4566275,9851008605.75,65,10062,30193675,2277075,6261477070.0,0.886,0.67,2026-05-29
EXIDEIND,84,5799,13530600,-369000,4359635010.0,81,4300,9102600,-561600,2983614930.0,0.673,0.742,2026-05-29
FEDERALBNK,78,22756,16192500,4185000,17225260500.0,76,8814,11057500,1220000,6398576625.0,0.683,0.387,2026-05-29
FINNIFTY,246,2439,86040,30900,3890733570.0,246,3509,109140,37800,5215548027.0,1.268,1.439,2026-05-29
FORCEMOT,32,1923,50475,2800,1043254662.5,31,417,17550,2400,208153370.0,0.348,0.217,2026-05-29
FORTIS,57,3452,1930525,287525,2679579472.5,57,1753,978825,25575,1300638712.5,0.507,0.508,2026-05-29
GAIL,100,5173,20428700,2107050,2892931263.0,105,3792,17280950,509550,1986047088.5,0.846,0.733,2026-05-29
GLENMARK,97,14823,2287875,517500,14005975593.75,96,9629,1581750,372750,8570146350.0,0.691,0.65,2026-05-29
GMRAIRPORT,82,42451,69380325,29811150,32312060313.75,83,12020,31903650,7135425,8440575840.0,0.46,0.283,2026-05-29
GODFRYPHLP,70,3872,709225,92125,2667319173.75,67,577,245850,19800,366269681.25,0.347,0.149,2026-05-29
GODREJCP,73,2857,1011500,234000,1558270775.0,74,1211,725500,168500,616564200.0,0.717,0.424,2026-05-29
GODREJPROP,66,9160,1940025,337125,4889758742.5,68,5426,1220625,200050,2654449636.25,0.629,0.592,2026-05-29
GRASIM,93,5583,1047000,94500,4629212762.5,95,4756,973500,13500,3730592762.5,0.93,0.852,2026-05-29
GVT&D,36,3074,125000,91000,2131458112.5,37,875,74625,50375,537585325.0,0.597,0.285,2026-05-29
HAL,66,14034,1877550,193200,9783929587.5,64,10302,1437450,152700,6793573575.0,0.766,0.734,2026-05-29
HAVELLS,91,6386,2141500,748500,4063544875.0,90,3339,1427500,480000,1976712875.0,0.667,0.523,2026-05-29
HCLTECH,91,31056,6033950,785950,13520812870.0,91,15680,4343150,268300,6426113375.0,0.72,0.505,2026-05-29
HDFCAMC,82,5698,797100,235200,4995320340.0,82,1824,539700,148200,1468288950.0,0.677,0.32,2026-05-29
HDFCBANK,105,197274,86904100,15780550,85940102917.5,106,110475,50465050,8505300,45325194550.0,0.581,0.56,2026-05-29
HDFCLIFE,85,10074,10446700,1964600,7082030780.0,85,6456,8693300,2094400,4249475615.0,0.832,0.641,2026-05-29
HEROMOTOCO,77,22043,1656750,406050,17702877157.5,74,10596,981000,201300,7905681900.0,0.592,0.481,2026-05-29
HINDALCO,72,18817,8925000,833700,15885262295.0,72,16574,6614300,492100,13175574370.0,0.741,0.881,2026-05-29
HINDPETRO,60,5606,11747025,2211300,4861443318.75,62,3031,7462125,773550,2507299413.75,0.635,0.541,2026-05-29
HINDUNILVR,84,32022,5759700,1181400,21946941105.0,80,15319,3219600,502500,9950059095.0,0.559,0.478,2026-05-29
HINDZINC,50,10571,13034000,1394050,8918458150.0,47,6467,8679125,308700,5096726670.0,0.666,0.612,2026-05-29
HYUNDAI,64,9682,673750,206800,5482830292.5,67,3988,682275,251900,2100550127.5,1.013,0.412,2026-05-29
ICICIBANK,88,47837,18304300,2781100,44461117540.0,85,31580,16393300,1554000,28284959430.0,0.896,0.66,2026-05-29
ICICIGI,62,1464,381875,75400,917915813.75,62,1067,319150,47125,630453720.0,0.836,0.729,2026-05-29
ICICIPRULI,82,3548,2243125,764050,1795755225.0,84,1965,1573425,308950,932705666.25,0.701,0.554,2026-05-29
IDEA,28,22746,1455445425,94275525,25948950147.0,28,9922,677440050,56250825,9623929347.75,0.465,0.436,2026-05-29
IDFCFIRSTB,48,13082,75952975,11250575,9326672880.0,49,8986,67160275,3607975,5876112067.0,0.884,0.687,2026-05-29
IEX,87,9344,22702950,2406600,4843815739.5,91,1839,15661050,1575150,875598808.5,0.69,0.197,2026-05-29
INDHOTEL,81,3547,3180000,213000,2481306550.0,85,1906,3201000,437000,1236267600.0,1.007,0.537,2026-05-29
INDIANB,63,5376,3029000,516000,4689868050.0,66,2405,2442000,480000,1992640000.0,0.806,0.447,2026-05-29
INDIGO,59,36480,2254500,416550,26410213485.0,67,32053,1931700,321150,21294319935.0,0.857,0.879,2026-05-29
INDUSINDBK,60,8658,3424400,531300,5875963765.0,61,5335,3283700,564900,3491078325.0,0.959,0.616,2026-05-29
INDUSTOWER,58,22231,17574600,1307300,17546454460.0,62,9099,18472200,1489200,6836884730.0,1.051,0.409,2026-05-29
INFY,92,147187,19060400,3771200,74072479280.0,93,83747,14901200,1428400,39454393200.0,0.782,0.569,2026-05-29
INOXWIND,67,7519,24273325,6159550,2800097861.25,69,4924,16474275,5646250,1674886984.0,0.679,0.655,2026-05-29
IOC,102,6759,35699625,3724500,4995486551.25,104,4914,34505250,3739125,3413160708.75,0.967,0.727,2026-05-29
IREDA,84,11188,26102150,9667475,5405947829.0,91,3765,17283950,3383325,1683651693.5,0.662,0.337,2026-05-29
IRFC,74,5315,28676550,3265350,2377675845.0,76,1995,24474300,2324025,828590312.5,0.853,0.375,2026-05-29
ITC,125,35749,69840400,9707300,17467060448.75,124,15576,43352225,4290150,7284457813.75,0.621,0.436,2026-05-29
JINDALSTEL,83,3683,1805000,256875,2964482937.5,81,2233,1870625,68750,1705336750.0,1.036,0.606,2026-05-29
JIOFIN,67,12437,34843450,3950350,7556349870.5,73,5457,29027200,1612100,3048592020.0,0.833,0.439,2026-05-29
JSWENERGY,81,18374,6181300,855000,11723514537.5,84,5518,4177600,232300,3326179948.75,0.676,0.3,2026-05-29
JSWSTEEL,76,5903,3610575,717525,5480378831.25,76,4496,2486025,456300,3812004585.0,0.689,0.762,2026-05-29
JUBLFOOD,69,15474,6993750,-73750,8922084375.0,70,5838,5402500,102500,3167920375.0,0.772,0.377,2026-05-29
KALYANKJIL,65,22580,9191425,2698150,10377953671.25,66,7270,4729175,826125,3121618698.75,0.515,0.322,2026-05-29
KAYNES,69,41140,1435100,177900,18001821617.5,67,7304,876300,42750,2322689997.5,0.611,0.178,2026-05-29
KEI,61,2694,340025,25550,2657668378.75,65,4897,242725,23975,3830298762.5,0.714,1.818,2026-05-29
KFINTECH,67,7122,1179575,223575,3273897427.5,69,2173,949300,107575,922577966.25,0.805,0.305,2026-05-29
KOTAKBANK,94,16888,25518000,4486000,13782558000.0,102,8584,19856000,2374000,6633041500.0,0.778,0.508,2026-05-29
KPITTECH,54,12188,2636625,-104975,4320651235.0,51,3968,1931550,123250,1294609011.25,0.733,0.326,2026-05-29
LAURUSLABS,83,3934,3678800,255000,4833407700.0,85,3373,3711950,102850,3876392445.0,1.009,0.857,2026-05-29
LICHSGFIN,72,8417,5758000,1136000,4835677950.0,72,3922,4189000,629000,2157247900.0,0.728,0.466,2026-05-29
LICI,97,8582,13717200,13717200,5238111060.0,102,5314,10143000,10143000,3003898170.0,0.739,0.619,2026-05-29
LODHA,70,20504,1603350,443700,9328401900.0,68,6245,1069800,185550,2661551916.25,0.667,0.305,2026-05-29
LT,103,43363,3118675,333200,32290547222.5,109,33303,3432625,-270375,22833723858.75,1.101,0.768,2026-05-29
LTF,44,5589,9983250,166500,3803636587.5,45,2630,9301500,517500,1669633312.5,0.932,0.471,2026-05-29
LTM,61,23601,730950,-40950,15398895435.0,60,5360,573300,18300,3229493430.0,0.784,0.227,2026-05-29
LUPIN,83,4060,1756950,259250,4196924746.25,84,2032,1374025,199325,1903650458.75,0.782,0.5,2026-05-29
M&M,101,28558,3967000,729000,18638682320.0,99,16611,3182400,470200,10390535300.0,0.802,0.582,2026-05-29
MANAPPURAM,42,1567,7881000,123000,1645148400.0,45,846,4275000,438000,836817300.0,0.542,0.54,2026-05-29
MANKIND,81,3875,454575,115275,2247650836.25,79,1071,258225,18225,575456492.5,0.568,0.276,2026-05-29
MARICO,96,3692,3468000,866400,3884020860.0,93,1937,1860000,572400,1930614600.0,0.536,0.525,2026-05-29
MARUTI,86,35826,887750,210300,25299859425.0,88,17924,581850,81450,11819044322.5,0.655,0.5,2026-05-29
MAXHEALTH,77,14400,6256950,818475,7914749823.75,74,8052,2827650,694050,4171700347.5,0.452,0.559,2026-05-29
MAZDOCK,83,26297,1658850,558450,13932610327.5,87,5228,948250,128650,2613559447.5,0.572,0.199,2026-05-29
MCX,58,37509,8694550,3424975,78484879430.0,57,29460,5053150,1667225,55141055533.75,0.581,0.785,2026-05-29
MFSL,56,1440,494800,30400,1027540820.0,57,806,354000,2000,540954020.0,0.715,0.56,2026-05-29
MIDCPNIFTY,465,52059,3316320,798600,95315817006.0,465,59358,4213440,843480,102303398148.0,1.271,1.14,2026-05-29
MOTHERSON,118,11365,31943100,3856050,10604747026.5,126,3797,24126450,4341900,3254913945.0,0.755,0.334,2026-05-29
MOTILALOFS,48,1538,1415150,70525,1145801850.0,50,584,663400,105400,391148235.0,0.469,0.38,2026-05-29
MPHASIS,79,7103,718025,136950,4712300615.0,83,2287,538175,64075,1447515011.25,0.75,0.322,2026-05-29
MUTHOOTFIN,52,8067,1445400,248600,7813411842.5,52,3585,879725,89650,3212891261.25,0.609,0.444,2026-05-29
NAM-INDIA,34,4708,766250,465000,3415303562.5,34,1188,422500,185625,809324093.75,0.551,0.252,2026-05-29
NATIONALUM,64,15639,16063125,1869375,13502589750.0,63,10220,14107500,2043750,8159445187.5,0.878,0.653,2026-05-29
NAUKRI,71,8580,2565150,-2075,3435558897.5,78,4671,2117750,-111200,1710687956.25,0.826,0.544,2026-05-29
NBCC,61,6628,22477000,1118000,4653226890.0,62,2323,12129000,214500,1508047645.0,0.54,0.35,2026-05-29
NESTLEIND,88,3275,1192000,215000,2451727100.0,86,1631,1041500,171500,1165843075.0,0.874,0.498,2026-05-29
NHPC,59,5898,31331300,4424600,3202916373.0,58,2560,21168100,393150,1295640336.0,0.676,0.434,2026-05-29
NIFTY,902,46016037,296241825,103018620,72715374280971.5,924,55665225,220550835,23935920,85490336438464.75,0.744,1.21,2026-05-29
NIFTYNXT50,623,49,700,250,92431341.25,623,19,300,150,34938995.0,0.429,0.388,2026-05-29
NMDC,76,14910,80453250,21201750,9810358200.0,76,7599,39298500,7256250,4645958580.0,0.488,0.51,2026-05-29
NTPC,97,27588,24751500,5673000,16962753300.0,97,13654,13266000,2865000,8039303475.0,0.536,0.495,2026-05-29
NUVAMA,42,2327,510500,74500,1954640025.0,39,582,280500,49500,440420900.0,0.549,0.25,2026-05-29
NYKAA,72,5826,28506250,1046875,5241768437.5,68,2114,10140625,490625,1728159843.75,0.356,0.363,2026-05-29
OBEROIRLTY,49,2192,446950,92750,1367750667.5,53,646,311150,31150,379774307.5,0.696,0.295,2026-05-29
OFSS,67,16087,463700,59725,13146453147.5,74,7383,320400,15500,5302027667.5,0.691,0.459,2026-05-29
OIL,71,1583,2842000,326200,1147205430.0,70,1361,1810200,180600,919335060.0,0.637,0.86,2026-05-29
ONGC,84,35828,47637000,10156500,23495274900.0,78,14565,22245750,3042000,8881865550.0,0.467,0.407,2026-05-29
PAGEIND,96,3648,45495,-3735,2230165534.5,85,1126,23160,1665,631183561.5,0.509,0.309,2026-05-29
PATANJALI,68,4720,3724350,820775,2100975080.0,71,2230,2900700,465300,917728245.0,0.779,0.472,2026-05-29
PAYTM,75,5064,4107125,305225,4438051576.25,74,2677,2419325,39875,2188561415.0,0.589,0.529,2026-05-29
PERSISTENT,66,28274,642050,88450,15631395785.0,74,8649,427150,66825,4436194093.75,0.665,0.306,2026-05-29
PETRONET,79,2558,7776700,627000,1417491200.0,79,1923,7837500,218500,1030088610.0,1.008,0.752,2026-05-29
PFC,63,9212,10632700,559000,5445338145.0,61,5224,8983000,562900,2984556575.0,0.845,0.567,2026-05-29
PGEL,48,41597,6915050,158650,20700788895.0,47,28423,6305150,527250,12725455200.0,0.912,0.683,2026-05-29
PHOENIXLTD,56,1219,257950,36750,799083372.5,56,834,152600,57750,523556915.0,0.592,0.684,2026-05-29
PIDILITIND,83,2318,819500,58500,1791334450.0,86,1001,516000,110000,735322750.0,0.63,0.432,2026-05-29
PIIND,99,4051,1364650,92575,2151736685.0,102,1998,599375,24850,972185243.75,0.439,0.493,2026-05-29
PNB,79,5960,53928000,3712000,5404641840.0,82,4213,48456000,1800000,3588894080.0,0.899,0.707,2026-05-29
PNBHOUSING,82,3225,1219400,239200,2359251180.0,81,2811,765050,326300,1913279095.0,0.627,0.872,2026-05-29
POLICYBZR,71,7271,1538950,733600,4662262902.5,70,7032,1186150,667100,4253273587.5,0.771,0.967,2026-05-29
POLYCAB,58,7454,542250,46625,9358554662.5,63,5943,634375,13000,7018343618.75,1.17,0.797,2026-05-29
POWERGRID,87,21908,17502800,6230100,12967684680.0,84,9769,12914300,1843000,5559119275.0,0.738,0.446,2026-05-29
POWERINDIA,47,27629,217975,8175,27977948266.25,53,16790,274325,12400,14953726821.25,1.259,0.608,2026-05-29
PREMIERENE,60,9717,2762250,538000,6223373573.75,63,3231,1502475,234600,1895132351.25,0.544,0.333,2026-05-29
PRESTIGE,47,2468,599400,282600,1671128617.5,45,858,429300,148950,543680325.0,0.716,0.348,2026-05-29
RADICO,49,1661,45450,28350,942771930.0,47,187,15300,9600,99083085.0,0.337,0.113,2026-05-29
RBLBANK,41,3775,12715875,1317625,4405315198.75,44,1724,8045450,298450,1849237157.5,0.633,0.457,2026-05-29
RECLTD,54,14904,17752525,1547700,7582693825.0,50,8394,13593125,218225,3994856652.5,0.766,0.563,2026-05-29
RELIANCE,99,146359,47802000,12792500,103560016850.0,101,78185,33949500,5981000,52296581100.0,0.71,0.534,2026-05-29
RVNL,50,14407,21117250,2008900,6031561160.0,51,5453,12853000,629950,2115344127.5,0.609,0.378,2026-05-29
SAIL,43,1396,7957100,1410000,1432282606.0,45,379,4356900,394800,355073391.0,0.548,0.271,2026-05-29
SAMMAANCAP,25,8008,26638500,331100,6544209216.0,28,3120,21422600,1006200,2272712927.0,0.804,0.39,2026-05-29
SBICARD,52,9809,7899200,1060800,5114869720.0,52,4943,5662400,328800,2407222280.0,0.717,0.504,2026-05-29
SBILIFE,68,4350,1145250,259875,3176634112.5,67,3450,1045125,372000,2337963056.25,0.913,0.793,2026-05-29
SBIN,89,49776,39137250,1948500,38355229837.5,86,30994,30260250,918750,22392629962.5,0.773,0.623,2026-05-29
SHREECEM,62,1964,31775,3925,1371091543.75,63,542,16350,-2025,344286975.0,0.515,0.276,2026-05-29
SHRIRAMFIN,76,6616,6482025,583275,5584293948.75,79,4048,4552350,491700,3165010901.25,0.702,0.612,2026-05-29
SIEMENS,49,35050,1475950,217000,25205332608.75,54,21487,1237775,-74900,14108953337.5,0.839,0.613,2026-05-29
SOLARINDS,49,4068,165700,13450,4028341527.5,49,6014,121800,13250,4880045092.5,0.735,1.478,2026-05-29
SONACOMS,70,2533,2755025,-7350,2016578217.5,73,1149,1956325,193550,865185466.25,0.71,0.454,2026-05-29
SRF,84,3743,672400,44800,2118007650.0,89,1194,444000,44600,649474670.0,0.66,0.319,2026-05-29
SUNPHARMA,68,28058,6566000,1041250,18807454365.0,68,18984,5201350,517650,12169696647.5,0.792,0.677,2026-05-29
SUPREMEIND,58,1049,218050,14175,697877810.0,58,1083,179025,30800,607505272.5,0.821,1.032,2026-05-29
SUZLON,37,18219,116641175,16654650,10152878396.0,41,6867,63182700,2499125,3443321563.25,0.542,0.377,2026-05-29
SWIGGY,49,9944,9491800,1732350,3721224810.0,49,5365,4426100,45850,1856839000.0,0.466,0.54,2026-05-29
TATACONSUM,79,7743,3364350,673200,5413504497.5,79,2924,2042700,552200,1860196690.0,0.607,0.378,2026-05-29
TATAELXSI,59,6014,410225,11475,2767687618.75,63,1537,281750,26800,652229473.75,0.687,0.256,2026-05-29
TATAPOWER,64,22170,21212050,1180300,14443483205.0,67,8921,14787100,253750,5481214092.5,0.697,0.402,2026-05-29
TATASTEEL,58,33889,69225750,12936000,20756676160.0,60,18528,40584500,6536750,10657356325.0,0.586,0.547,2026-05-29
TCS,97,115300,9718275,713225,49063767357.5,94,64125,8253600,614525,25874368925.0,0.849,0.556,2026-05-29
TECHM,54,16516,3616800,744000,15447873600.0,55,7703,2769000,343800,6644315340.0,0.766,0.466,2026-05-29
TIINDIA,87,2115,318400,39400,1432257810.0,94,935,219400,10800,599250750.0,0.689,0.442,2026-05-29
TITAN,63,18163,2158625,477575,13803510420.0,63,11366,1384075,235025,7935896150.0,0.641,0.626,2026-05-29
TMPV,55,52902,20196000,3860800,18014776440.0,58,29200,15278400,343200,9260135120.0,0.757,0.552,2026-05-29
TORNTPHARM,61,7956,577375,52000,4688781500.0,65,4555,316500,46625,2553939756.25,0.548,0.573,2026-05-29
TRENT,51,32562,1272300,169150,14709342025.0,52,8589,761900,63700,3671803785.0,0.599,0.264,2026-05-29
TVSMOTOR,110,10479,976675,102200,6618873852.5,111,5755,872200,98350,3488880972.5,0.893,0.549,2026-05-29
ULTRACEMCO,76,14487,304450,70450,8938260125.0,74,5826,237750,64450,3310736312.5,0.781,0.402,2026-05-29
UNIONBANK,50,5258,22213500,1318650,4193064377.25,53,3786,18691200,1088550,2796168297.0,0.841,0.72,2026-05-29
UNITDSPR,89,3301,1944000,183200,1792217800.0,89,1283,1585200,96000,665029660.0,0.815,0.389,2026-05-29
UNOMINDA,42,1301,523600,121000,861902800.0,41,536,404800,56100,326628032.5,0.773,0.412,2026-05-29
UPL,84,1829,3970150,121950,1693039234.75,89,1176,2962030,-77235,1050505958.25,0.746,0.643,2026-05-29
VBL,62,12191,7266375,599625,7777535850.0,62,4404,3672450,476175,2687321043.75,0.505,0.361,2026-05-29
VEDL,54,31022,20219300,339250,13597277827.5,53,16594,13583800,514050,6666770397.5,0.672,0.535,2026-05-29
VMM,71,580,2512300,756600,364653118.5,73,352,2361950,291000,208111075.0,0.94,0.607,2026-05-29
VOLTAS,61,5780,2859375,313125,2935328718.75,58,2374,2124000,105750,1105113131.25,0.743,0.411,2026-05-29
WAAREEENER,44,22451,1690850,287700,13132685615.0,44,7894,1188600,217875,4263463452.5,0.703,0.352,2026-05-29
WIPRO,62,162168,163230000,20616000,102507973740.0,62,45912,99996000,9831000,25540443930.0,0.613,0.283,2026-05-29
YESBANK,25,19655,245254600,41145300,15371927309.0,27,10709,169339500,35982700,7515620091.0,0.69,0.545,2026-05-29
ZYDUSLIFE,72,11561,3698100,752400,12058110225.0,71,4632,2493900,459000,4496518125.0,0.674,0.401,2026-05-29
360ONE,39,966,566000,85000,567206125.0,41,392,313500,24500,213291850.0,0.554,0.406,2026-06-01
ABB,95,10283,936125,43375,9753857218.75,107,11470,607000,-9875,9376882962.5,0.648,1.115,2026-06-01
ABCAPITAL,51,4115,9073700,1767000,4873504730.0,50,2715,6438700,551800,3002392470.0,0.71,0.66,2026-06-01
ADANIENSOL,56,4617,5480325,564300,5222969673.75,56,1811,2606850,108000,1785543986.25,0.476,0.392,2026-06-01
ADANIENT,92,16376,6039714,618,15728486126.4,102,12935,4757055,93318,11256534595.949997,0.788,0.79,2026-06-01
ADANIGREEN,74,6932,6200400,372600,6548710560.0,80,4481,4047000,329400,3914314440.0,0.653,0.646,2026-06-01
ADANIPORTS,59,9402,4772800,133475,8464000513.75,60,6834,2803925,264575,5795746153.75,0.587,0.727,2026-06-01
ADANIPOWER,65,12643,32869450,3010400,11673062572.0,62,6191,23146000,898150,5179902554.0,0.704,0.49,2026-06-01
ALKEM,91,10004,676875,107375,7234924537.5,92,11579,333875,32875,7242773625.0,0.493,1.157,2026-06-01
AMBER,59,33685,1879300,355200,28919188645.0,55,15613,1253400,78800,11540646435.0,0.667,0.464,2026-06-01
AMBUJACEM,64,7704,12100650,981000,3824994337.5,66,2469,8743350,211950,1169904300.0,0.723,0.32,2026-06-01
ANGELONE,48,19497,22075000,8602500,18253529875.0,50,4641,10707500,1067500,3936571250.0,0.485,0.238,2026-06-01
APLAPOLLO,74,2468,941150,57750,1670551312.5,74,2523,754250,50400,1637747422.5,0.801,1.022,2026-06-01
APOLLOHOSP,95,11077,981000,104750,11971972887.5,99,6188,669875,72125,6225121856.25,0.683,0.559,2026-06-01
ASHOKLEY,64,31018,120545000,14550000,26236587400.0,66,16289,74000000,6655000,12156352200.0,0.614,0.525,2026-06-01
ASIANPAINT,78,87804,5002250,808250,62624529800.0,87,38261,3156000,398750,25564858375.0,0.631,0.436,2026-06-01
ASTRAL,62,2985,1538500,58650,2112174860.0,64,2191,1023400,-53550,1441319266.25,0.665,0.734,2026-06-01
AUBANK,70,3447,3505000,448000,3608797750.0,69,2342,2791000,163000,2307432550.0,0.796,0.679,2026-06-01
AUROPHARMA,53,5465,3326400,114400,4560138605.0,50,2455,1988250,23100,1933321775.0,0.598,0.449,2026-06-01
AXISBANK,88,17733,9338125,1593125,14938649125.0,89,12647,7418750,840000,9971694125.0,0.794,0.713,2026-06-01
BAJAJ-AUTO,77,32635,1640025,315300,26456084096.25,78,19009,906900,221025,14049156806.25,0.553,0.582,2026-06-01
BAJAJFINSV,67,12272,3207950,738000,5762402462.5,66,8536,2672850,187600,3748716877.5,0.833,0.696,2026-06-01
BAJAJHLDNG,72,444,39800,7350,245852385.0,72,372,32250,1150,178205942.5,0.81,0.838,2026-06-01
BAJFINANCE,68,18543,13436250,1788750,13290388200.0,70,12287,11470500,1322250,8279574750.0,0.854,0.663,2026-06-01
BANDHANBNK,59,6625,25830000,2869200,5332582116.0,55,2728,14076000,1155600,2028765024.0,0.545,0.412,2026-06-01
BANKBARODA,78,6738,23815350,2445300,5573108823.75,77,3602,24716250,865800,2823699498.75,1.038,0.535,2026-06-01
BANKINDIA,88,2095,14944800,1398800,1620105292.0,89,1523,14008800,1164800,1088574188.0,0.937,0.727,2026-06-01
BANKNIFTY,506,1161066,15554820,2981190,1997014642833.0,506,858737,12608460,740700,1374145337533.5,0.811,0.74,2026-06-01
BDL,69,32467,6037000,421225,14354165692.5,66,14578,3475075,211750,5845451942.5,0.576,0.449,2026-06-01
BEL,71,25279,39270150,5100075,15739614701.25,69,13659,27949950,1928025,7894325865.0,0.712,0.54,2026-06-01
BHARATFORG,66,3569,1623500,317000,3642223925.0,65,2421,1218000,216500,2330305450.0,0.75,0.678,2026-06-01
BHARTIARTL,70,25844,11728225,1159950,23599927502.5,71,15843,6920750,649325,13642992275.0,0.59,0.613,2026-06-01
BHEL,91,11691,25591125,682500,13467780637.5,100,8794,17432625,987000,9430877268.75,0.681,0.752,2026-06-01
BIOCON,67,5207,11802500,595000,5902876375.0,65,2923,8217500,787500,3123823625.0,0.696,0.561,2026-06-01
BLUESTARCO,77,3794,1041300,287625,2100948086.25,73,1369,603200,74750,686850612.5,0.579,0.361,2026-06-01
BOSCHLTD,114,7824,148800,15125,7816405112.5,122,4519,96725,10575,3952308326.25,0.65,0.578,2026-06-01
BPCL,50,5286,11520175,596450,3340544230.0,53,3856,8251550,797900,2238711973.75,0.716,0.729,2026-06-01
BRITANNIA,93,6934,900875,160375,4882985437.5,89,4616,704125,78625,2955515537.5,0.782,0.666,2026-06-01
BSE,57,31722,6258725,905050,52451133225.0,56,30135,4916750,289125,45800960135.0,0.786,0.95,2026-06-01
CAMS,50,3243,1763775,121875,2029870935.0,53,1448,983850,-32625,844533806.25,0.558,0.447,2026-06-01
CANBK,100,6447,51441750,4596750,6051307095.0,102,3605,50908500,3867750,3196282477.5,0.99,0.559,2026-06-01
CDSL,43,12320,6612000,920550,7809979165.0,46,5542,3907825,47500,3217864201.25,0.591,0.45,2026-06-01
CGPOWER,64,8717,5231750,-116450,7192446785.0,63,3776,3314150,6800,2894093557.5,0.633,0.433,2026-06-01
CHOLAFIN,68,3758,2244375,521875,3863447906.25,64,2331,1495000,261250,2195282312.5,0.666,0.62,2026-06-01
CIPLA,95,9783,3882075,517075,5475529483.75,98,4916,2809875,300650,2474647176.25,0.724,0.503,2026-06-01
COALINDIA,68,97491,41115600,-1235250,65189896807.5,75,62951,43918200,3782700,39274346947.5,1.068,0.646,2026-06-01
COCHINSHIP,64,1449,890000,112800,926139120.0,59,654,550000,66400,380107020.0,0.618,0.451,2026-06-01
COFORGE,66,56132,5547925,810075,32509091510.0,71,17910,3312750,480375,9779425247.5,0.597,0.319,2026-06-01
COLPAL,74,9373,1725050,196625,4708464052.5,74,5641,1103450,108725,2572600971.25,0.64,0.602,2026-06-01
CONCOR,78,8618,11233750,957500,5344130437.5,75,2863,6242500,15000,1688187437.5,0.556,0.332,2026-06-01
CROMPTON,84,4178,7763400,916200,2270752290.0,78,2739,3241050,411450,1396249475.0,0.417,0.656,2026-06-01
CUMMINSIND,80,11199,1311400,194400,13824600200.0,82,11626,932600,-112200,13208828990.0,0.711,1.038,2026-06-01
DABUR,71,9398,8217500,2637500,5455767500.0,69,9599,6202500,1986250,5144910250.0,0.755,1.021,2026-06-01
DALBHARAT,73,779,482950,70850,472630080.0,71,383,455325,8775,219472483.75,0.943,0.492,2026-06-01
DELHIVERY,62,4202,7301925,1649625,4199831332.5,59,2592,3747450,811325,2392719020.0,0.513,0.617,2026-06-01
DIVISLAB,89,8922,882600,128500,6316467060.0,90,6379,549300,72800,4082384475.0,0.622,0.715,2026-06-01
DIXON,81,22556,1064750,63300,14101321855.0,95,15770,799150,37450,8297899617.5,0.751,0.699,2026-06-01
DLF,78,10018,6691250,459650,5194276767.5,82,6377,4883650,376575,3123747616.25,0.73,0.637,2026-06-01
DMART,66,5754,907350,41100,3879974362.5,59,1853,598350,28950,1131065040.0,0.659,0.322,2026-06-01
DRREDDY,91,8230,4832500,781875,7105158687.5,93,3598,2974375,-34375,2856689000.0,0.615,0.437,2026-06-01
EICHERMOT,95,14993,1407000,131500,11496001615.0,99,12676,1027000,64400,8742184375.0,0.73,0.845,2026-06-01
ETERNAL,67,17312,36040350,1973950,11158739350.0,69,12199,31044850,851175,7511821862.5,0.861,0.705,2026-06-01
EXIDEIND,88,6887,14200200,669600,5136596460.0,85,2951,8906400,-196200,2052674280.0,0.627,0.428,2026-06-01
FEDERALBNK,78,9713,16915000,722500,7349102750.0,76,5113,12072500,1015000,3688034000.0,0.714,0.526,2026-06-01
FINNIFTY,253,2723,132780,46740,4318094208.0,253,3139,144780,35640,4512323694.0,1.09,1.153,2026-06-01
FORCEMOT,36,2526,65675,15200,1341279151.25,34,1135,26850,9300,541684572.5,0.409,0.449,2026-06-01
FORTIS,65,2191,2025850,95325,1681387881.25,64,1123,1053225,74400,812730448.75,0.52,0.513,2026-06-01
GAIL,109,5269,23246500,2817800,2893349005.5,113,3000,18569700,1288750,1555743621.5,0.799,0.569,2026-06-01
GLENMARK,97,25947,3219000,931125,23441956481.25,96,16447,1956375,374625,13901419237.5,0.608,0.634,2026-06-01
GMRAIRPORT,82,11334,72393525,3013200,8433042700.5,83,4734,32377950,474300,3277436157.0,0.447,0.418,2026-06-01
GODFRYPHLP,73,2003,694100,-15125,1364586863.75,69,1007,325875,80025,614240151.25,0.469,0.503,2026-06-01
GODREJCP,76,2929,1145500,134000,1576991650.0,76,2192,1123500,398000,1091157650.0,0.981,0.748,2026-06-01
GODREJPROP,67,7039,2049900,109875,3721531561.25,69,3767,1412675,192050,1800983283.75,0.689,0.535,2026-06-01
GRASIM,97,4110,1117250,70250,3357066325.0,99,4291,1041000,67500,3318804287.5,0.932,1.044,2026-06-01
GVT&D,44,3018,201000,76000,2089457850.0,44,2433,130500,55875,1425432812.5,0.649,0.806,2026-06-01
HAL,69,13561,2111100,233550,9357651495.0,67,10759,1617000,179550,6955143682.5,0.766,0.793,2026-06-01
HAVELLS,98,5894,2784500,643000,3699234275.0,97,2562,1654000,226500,1501052925.0,0.594,0.435,2026-06-01
HCLTECH,94,45463,6445450,411500,20043423352.5,94,24754,4973900,630750,10220328947.5,0.772,0.544,2026-06-01
HDFCAMC,88,3615,991500,194400,3111816435.0,87,1999,675300,135600,1596681615.0,0.681,0.553,2026-06-01
HDFCBANK,113,129336,95797650,8893550,56033828272.5,112,61324,54593200,4128150,24870799932.5,0.57,0.474,2026-06-01
HDFCLIFE,93,12712,13730200,3283500,8811443740.0,92,8440,10950500,2257200,5452513550.0,0.798,0.664,2026-06-01
HEROMOTOCO,85,26296,2073150,416400,20697391920.0,81,12262,1209750,228750,8977753080.0,0.584,0.466,2026-06-01
HINDALCO,76,16413,9020200,95200,13787044390.0,76,9750,6807500,193200,7742904260.0,0.755,0.594,2026-06-01
HINDPETRO,63,5049,12208725,461700,4291081920.0,65,2735,8027100,564975,2195540336.25,0.657,0.542,2026-06-01
HINDUNILVR,88,37531,8386800,2627100,25432563270.0,85,14151,3848700,629100,8948173770.0,0.459,0.377,2026-06-01
HINDZINC,51,7186,14205100,1171100,6001595337.5,48,3756,8937600,258475,2904039390.0,0.629,0.523,2026-06-01
HYUNDAI,64,3777,780450,106700,2123097817.5,67,2721,701250,18975,1455281506.25,0.899,0.72,2026-06-01
ICICIBANK,92,50962,23820300,5516000,46822130180.0,88,24797,17289300,896000,21696590405.0,0.726,0.487,2026-06-01
ICICIGI,69,2021,579800,197925,1232358140.0,68,1079,358150,39000,618696910.0,0.618,0.534,2026-06-01
ICICIPRULI,92,3943,3527025,1283900,1948089543.75,92,2831,1880525,307100,1328383666.25,0.533,0.718,2026-06-01
IDEA,28,14974,1481462325,26016900,16785832989.75,28,7587,686803275,9363225,7373982832.5,0.464,0.507,2026-06-01
IDFCFIRSTB,48,5795,77761600,1808625,4096949568.25,49,4108,69979875,2819600,2688792356.25,0.9,0.709,2026-06-01
IEX,89,5988,24582000,1879050,3078798252.0,92,1342,15787200,126150,637182753.0,0.642,0.224,2026-06-01
INDHOTEL,90,3846,3517000,337000,2640792100.0,92,2275,3434000,233000,1481203850.0,0.976,0.592,2026-06-01
INDIANB,63,4666,3362000,333000,4056463150.0,66,1887,2670000,228000,1535786750.0,0.794,0.404,2026-06-01
INDIGO,65,70641,2937000,682500,51042159307.5,71,54683,1922250,-9450,36519235380.0,0.654,0.774,2026-06-01
INDUSINDBK,63,6361,3768800,344400,4247176465.0,63,4361,3636500,352800,2794525720.0,0.965,0.686,2026-06-01
INDUSTOWER,59,9113,18422900,848300,7157444380.0,64,4158,18322600,-149600,3094841245.0,0.995,0.456,2026-06-01
INFY,92,132348,22144800,3084400,67125618960.0,93,66418,15907600,1006400,31696646920.0,0.718,0.502,2026-06-01
INOXWIND,102,26863,44767850,20494525,9338057844.75,102,22958,22421450,5947175,7295822731.0,0.501,0.855,2026-06-01
IOC,112,4287,37942125,2242500,3112915016.25,110,2814,35065875,560625,1918753931.25,0.924,0.656,2026-06-01
IREDA,108,17321,38773975,12671825,8103005825.0,112,5515,21086325,3802375,2382702112.0,0.544,0.318,2026-06-01
IRFC,76,4791,33749325,5072775,2128402551.5,78,1723,24645925,171625,702052558.25,0.73,0.36,2026-06-01
ITC,130,69561,97012025,27171625,33586332887.5,129,26372,49212450,5860225,12055307963.75,0.507,0.379,2026-06-01
JINDALSTEL,85,2341,1961875,156875,1870104468.75,83,1213,1940625,70000,918552593.75,0.989,0.518,2026-06-01
JIOFIN,72,11498,37686950,2843500,6859806933.0,75,5478,31034100,2006900,3073652091.0,0.823,0.476,2026-06-01
JSWENERGY,83,9555,8268825,2087525,6199290802.5,85,3231,4002900,-174700,1913964636.25,0.484,0.338,2026-06-01
JSWSTEEL,81,7029,4184325,573750,6527068897.5,81,4594,3034125,548100,3925768207.5,0.725,0.654,2026-06-01
JUBLFOOD,70,7825,8046250,1052500,4477013312.5,71,3416,5470000,67500,1820373062.5,0.68,0.437,2026-06-01
KALYANKJIL,66,7586,10148225,956800,3443438738.75,67,3354,5023325,294150,1403207778.75,0.495,0.442,2026-06-01
KAYNES,74,48821,1830350,395250,20605197570.0,71,9686,1018200,141900,2999941965.0,0.556,0.198,2026-06-01
KEI,68,2038,383250,43225,1990995658.75,72,2617,300650,57925,2152717796.25,0.784,1.284,2026-06-01
KFINTECH,70,2403,1230575,51000,1101345500.0,72,723,946175,-3125,313876275.0,0.769,0.301,2026-06-01
KOTAKBANK,98,12334,26934000,1416000,10001405700.0,105,6981,21842000,1986000,5255404600.0,0.811,0.566,2026-06-01
KPITTECH,54,24533,3460325,823700,8777073195.0,51,4849,2052975,121425,1608360991.25,0.593,0.198,2026-06-01
LAURUSLABS,87,10194,4300150,621350,12554307857.5,89,5568,4611250,899300,6435819880.0,1.072,0.546,2026-06-01
LICHSGFIN,83,3706,5865000,107000,2102255350.0,81,1788,4303000,114000,959277200.0,0.734,0.482,2026-06-01
LICI,101,9514,15237600,1520400,5746360900.0,106,4842,10798200,655200,2730037520.0,0.709,0.509,2026-06-01
LODHA,82,9887,2757325,1153975,4478330465.0,84,3987,1140000,70200,1667524230.0,0.413,0.403,2026-06-01
LT,104,27246,3804675,686000,20141565535.0,111,16837,3613925,181300,11768669176.25,0.95,0.618,2026-06-01
LTF,51,7959,12831750,2848500,5300589600.0,51,4615,10914750,1613250,2869239262.5,0.851,0.58,2026-06-01
LTM,73,21499,774750,43800,14384951070.0,74,5368,644700,71400,3324884580.0,0.832,0.25,2026-06-01
LUPIN,85,3693,1834300,77350,3779602605.0,85,2456,1419925,45900,2326766667.5,0.774,0.665,2026-06-01
M&M,110,38992,5146200,1179200,24970793390.0,107,23861,3649000,466600,14446633770.0,0.709,0.612,2026-06-01
MANAPPURAM,42,2273,8313000,432000,2333860800.0,45,1420,4617000,342000,1368355800.0,0.555,0.625,2026-06-01
MANKIND,88,1784,511875,57300,1018647272.5,86,798,279225,21000,430863572.5,0.545,0.447,2026-06-01
MARICO,101,2474,3835200,367200,2553080400.0,98,1894,2166000,306000,1848259140.0,0.565,0.766,2026-06-01
MARUTI,91,48403,1175900,288150,33629174882.5,91,22209,659950,78100,14508533137.5,0.561,0.459,2026-06-01
MAXHEALTH,85,12749,7505925,1248975,6957633978.75,80,4811,3087000,259350,2424616267.5,0.411,0.377,2026-06-01
MAZDOCK,83,7990,1741075,82225,4191392638.75,87,3678,1007625,59375,1783967562.5,0.579,0.46,2026-06-01
MCX,58,26348,10467750,1773200,53797950077.5,57,12889,5570275,517125,22961169081.25,0.532,0.489,2026-06-01
MFSL,56,1061,512800,18000,751423080.0,57,770,392000,38000,503612820.0,0.764,0.726,2026-06-01
MIDCPNIFTY,473,81596,4045680,729360,147897242880.0,473,67953,4536840,323400,115379759142.0,1.121,0.833,2026-06-01
MOTHERSON,118,8697,36512550,4569450,8139721246.5,126,3341,24372450,246000,2889116188.5,0.668,0.384,2026-06-01
MOTILALOFS,51,1419,1453900,38750,1046104493.75,53,614,716100,52700,410776621.25,0.493,0.433,2026-06-01
MPHASIS,81,6566,760100,42075,4461123053.75,85,2157,582175,44000,1346536977.5,0.766,0.329,2026-06-01
MUTHOOTFIN,52,4988,1501225,55825,4811129097.5,52,2651,955625,75900,2356809633.75,0.637,0.531,2026-06-01
NAM-INDIA,38,1621,818750,52500,1176529218.75,38,504,433125,10625,338183593.75,0.529,0.311,2026-06-01
NATIONALUM,68,13606,17051250,988125,11747813156.25,66,6861,14626875,519375,5459402343.75,0.858,0.504,2026-06-01
NAUKRI,71,6427,2580700,15550,2565631056.25,78,2691,2158200,40450,985725843.75,0.836,0.419,2026-06-01
NBCC,83,13699,29042000,6565000,9786336235.0,85,4309,17218500,5089500,2851295785.0,0.593,0.315,2026-06-01
NESTLEIND,88,3561,1547500,355500,2631960475.0,86,2570,1245000,203500,1801448575.0,0.805,0.722,2026-06-01
NHPC,64,6077,36801850,5470550,3221427652.0,62,2378,22182600,1014500,1159099257.5,0.603,0.391,2026-06-01
NIFTY,902,72375501,347049760,50807935,112799148782212.77,924,83825768,240454820,19903985,127473409750349.0,0.693,1.158,2026-06-01
NIFTYNXT50,629,83,1275,575,151531750.0,629,16,175,-125,29313496.25,0.137,0.193,2026-06-01
NMDC,81,34506,80804250,351000,22471597800.0,81,10076,40938750,1640250,6091908750.0,0.507,0.292,2026-06-01
NTPC,108,27933,29832000,5080500,16881918450.0,108,15628,13602000,336000,8977272675.0,0.456,0.559,2026-06-01
NUVAMA,43,2213,570000,59500,1856932125.0,41,305,299500,19000,235953800.0,0.525,0.138,2026-06-01
NYKAA,74,5910,28321875,-184375,5314752968.75,70,1925,10443750,303125,1575804843.75,0.369,0.326,2026-06-01
OBEROIRLTY,51,1399,508900,61950,865499425.0,55,1343,372050,60900,787634382.5,0.731,0.96,2026-06-01
OFSS,72,13602,447125,-16575,11097188766.25,79,5179,330050,9650,3612575596.25,0.738,0.381,2026-06-01
OIL,76,2279,3129000,287000,1642364850.0,74,936,1894200,84000,634925130.0,0.605,0.411,2026-06-01
ONGC,93,19402,50492250,2855250,12631003762.5,87,5179,22770000,524250,3119832112.5,0.451,0.267,2026-06-01
PAGEIND,96,6182,78480,32985,3781140180.0,85,2211,26980,3820,1244442797.5,0.344,0.358,2026-06-01
PATANJALI,70,4224,3912625,188275,1846680813.75,73,2650,3263175,362475,1090319806.25,0.834,0.627,2026-06-01
PAYTM,75,6095,4887225,780100,5233131272.5,74,3663,2620150,200825,2963149856.25,0.536,0.601,2026-06-01
PERSISTENT,91,43463,792675,150625,24681489925.0,100,15894,629200,202050,8477625068.75,0.794,0.366,2026-06-01
PETRONET,89,6885,8738100,961400,3759372395.0,88,2255,8443600,606100,1193316660.0,0.966,0.328,2026-06-01
PFC,64,6121,11588200,955500,3601625560.0,62,3528,9395100,412100,1970076420.0,0.811,0.576,2026-06-01
PGEL,48,10072,7473650,558600,4985938960.0,47,6879,5785500,-519650,3050980100.0,0.774,0.683,2026-06-01
PHOENIXLTD,56,372,266350,8400,242208400.0,56,373,148400,-4200,232265267.5,0.557,1.003,2026-06-01
PIDILITIND,83,1653,893000,73500,1274904300.0,86,953,517000,1000,696660900.0,0.579,0.577,2026-06-01
PIIND,109,5115,1436225,71575,2702104256.25,110,2802,702275,102900,1331946131.25,0.489,0.548,2026-06-01
PNB,80,6362,60976000,7048000,5713598320.0,83,4695,51080000,2624000,3919249920.0,0.838,0.738,2026-06-01
PNBHOUSING,82,1257,1292850,73450,906989557.5,81,1237,811850,46800,841806842.5,0.628,0.984,2026-06-01
POLICYBZR,71,3368,1839250,300300,2117487522.5,70,1855,1224650,38500,1122543240.0,0.666,0.551,2026-06-01
POLYCAB,61,6251,571250,29000,7841715293.75,67,6083,626250,-8125,7024762075.0,1.096,0.973,2026-06-01
POWERGRID,96,12828,19739100,2236300,7496546805.0,92,4236,13034000,119700,2340182975.0,0.66,0.33,2026-06-01
POWERINDIA,59,26304,285525,67550,26510926332.5,62,34067,276600,2275,28721492266.25,0.969,1.295,2026-06-01
PREMIERENE,64,9686,2899100,136850,6188410475.0,67,3067,1416800,-85675,1821449608.75,0.489,0.317,2026-06-01
PRESTIGE,52,866,661500,62100,581482507.5,49,482,488250,58950,291771832.5,0.738,0.557,2026-06-01
RADICO,54,2356,52650,7200,1393933500.0,53,1699,19500,4200,754802370.0,0.37,0.721,2026-06-01
RBLBANK,42,3515,13512800,796925,4099717162.5,45,1414,8039100,-6350,1521722731.25,0.595,0.402,2026-06-01
RECLTD,54,8123,18744950,992425,4117572681.25,50,4584,14638225,1045100,2145339227.5,0.781,0.564,2026-06-01
RELIANCE,105,80965,52764000,4962000,57070514925.0,105,37592,35690000,1740500,24775018225.0,0.676,0.464,2026-06-01
RVNL,51,11224,25249800,4132550,4704776181.25,52,4427,13225400,372400,1686224350.25,0.524,0.394,2026-06-01
SAIL,44,1048,8469400,512300,1072802119.0,46,309,4610700,253800,298290623.0,0.544,0.295,2026-06-01
SAMMAANCAP,26,4229,27743600,1105100,3452676314.0,29,2843,20227200,-1195400,2048951032.0,0.729,0.672,2026-06-01
SBICARD,53,13047,9528800,1629600,6723947400.0,53,5539,6245600,583200,2674279200.0,0.655,0.425,2026-06-01
SBILIFE,71,3461,1331250,186000,2505834337.5,70,3685,1165125,120000,2505328125.0,0.875,1.065,2026-06-01
SBIN,90,53502,42740250,3603000,41225980275.0,87,32150,31728000,1467750,22835025675.0,0.742,0.601,2026-06-01
SHREECEM,62,1895,30625,-1150,1323617202.5,63,431,19450,3100,269666922.5,0.635,0.227,2026-06-01
SHRIRAMFIN,79,8201,7520700,1038675,6806762325.0,81,3410,4817175,264825,2640135506.25,0.641,0.416,2026-06-01
SIEMENS,53,18681,1598450,122500,13210627045.0,57,12064,1169175,-68600,7787893583.75,0.731,0.646,2026-06-01
SOLARINDS,53,3337,210300,44600,3327675630.0,53,5347,147950,26150,4144927680.0,0.704,1.602,2026-06-01
SONACOMS,75,1713,2894675,139650,1346615856.25,78,831,2000425,44100,625236998.75,0.691,0.485,2026-06-01
SRF,84,2141,711000,38600,1209445980.0,89,1051,464400,20400,565011520.0,0.653,0.491,2026-06-01
SUNPHARMA,71,23886,7351400,785400,15813594877.5,71,15401,5610500,409150,9624892270.0,0.763,0.645,2026-06-01
SUPREMEIND,62,1235,228200,10150,828024128.75,63,2464,198275,19250,1253076510.0,0.869,1.995,2026-06-01
SUZLON,47,18960,134110725,17469550,10353370664.5,48,12205,70599150,7416450,5983062094.25,0.526,0.644,2026-06-01
SWIGGY,49,6746,10643650,1151850,2493293483.75,49,2251,4591475,165375,758634720.0,0.431,0.334,2026-06-01
TATACONSUM,84,6559,3442450,78100,4510887507.5,82,2891,2174150,131450,1847490727.5,0.632,0.441,2026-06-01
TATAELXSI,62,10969,589150,178925,5083771645.0,65,2139,313500,31750,918974887.5,0.532,0.195,2026-06-01
TATAPOWER,65,16082,22950600,1738550,10389558560.0,68,6558,14908900,121800,4114906860.0,0.65,0.408,2026-06-01
TATASTEEL,60,31797,74995250,5769500,19211490512.5,62,16562,43078750,2494250,9346543002.5,0.574,0.521,2026-06-01
TCS,100,109159,10073050,354775,46733307686.25,97,59072,8596050,342450,23780400863.75,0.853,0.541,2026-06-01
TECHM,70,48999,5169600,1552800,47477480580.0,70,15051,4146600,1377600,13625302410.0,0.802,0.307,2026-06-01
TIINDIA,92,1467,300600,-17800,982821550.0,99,723,195600,-23800,452006600.0,0.651,0.493,2026-06-01
TITAN,66,11583,2285675,127050,8777451182.5,65,8889,1532650,148575,6164550455.0,0.671,0.767,2026-06-01
TMPV,57,39438,23505600,3309600,13232767800.0,60,20790,16306400,1028000,6419142960.0,0.694,0.527,2026-06-01
TORNTPHARM,68,4767,591250,13875,2819358887.5,69,2394,297500,-19000,1310683762.5,0.503,0.502,2026-06-01
TRENT,53,21422,1528700,256400,9539534115.0,53,10024,831550,69650,4242564617.5,0.544,0.468,2026-06-01
TVSMOTOR,112,11399,1116325,139650,7098591290.0,112,6484,963375,91175,3901525871.25,0.863,0.569,2026-06-01
ULTRACEMCO,79,10413,381000,76550,6352342785.0,76,6865,290300,52550,3690585327.5,0.762,0.659,2026-06-01
UNIONBANK,50,3945,24209175,1995675,3084440364.75,53,2526,19111575,420375,1859729663.25,0.789,0.64,2026-06-01
UNITDSPR,96,3515,2181600,237600,1887711520.0,95,1119,1640800,55600,564139420.0,0.752,0.318,2026-06-01
UNOMINDA,43,1160,562100,38500,759997122.5,42,768,448800,44000,455868242.5,0.798,0.662,2026-06-01
UPL,92,1027,4155785,185635,946621021.5,94,624,3023005,60975,523881414.25,0.727,0.608,2026-06-01
VBL,63,6511,7405875,139500,4101290437.5,63,3835,3868725,196275,2310556642.5,0.522,0.589,2026-06-01
VEDL,54,31027,26487950,6268650,13335272005.0,53,19935,15765350,2181550,7812514420.0,0.595,0.643,2026-06-01
VMM,73,716,2648100,135800,447846332.5,75,419,2502600,140650,244654709.5,0.945,0.585,2026-06-01
VOLTAS,64,6027,3157875,298500,3023244506.25,61,3004,2312250,188250,1404041568.75,0.732,0.498,2026-06-01
WAAREEENER,44,9666,1756475,65625,5624606627.5,44,3016,1169350,-19250,1645616507.5,0.666,0.312,2026-06-01
WIPRO,64,53957,154119000,-9111000,33994900350.0,65,21019,95127000,-4869000,11791703910.0,0.617,0.39,2026-06-01
YESBANK,26,19190,291624700,46370100,15025996411.0,28,8855,178887200,9547700,6220485782.0,0.613,0.461,2026-06-01
ZYDUSLIFE,73,6884,3874500,176400,7149938220.0,72,3522,2578500,84600,3387524085.0,0.666,0.512,2026-06-01
360ONE,44,1178,584500,18500,684470450.0,45,328,329500,16000,177279750.0,0.564,0.278,2026-06-02
ABB,101,12184,903000,-33125,11510344768.75,113,5893,600875,-6125,4832692412.5,0.665,0.484,2026-06-02
ABCAPITAL,53,2229,9737100,663400,2600244815.0,52,1292,7030800,592100,1372057365.0,0.722,0.58,2026-06-02
ADANIENSOL,57,7805,5896800,416475,8574738907.5,57,2085,2789100,182250,2072809541.25,0.473,0.267,2026-06-02
ADANIENT,94,28046,6367872,328158,26837428510.049995,104,16714,5075016,317961,14979929454.900002,0.797,0.596,2026-06-02
ADANIGREEN,79,9758,7163400,963000,9078850950.0,85,4671,4318800,271800,4070274210.0,0.603,0.479,2026-06-02
ADANIPORTS,60,19246,5253975,481175,17265934528.75,61,10317,2967325,163400,8687393037.5,0.565,0.536,2026-06-02
ADANIPOWER,73,14804,36256150,3386700,13401048963.5,70,4700,22915250,-230750,3801879919.5,0.632,0.317,2026-06-02
ALKEM,99,6651,784875,108000,4719245918.75,99,4199,344125,10250,2740635112.5,0.438,0.631,2026-06-02
AMBER,59,831,1849800,-29500,689815000.0,55,532,1229600,-23800,389264905.0,0.665,0.64,2026-06-02
AMBUJACEM,70,7313,12403200,302550,3605547202.5,70,1709,8656200,-87150,781031107.5,0.698,0.234,2026-06-02
ANGELONE,48,14361,17480000,-4595000,13346713625.0,50,4133,10972500,265000,3486304375.0,0.628,0.288,2026-06-02
APLAPOLLO,81,2027,1025150,84000,1356234740.0,81,1289,773500,19250,843989492.5,0.755,0.636,2026-06-02
APOLLOHOSP,100,10952,1090500,109500,11709223843.75,102,6585,698625,28750,6511945143.75,0.641,0.601,2026-06-02
ASHOKLEY,66,25372,130115000,9570000,20902484650.0,68,10277,76175000,2175000,7556245350.0,0.585,0.405,2026-06-02
ASIANPAINT,82,26185,5013000,10750,18332031200.0,89,12028,3081250,-74750,7742006462.5,0.615,0.459,2026-06-02
ASTRAL,66,3977,1640075,101575,2763147508.75,67,2840,1092250,68850,1845063273.75,0.666,0.714,2026-06-02
AUBANK,72,3370,3586000,81000,3492648250.0,72,1903,2886000,95000,1855067850.0,0.805,0.565,2026-06-02
AUROPHARMA,53,3679,3409450,83050,3099509435.0,50,1811,1959100,-29150,1423586587.5,0.575,0.492,2026-06-02
AXISBANK,88,29984,11793750,2455625,24982513531.25,89,17251,7873125,454375,13589666125.0,0.668,0.575,2026-06-02
BAJAJ-AUTO,78,27061,1574625,-65400,21869937386.25,79,14882,933450,26550,10976360655.0,0.593,0.55,2026-06-02
BAJAJFINSV,70,25289,4828900,1620950,11581240715.0,69,11595,3041650,368800,4991745472.5,0.63,0.458,2026-06-02
BAJAJHLDNG,74,447,44925,5125,245130025.0,75,312,35550,3300,147985532.5,0.791,0.698,2026-06-02
BAJFINANCE,73,37623,16092750,2656500,26195991187.5,73,24962,12991500,1521000,16394709487.5,0.807,0.663,2026-06-02
BANDHANBNK,59,5808,26870400,1040400,4612540068.0,55,3102,14072400,-3600,2315275128.0,0.524,0.534,2026-06-02
BANKBARODA,82,9569,25140375,1325025,7923105888.75,81,3677,25930125,1213875,2881157760.0,1.031,0.384,2026-06-02
BANKINDIA,92,2466,17576000,2631200,1889035252.0,93,1499,15392000,1383200,1079373412.0,0.876,0.608,2026-06-02
BANKNIFTY,512,1057691,16134870,580050,1794540973428.0,512,789246,13315980,707520,1253457854467.5,0.825,0.746,2026-06-02
BDL,69,15767,5199350,-837650,7099510287.5,66,6178,3235950,-239125,2466744126.25,0.622,0.392,2026-06-02
BEL,72,23742,41742525,2472375,14714486587.5,70,9755,28589775,639825,5651191755.0,0.685,0.411,2026-06-02
BHARATFORG,66,3186,1677500,54000,3212634525.0,65,2379,1248000,30000,2283061675.0,0.744,0.747,2026-06-02
BHARTIARTL,72,41972,12178050,449825,37765471837.5,72,21524,7469375,548625,18434842197.5,0.613,0.513,2026-06-02
BHEL,101,9803,24919125,-672000,11169092156.25,107,5083,18065250,632625,5386907400.0,0.725,0.519,2026-06-02
BIOCON,68,6119,12470000,667500,6832427250.0,66,4059,8420000,202500,4289568000.0,0.675,0.663,2026-06-02
BLUESTARCO,82,4319,1046175,4875,2421067967.5,78,1149,656500,53300,581716947.5,0.628,0.266,2026-06-02
BOSCHLTD,114,9958,140100,-8700,9876386738.75,122,4455,105650,8925,3934690997.5,0.754,0.447,2026-06-02
BPCL,52,6093,12288450,768275,3803253846.25,54,5388,9088950,837400,3096172345.0,0.74,0.884,2026-06-02
BRITANNIA,95,6408,975750,74875,4445242400.0,91,2962,751000,46875,1878347231.25,0.77,0.462,2026-06-02
BSE,59,39012,7790225,1531500,62673083655.0,58,34070,5297450,380700,50471307951.25,0.68,0.873,2026-06-02
CAMS,56,2584,1728675,-35100,1589144733.75,58,920,1065000,81150,528896377.5,0.616,0.356,2026-06-02
CANBK,105,7219,57118500,5676750,6653806087.5,104,4235,52683750,1775250,3710699302.5,0.922,0.587,2026-06-02
CDSL,48,13525,6430550,-181450,8627194815.0,49,5345,3979075,71250,3048465260.0,0.619,0.395,2026-06-02
CGPOWER,68,7309,5406850,175100,5966312902.5,67,2297,3476500,162350,1749431920.0,0.643,0.314,2026-06-02
CHOLAFIN,72,4658,2686250,441875,4654911781.25,68,5177,1930625,435625,4825451625.0,0.719,1.111,2026-06-02
CIPLA,96,8757,4072250,190175,4768664963.75,99,6413,2972775,162900,3278237533.75,0.73,0.732,2026-06-02
COALINDIA,71,51174,40417650,-697950,34196883075.0,78,37514,43810200,-108000,23440162185.0,1.084,0.733,2026-06-02
COCHINSHIP,69,2001,952800,62800,1248329640.0,63,1018,649600,99600,585491100.0,0.682,0.509,2026-06-02
COFORGE,71,67269,6328500,780575,40087870472.5,76,22822,4122325,809575,12698356460.0,0.651,0.339,2026-06-02
COLPAL,80,4522,1781775,56725,2243713225.0,80,2215,1126900,23450,993979998.75,0.632,0.49,2026-06-02
CONCOR,78,4512,11637500,403750,2781586062.5,75,1562,6482500,240000,913570875.0,0.557,0.346,2026-06-02
CROMPTON,90,4128,8372150,608750,2224528842.5,85,1205,3249300,8250,610835225.0,0.388,0.292,2026-06-02
CUMMINSIND,86,9834,1493200,181800,11953725490.0,88,4199,961000,28400,4709403440.0,0.644,0.427,2026-06-02
DABUR,81,4933,9045000,827500,2821535937.5,79,3709,6632500,430000,1968354250.0,0.733,0.752,2026-06-02
DALBHARAT,73,793,523575,40625,484138980.0,71,868,467350,12025,458322442.5,0.893,1.095,2026-06-02
DELHIVERY,68,4093,8190025,888100,4015541245.0,66,1539,3645775,-101675,1409189458.75,0.445,0.376,2026-06-02
DIVISLAB,93,11740,968000,85400,8191936680.0,92,5841,570300,21000,3764485110.0,0.589,0.498,2026-06-02
DIXON,83,27781,1086650,21900,17256299605.0,96,18830,819700,20550,10012866455.0,0.754,0.678,2026-06-02
DLF,83,9377,6915200,223950,4833842640.0,86,5228,5272350,388700,2526667122.5,0.762,0.558,2026-06-02
DMART,66,7578,1028100,120750,4980190192.5,59,2721,647400,49050,1650697110.0,0.63,0.359,2026-06-02
DRREDDY,94,8398,5586875,754375,7122932593.75,95,3819,3054375,80000,3033582531.25,0.547,0.455,2026-06-02
EICHERMOT,99,15758,1410700,3700,11920161750.0,102,10388,1095200,68200,7227234625.0,0.776,0.659,2026-06-02
ETERNAL,67,27039,37335300,1294950,17314591543.75,69,15267,32337375,1292525,9211193841.25,0.866,0.565,2026-06-02
EXIDEIND,88,18673,15364800,1164600,14225256000.0,85,6201,10233000,1326600,4351138200.0,0.666,0.332,2026-06-02
FEDERALBNK,78,9754,16787500,-127500,7441535625.0,76,5208,14812500,2740000,3733727250.0,0.882,0.534,2026-06-02
FINNIFTY,254,6061,200220,67440,9457903749.0,254,4937,195660,50880,7237422186.0,0.977,0.815,2026-06-02
FORCEMOT,40,14857,130150,64475,7567371602.5,38,13490,57475,30625,6041376553.75,0.442,0.908,2026-06-02
FORTIS,65,3099,1966950,-58900,2350288792.5,64,2532,1096625,43400,1804417465.0,0.558,0.817,2026-06-02
GAIL,109,4704,24010100,763600,2569814581.0,113,2380,19026100,456400,1205170675.5,0.792,0.506,2026-06-02
GLENMARK,99,7721,3374625,155625,6852206606.25,98,3935,2341500,385125,3296125443.75,0.694,0.51,2026-06-02
GMRAIRPORT,82,6443,73439775,1046250,4731212180.25,83,1673,32761575,383625,1126969164.0,0.446,0.26,2026-06-02
GODFRYPHLP,77,1903,700700,6600,1292210273.75,73,895,372625,46750,546839631.25,0.532,0.47,2026-06-02
GODREJCP,82,3462,1408000,262500,1824180625.0,82,4222,1460000,336500,2112741475.0,1.037,1.22,2026-06-02
GODREJPROP,73,7393,2180025,130125,3826426321.25,73,3651,1486900,74225,1731446718.75,0.682,0.494,2026-06-02
GRASIM,98,3441,1198750,81500,2790530050.0,100,2853,1071500,30500,2206745987.5,0.894,0.829,2026-06-02
GVT&D,47,5968,351000,150000,4020848100.0,47,2008,181000,50500,1156227650.0,0.516,0.336,2026-06-02
HAL,71,15308,2328450,217350,10385030430.0,69,8605,1647900,30900,5484044437.5,0.708,0.562,2026-06-02
HAVELLS,107,6872,2727500,-57000,4257242500.0,106,2278,1729000,75000,1328657250.0,0.634,0.331,2026-06-02
HCLTECH,112,75115,7511700,1066250,33958330330.0,113,29610,5073750,99850,12569378727.5,0.675,0.394,2026-06-02
HDFCAMC,97,3473,1052100,60600,2952344430.0,93,1954,780600,105300,1527781590.0,0.742,0.563,2026-06-02
HDFCBANK,113,180462,98229350,2431700,77795770457.5,112,76619,56491000,1897800,31111867262.5,0.575,0.425,2026-06-02
HDFCLIFE,96,14278,15468200,1738000,9737111285.0,94,7149,11482900,532400,4607646395.0,0.742,0.501,2026-06-02
HEROMOTOCO,91,19780,2096400,23250,15347598540.0,87,9671,1204200,-5550,7004738842.5,0.574,0.489,2026-06-02
HINDALCO,76,21655,9271500,251300,18273612210.0,76,10860,7053900,246400,8656676945.0,0.761,0.502,2026-06-02
HINDPETRO,65,2680,12508425,299700,2260842030.0,67,1807,8081775,54675,1439070907.5,0.646,0.674,2026-06-02
HINDUNILVR,98,25001,8919300,532500,16521488865.0,95,14330,4171200,322500,8770020750.0,0.468,0.573,2026-06-02
HINDZINC,52,11870,16059750,1854650,9739250718.75,49,7419,9695875,758275,5600235786.25,0.604,0.625,2026-06-02
HYUNDAI,67,2364,736175,-44275,1303673442.5,69,1607,671000,-30250,795810537.5,0.911,0.68,2026-06-02
ICICIBANK,95,52559,27365800,3545500,47489165885.0,90,27351,18573800,1284500,23723491785.0,0.679,0.52,2026-06-02
ICICIGI,73,1937,709800,130000,1190683682.5,73,763,389350,31200,432997678.75,0.549,0.394,2026-06-02
ICICIPRULI,98,4538,4299400,772375,2186927920.0,98,3599,2448475,567950,1631833292.5,0.569,0.793,2026-06-02
IDEA,28,14793,1459662450,-21799875,16615491625.5,28,5620,668434200,-18369075,5444402277.0,0.458,0.38,2026-06-02
IDFCFIRSTB,48,9026,83224575,5462975,6432594073.5,49,4359,71565900,1586025,2794948997.75,0.86,0.483,2026-06-02
IEX,92,3259,25997100,1415100,1661017822.5,94,1654,15684150,-103050,779066634.0,0.603,0.508,2026-06-02
INDHOTEL,93,4528,3865000,348000,3101633300.0,94,2184,3608000,174000,1402934800.0,0.934,0.482,2026-06-02
INDIANB,71,3396,3689000,327000,2935683500.0,72,1815,2975000,305000,1477182050.0,0.806,0.534,2026-06-02
INDIGO,65,31294,3516000,579000,22151802690.0,71,19044,1944600,22350,12609627952.5,0.553,0.609,2026-06-02
INDUSINDBK,66,8894,3753400,-15400,5909857625.0,65,7057,3796800,160300,4496918825.0,1.012,0.793,2026-06-02
INDUSTOWER,63,7395,18807100,384200,5726614305.0,67,2419,18377000,54400,1795276245.0,0.977,0.327,2026-06-02
INFY,117,235082,32650400,10505600,124114044120.0,119,135902,22962400,7054800,67081322240.0,0.703,0.578,2026-06-02
INOXWIND,102,11515,48755700,3987850,3905767080.5,102,4976,24650750,2229300,1500634279.75,0.506,0.432,2026-06-02
IOC,116,3717,38761125,819000,2701715152.5,113,2437,36840375,1774500,1649733052.5,0.95,0.656,2026-06-02
IREDA,108,6867,38153500,-620475,3156638942.5,112,1481,22238125,1151800,621049323.75,0.583,0.216,2026-06-02
IRFC,81,4774,35974500,2225175,2108548056.75,82,1422,25738525,1092600,574576560.25,0.715,0.298,2026-06-02
ITC,135,69804,103070700,6058675,33478738803.75,134,25554,51153775,1941325,11505323687.5,0.496,0.366,2026-06-02
JINDALSTEL,85,2021,2037500,75625,1613082593.75,83,1186,1939375,-1250,894689406.25,0.952,0.587,2026-06-02
JIOFIN,75,10272,39266150,1579200,6089028247.5,77,3347,31905950,871850,1855674351.0,0.813,0.326,2026-06-02
JSWENERGY,88,11241,8409050,140225,6992253475.0,88,4643,4155125,152225,2707497801.25,0.494,0.413,2026-06-02
JSWSTEEL,81,6893,4185000,675,6383014143.75,81,3867,3013875,-20250,3350207047.5,0.72,0.561,2026-06-02
JUBLFOOD,73,9353,7865000,-181250,5344066937.5,74,3575,5660000,190000,1907012937.5,0.72,0.382,2026-06-02
KALYANKJIL,71,8233,10429575,281350,3649892958.75,71,2517,5436100,412775,1026623421.25,0.521,0.306,2026-06-02
KAYNES,76,2426,1724150,-106200,851531225.0,73,585,989400,-28800,177186415.0,0.574,0.241,2026-06-02
KEI,72,2689,397775,14525,2589767923.75,76,1453,294175,-6475,1239860877.5,0.74,0.54,2026-06-02
KFINTECH,70,1909,1280300,49725,873735158.75,72,496,953825,7650,211666626.25,0.745,0.26,2026-06-02
KOTAKBANK,106,9710,27956000,1022000,7760450100.0,110,5787,22536000,694000,4381689500.0,0.806,0.596,2026-06-02
KPITTECH,73,31534,3134625,-325700,11407292630.0,72,8011,2625925,572950,2631855235.0,0.838,0.254,2026-06-02
LAURUSLABS,89,3694,4248300,-51850,4542710590.0,91,3337,4632500,21250,3855293192.5,1.09,0.903,2026-06-02
LICHSGFIN,83,2915,5947000,82000,1649261650.0,81,1091,4416000,113000,584734400.0,0.743,0.374,2026-06-02
LICI,107,7811,15388800,151200,4642661590.0,110,4483,11110400,312200,2509791200.0,0.722,0.574,2026-06-02
LODHA,82,5367,2918125,160800,2377822251.25,84,2712,1163850,23850,1080849803.75,0.399,0.505,2026-06-02
LT,108,30988,4021850,217175,22656231500.0,114,17590,3802925,189000,12233041292.5,0.946,0.568,2026-06-02
LTF,51,5164,14078250,1246500,3406040100.0,51,1946,11598750,684000,1189706400.0,0.824,0.377,2026-06-02
LTM,73,23680,935700,160950,16170653325.0,74,5593,676500,31800,3556526227.5,0.723,0.236,2026-06-02
LUPIN,85,3017,1879775,45475,3046765988.75,85,1657,1493450,73525,1552173546.25,0.794,0.549,2026-06-02
M&M,120,30242,5402600,256400,19219975670.0,117,12484,3770600,121600,7525314270.0,0.698,0.413,2026-06-02
MANAPPURAM,45,3469,10437000,2124000,3519716400.0,49,1137,4950000,333000,1075091700.0,0.474,0.328,2026-06-02
MANKIND,95,1623,545575,33700,914785745.0,92,620,303825,24600,324859275.0,0.557,0.382,2026-06-02
MARICO,108,1768,3900000,64800,1809269700.0,105,1106,2342400,176400,1085772660.0,0.601,0.626,2026-06-02
MARUTI,96,45832,1286600,110700,31443447650.0,96,17369,700900,40950,11118018697.5,0.545,0.379,2026-06-02
MAXHEALTH,90,14132,8269275,763350,7591780612.5,84,4924,3255000,168000,2439597011.25,0.394,0.348,2026-06-02
MAZDOCK,86,6993,1722300,-18775,3723876638.75,90,2408,1017600,9975,1163114017.5,0.591,0.344,2026-06-02
MCX,60,26050,11921850,1454100,51802732597.5,59,13015,6052325,482050,22957038047.5,0.508,0.5,2026-06-02
MFSL,63,862,601600,88800,597358180.0,62,635,412400,20400,408348520.0,0.686,0.737,2026-06-02
MIDCPNIFTY,474,83414,4531080,485400,149392846686.0,474,59766,4948440,411600,99935163168.0,1.092,0.716,2026-06-02
MOTHERSON,119,5795,37478100,965550,5405210154.0,127,2139,25245750,873300,1806772768.5,0.674,0.369,2026-06-02
MOTILALOFS,57,1102,1556975,103075,792635318.75,58,407,750975,34875,274628690.0,0.482,0.369,2026-06-02
MPHASIS,106,7813,841500,81400,5391339910.0,110,2505,633600,51425,1609676860.0,0.753,0.321,2026-06-02
MUTHOOTFIN,56,5929,1551550,50325,5740654452.5,56,3326,1024650,69025,2949415356.25,0.66,0.561,2026-06-02
NAM-INDIA,38,1172,844375,25625,843608437.5,38,354,446875,13750,231721718.75,0.529,0.302,2026-06-02
NATIONALUM,68,23794,17728125,676875,20805888843.75,66,10757,14730000,103125,8708108812.5,0.831,0.452,2026-06-02
NAUKRI,71,9825,2596450,15750,3920636381.25,78,3890,2195300,37100,1426350090.0,0.846,0.396,2026-06-02
NBCC,83,15061,39325000,10283000,10930152025.0,85,3826,21658000,4439500,2518158695.0,0.551,0.254,2026-06-02
NESTLEIND,94,3650,1659500,112000,2653475275.0,91,3068,1388000,143000,2156103350.0,0.836,0.841,2026-06-02
NHPC,78,32624,84428750,47626900,16387289185.5,76,23315,57398200,35215600,11036888003.0,0.68,0.715,2026-06-02
NIFTY,902,260352153,345349010,-1700750,399071007956240.8,924,247760001,364026345,123571525,375380244142484.8,1.054,0.952,2026-06-02
NIFTYNXT50,631,55,2175,900,99819996.25,631,11,400,225,19375620.0,0.184,0.2,2026-06-02
NMDC,93,59066,100500750,19696500,40140249300.0,93,18150,50037750,9099000,11521287585.0,0.498,0.307,2026-06-02
NTPC,115,50688,42433500,12601500,29788552125.0,115,22071,15861000,2259000,12270439725.0,0.374,0.435,2026-06-02
NUVAMA,43,1012,582000,12000,843210200.0,41,372,307000,7500,281383775.0,0.527,0.368,2026-06-02
NYKAA,76,5257,27318750,-1003125,4721520937.5,72,1441,11168750,725000,1195804687.5,0.409,0.274,2026-06-02
OBEROIRLTY,57,2387,742700,233800,1502444895.0,59,1422,468300,96250,813960647.5,0.631,0.596,2026-06-02
OFSS,72,18738,406600,-40525,15377291910.0,79,8357,361950,31900,5940701268.75,0.89,0.446,2026-06-02
OIL,76,2636,3257800,128800,1896759060.0,74,597,1878800,-15400,404963090.0,0.577,0.226,2026-06-02
ONGC,94,20479,53799750,3307500,13099994550.0,88,8011,24639750,1869750,4784162287.5,0.458,0.391,2026-06-02
PAGEIND,105,3352,81995,3515,2046679465.25,94,933,26590,-390,518186770.5,0.324,0.278,2026-06-02
PATANJALI,71,6042,4873025,960400,2614501535.0,74,1983,3835575,572400,824246730.0,0.787,0.328,2026-06-02
PAYTM,80,8052,5528850,641625,6811763890.0,77,4468,2913775,293625,3517491381.25,0.527,0.555,2026-06-02
PERSISTENT,91,33518,905425,112750,19474340043.75,100,14938,738125,108925,8116726062.5,0.815,0.446,2026-06-02
PETRONET,89,2589,8709600,-28500,1394199195.0,88,1138,8519600,76000,583930705.0,0.978,0.44,2026-06-02
PFC,68,7404,12478700,890500,4273468680.0,66,3486,9729200,334100,1909239150.0,0.78,0.471,2026-06-02
PGEL,48,9202,7704500,230850,4543829290.0,47,3948,5784550,-950,1720558110.0,0.751,0.429,2026-06-02
PHOENIXLTD,57,922,344050,77700,595403130.0,58,402,171500,23100,243922752.5,0.498,0.436,2026-06-02
PIDILITIND,89,1351,954000,61000,1035056200.0,91,410,529500,12500,288643150.0,0.555,0.303,2026-06-02
PIIND,115,5494,1514275,78050,2830310236.25,116,2219,712075,9800,1062890797.5,0.47,0.404,2026-06-02
PNB,85,5833,63840000,2864000,5175824720.0,85,4216,53688000,2608000,3510970560.0,0.841,0.723,2026-06-02
PNBHOUSING,82,1002,1391000,98150,709226277.5,81,564,798850,-13000,362159232.5,0.574,0.563,2026-06-02
POLICYBZR,71,4983,1906800,67550,3098358917.5,70,7315,2118900,894250,4196087927.5,1.111,1.468,2026-06-02
POLYCAB,61,6498,567250,-4000,8074673006.25,67,6881,621750,-4500,7883632693.75,1.096,1.059,2026-06-02
POWERGRID,101,13682,22150200,2411100,7873650540.0,97,9308,13581200,547200,4964048680.0,0.613,0.68,2026-06-02
POWERINDIA,59,24486,353550,68025,23892167338.75,62,23574,294675,18075,18993365977.5,0.833,0.963,2026-06-02
PREMIERENE,64,9716,2906575,7475,6262159975.0,67,2883,1444625,27825,1727829231.25,0.497,0.297,2026-06-02
PRESTIGE,52,1736,708750,47250,1163831895.0,49,516,540900,52650,326840445.0,0.763,0.297,2026-06-02
RADICO,54,2348,92850,40200,1343338327.5,53,1026,38850,19350,485393115.0,0.418,0.437,2026-06-02
RBLBANK,44,3529,13487400,-25400,4060423680.0,47,1884,8340725,301625,1985615948.75,0.618,0.534,2026-06-02
RECLTD,57,10845,19384750,639800,5330585951.25,53,6665,15404025,765800,3095426381.25,0.795,0.615,2026-06-02
RELIANCE,105,144485,58771500,6007500,100653766650.0,105,66566,38171000,2481000,43583710000.0,0.649,0.461,2026-06-02
RVNL,56,13641,27530800,2281000,5605633050.0,57,4600,13924625,699225,1691179082.25,0.506,0.337,2026-06-02
SAIL,46,1412,9381200,911800,1448913885.0,48,328,4949100,338400,312608327.0,0.528,0.232,2026-06-02
SAMMAANCAP,26,4677,27696300,-47300,3852981116.0,29,2394,20184200,-43000,1780311843.0,0.729,0.512,2026-06-02
SBICARD,54,11831,9355200,-173600,6079102480.0,54,5636,6186400,-59200,2722649680.0,0.661,0.476,2026-06-02
SBILIFE,75,2585,1378125,46875,1860471618.75,73,1767,1205250,40125,1177212900.0,0.875,0.684,2026-06-02
SBIN,90,56983,43788000,1047750,43391831925.0,87,30780,32595000,867000,21783809775.0,0.744,0.54,2026-06-02
SHREECEM,67,2608,34250,3625,1824208373.75,67,355,23600,4150,224596847.5,0.689,0.136,2026-06-02
SHRIRAMFIN,85,10519,8383650,862950,8551090597.5,84,4411,5509350,692175,3383570602.5,0.657,0.419,2026-06-02
SIEMENS,56,11685,1604925,6475,8168631310.0,58,5707,1158675,-10500,3686378753.75,0.722,0.488,2026-06-02
SOLARINDS,53,3875,209200,-1100,3817638207.5,53,7344,146050,-1900,5561071670.0,0.698,1.895,2026-06-02
SONACOMS,78,3851,3379775,485100,3022264323.75,80,1006,2176825,176400,753217771.25,0.644,0.261,2026-06-02
SRF,89,6696,854200,143200,3823537000.0,93,1343,495000,30600,728177690.0,0.579,0.201,2026-06-02
SUNPHARMA,71,24910,8665300,1313900,16365184062.5,71,12941,5671400,60900,8182242250.0,0.654,0.52,2026-06-02
SUPREMEIND,62,1053,237825,9625,697792392.5,63,631,192150,-6125,338471122.5,0.808,0.599,2026-06-02
SUZLON,48,13211,143478750,9368025,7126026828.75,49,6171,71282950,683800,2980212882.0,0.497,0.467,2026-06-02
SWIGGY,52,7262,9813475,-830175,2619527902.5,51,2201,4783675,192200,741889021.25,0.487,0.303,2026-06-02
TATACONSUM,92,7070,3609100,166650,4772551767.5,88,3106,2365550,191400,1984492207.5,0.655,0.439,2026-06-02
TATAELXSI,75,54337,701375,112225,25635810043.75,79,7993,467725,154225,3526114618.75,0.667,0.147,2026-06-02
TATAPOWER,65,22102,25087900,2137300,14056319212.5,68,7765,15448300,539400,4695662527.5,0.616,0.351,2026-06-02
TATASTEEL,60,32558,78127500,3132250,19775161477.5,62,11673,42702000,-376750,6662610212.5,0.547,0.359,2026-06-02
TCS,110,262143,12145800,2072750,116784290168.75,108,140649,9429525,833475,58502815632.5,0.776,0.537,2026-06-02
TECHM,70,42942,7606800,2437200,42213275640.0,70,14367,4722600,576000,13230224790.0,0.621,0.335,2026-06-02
TIINDIA,104,1562,310400,9800,1026754460.0,108,741,216200,20600,439559070.0,0.697,0.474,2026-06-02
TITAN,68,16581,2494625,208950,12520598956.25,67,7579,1606325,73675,5200244752.5,0.644,0.457,2026-06-02
TMPV,61,60537,25652000,2146400,20078476200.0,64,26004,16858400,552000,7970143680.0,0.657,0.43,2026-06-02
TORNTPHARM,68,4354,630000,38750,2507856918.75,69,2621,330750,33250,1415606106.25,0.525,0.602,2026-06-02
TRENT,53,29059,1671050,142350,12886608212.5,53,9903,879450,47900,4135462852.5,0.526,0.341,2026-06-02
TVSMOTOR,114,6887,1162875,46550,4259815350.0,113,3773,1009575,46200,2237499433.75,0.868,0.548,2026-06-02
ULTRACEMCO,87,22964,421700,40700,14843020725.0,84,6195,326850,36550,3320821415.0,0.775,0.27,2026-06-02
UNIONBANK,56,4713,26142900,1933725,3652806569.25,57,2602,21085125,1973550,1951194723.0,0.807,0.552,2026-06-02
UNITDSPR,104,5304,2364800,183200,2818571920.0,102,1798,1764000,123200,906287520.0,0.746,0.339,2026-06-02
UNOMINDA,48,549,582450,20350,354034972.5,45,211,480700,31900,125490750.0,0.825,0.384,2026-06-02
UPL,92,988,4321095,165310,907877913.0,94,456,3079915,56910,398595065.5,0.713,0.462,2026-06-02
VBL,65,16078,8714550,1308675,10219096515.0,64,6339,3987975,119250,3829695581.25,0.458,0.394,2026-06-02
VEDL,57,50728,29126050,2638100,21315130802.5,56,53579,17974500,2209150,20208875652.5,0.617,1.056,2026-06-02
VMM,82,790,3846050,1197950,483384416.5,84,659,4074000,1571400,391080526.0,1.059,0.834,2026-06-02
VOLTAS,65,6919,3415125,257250,3462895331.25,62,2445,2445750,133500,1121269106.25,0.716,0.353,2026-06-02
WAAREEENER,45,14927,1844850,88375,8586450827.5,45,3759,1209250,39900,2027836002.5,0.655,0.252,2026-06-02
WIPRO,67,89697,149529000,-4590000,57140504460.0,68,24628,97695000,2568000,14009230860.0,0.653,0.275,2026-06-02
YESBANK,26,13712,316535800,24911100,10635494341.0,28,5665,177612100,-1275100,3919424461.0,0.561,0.413,2026-06-02
ZYDUSLIFE,75,4424,3914100,39600,4542818355.0,74,3377,2790900,212400,3229359075.0,0.713,0.763,2026-06-02
360ONE,44,1807,767000,182500,1052579350.0,45,515,353000,23500,276913650.0,0.46,0.285,2026-06-03
ABB,101,16057,963000,60000,15279076737.5,113,5394,615625,14750,4677444193.75,0.639,0.336,2026-06-03
ABCAPITAL,53,2722,9885900,148800,3153285900.0,52,1644,7564000,533200,1747418230.0,0.765,0.604,2026-06-03
ADANIENSOL,67,7533,6070950,174150,8168678010.0,66,3769,2773575,-15525,3725009775.0,0.457,0.5,2026-06-03
ADANIENT,94,19600,6472623,104751,18796377809.85,104,13189,5091393,16377,11542265783.55,0.787,0.673,2026-06-03
ADANIGREEN,79,9149,6967200,-196200,8431029630.0,85,4516,4513800,195000,3826236990.0,0.648,0.494,2026-06-03
ADANIPORTS,60,43888,6070025,816050,39696453546.25,61,18146,3299350,332025,15555941060.0,0.544,0.413,2026-06-03
ADANIPOWER,73,8034,38567200,2311050,7219975693.5,70,2486,23635900,720650,2017523255.5,0.613,0.309,2026-06-03
ALKEM,103,5742,751625,-33250,4032508943.75,103,2483,362500,18375,1618153981.25,0.482,0.432,2026-06-03
AMBER,59,326,1843800,-6000,265870915.0,55,106,1225700,-3900,78761335.0,0.665,0.325,2026-06-03
AMBUJACEM,70,10318,14137350,1734150,5014962525.0,70,3313,9267000,610800,1522587885.0,0.655,0.321,2026-06-03
ANGELONE,49,11767,18977500,1497500,10742104000.0,52,5419,11615000,642500,4521572750.0,0.612,0.461,2026-06-03
APLAPOLLO,84,3057,1016750,-8400,2027225497.5,84,876,810600,37100,564260165.0,0.797,0.287,2026-06-03
APOLLOHOSP,101,43552,1102750,12250,47061110193.75,103,12673,819875,121250,12790721350.0,0.743,0.291,2026-06-03
ASHOKLEY,66,34783,142780000,12665000,28244334700.0,68,13859,80540000,4365000,10138124450.0,0.564,0.398,2026-06-03
ASIANPAINT,82,24085,5592750,579750,16801207312.5,89,10028,3140250,59000,6582249650.0,0.561,0.416,2026-06-03
ASTRAL,66,4617,1695750,55675,3222314193.75,67,1940,1113075,20825,1268944366.25,0.656,0.42,2026-06-03
AUBANK,72,6864,4094000,508000,7012700350.0,72,3847,3148000,262000,3687983850.0,0.769,0.56,2026-06-03
AUROPHARMA,53,9271,3370400,-39050,7761645127.5,50,2916,1979450,20350,2312871522.5,0.587,0.315,2026-06-03
AXISBANK,95,42124,12915000,1121250,34618259781.25,94,19414,8515625,642500,15154254031.25,0.659,0.461,2026-06-03
BAJAJ-AUTO,80,20365,1650825,76200,16389610065.0,81,9897,938625,5175,7305313005.0,0.569,0.486,2026-06-03
BAJAJFINSV,70,12576,5020350,191450,5806174440.0,69,7660,3053800,12150,3285590547.5,0.608,0.609,2026-06-03
BAJAJHLDNG,74,368,45675,750,200193257.5,75,137,36950,1400,71808967.5,0.809,0.372,2026-06-03
BAJFINANCE,75,23265,17069250,976500,16134253800.0,75,11718,13785750,794250,7717486312.5,0.808,0.504,2026-06-03
BANDHANBNK,59,8516,27651600,781200,6750376236.0,55,3716,15015600,943200,2716610580.0,0.543,0.436,2026-06-03
BANKBARODA,82,15673,27471600,2331225,12950969265.0,81,8064,27553500,1623375,6352134603.75,1.003,0.515,2026-06-03
BANKINDIA,92,4327,20144800,2568800,3317621424.0,93,1834,17149600,1757600,1299635792.0,0.851,0.424,2026-06-03
BANKNIFTY,512,1444480,16118790,-16080,2456967124896.0,512,1001763,14050980,735000,1590727142121.0,0.872,0.694,2026-06-03
BDL,69,17561,4843475,-355875,7910158797.5,66,5982,2993075,-242875,2428877426.25,0.618,0.341,2026-06-03
BEL,72,17935,43458225,1715700,11057214326.25,70,7994,28766475,176700,4642765852.5,0.662,0.446,2026-06-03
BHARATFORG,67,5799,1765000,87500,5917955925.0,66,2245,1402500,154500,2148627950.0,0.795,0.387,2026-06-03
BHARTIARTL,72,33322,12429325,251275,30136923031.25,72,17172,7715425,246050,14752119198.75,0.621,0.515,2026-06-03
BHEL,101,9515,24971625,52500,10770241387.5,107,7805,19574625,1509375,8276306587.5,0.784,0.82,2026-06-03
BIOCON,70,4529,13727500,1257500,5047221000.0,68,2839,8595000,175000,2990265875.0,0.626,0.627,2026-06-03
BLUESTARCO,82,1731,1017575,-28600,951272237.5,78,572,664950,8450,288783771.25,0.653,0.33,2026-06-03
BOSCHLTD,114,13275,146650,6550,13373163751.25,122,8798,149050,43400,7718227456.25,1.016,0.663,2026-06-03
BPCL,54,5002,12444475,156025,3100713363.75,54,3297,9246950,158000,1893144150.0,0.743,0.659,2026-06-03
BRITANNIA,98,9659,1184125,208375,6883878981.25,94,3474,825750,74750,2201461462.5,0.697,0.36,2026-06-03
BSE,63,54518,8675925,885700,87200391440.0,62,28811,5757325,459875,42171944591.25,0.664,0.528,2026-06-03
CAMS,56,2272,1804200,75525,1386618971.25,58,1581,1229400,164400,895905341.25,0.681,0.696,2026-06-03
CANBK,105,11231,60635250,3516750,10539364680.0,104,4772,53088750,405000,4208702490.0,0.876,0.425,2026-06-03
CDSL,48,12316,6859950,429400,7740921076.25,49,5583,4275475,296400,3192431727.5,0.623,0.453,2026-06-03
CGPOWER,68,6638,5484200,77350,5432377582.5,67,2276,3560650,84150,1755681205.0,0.649,0.343,2026-06-03
CHOLAFIN,72,3525,2933125,246875,3500894468.75,68,1729,2095625,165000,1568182937.5,0.714,0.49,2026-06-03
CIPLA,100,9412,4373825,301575,5083943175.0,102,5293,3092400,119625,2667180835.0,0.707,0.562,2026-06-03
COALINDIA,71,64147,44388000,3970350,43068848985.0,78,31181,43536150,-274050,19506158842.5,0.981,0.486,2026-06-03
COCHINSHIP,69,1608,1035600,82800,999835860.0,63,662,683600,34000,378016440.0,0.66,0.412,2026-06-03
COFORGE,74,29538,6812000,483500,17154965533.75,79,26422,4069225,-53100,14350278410.0,0.597,0.895,2026-06-03
COLPAL,80,5140,1843025,61250,2498352917.5,80,1958,1165300,38400,881518403.75,0.632,0.381,2026-06-03
CONCOR,80,6132,12326250,688750,3729270437.5,77,2613,6728750,246250,1497123062.5,0.546,0.426,2026-06-03
CROMPTON,90,1747,8202950,-169200,927750780.0,85,849,3342900,93600,427007657.5,0.408,0.486,2026-06-03
CUMMINSIND,86,7350,1554600,61400,9035669370.0,88,2890,992200,31200,3267234510.0,0.638,0.393,2026-06-03
DABUR,81,4791,10120000,1075000,2744140375.0,79,1969,6658750,26250,1035088875.0,0.658,0.411,2026-06-03
DALBHARAT,73,981,546000,22425,597257618.75,71,701,502125,34775,391798680.0,0.92,0.715,2026-06-03
DELHIVERY,68,2028,8513725,323700,1961693795.0,66,783,3797250,151475,712358601.25,0.446,0.386,2026-06-03
DIVISLAB,96,11402,1000000,32000,7920693350.0,94,9496,911000,340700,6241798035.0,0.911,0.833,2026-06-03
DIXON,83,27286,1202750,116100,16787454780.0,96,33047,857950,38250,16944699577.5,0.713,1.211,2026-06-03
DLF,83,8064,7277625,362425,4129016965.0,86,4406,5198725,-73625,2123636215.0,0.714,0.546,2026-06-03
DMART,66,40317,1126050,97950,26603722800.0,59,9599,693300,45900,5902037685.0,0.616,0.238,2026-06-03
DRREDDY,97,6143,5975625,388750,5138457281.25,98,3026,3271875,217500,2409965500.0,0.548,0.493,2026-06-03
EICHERMOT,99,11320,1461400,50700,8510313165.0,102,7434,1104300,9100,5187574130.0,0.756,0.657,2026-06-03
ETERNAL,67,13650,38880025,1544725,8732615726.25,69,8873,32439225,101850,5334751922.5,0.834,0.65,2026-06-03
EXIDEIND,95,8413,15931800,567000,6451300710.0,95,3525,10024200,-208800,2510751330.0,0.629,0.419,2026-06-03
FEDERALBNK,79,28661,23760000,6972500,22346720875.0,77,14344,18880000,4067500,10593603750.0,0.795,0.5,2026-06-03
FINNIFTY,254,5581,225720,25500,8738313843.0,254,4196,216480,20820,6160239435.0,0.959,0.752,2026-06-03
FORCEMOT,43,7211,143750,13600,3620199490.0,41,2793,54575,-2900,1236769877.5,0.38,0.387,2026-06-03
FORTIS,65,2676,2106450,139500,2034350820.0,64,1145,1153200,56575,819759660.0,0.547,0.428,2026-06-03
GAIL,109,3193,24340900,330800,1732533268.0,113,899,19213550,187450,460521165.5,0.789,0.282,2026-06-03
GLENMARK,100,9646,3469500,94875,8484134700.0,99,3282,2493000,151500,2716627087.5,0.719,0.34,2026-06-03
GMRAIRPORT,82,10928,75413700,1973925,8037839967.75,83,2789,34156575,1395000,1917254520.0,0.453,0.255,2026-06-03
GODFRYPHLP,77,3234,764775,64075,2268357300.0,73,1562,397375,24750,909654872.5,0.52,0.483,2026-06-03
GODREJCP,82,2078,1593500,185500,1086766475.0,82,1740,1666500,206500,861197300.0,1.046,0.837,2026-06-03
GODREJPROP,73,7473,2297025,117000,3842178673.75,73,3464,1501400,14500,1596566361.25,0.654,0.464,2026-06-03
GRASIM,101,2873,1229250,30500,2342863412.5,103,7402,1080750,9250,5081018387.5,0.879,2.576,2026-06-03
GVT&D,49,11569,438500,87500,7874518356.25,49,3960,265375,84375,2313811968.75,0.605,0.342,2026-06-03
HAL,71,12204,2317500,-10950,8394199740.0,69,5413,1694850,46950,3415762110.0,0.731,0.444,2026-06-03
HAVELLS,107,2951,2877000,149500,1836745300.0,106,1468,1722500,-6500,855130775.0,0.599,0.497,2026-06-03
HCLTECH,120,40826,8109550,597850,18187879815.0,119,29310,5368450,294700,12369849070.0,0.662,0.718,2026-06-03
HDFCAMC,100,7153,1229700,177600,6015784350.0,96,4315,866700,86100,3283454625.0,0.705,0.603,2026-06-03
HDFCBANK,113,192379,98074450,-154900,83437982877.5,112,68823,57932150,1441150,28135354362.5,0.591,0.358,2026-06-03
HDFCLIFE,98,8401,16667200,1199000,5669692050.0,96,3574,11820600,337700,2283885285.0,0.709,0.425,2026-06-03
HEROMOTOCO,91,14116,2263950,167550,10945498410.0,87,4915,1209150,4950,3558049590.0,0.534,0.348,2026-06-03
HINDALCO,76,12241,9356200,84700,10277932000.0,76,8892,7132300,78400,7103098240.0,0.762,0.726,2026-06-03
HINDPETRO,66,3138,12644100,135675,2609725230.0,68,2223,8527275,445500,1729667418.75,0.674,0.708,2026-06-03
HINDUNILVR,98,18766,9325200,405900,12406626240.0,95,8720,4277400,106200,5301837900.0,0.459,0.465,2026-06-03
HINDZINC,52,10852,18488925,2429175,8916016908.75,49,7244,10101350,405475,5436354306.25,0.546,0.668,2026-06-03
HYUNDAI,68,1780,772750,36575,985770637.5,70,847,668250,-2750,425241808.75,0.865,0.476,2026-06-03
ICICIBANK,100,76609,28843500,1477700,69247361365.0,95,35518,19750500,1176700,30683590000.0,0.685,0.464,2026-06-03
ICICIGI,73,1181,798525,88725,731088507.5,73,489,400400,11050,278811601.25,0.501,0.414,2026-06-03
ICICIPRULI,102,2994,4794275,494875,1425559356.25,102,1157,2558550,110075,519292641.25,0.534,0.386,2026-06-03
IDEA,28,33526,1422566925,-37095525,38839016104.5,28,15767,761637600,93203400,15763654719.75,0.535,0.47,2026-06-03
IDFCFIRSTB,48,12164,91646275,8421700,8600852746.5,49,6038,71296925,-268975,3915810487.75,0.778,0.496,2026-06-03
IEX,92,4078,27454200,1457100,2046382543.5,94,1538,15834750,150600,719741755.5,0.577,0.377,2026-06-03
INDHOTEL,93,2719,3781000,-84000,1862047550.0,94,1369,3645000,37000,895286950.0,0.964,0.503,2026-06-03
INDIANB,71,16547,4268000,579000,14624146900.0,72,4506,3534000,559000,3738506000.0,0.828,0.272,2026-06-03
INDIGO,65,42127,3779850,263850,30087770212.5,71,19011,2011350,66750,12542264235.0,0.532,0.451,2026-06-03
INDUSINDBK,66,13232,4090800,337400,8752769935.0,65,10577,4384800,588000,6672200605.0,1.072,0.799,2026-06-03
INDUSTOWER,64,8312,19101200,294100,6422285755.0,68,2252,18467100,90100,1657642460.0,0.967,0.271,2026-06-03
INFY,120,135668,34984800,2334400,70621542040.0,122,123996,20410800,-2551600,60392536480.0,0.583,0.914,2026-06-03
INOXWIND,102,9755,51938950,3183250,3288559109.25,102,3132,26032025,1381275,951742695.5,0.501,0.321,2026-06-03
IOC,116,4005,40204125,1443000,2873767942.5,113,2914,38600250,1759875,1966320671.25,0.96,0.728,2026-06-03
IREDA,110,5416,38994000,840500,2470725033.0,113,1314,22877675,639550,555942435.5,0.587,0.243,2026-06-03
IRFC,81,5817,38385600,2411100,2522497799.25,82,2524,26875075,1136550,1040904340.25,0.7,0.434,2026-06-03
ITC,135,76484,115053575,11982875,36287197825.0,134,27362,55721650,4567875,12229508483.75,0.484,0.358,2026-06-03
JINDALSTEL,87,3190,2241875,204375,2527431000.0,84,1028,1968125,28750,774665843.75,0.878,0.322,2026-06-03
JIOFIN,75,11847,40673800,1407650,6958514077.0,77,4414,32958750,1052800,2444643829.5,0.81,0.373,2026-06-03
JSWENERGY,88,5516,8660050,251000,3403800698.75,88,1988,4252350,97225,1146572355.0,0.491,0.36,2026-06-03
JSWSTEEL,83,6411,4076325,-108675,5962599337.5,83,3861,3011175,-2700,3379176461.25,0.739,0.602,2026-06-03
JUBLFOOD,74,9577,7890000,25000,5524350750.0,75,3721,5646250,-13750,2014544812.5,0.716,0.389,2026-06-03
KALYANKJIL,71,6380,10270950,-158625,2846580957.5,71,2991,5522050,85950,1230069603.75,0.538,0.469,2026-06-03
KAYNES,76,696,1690450,-33700,246682020.0,73,189,981200,-8200,59884380.0,0.58,0.272,2026-06-03
KEI,72,2369,407750,9975,2307205845.0,76,694,296975,2800,616928173.75,0.728,0.293,2026-06-03
KFINTECH,70,3345,1506800,226500,1515127800.0,72,1192,1003425,49600,511270985.0,0.666,0.356,2026-06-03
KOTAKBANK,106,14079,28456000,500000,11272683900.0,110,6830,23866000,1330000,5200377000.0,0.839,0.485,2026-06-03
KPITTECH,73,12303,3506625,372000,4343119187.5,72,8051,2697025,71100,2657812927.5,0.769,0.654,2026-06-03
LAURUSLABS,89,4932,4416600,168300,6084995810.0,91,3368,4991200,358700,3932563207.5,1.13,0.683,2026-06-03
LICHSGFIN,83,6104,5576000,-371000,3451997150.0,81,2841,4511000,95000,1528580800.0,0.809,0.465,2026-06-03
LICI,110,9099,16203600,814800,5352137910.0,112,5167,11232200,121800,2911627950.0,0.693,0.568,2026-06-03
LODHA,82,4312,3006950,88825,1879188751.25,84,2938,1330000,166150,1173662793.75,0.442,0.681,2026-06-03
LT,108,30827,4427850,406000,22508193198.75,114,17528,4078200,275275,12137933972.5,0.921,0.569,2026-06-03
LTF,51,6234,16141500,2063250,4076196750.0,51,2506,11675250,76500,1505605837.5,0.723,0.402,2026-06-03
LTM,78,26789,1323450,387750,17620968225.0,78,23720,994200,317700,14272604880.0,0.751,0.885,2026-06-03
LUPIN,87,3285,1939700,59925,3299542218.75,87,1565,1504500,11050,1492097586.25,0.776,0.476,2026-06-03
M&M,120,32018,5652400,249800,20349361260.0,117,14484,4028800,258200,8793026060.0,0.713,0.452,2026-06-03
MANAPPURAM,47,6389,10563000,126000,6365159850.0,50,3183,5535000,585000,2955158700.0,0.524,0.498,2026-06-03
MANKIND,97,10117,721200,175625,5603309088.75,94,1906,372375,68550,994796503.75,0.516,0.188,2026-06-03
MARICO,108,1154,3986400,86400,1200690000.0,105,1093,2376000,33600,1043840160.0,0.596,0.947,2026-06-03
MARUTI,96,53056,1334300,47700,36679610427.5,96,21197,748150,47250,13883680832.5,0.561,0.4,2026-06-03
MAXHEALTH,90,17017,8207325,-61950,9171523541.25,84,4384,3216150,-38850,2196257306.25,0.392,0.258,2026-06-03
MAZDOCK,86,7681,1752375,30075,4084869648.75,90,2444,1071475,53875,1175524968.75,0.611,0.318,2026-06-03
MCX,60,24570,12870325,948475,48319564861.25,59,11070,6331925,279600,19249765166.25,0.492,0.451,2026-06-03
MFSL,65,2879,721600,120000,1934371980.0,64,2136,451200,38800,1333369700.0,0.625,0.742,2026-06-03
MIDCPNIFTY,481,103149,5001360,470280,184527129048.0,481,77665,5171280,222840,129642447198.0,1.034,0.753,2026-06-03
MOTHERSON,119,7583,39052500,1574400,7163502349.5,127,1994,25848450,602700,1731236808.0,0.662,0.263,2026-06-03
MOTILALOFS,57,1154,1635250,78275,833984978.75,58,229,759500,8525,151166927.5,0.464,0.198,2026-06-03
MPHASIS,106,5444,1105225,263725,3701552978.75,110,5455,787050,153450,3511151393.75,0.712,1.002,2026-06-03
MUTHOOTFIN,56,7276,1627450,75900,6884475771.25,56,3421,1026300,1650,2986129176.25,0.631,0.47,2026-06-03
NAM-INDIA,38,3832,896875,52500,2736064093.75,38,1171,511875,65000,786899187.5,0.571,0.306,2026-06-03
NATIONALUM,68,10052,18140625,412500,8790274031.25,66,3890,15185625,455625,3135024093.75,0.837,0.387,2026-06-03
NAUKRI,73,8043,2570200,-26250,3209065687.5,80,3538,2182525,-12775,1309540437.5,0.849,0.44,2026-06-03
NBCC,83,4973,41145000,1820000,3558501635.0,85,1677,22282000,624000,1095718780.0,0.542,0.337,2026-06-03
NESTLEIND,94,6272,1678500,19000,4556942500.0,91,2214,1319500,-68500,1558851225.0,0.786,0.353,2026-06-03
NHPC,81,48710,99954750,15526000,24869753861.0,79,26037,74449450,17051250,12480411898.5,0.745,0.535,2026-06-03
NIFTY,867,32888944,201634075,42085550,51301942003279.5,889,30795118,204934705,40046455,46144954407672.25,1.016,0.936,2026-06-03
NIFTYNXT50,631,125,2875,700,227727045.0,631,3,400,0,5372185.0,0.139,0.024,2026-06-03
NMDC,93,30041,105813000,5312250,20680392960.0,93,8861,51725250,1687500,5688186525.0,0.489,0.295,2026-06-03
NTPC,128,22955,44944500,2511000,13377343200.0,128,8263,15747000,-114000,4583610300.0,0.35,0.36,2026-06-03
NUVAMA,44,1608,658500,76500,1345189225.0,43,657,388000,81000,493041300.0,0.589,0.409,2026-06-03
NYKAA,78,4101,26684375,-634375,3687470312.5,75,1583,11140625,-28125,1302423281.25,0.417,0.386,2026-06-03
OBEROIRLTY,57,1781,797300,54600,1088969962.5,59,1103,493500,25200,636169152.5,0.619,0.619,2026-06-03
OFSS,75,7154,446225,39625,5804265711.25,82,8849,349675,-12275,6556144365.0,0.784,1.237,2026-06-03
OIL,76,12539,4443600,1185800,9107787080.0,74,2275,2443000,564200,1563902760.0,0.55,0.181,2026-06-03
ONGC,94,28283,53334000,-465750,18203503612.5,88,6652,24570000,-69750,3975373462.5,0.461,0.235,2026-06-03
PAGEIND,105,3028,79325,-2670,1847083390.5,94,615,26065,-525,339275437.5,0.329,0.203,2026-06-03
PATANJALI,71,5234,5686425,813400,2220179276.25,74,2519,4275675,440100,1016536140.0,0.752,0.481,2026-06-03
PAYTM,86,8201,6224125,695275,6771285617.5,82,5089,3458250,544475,3932724546.25,0.556,0.621,2026-06-03
PERSISTENT,95,20787,971200,65775,11619118080.0,103,22501,765675,27550,11707013776.25,0.788,1.082,2026-06-03
PETRONET,89,1831,8713400,3800,987038030.0,88,1268,8656400,136800,660266435.0,0.993,0.693,2026-06-03
PFC,73,10128,13408200,929500,5817238700.0,71,3966,10046400,317200,2164721130.0,0.749,0.392,2026-06-03
PGEL,48,5628,7745350,40850,2792139965.0,47,2828,5740850,-43700,1246073105.0,0.741,0.502,2026-06-03
PHOENIXLTD,63,1249,389900,45850,804385365.0,64,671,189000,17500,393517950.0,0.485,0.537,2026-06-03
PIDILITIND,91,1791,957500,3500,1370615125.0,92,431,544500,15000,309215850.0,0.569,0.241,2026-06-03
PIIND,115,4184,1572550,58275,2149344330.0,116,1131,738675,26600,537756633.75,0.47,0.27,2026-06-03
PNB,85,10061,64208000,368000,8974144880.0,85,5957,58160000,4472000,5000826720.0,0.906,0.592,2026-06-03
PNBHOUSING,82,2006,1517750,126750,1392519277.5,81,1173,873600,74750,754354640.0,0.576,0.585,2026-06-03
POLICYBZR,86,8354,2381750,474950,5066478830.0,84,11192,2210950,92050,6211663780.0,0.928,1.34,2026-06-03
POLYCAB,61,8115,606250,39000,10197420825.0,67,8467,666750,45000,9546958725.0,1.1,1.043,2026-06-03
POWERGRID,106,14988,24371300,2221100,8583419195.0,102,4604,13799700,218500,2485190405.0,0.566,0.307,2026-06-03
POWERINDIA,59,26535,383550,30000,25895391662.5,62,20994,316375,21700,16211104557.5,0.825,0.791,2026-06-03
PREMIERENE,68,12384,2971500,64925,8102246665.0,71,3471,1609075,164450,2101629053.75,0.542,0.28,2026-06-03
PRESTIGE,52,1496,734850,26100,992265277.5,49,1915,614250,73350,1171181362.5,0.836,1.28,2026-06-03
RADICO,54,813,99750,6900,454743772.5,53,541,75000,36150,278548560.0,0.752,0.665,2026-06-03
RBLBANK,44,7338,13147675,-339725,8523567058.75,47,2477,8588375,247650,2660977660.0,0.653,0.338,2026-06-03
RECLTD,58,10895,20636525,1251775,5290033350.0,54,4467,15777825,373800,2043878497.5,0.765,0.41,2026-06-03
RELIANCE,107,123388,60949000,2177500,85658133300.0,107,56011,40061000,1890000,36451400650.0,0.657,0.454,2026-06-03
RVNL,56,14094,29359300,1828500,5723788305.5,57,4151,14743750,819125,1493863513.25,0.502,0.295,2026-06-03
SAIL,46,983,9804200,423000,996342660.0,48,442,5320400,371300,419377992.0,0.543,0.45,2026-06-03
SAMMAANCAP,27,4791,28061800,365500,3895005317.0,30,3057,19552100,-632100,2244546895.0,0.697,0.638,2026-06-03
SBICARD,56,5750,9929600,574400,2951664160.0,56,2460,6321600,135200,1170629080.0,0.637,0.428,2026-06-03
SBILIFE,75,3790,1574250,196125,2699867006.25,73,2397,1218000,12750,1584333112.5,0.774,0.632,2026-06-03
SBIN,90,142996,46363500,2575500,109428089062.5,87,71308,34708500,2113500,50474960587.5,0.749,0.499,2026-06-03
SHREECEM,67,1183,34875,625,817417457.5,67,272,23200,-400,172230180.0,0.665,0.23,2026-06-03
SHRIRAMFIN,87,13144,9435525,1051875,10573516717.5,86,6266,5982900,473550,4694993490.0,0.634,0.477,2026-06-03
SIEMENS,56,9505,1607550,2625,6632406821.25,58,3739,1109150,-49525,2424332172.5,0.69,0.393,2026-06-03
SOLARINDS,53,7564,217800,8600,7520079342.5,53,6976,165050,19000,5534265072.5,0.758,0.922,2026-06-03
SONACOMS,78,3064,3787700,407925,2398280745.0,80,1067,2289525,112700,801093037.5,0.604,0.348,2026-06-03
SRF,91,3931,865200,11000,2249385240.0,94,876,510400,15400,478246850.0,0.59,0.223,2026-06-03
SUNPHARMA,71,24325,8904350,239050,15860358307.5,71,11859,5803350,131950,7430065037.5,0.652,0.488,2026-06-03
SUPREMEIND,62,791,245350,7525,523555445.0,63,461,201075,8925,276081548.75,0.82,0.583,2026-06-03
SUZLON,48,9893,149607600,6128850,5277716002.25,49,3316,70841050,-441900,1575795941.75,0.474,0.335,2026-06-03
SWIGGY,52,3382,10215175,401700,1201865015.0,51,1954,5102175,318500,614466515.0,0.499,0.578,2026-06-03
TATACONSUM,92,6360,3963300,354200,4260892680.0,88,2442,2423850,58300,1544088755.0,0.612,0.384,2026-06-03
TATAELXSI,81,19750,745250,43875,9182175713.75,83,17552,478100,10375,7679598528.75,0.642,0.889,2026-06-03
TATAPOWER,69,17185,25682400,594500,10884757920.0,70,7658,15309100,-139200,4615216672.5,0.596,0.446,2026-06-03
TATASTEEL,60,27923,78883750,756250,16890041300.0,62,14440,43670000,968000,8116745477.5,0.554,0.517,2026-06-03
TCS,116,402326,22527150,10381350,172549271581.25,114,304057,14882800,5453275,121792218693.75,0.661,0.756,2026-06-03
TECHM,74,24558,8159400,552600,23499295860.0,73,24951,4760400,37800,22380490020.0,0.583,1.016,2026-06-03
TIINDIA,104,758,317600,7200,501452750.0,108,668,209400,-6800,412827740.0,0.659,0.881,2026-06-03
TITAN,68,19611,2450525,-44100,14695020217.5,67,10637,1715350,109025,7374917033.75,0.7,0.542,2026-06-03
TMPV,61,63423,27191200,1539200,21208724120.0,64,21509,18322400,1464000,6715512680.0,0.674,0.339,2026-06-03
TORNTPHARM,73,10260,609625,-20375,5843504056.25,73,1676,339625,8875,910892962.5,0.557,0.163,2026-06-03
TRENT,53,39812,1681300,10250,17742375665.0,53,11059,942950,63500,4670689950.0,0.561,0.278,2026-06-03
TVSMOTOR,114,6049,1232700,69825,3732893473.75,113,3403,1018500,8925,1987547275.0,0.826,0.563,2026-06-03
ULTRACEMCO,87,18270,474150,52450,11443418290.0,84,8550,357450,30600,4690995562.5,0.754,0.468,2026-06-03
UNIONBANK,56,10127,28532400,2389500,7896726099.75,57,2942,22456875,1371750,2169723348.0,0.787,0.291,2026-06-03
UNITDSPR,104,2968,2356400,-8400,1583447980.0,102,1518,1879200,115200,763136320.0,0.797,0.511,2026-06-03
UNOMINDA,48,585,649550,67100,376981302.5,45,168,491150,10450,100020772.5,0.756,0.287,2026-06-03
UPL,92,2464,4639520,318425,2249712123.25,94,1205,3478285,398370,1061693244.75,0.75,0.489,2026-06-03
VBL,66,7721,9216750,502200,4909006357.5,65,4930,3956925,-31050,2967020197.5,0.429,0.639,2026-06-03
VEDL,57,25805,31202950,2076900,10792507465.0,56,18046,17484600,-489900,6704030340.0,0.56,0.699,2026-06-03
VMM,82,916,4122500,276450,571378645.5,84,329,4083700,9700,190014464.0,0.991,0.359,2026-06-03
VOLTAS,65,5976,3496875,81750,2983609912.5,62,2135,2532750,87000,974123175.0,0.724,0.357,2026-06-03
WAAREEENER,45,16985,1891925,47075,9745373513.75,45,4642,1250900,41650,2495903130.0,0.661,0.273,2026-06-03
WIPRO,68,83680,181131000,31602000,52250868930.0,69,36089,106062000,8367000,20009157330.0,0.586,0.431,2026-06-03
YESBANK,26,16683,326114600,9578800,12889413038.0,28,6701,184765100,7153000,4549734070.0,0.567,0.402,2026-06-03
ZYDUSLIFE,75,4141,4140000,225900,4201538805.0,74,3557,2860200,69300,3384429075.0,0.691,0.859,2026-06-03
360ONE,44,1519,844500,77500,882251875.0,45,252,393500,40500,134102550.0,0.466,0.166,2026-06-04
ABB,101,16633,1015125,52125,15867774037.5,113,4733,608000,-7625,4197148050.0,0.599,0.285,2026-06-04
ABCAPITAL,54,2260,9789800,-96100,2632361125.0,53,1203,7632200,68200,1274714420.0,0.78,0.532,2026-06-04
ADANIENSOL,67,4317,6135750,64800,4738687683.75,66,1566,2776950,3375,1551470152.5,0.453,0.363,2026-06-04
ADANIENT,94,21917,6660804,188181,21111852701.1,104,17250,5353734,262341,13174092651.45,0.804,0.787,2026-06-04
ADANIGREEN,82,6611,7248000,280800,6098825880.0,88,8066,4828800,315000,6071471610.0,0.666,1.22,2026-06-04
ADANIPORTS,60,13511,6620550,550525,12166453967.5,61,11526,3460375,161025,8998423987.5,0.523,0.853,2026-06-04
ADANIPOWER,73,7037,40580050,2012850,6342057214.5,70,2155,24502100,866200,1763771811.5,0.604,0.306,2026-06-04
ALKEM,103,3984,735875,-15750,2888667337.5,103,1267,374750,12250,826681775.0,0.509,0.318,2026-06-04
AMBER,59,222,1831100,-12700,181459485.0,55,186,1224200,-1500,134165340.0,0.669,0.838,2026-06-04
AMBUJACEM,73,10130,14352300,214950,4942889527.5,73,1733,9477450,210450,789235132.5,0.66,0.171,2026-06-04
ANGELONE,50,10695,18957500,-20000,9840676000.0,52,3225,11927500,312500,2677723500.0,0.629,0.302,2026-06-04
APLAPOLLO,84,1152,1013600,-3150,771824095.0,84,478,812700,2100,287517440.0,0.802,0.415,2026-06-04
APOLLOHOSP,101,7142,1112500,9750,7726370506.25,103,5944,825250,5375,5832622381.25,0.742,0.832,2026-06-04
ASHOKLEY,70,17006,152415000,9635000,13809707400.0,70,5925,83775000,3235000,4364275500.0,0.55,0.348,2026-06-04
ASIANPAINT,82,22567,5609250,16500,15803026000.0,89,10006,3087000,-53250,6635522425.0,0.55,0.443,2026-06-04
ASTRAL,66,2516,1735275,39525,1774980051.25,67,10348,1171300,58225,5581898660.0,0.675,4.113,2026-06-04
AUBANK,72,2969,4308000,214000,3024863400.0,72,1147,3224000,76000,1100475250.0,0.748,0.386,2026-06-04
AUROPHARMA,53,10105,3251050,-119350,8511940662.5,50,3568,2063600,84150,2812345827.5,0.635,0.353,2026-06-04
AXISBANK,95,24798,14041875,1126875,20447245531.25,94,11768,8737500,221875,9325380656.25,0.622,0.475,2026-06-04
BAJAJ-AUTO,80,20895,1605450,-45375,16858383817.5,81,8395,925275,-13350,6175596708.75,0.576,0.402,2026-06-04
BAJAJFINSV,72,10080,5363450,343100,4593631015.0,72,4556,3055500,1700,1943101012.5,0.57,0.452,2026-06-04
BAJAJHLDNG,75,1132,70325,24650,617262152.5,76,199,41250,4300,104268375.0,0.587,0.176,2026-06-04
BAJFINANCE,75,12203,17853750,784500,8537013937.5,75,4610,13962750,177000,3010868925.0,0.782,0.378,2026-06-04
BANDHANBNK,59,3337,28681200,1029600,2646974592.0,55,1311,15404400,388800,972465876.0,0.537,0.393,2026-06-04
BANKBARODA,82,12542,28770300,1298700,10498980521.25,81,5479,28676700,1123200,4329060693.75,0.997,0.437,2026-06-04
BANKINDIA,92,2493,21720400,1575600,1914782012.0,93,1329,18330000,1180400,980252156.0,0.844,0.533,2026-06-04
BANKNIFTY,512,1005211,16319820,201030,1719279485881.5,512,692347,14234580,183600,1108934333682.0,0.872,0.689,2026-06-04
BDL,69,13477,4397050,-446425,6141497772.5,66,4755,2925125,-67950,1996053440.0,0.665,0.353,2026-06-04
BEL,72,20147,44995800,1537575,12464176462.5,70,6456,29028675,262200,3758342381.25,0.645,0.32,2026-06-04
BHARATFORG,67,8298,1875000,110000,8604480275.0,66,3961,1401000,-1500,3670918925.0,0.747,0.477,2026-06-04
BHARTIARTL,72,28010,13557450,1128125,25307519751.25,72,12136,7905425,190000,10426105386.25,0.583,0.433,2026-06-04
BHEL,139,22878,32529000,7557375,25628717493.75,135,16717,21244125,1669500,17326907850.0,0.653,0.731,2026-06-04
BIOCON,72,3992,14867500,1140000,4419318875.0,70,1245,9022500,427500,1294664250.0,0.607,0.312,2026-06-04
BLUESTARCO,82,18636,1330875,313300,10417060160.0,78,3291,791375,126425,1746569581.25,0.595,0.177,2026-06-04
BOSCHLTD,114,8294,172600,25950,8316527412.5,122,4804,150425,1375,4128952835.0,0.872,0.579,2026-06-04
BPCL,54,4612,13240400,795925,2851388475.0,54,2128,9367425,120475,1215182740.0,0.707,0.461,2026-06-04
BRITANNIA,101,23282,1253500,69375,17960040993.75,97,2595,880375,54625,1633203637.5,0.702,0.111,2026-06-04
BSE,63,55652,8459575,-216350,90123536182.5,62,21989,5714550,-42775,32801799140.0,0.676,0.395,2026-06-04
CAMS,58,2327,1813500,9300,1407593527.5,59,1350,1262700,33300,730034171.25,0.696,0.58,2026-06-04
CANBK,105,9312,60925500,290250,8828964495.0,104,5192,56099250,3010500,4633735815.0,0.921,0.558,2026-06-04
CDSL,48,8897,7093175,233225,5497546948.75,49,2732,4440775,165300,1553514503.75,0.626,0.307,2026-06-04
CGPOWER,68,34608,6141250,657050,29028104222.5,67,9693,3963550,402900,7588908927.5,0.645,0.28,2026-06-04
CHOLAFIN,73,3113,3000625,67500,3115422250.0,69,1508,2151250,55625,1358001625.0,0.717,0.484,2026-06-04
CIPLA,100,13369,4346800,-27025,7211874667.5,102,7357,3178475,86075,3771721815.0,0.731,0.55,2026-06-04
COALINDIA,71,62264,45353250,965250,42231252892.5,78,37031,48325950,4789800,23370610927.5,1.066,0.595,2026-06-04
COCHINSHIP,69,3369,1084000,48400,2112219080.0,63,570,656800,-26800,334775880.0,0.606,0.169,2026-06-04
COFORGE,74,15720,6866775,54775,9000245246.25,79,9431,4135250,66025,4834036121.25,0.602,0.6,2026-06-04
COLPAL,80,4084,1828675,-14350,2020770113.75,80,1181,1160850,-4450,537380636.25,0.635,0.289,2026-06-04
CONCOR,84,3465,12757500,431250,2098460375.0,81,1264,7003750,275000,724184562.5,0.549,0.365,2026-06-04
CROMPTON,90,3331,8888750,685800,1751438790.0,85,1238,3602800,259900,628705327.5,0.405,0.372,2026-06-04
CUMMINSIND,86,18107,1569400,14800,22258949360.0,88,3407,1032000,39800,3891016690.0,0.658,0.188,2026-06-04
DABUR,83,5327,9891250,-228750,3027182937.5,81,2036,6901250,242500,1069289812.5,0.698,0.382,2026-06-04
DALBHARAT,77,1631,580775,34775,1111236928.75,74,454,536900,34775,248686863.75,0.924,0.278,2026-06-04
DELHIVERY,68,1507,8719150,205425,1457007418.75,66,327,3849125,51875,299701172.5,0.441,0.217,2026-06-04
DIVISLAB,96,12359,1061100,61100,8645793550.0,94,8067,1101100,190100,5283288670.0,1.038,0.653,2026-06-04
DIXON,88,36165,1172600,-30150,22262782990.0,100,41932,896250,38300,20476761377.5,0.764,1.159,2026-06-04
DLF,83,6784,7682500,404875,3459865061.25,86,3014,5736550,537825,1447137775.0,0.747,0.444,2026-06-04
DMART,68,16576,1091550,-34500,11019645937.5,62,7089,656700,-36600,4421917612.5,0.602,0.428,2026-06-04
DRREDDY,100,6943,6685625,710000,5822041406.25,100,2491,3353125,81250,1963790937.5,0.502,0.359,2026-06-04
EICHERMOT,99,10042,1495300,33900,7540965555.0,102,5753,1132200,27900,4006326195.0,0.757,0.573,2026-06-04
ETERNAL,69,30976,43953125,5073100,20327853378.75,71,17664,34956375,2517150,10790953786.25,0.795,0.57,2026-06-04
EXIDEIND,95,9637,16126200,194400,7408559070.0,95,3642,10827000,802800,2619665640.0,0.671,0.378,2026-06-04
FEDERALBNK,85,22502,30800000,7040000,17903890250.0,85,6718,19675000,795000,4987487875.0,0.639,0.299,2026-06-04
FINNIFTY,254,11257,281940,56220,17458377102.0,254,4941,229020,12540,7376597547.0,0.812,0.439,2026-06-04
FORCEMOT,43,23449,141525,-2225,11786404607.5,41,7779,69750,15175,3436604515.0,0.493,0.332,2026-06-04
FORTIS,65,2934,2109550,3100,2247401962.5,64,1764,1333000,179800,1285058422.5,0.632,0.601,2026-06-04
GAIL,109,6312,24167450,-173450,3473411858.5,113,2939,19818800,605250,1518346817.0,0.82,0.466,2026-06-04
GLENMARK,102,4864,3578625,109125,4268684718.75,101,1652,2548125,55125,1370183887.5,0.712,0.34,2026-06-04
GMRAIRPORT,85,21551,74248875,-1164825,16283501874.0,86,6705,38432250,4275675,4739850717.75,0.518,0.311,2026-06-04
GODFRYPHLP,79,2318,762300,-2475,1688126013.75,75,511,402050,4675,291317441.25,0.527,0.22,2026-06-04
GODREJCP,86,2100,1654000,60500,1095159200.0,85,1312,1811500,145000,643207600.0,1.095,0.625,2026-06-04
GODREJPROP,75,3706,2333325,36300,1897020770.0,74,1851,1530650,29250,849982260.0,0.656,0.499,2026-06-04
GRASIM,101,7242,1289750,60500,5939286250.0,103,3265,1132250,51500,2435075962.5,0.878,0.451,2026-06-04
GVT&D,49,6427,506750,68250,4499178050.0,49,1376,292250,26875,835218275.0,0.577,0.214,2026-06-04
HAL,71,12038,2546700,229200,8150573587.5,69,6520,1784550,89700,4136281432.5,0.701,0.542,2026-06-04
HAVELLS,107,4516,3059500,182500,2781144450.0,106,1623,1766000,43500,940245800.0,0.577,0.359,2026-06-04
HCLTECH,120,19581,8565350,455800,8585296780.0,119,12293,5382700,14250,5019446470.0,0.628,0.628,2026-06-04
HDFCAMC,108,2880,1254600,24900,2380446045.0,104,1218,897900,31200,921200550.0,0.716,0.423,2026-06-04
HDFCBANK,113,134577,100825100,2750650,58071641860.0,112,56560,59525050,1592900,23339709187.5,0.59,0.42,2026-06-04
HDFCLIFE,103,6883,18102700,1435500,4645493380.0,101,1690,12062600,242000,1078896830.0,0.666,0.246,2026-06-04
HEROMOTOCO,91,30064,2231250,-32700,23453590410.0,87,7203,1191000,-18150,5275269997.5,0.534,0.24,2026-06-04
HINDALCO,76,8620,9767100,410900,7211310050.0,76,7779,7228900,96600,6187067670.0,0.74,0.902,2026-06-04
HINDPETRO,66,3091,12887100,243000,2599045987.5,68,1261,8426025,-101250,990544342.5,0.654,0.408,2026-06-04
HINDUNILVR,98,23472,9938100,612900,15610389675.0,95,6988,4436700,159300,4381617030.0,0.446,0.298,2026-06-04
HINDZINC,54,8323,20178200,1689275,6769257451.25,51,5009,11100950,999600,3733693853.75,0.55,0.602,2026-06-04
HYUNDAI,68,7754,788425,15675,4367373793.75,70,2982,687500,19250,1466809107.5,0.872,0.385,2026-06-04
ICICIBANK,100,60162,27031200,-1812300,54859918435.0,95,33881,20183800,433300,29637782720.0,0.747,0.563,2026-06-04
ICICIGI,73,1274,854750,56225,770309832.5,73,413,400400,0,231369466.25,0.468,0.324,2026-06-04
ICICIPRULI,104,2380,5018125,223850,1134294107.5,104,782,2731525,172975,350604461.25,0.544,0.329,2026-06-04
IDEA,29,20756,1492183575,69616650,24759493931.25,30,10851,824178225,62540625,11129345804.25,0.552,0.523,2026-06-04
IDFCFIRSTB,48,9692,93798075,2151800,6897565869.25,49,5820,75034750,3737825,3855016943.75,0.8,0.6,2026-06-04
IEX,96,8676,30235200,2781000,4350109153.5,97,2266,17341050,1506300,1070496763.5,0.574,0.261,2026-06-04
INDHOTEL,93,2012,3929000,148000,1385183400.0,94,870,3721000,76000,569388750.0,0.947,0.432,2026-06-04
INDIANB,72,5294,4439000,171000,4694015500.0,73,1878,3559000,25000,1565718450.0,0.802,0.355,2026-06-04
INDIGO,65,26635,3950250,170400,19086961942.5,71,11854,1978050,-33300,7936729650.0,0.501,0.445,2026-06-04
INDUSINDBK,67,7641,4351900,261100,5067752690.0,66,4698,4623500,238700,2969536045.0,1.062,0.615,2026-06-04
INDUSTOWER,64,7892,19628200,527000,6072489080.0,68,2517,18521500,54400,1875598610.0,0.944,0.319,2026-06-04
INFY,120,71307,35582000,597200,36464513120.0,122,48478,19553600,-857200,23448273080.0,0.55,0.68,2026-06-04
INOXWIND,102,13145,49829525,-2109425,4482271013.0,102,3782,26189150,157125,1154733251.0,0.526,0.288,2026-06-04
IOC,118,6025,42490500,2286375,4351196313.75,115,2127,38361375,-238875,1426038705.0,0.903,0.353,2026-06-04
IREDA,112,2985,38382400,-611600,1371523110.0,115,449,22975525,97850,191830380.5,0.599,0.15,2026-06-04
IRFC,81,3625,38657225,271625,1589677220.5,82,994,27173025,297950,397916150.5,0.703,0.274,2026-06-04
ITC,140,62076,125094500,10040925,29483187017.5,139,22108,56051775,330125,9945454652.5,0.448,0.356,2026-06-04
JINDALSTEL,87,1864,2335000,93125,1479793656.25,84,744,1996875,28750,563497281.25,0.855,0.399,2026-06-04
JIOFIN,75,6742,42093200,1419400,3986913321.0,77,2149,33127950,169200,1208539576.0,0.787,0.319,2026-06-04
JSWENERGY,88,9060,9311350,651300,5639606910.0,88,2309,4426100,173750,1351947376.25,0.475,0.255,2026-06-04
JSWSTEEL,83,3185,4143150,66825,2939255943.75,83,1965,2984175,-27000,1717580970.0,0.72,0.617,2026-06-04
JUBLFOOD,74,8185,8330000,440000,4755737250.0,75,2430,5675000,28750,1315333562.5,0.681,0.297,2026-06-04
KALYANKJIL,75,20004,9873200,-397750,9157873565.0,76,7842,5901275,379225,3263687487.5,0.598,0.392,2026-06-04
KAYNES,76,446,1667450,-23000,172161055.0,73,143,972600,-8600,39901545.0,0.583,0.321,2026-06-04
KEI,72,4057,435925,28175,3990397976.25,76,813,303975,7000,747697422.5,0.697,0.2,2026-06-04
KFINTECH,71,2687,1378675,-128125,1216613296.25,73,3032,1050725,47300,1133858832.5,0.762,1.128,2026-06-04
KOTAKBANK,106,11851,30158000,1702000,9467823600.0,110,5476,23306000,-560000,4181032200.0,0.773,0.462,2026-06-04
KPITTECH,73,3694,3556700,50075,1304005901.25,72,2403,2812225,115200,765130226.25,0.791,0.651,2026-06-04
LAURUSLABS,92,12863,4731950,315350,16199305142.5,94,6295,5549650,558450,7387247022.5,1.173,0.489,2026-06-04
LICHSGFIN,83,2469,5341000,-235000,1411656300.0,81,878,4450000,-61000,474682000.0,0.833,0.356,2026-06-04
LICI,110,4938,16793000,589400,2946609190.0,112,1838,11562600,330400,1022095830.0,0.689,0.372,2026-06-04
LODHA,83,3359,3095775,88825,1451979770.0,85,5260,2264900,934900,1911688061.25,0.732,1.566,2026-06-04
LT,114,17473,4712925,285075,12639745685.0,118,9531,4191600,113400,6573825098.75,0.889,0.545,2026-06-04
LTF,52,4797,17448750,1307250,3156407100.0,52,826,12087000,411750,501131812.5,0.693,0.172,2026-06-04
LTM,78,9104,1351800,28350,5901442980.0,78,4052,1046100,51900,2428785360.0,0.774,0.445,2026-06-04
LUPIN,87,1963,2071875,132175,1974208257.5,87,877,1520650,16150,815418600.0,0.734,0.447,2026-06-04
M&M,120,25909,5903800,251400,16586283070.0,117,10914,4135000,106200,6676329710.0,0.7,0.421,2026-06-04
MANAPPURAM,48,1517,10719000,156000,1524644700.0,51,817,5472000,-63000,767828400.0,0.51,0.539,2026-06-04
MANKIND,97,4350,810200,89000,2439550806.25,94,1026,391850,19475,544510343.75,0.484,0.236,2026-06-04
MARICO,108,5158,4428000,441600,5263369080.0,105,3275,2590800,214800,3264480960.0,0.585,0.635,2026-06-04
MARUTI,96,40980,1446950,112650,28301850282.5,96,20794,794700,46550,13642665825.0,0.549,0.507,2026-06-04
MAXHEALTH,90,8789,8776425,569100,4724366692.5,84,3268,3262875,46725,1653007571.25,0.372,0.372,2026-06-04
MAZDOCK,86,10265,1861775,109400,5513629320.0,90,2422,1115750,44275,1181181391.25,0.599,0.236,2026-06-04
MCX,63,24182,13264350,394025,47506129113.75,61,8775,6358350,26425,15215689266.25,0.479,0.363,2026-06-04
MFSL,71,5735,808400,86800,4080327960.0,70,999,590400,139200,632662820.0,0.73,0.174,2026-06-04
MIDCPNIFTY,482,63913,5140440,139080,113828805186.0,482,55064,5071920,-99360,92425096104.0,0.987,0.862,2026-06-04
MOTHERSON,119,6003,40184100,1131600,5679968169.0,127,1823,26235900,387450,1606654966.5,0.653,0.304,2026-06-04
MOTILALOFS,57,1055,1794125,158875,783349733.75,58,581,772675,13175,340475208.75,0.431,0.551,2026-06-04
MPHASIS,106,2550,1098075,-7150,1720716937.5,110,1114,832975,45925,700626726.25,0.759,0.437,2026-06-04
MUTHOOTFIN,58,4234,1740200,112750,3982089801.25,57,1422,1086250,59950,1232395092.5,0.624,0.336,2026-06-04
NAM-INDIA,45,10296,1085000,188125,7647198718.75,45,2479,643125,131250,1703654625.0,0.593,0.241,2026-06-04
NATIONALUM,76,16555,23015625,4875000,14134587375.0,75,11125,16751250,1565625,8763756937.5,0.728,0.672,2026-06-04
NAUKRI,73,6064,2549000,-21200,2423694202.5,80,1908,2202775,20250,720560381.25,0.864,0.315,2026-06-04
NBCC,83,6383,40852500,-292500,4625728575.0,85,1672,23114000,832000,1104283180.0,0.566,0.262,2026-06-04
NESTLEIND,94,3004,1789500,111000,2184250600.0,91,2432,1317000,-2500,1622255075.0,0.736,0.81,2026-06-04
NHPC,81,19805,99679800,-274950,10119579013.0,79,12265,78563400,4113950,5878909530.0,0.788,0.619,2026-06-04
NIFTY,869,26439912,237347705,35713630,41155282178380.5,891,25002067,238100615,33165910,37547183583581.75,1.003,0.946,2026-06-04
NIFTYNXT50,631,64,3200,325,117640395.0,631,14,325,-75,24890433.75,0.102,0.219,2026-06-04
NMDC,93,14971,107709750,1896750,10238801355.0,93,5955,50091750,-1633500,3798666855.0,0.465,0.398,2026-06-04
NTPC,128,21214,47058000,2113500,12328679925.0,128,8272,17349000,1602000,4603144050.0,0.369,0.39,2026-06-04
NUVAMA,44,2117,817000,158500,1760544900.0,43,1395,433500,45500,943934625.0,0.531,0.659,2026-06-04
NYKAA,78,2258,27287500,603125,2035931875.0,75,878,11846875,706250,735393593.75,0.434,0.389,2026-06-04
OBEROIRLTY,58,1073,863100,65800,658470540.0,60,441,520800,27300,253357230.0,0.603,0.411,2026-06-04
OFSS,75,9306,466475,20250,7464341265.0,82,7888,381900,32225,5707401522.5,0.819,0.848,2026-06-04
OIL,77,1938,4158000,-285600,1409390010.0,75,532,2443000,0,365168930.0,0.588,0.275,2026-06-04
ONGC,94,18753,54513000,1179000,12066939450.0,88,5097,25146000,576000,3078682312.5,0.461,0.272,2026-06-04
PAGEIND,105,7947,56870,-22455,4836623800.5,94,2199,29160,3095,1242814769.0,0.513,0.277,2026-06-04
PATANJALI,76,4368,6551475,865050,1831518288.75,77,1998,4620550,344875,796829417.5,0.705,0.457,2026-06-04
PAYTM,88,4204,6398850,174725,3464289358.75,84,2047,3606150,147900,1604836401.25,0.564,0.487,2026-06-04
PERSISTENT,95,12172,1009100,37900,6699651275.0,103,7337,768975,3300,3783663107.5,0.762,0.603,2026-06-04
PETRONET,89,1154,8812200,98800,622188440.0,88,571,8601300,-55100,294607160.0,0.976,0.495,2026-06-04
PFC,73,16077,13449800,41600,9346876305.0,71,4863,10897900,851500,2689425570.0,0.81,0.302,2026-06-04
PGEL,49,19378,7691200,-54150,9748714702.5,48,8363,5949850,209000,3844254372.5,0.774,0.432,2026-06-04
PHOENIXLTD,63,779,361550,-28350,505022560.0,64,208,199850,10850,125699472.5,0.553,0.267,2026-06-04
PIDILITIND,91,1183,946000,-11500,910215175.0,92,472,537000,-7500,333526225.0,0.568,0.399,2026-06-04
PIIND,115,2753,1638700,66150,1426089341.25,116,882,768950,30275,419076472.5,0.469,0.32,2026-06-04
PNB,85,8247,68896000,4688000,7385634000.0,85,4455,58440000,280000,3752625680.0,0.848,0.54,2026-06-04
PNBHOUSING,82,1603,1551550,33800,1111910052.5,81,368,907400,33800,235130707.5,0.585,0.23,2026-06-04
POLICYBZR,86,9606,3170650,788900,5802691667.5,84,6386,2475550,264600,3390363042.5,0.781,0.665,2026-06-04
POLYCAB,61,13936,708750,102500,17626377175.0,67,7397,736125,69375,8664902075.0,1.039,0.531,2026-06-04
POWERGRID,106,13771,26201000,1829700,7888231805.0,102,3812,14554000,754300,2053753510.0,0.555,0.277,2026-06-04
POWERINDIA,61,48439,354925,-28625,47990260955.0,64,20919,326350,9975,17942518156.25,0.919,0.432,2026-06-04
PREMIERENE,70,5620,3524300,552800,3712243110.0,73,1581,1621800,12725,963595916.25,0.46,0.281,2026-06-04
PRESTIGE,53,1430,732600,-2250,931686165.0,51,702,628650,14400,426737047.5,0.858,0.491,2026-06-04
RADICO,54,915,96600,-3150,514970752.5,53,203,72600,-2400,105807562.5,0.752,0.222,2026-06-04
RBLBANK,44,7999,13957300,809625,9392345007.5,47,2651,9934575,1346200,2922449863.75,0.712,0.331,2026-06-04
RECLTD,58,19637,21023800,387275,9739451820.0,54,4963,16544850,767025,2303894538.75,0.787,0.253,2026-06-04
RELIANCE,107,119737,68092500,7143500,82809472100.0,107,57715,42718500,2657500,37439867900.0,0.627,0.482,2026-06-04
RVNL,56,9669,30137800,778500,3923987917.75,57,3923,15432950,689200,1464429685.75,0.512,0.406,2026-06-04
SAIL,46,2284,11768800,1964600,2303624254.0,48,1714,6721000,1400600,1583808820.0,0.571,0.75,2026-06-04
SAMMAANCAP,27,8391,30616000,2554200,7012708965.0,30,2956,19702600,150500,2247300529.0,0.644,0.352,2026-06-04
SBICARD,58,7171,10710400,780800,3640419120.0,58,2650,6519200,197600,1247571920.0,0.609,0.37,2026-06-04
SBILIFE,78,2535,1675500,101250,1777255125.0,76,1313,1243875,25875,868443037.5,0.742,0.518,2026-06-04
SBIN,90,98208,44994000,-1369500,76091058900.0,88,66362,35733000,1024500,47617897612.5,0.794,0.676,2026-06-04
SHREECEM,67,1738,38575,3700,1188927892.5,67,359,25325,2125,220545175.0,0.657,0.207,2026-06-04
SHRIRAMFIN,87,10481,10174725,739200,8431547973.75,86,2745,6234525,251625,2056184418.75,0.613,0.262,2026-06-04
SIEMENS,56,9083,1703100,95550,6331453747.5,58,2574,1123850,14700,1659530635.0,0.66,0.283,2026-06-04
SOLARINDS,53,4886,238600,20800,4833918940.0,53,4007,175750,10700,3205325210.0,0.737,0.82,2026-06-04
SONACOMS,78,2309,3899175,111475,1803660661.25,80,446,2349550,60025,331601681.25,0.603,0.193,2026-06-04
SRF,91,2697,894200,29000,1537323640.0,94,780,541400,31000,426062880.0,0.605,0.289,2026-06-04
SUNPHARMA,71,13180,9057300,152950,8591090760.0,71,6351,5856550,53200,3967563092.5,0.647,0.482,2026-06-04
SUPREMEIND,62,5444,321475,76125,3624979513.75,63,5308,254625,53550,2846154473.75,0.792,0.975,2026-06-04
SUZLON,48,14541,150640825,1033225,7867974753.75,49,4122,73890750,3049700,2020785138.5,0.491,0.283,2026-06-04
SWIGGY,52,9574,10687350,472175,3443505786.25,51,1620,5262600,160425,535000120.0,0.492,0.169,2026-06-04
TATACONSUM,92,4675,4052950,89650,3120245755.0,88,5812,2460700,36850,3313289760.0,0.607,1.243,2026-06-04
TATAELXSI,81,6396,767900,22650,2932278420.0,83,5007,511350,33250,2074220480.0,0.666,0.783,2026-06-04
TATAPOWER,69,11771,26593000,910600,7465385682.5,70,3261,15162650,-146450,1930000895.0,0.57,0.277,2026-06-04
TATASTEEL,60,18499,83080250,4196500,11151560557.5,62,8392,44715000,1045000,4776018142.5,0.538,0.454,2026-06-04
TCS,116,139011,23311850,784700,58758078003.75,114,68624,14748125,-134675,26694663915.0,0.633,0.494,2026-06-04
TECHM,74,10406,7924200,-235200,9841827960.0,73,6091,4911600,151200,5301555120.0,0.62,0.585,2026-06-04
TIINDIA,104,2214,314200,-3400,1462731730.0,108,490,211000,1600,300551410.0,0.672,0.221,2026-06-04
TITAN,68,64571,2495675,45150,49580117361.25,67,31395,1953525,238175,22368264502.5,0.783,0.486,2026-06-04
TMPV,61,39725,28847200,1656000,13307686800.0,64,18778,19230400,908000,5923441920.0,0.667,0.473,2026-06-04
TORNTPHARM,73,7067,639250,29625,4217849212.5,73,1584,330125,-9500,869646093.75,0.516,0.224,2026-06-04
TRENT,55,45585,3025500,3025500,20124992741.25,55,22298,1496775,1496775,9283285001.25,0.495,0.489,2026-06-04
TVSMOTOR,118,9752,1236025,3325,5990175826.25,116,3864,1049300,30800,2299598901.25,0.849,0.396,2026-06-04
ULTRACEMCO,87,23071,612600,138450,14391455160.0,84,6784,396300,38850,3691694412.5,0.647,0.294,2026-06-04
UNIONBANK,56,4068,28550100,17700,3190086797.25,57,1284,22359525,-97350,952140038.25,0.783,0.316,2026-06-04
UNITDSPR,104,2329,2532800,176400,1235626720.0,102,1216,2082800,203600,612303200.0,0.822,0.522,2026-06-04
UNOMINDA,48,724,637450,-12100,469983690.0,45,154,493900,2750,90457702.5,0.775,0.213,2026-06-04
UPL,92,1497,4808895,169375,1368457792.25,94,590,3630045,151760,525008909.75,0.755,0.394,2026-06-04
VBL,66,4836,9485700,268950,3056106903.75,65,1701,3938025,-18900,1025654351.25,0.415,0.352,2026-06-04
VEDL,59,25800,32256350,1053400,10638599400.0,58,11433,17734150,249550,4257798467.5,0.55,0.443,2026-06-04
VMM,82,1249,5213750,1091250,764288317.0,84,689,4238900,155200,388738364.0,0.813,0.552,2026-06-04
VOLTAS,68,47772,3853875,357000,24403855687.5,65,13860,2734500,201750,6610263543.75,0.71,0.29,2026-06-04
WAAREEENER,45,7526,1915025,23100,4321282980.0,45,2937,1163400,-87500,1543246731.25,0.608,0.39,2026-06-04
WIPRO,68,38381,191550000,10419000,23700871560.0,69,16628,111465000,5403000,9000755250.0,0.582,0.433,2026-06-04
YESBANK,26,7199,347387000,21272400,5565098377.0,28,2260,193037700,8272600,1552083753.0,0.556,0.314,2026-06-04
ZYDUSLIFE,75,3949,4059900,-80100,4050122175.0,74,1709,2822400,-37800,1645407585.0,0.695,0.433,2026-06-04
360ONE,44,2483,1029500,185000,1450840575.0,45,695,408500,15000,366488300.0,0.397,0.28,2026-06-05
ABB,101,6673,1057750,42625,6337911275.0,113,4790,589875,-18125,3932592868.75,0.558,0.718,2026-06-05
ABCAPITAL,54,6348,10877900,1088100,7529287440.0,53,3857,8295600,663400,4221719965.0,0.763,0.608,2026-06-05
ADANIENSOL,67,16653,5878575,-257175,18717818175.0,66,4238,3007125,230175,4311352170.0,0.512,0.254,2026-06-05
ADANIENT,94,78877,6700047,39243,77186422492.95,104,36789,5584557,230823,33977015294.7,0.834,0.466,2026-06-05
ADANIGREEN,106,45900,7419600,171600,43577915460.0,117,16770,5326800,498000,14383788720.0,0.718,0.365,2026-06-05
ADANIPORTS,60,21687,6287575,-332975,19520158558.75,61,10764,3711650,251275,9163989845.0,0.59,0.496,2026-06-05
ADANIPOWER,73,14011,41123200,543150,12572294789.5,70,2977,24768350,266250,2436251790.5,0.602,0.212,2026-06-05
ALKEM,103,3569,759375,23500,2531153912.5,103,1545,409250,34500,1008014037.5,0.539,0.433,2026-06-05
AMBER,59,769,1776400,-54700,635298695.0,55,199,1217200,-7000,142884000.0,0.685,0.259,2026-06-05
AMBUJACEM,73,14616,17141550,2789250,7022215395.0,73,4712,10072650,595200,2097734445.0,0.588,0.322,2026-06-05
ANGELONE,58,20862,19545000,587500,18907964625.0,59,17272,13230000,1302500,14110878875.0,0.677,0.828,2026-06-05
APLAPOLLO,84,3454,1136100,122500,2334738822.5,84,1207,906850,94150,747424580.0,0.798,0.349,2026-06-05
APOLLOHOSP,101,11120,1157625,45125,12031205000.0,103,4614,844625,19375,4710982381.25,0.73,0.415,2026-06-05
ASHOKLEY,71,16194,156700000,4285000,12961702650.0,71,5598,85005000,1230000,4032157700.0,0.542,0.346,2026-06-05
ASIANPAINT,82,22938,5759500,150250,16042711012.5,89,10341,3094500,7500,6889048837.5,0.537,0.451,2026-06-05
ASTRAL,66,3304,1960950,225675,2319822932.5,67,4631,1445850,274550,2760597700.0,0.737,1.402,2026-06-05
AUBANK,74,6068,4588000,280000,6236740200.0,73,2480,3369000,145000,2398956100.0,0.734,0.409,2026-06-05
AUROPHARMA,54,13234,3577200,326150,11288420247.5,52,6265,2242900,179300,4773318962.5,0.627,0.473,2026-06-05
AXISBANK,95,46054,14196875,155000,38072221875.0,94,24297,9490000,752500,19221267687.5,0.668,0.528,2026-06-05
BAJAJ-AUTO,80,10100,1610700,5250,8207455440.0,81,5251,928575,3300,3919582042.5,0.577,0.52,2026-06-05
BAJAJFINSV,75,33238,5888400,524950,15224949297.5,75,10541,3091500,36000,4513207392.5,0.525,0.317,2026-06-05
BAJAJHLDNG,77,1984,73525,3200,1080605670.0,77,227,45000,3750,117567352.5,0.612,0.114,2026-06-05
BAJFINANCE,75,96140,20703000,2849250,68168111212.5,75,35175,14474250,511500,23453301300.0,0.699,0.366,2026-06-05
BANDHANBNK,59,5462,29811600,1130400,4323529080.0,55,2111,15886800,482400,1555245216.0,0.533,0.386,2026-06-05
BANKBARODA,82,44939,48862125,48862125,37169961075.0,81,15089,32227650,32227650,11745910507.5,0.66,0.336,2026-06-05
BANKINDIA,92,7376,22495200,774800,5832406528.0,93,3084,18418400,88400,2240866524.0,0.819,0.418,2026-06-05
BANKNIFTY,512,1531525,16659690,339870,2621164417591.5,512,1165877,14538390,303810,1879239353562.0,0.873,0.761,2026-06-05
BDL,69,7728,4255125,-141925,3508863707.5,66,2831,2845525,-79600,1185381048.75,0.669,0.366,2026-06-05
BEL,72,19533,46396575,1400775,12018025848.75,70,7846,29278050,249375,4579612132.5,0.631,0.402,2026-06-05
BHARATFORG,67,2890,1965500,90500,2970386625.0,66,4340,1481500,80500,3749517200.0,0.754,1.502,2026-06-05
BHARTIARTL,72,22230,14595800,1038350,19991797316.25,72,11147,8183300,277875,9455339075.0,0.561,0.501,2026-06-05
BHEL,139,28195,36513750,3984750,31310662950.0,135,13748,23772000,2527875,14167810518.75,0.651,0.488,2026-06-05
BIOCON,72,6833,15210000,342500,7583449750.0,70,1546,9395000,372500,1608169875.0,0.618,0.226,2026-06-05
BLUESTARCO,82,2481,1344525,13650,1372292236.25,78,1254,933725,142350,636922536.25,0.694,0.505,2026-06-05
BOSCHLTD,114,6617,178450,5850,6590041348.75,122,3839,154775,4350,3370205523.75,0.867,0.58,2026-06-05
BPCL,54,6972,15237125,1996725,4290739343.75,54,3976,10218650,851225,2283552867.5,0.671,0.57,2026-06-05
BRITANNIA,101,8373,1344875,91375,6003749787.5,97,1471,905125,24750,939437412.5,0.673,0.176,2026-06-05
BSE,73,81159,10589450,2129875,130669098932.5,74,60247,6184875,470325,87031400301.25,0.584,0.742,2026-06-05
CAMS,58,2833,2094150,280650,1746398565.0,59,1743,1294350,31650,969891648.75,0.618,0.615,2026-06-05
CANBK,105,35401,98604000,37678500,34168294057.5,104,14175,64955250,8856000,12868787790.0,0.659,0.4,2026-06-05
CDSL,48,13289,6967775,-125400,8291292271.25,49,7544,4682550,241775,4193741227.5,0.672,0.568,2026-06-05
CGPOWER,70,12505,6643600,502350,10542120580.0,69,4905,3935500,-28050,3798085302.5,0.592,0.392,2026-06-05
CHOLAFIN,73,11222,3105000,104375,11312545906.25,69,4315,2323125,171875,4041255031.25,0.748,0.385,2026-06-05
CIPLA,100,10437,4593850,247050,5678667528.75,102,4829,3124725,-53750,2487265423.75,0.68,0.463,2026-06-05
COALINDIA,74,37668,44788950,-564300,25430004607.5,81,23923,45588150,-2737800,15136552687.5,1.018,0.635,2026-06-05
COCHINSHIP,69,5155,1500400,416400,3287125040.0,63,1179,825600,168800,668273760.0,0.55,0.229,2026-06-05
COFORGE,74,26830,7384300,517525,15414208613.75,79,8189,4357500,222250,4373625622.5,0.59,0.305,2026-06-05
COLPAL,80,4069,1946725,118050,2017677330.0,80,7751,1188550,27700,3081943987.5,0.611,1.905,2026-06-05
CONCOR,84,3640,13142500,385000,2203481875.0,81,1011,7210000,206250,577566937.5,0.549,0.278,2026-06-05
CROMPTON,93,4215,9684350,795600,2198124180.0,87,1557,3780950,178150,768610495.0,0.39,0.369,2026-06-05
CUMMINSIND,86,6217,1540000,-29400,7657427650.0,88,2720,1016600,-15400,3010720040.0,0.66,0.438,2026-06-05
DABUR,83,3020,9911250,20000,1708302062.5,81,1830,7288750,387500,942743687.5,0.735,0.606,2026-06-05
DALBHARAT,77,3983,758225,177450,2644960045.0,74,1413,693225,156325,768053747.5,0.914,0.355,2026-06-05
DELHIVERY,68,2553,8490900,-228250,2502995413.75,66,874,4135475,286350,794263001.25,0.487,0.342,2026-06-05
DIVISLAB,96,6467,1157300,96200,4545835610.0,94,5214,1229400,128300,3410447270.0,1.062,0.806,2026-06-05
DIXON,88,25992,1207300,34700,16064691750.0,100,16654,940150,43900,8972370140.0,0.779,0.641,2026-06-05
DLF,83,10006,9201950,1519450,5118052791.25,86,3567,5793725,57175,1718315551.25,0.63,0.356,2026-06-05
DMART,68,14703,1174500,82950,9730690837.5,62,5346,688950,32250,3311934840.0,0.587,0.364,2026-06-05
DRREDDY,100,7943,7160625,475000,6673419187.5,100,2378,3331875,-21250,1866084781.25,0.465,0.299,2026-06-05
EICHERMOT,99,8932,1602900,107600,6692556930.0,102,7113,1139000,6800,4811768680.0,0.711,0.796,2026-06-05
ETERNAL,69,23363,46315075,2361950,15354894481.25,71,14175,36105825,1149450,8727412646.25,0.78,0.607,2026-06-05
EXIDEIND,95,5074,16041600,-84600,3903528780.0,95,2068,10789200,-37800,1459751130.0,0.673,0.408,2026-06-05
FEDERALBNK,85,34158,34057500,3257500,27012115000.0,85,10322,20737500,1062500,7646899500.0,0.609,0.302,2026-06-05
FINNIFTY,254,13805,294420,12480,21585215118.0,254,8130,235620,6600,12087800424.0,0.8,0.589,2026-06-05
FORCEMOT,43,4718,142200,675,2401155862.5,41,4033,65150,-4600,1733256298.75,0.458,0.855,2026-06-05
FORTIS,65,6287,2142100,32550,4904429012.5,64,4191,1515900,182900,2923739115.0,0.708,0.667,2026-06-05
GAIL,109,9482,25558250,1390800,5257091327.5,113,3577,20406550,587750,1852602269.0,0.798,0.377,2026-06-05
GLENMARK,102,5211,3770250,191625,4552970662.5,101,1138,2587125,39000,939063506.25,0.686,0.218,2026-06-05
GMRAIRPORT,85,8552,75811275,1562400,6527269239.75,86,3184,39206475,774225,2244613590.0,0.517,0.372,2026-06-05
GODFRYPHLP,79,977,799700,37400,679455810.0,75,682,455400,53350,421419047.5,0.569,0.698,2026-06-05
GODREJCP,86,1734,1789000,135000,909911550.0,85,1029,1879000,67500,490027850.0,1.05,0.593,2026-06-05
GODREJPROP,76,8421,2449950,116625,4258098616.25,75,3502,1562500,31850,1631702618.75,0.638,0.416,2026-06-05
GRASIM,101,4337,1334000,44250,3587584275.0,103,1932,1097000,-35250,1475807350.0,0.822,0.445,2026-06-05
GVT&D,49,1772,511000,4250,1239721587.5,49,654,286000,-6250,399075918.75,0.56,0.369,2026-06-05
HAL,73,18450,2574450,27750,12378826230.0,71,9146,1814250,29700,5792280562.5,0.705,0.496,2026-06-05
HAVELLS,107,3256,3478500,419000,2042243125.0,106,990,1781000,15000,576497150.0,0.512,0.304,2026-06-05
HCLTECH,120,22721,9509900,944550,9784078490.0,119,14776,5724950,342250,6015337920.0,0.602,0.65,2026-06-05
HDFCAMC,108,3155,1272000,1272000,2522057310.0,104,2240,983100,983100,1637591790.0,0.773,0.71,2026-06-05
HDFCBANK,113,217764,106931000,6105900,94185443385.0,112,75932,61738350,2213300,31193572162.5,0.577,0.349,2026-06-05
HDFCLIFE,103,27386,18588900,486200,18497739700.0,101,4630,12023000,-39600,2977950470.0,0.647,0.169,2026-06-05
HEROMOTOCO,91,17248,2446350,215100,13315940872.5,87,7863,1261800,70800,5744953702.5,0.516,0.456,2026-06-05
HINDALCO,76,19652,10695300,928200,16126770100.0,76,21826,7179200,-49700,16790779040.0,0.671,1.111,2026-06-05
HINDPETRO,66,4456,13745700,858600,3738234442.5,68,1994,8543475,117450,1575810956.25,0.622,0.447,2026-06-05
HINDUNILVR,98,32046,9748200,-189900,21103361055.0,95,14132,4608600,171900,8521923345.0,0.473,0.441,2026-06-05
HINDZINC,65,50686,27136200,6958000,39918161088.75,61,37151,13580350,2479400,26575858540.0,0.5,0.733,2026-06-05
HYUNDAI,68,2922,859650,71225,1661142628.75,70,1279,693825,6325,647130880.0,0.807,0.438,2026-06-05
ICICIBANK,100,62512,27402900,371700,57309794570.0,95,43787,20363700,179900,38511660460.0,0.743,0.7,2026-06-05
ICICIGI,75,3722,928850,74100,2241446268.75,75,1000,420550,20150,575049913.75,0.453,0.269,2026-06-05
ICICIPRULI,104,10092,5274350,256225,4794217326.25,104,3549,3345725,614200,1591747492.5,0.634,0.352,2026-06-05
IDEA,29,12567,1525705350,33521775,14930795856.0,30,7909,845549250,21371025,8027287204.5,0.554,0.629,2026-06-05
IDFCFIRSTB,48,9720,94113425,315350,6925104550.0,49,6507,79180675,4145925,4330058421.5,0.841,0.669,2026-06-05
IEX,96,4733,32404950,2169750,2370149389.5,97,1349,17478450,137400,621111768.0,0.539,0.285,2026-06-05
INDHOTEL,93,2846,4083000,154000,1959977000.0,94,1084,3754000,33000,705081050.0,0.919,0.381,2026-06-05
INDIANB,72,17973,4508000,69000,15990614600.0,73,6018,3540000,-19000,5059629600.0,0.785,0.335,2026-06-05
INDIGO,65,22800,3889200,-61050,16253170912.5,71,13342,1894500,-83550,8998697490.0,0.487,0.585,2026-06-05
INDUSINDBK,67,11880,4683700,331800,7973425705.0,66,8974,5089000,465500,5694300885.0,1.087,0.755,2026-06-05
INDUSTOWER,64,9722,20457800,829600,7493811480.0,68,2189,18591200,69700,1624674275.0,0.909,0.225,2026-06-05
INFY,120,61597,36115200,533200,31396083900.0,122,28499,19221200,-332400,13802177300.0,0.532,0.463,2026-06-05
INOXWIND,102,5754,49654000,-175525,1949252064.75,102,2485,25922175,-266975,771971753.75,0.522,0.432,2026-06-05
IOC,118,5687,44869500,2379000,4117241553.75,115,4523,35641125,-2720250,3023456523.75,0.794,0.795,2026-06-05
IREDA,112,4926,39631600,1249200,2279791889.75,115,678,23007425,31900,282183931.5,0.581,0.138,2026-06-05
IRFC,81,7074,39595925,938700,3099339033.75,82,2375,26828500,-344525,981523619.75,0.678,0.336,2026-06-05
ITC,140,42549,124487975,-606525,20034753608.75,139,18627,56390725,338950,8431260195.0,0.453,0.438,2026-06-05
JINDALSTEL,87,5336,2918750,583750,4169199125.0,84,3480,2172500,175625,2601433000.0,0.744,0.652,2026-06-05
JIOFIN,75,11794,42636050,542850,6967183250.5,77,3869,33515700,387750,2159532171.0,0.786,0.328,2026-06-05
JSWENERGY,88,7999,9646950,335600,4983283392.5,88,2958,4741325,315225,1746644377.5,0.491,0.37,2026-06-05
JSWSTEEL,83,6514,4312575,169425,5956900008.75,83,5986,3094875,110700,5176521607.5,0.718,0.919,2026-06-05
JUBLFOOD,74,4498,9161250,831250,2583696312.5,75,2923,6336250,661250,1527722062.5,0.692,0.65,2026-06-05
KALYANKJIL,75,23276,12048050,2174850,10845420707.5,76,8338,6491600,590325,3572282415.0,0.539,0.358,2026-06-05
KAYNES,76,409,1645950,-21500,144594165.0,73,43,970100,-2500,12285005.0,0.589,0.105,2026-06-05
KEI,72,4950,482475,46550,4868324422.5,76,2992,320950,16975,2401939802.5,0.665,0.604,2026-06-05
KFINTECH,71,4101,1630825,252150,1902111688.75,73,3007,1099250,48525,1135839513.75,0.674,0.733,2026-06-05
KOTAKBANK,106,18319,31770000,1612000,14648669300.0,110,8250,23432000,126000,6309388800.0,0.738,0.45,2026-06-05
KPITTECH,73,3934,3645100,88400,1382314827.5,72,2269,3011550,199325,725705265.0,0.826,0.577,2026-06-05
LAURUSLABS,99,6827,4789750,57800,8698920740.0,101,5024,6129350,579700,6020140640.0,1.28,0.736,2026-06-05
LICHSGFIN,83,4706,5368000,27000,2726046200.0,81,1550,4279000,-171000,855130000.0,0.797,0.329,2026-06-05
LICI,112,6690,17414600,621600,3955328930.0,114,5284,12104400,541800,2936656170.0,0.695,0.79,2026-06-05
LODHA,83,13014,3177550,81775,5633143750.0,85,7493,2195400,-69500,2791349443.75,0.691,0.576,2026-06-05
LT,115,25844,4936400,223475,18660994738.75,119,12626,4274375,82775,8805948725.0,0.866,0.489,2026-06-05
LTF,52,14913,17826750,378000,9821485012.5,52,3703,12021750,-65250,2272808587.5,0.674,0.248,2026-06-05
LTM,78,5945,1339650,-12150,3846214117.5,78,2574,1060800,14700,1508065417.5,0.792,0.433,2026-06-05
LUPIN,87,23699,2805850,733975,24051456562.5,87,4071,1715725,195075,3930696798.75,0.611,0.172,2026-06-05
M&M,120,21481,6058600,154800,13785152300.0,117,8965,4154600,19600,5479196940.0,0.686,0.417,2026-06-05
MANAPPURAM,48,2252,11445000,726000,2248273350.0,51,2560,6621000,1149000,2324200200.0,0.579,1.137,2026-06-05
MANKIND,97,2719,903575,93375,1572977272.5,94,239,396075,4225,125238201.25,0.438,0.088,2026-06-05
MARICO,108,1667,4266000,-162000,1697121660.0,105,935,2578800,-12000,918848880.0,0.605,0.561,2026-06-05
MARUTI,96,37815,1558050,111100,25976320970.0,96,19072,834100,39400,12417273232.5,0.535,0.504,2026-06-05
MAXHEALTH,90,8722,8530725,-245700,4770502432.5,84,3010,3220350,-42525,1520859795.0,0.378,0.345,2026-06-05
MAZDOCK,86,10308,1962200,100425,5719145675.0,90,1697,1118150,2400,830944771.25,0.57,0.165,2026-06-05
MCX,63,39618,14589825,1325475,77252707930.0,61,22814,6772925,414575,39357717471.25,0.464,0.576,2026-06-05
MFSL,71,4886,869600,61200,3346952180.0,70,947,584000,-6400,601793720.0,0.672,0.194,2026-06-05
MIDCPNIFTY,482,78760,5439600,299160,140068165914.0,482,81289,5376360,304440,136015667346.0,0.988,1.032,2026-06-05
MOTHERSON,119,3532,39692100,-492000,3333976008.0,127,877,26119050,-116850,766708323.0,0.658,0.248,2026-06-05
MOTILALOFS,57,4688,2280825,486700,3475990707.5,58,798,826150,53475,513130328.75,0.362,0.17,2026-06-05
MPHASIS,106,2010,1134925,36850,1374361725.0,110,3497,830500,-2475,1817802580.0,0.732,1.74,2026-06-05
MUTHOOTFIN,58,9048,1861200,121000,8547065271.25,57,3366,1234200,147950,2900216192.5,0.663,0.372,2026-06-05
NAM-INDIA,45,3545,1223750,138750,2642774343.75,45,1093,681250,38125,749746968.75,0.557,0.308,2026-06-05
NATIONALUM,82,24676,28276875,5261250,20388255000.0,81,15294,18971250,2220000,11570088000.0,0.671,0.62,2026-06-05
NAUKRI,73,6960,2872425,323425,2786696483.75,80,2824,2234575,31800,1060305806.25,0.778,0.406,2026-06-05
NBCC,83,10696,37524500,-3328000,7904077610.0,85,3092,23198500,84500,2091479065.0,0.618,0.289,2026-06-05
NESTLEIND,97,3171,1969000,179500,2293288900.0,94,2687,1328500,11500,1781688125.0,0.675,0.847,2026-06-05
NHPC,81,11517,105445000,5765200,5880975079.5,79,10735,69024850,-9538550,5167227575.5,0.655,0.932,2026-06-05
NIFTY,869,57323944,300730830,63383125,89039801887260.25,891,60179681,248801450,10700835,90751826629818.23,0.827,1.05,2026-06-05
NIFTYNXT50,631,127,3875,675,230252576.25,631,38,650,325,67703832.5,0.168,0.299,2026-06-05
NMDC,93,18188,111861000,4151250,12172329945.0,93,9812,49970250,-121500,6156453195.0,0.447,0.539,2026-06-05
NTPC,128,28991,50577000,3519000,16770110100.0,128,13248,19578000,2229000,7221956775.0,0.387,0.457,2026-06-05
NUVAMA,44,2417,713500,-103500,2008999275.0,43,660,458000,24500,504628575.0,0.642,0.273,2026-06-05
NYKAA,78,4437,28943750,1656250,4015275312.5,75,1100,11684375,-162500,908764062.5,0.404,0.248,2026-06-05
OBEROIRLTY,58,1507,910000,46900,919813177.5,60,487,532000,11200,281472345.0,0.585,0.323,2026-06-05
OFSS,75,4873,470225,3750,3919700107.5,82,4345,361600,-20300,2992093241.25,0.769,0.892,2026-06-05
OIL,77,3579,4369400,211400,2569298060.0,75,1099,2462600,19600,758354100.0,0.564,0.307,2026-06-05
ONGC,94,11833,58394250,3881250,7627675050.0,88,3588,25067250,-78750,2163573787.5,0.429,0.303,2026-06-05
PAGEIND,111,3398,56270,-600,2098342075.5,100,1322,27260,-1900,756283688.75,0.484,0.389,2026-06-05
PATANJALI,83,11422,7106525,555050,4663835431.25,84,8094,5936875,1316325,3084226731.25,0.835,0.709,2026-06-05
PAYTM,89,6380,6518475,119625,5291029011.25,85,1934,3608325,2175,1499379677.5,0.554,0.303,2026-06-05
PERSISTENT,95,13468,1069700,60600,7350036658.75,103,6495,753900,-15075,3339130706.25,0.705,0.482,2026-06-05
PETRONET,89,1565,9076300,264100,842488310.0,88,574,8563300,-38000,297738265.0,0.943,0.367,2026-06-05
PFC,73,34458,15161900,1712100,20389334875.0,71,11168,10881000,-16900,6268897635.0,0.718,0.324,2026-06-05
PGEL,50,8352,7751050,59850,4213823135.0,49,3987,6267150,317300,1802005837.5,0.809,0.477,2026-06-05
PHOENIXLTD,63,4403,457450,95900,2862063557.5,64,1083,250250,50400,651166232.5,0.547,0.246,2026-06-05
PIDILITIND,91,4318,1141500,195500,3444534275.0,92,957,520500,-16500,673188375.0,0.456,0.222,2026-06-05
PIIND,115,4440,1780625,141925,2299047913.75,116,793,783825,14875,376552785.0,0.44,0.179,2026-06-05
PNB,85,35032,111248000,42352000,31897414240.0,85,15714,72544000,14104000,13455163440.0,0.652,0.449,2026-06-05
PNBHOUSING,82,4098,1769950,218400,2873992030.0,81,780,956150,48750,508287617.5,0.54,0.19,2026-06-05
POLICYBZR,87,14817,2928100,-242550,9016635845.0,85,5096,2528750,53200,2718483617.5,0.864,0.344,2026-06-05
POLYCAB,64,9193,701750,-7000,11681305618.75,70,6688,790250,54125,7804193025.0,1.126,0.728,2026-06-05
POWERGRID,106,13769,29744500,3543500,7938401495.0,102,3248,14392500,-161500,1752491790.0,0.484,0.236,2026-06-05
POWERINDIA,61,15055,349850,-5075,15035928021.25,64,9547,332025,5675,8183683237.5,0.949,0.634,2026-06-05
PREMIERENE,70,7109,3800300,276000,4695804758.75,73,1676,1668600,46800,1037282260.0,0.439,0.236,2026-06-05
PRESTIGE,53,4617,905850,173250,3076353585.0,51,783,611550,-17100,485586922.5,0.675,0.17,2026-06-05
RADICO,54,615,97200,600,346372057.5,53,1217,78150,5550,545325015.0,0.804,1.979,2026-06-05
RBLBANK,47,6907,15462250,1504950,8136782367.5,50,2312,9747250,-187325,2536948031.25,0.63,0.335,2026-06-05
RECLTD,58,44639,23314725,2290925,22749223376.25,54,13701,16018275,-526575,6514949192.5,0.687,0.307,2026-06-05
RELIANCE,110,96279,72994500,4902000,66358400875.0,110,45022,44944500,2226000,29266256100.0,0.616,0.468,2026-06-05
RVNL,56,7620,31161675,1023875,3085324450.75,57,2187,15990550,557600,825148915.5,0.513,0.287,2026-06-05
SAIL,52,4381,15867200,4098400,4267349725.0,53,1792,7679800,958800,1625308692.0,0.484,0.409,2026-06-05
SAMMAANCAP,35,11252,33359400,2743400,9658988735.0,38,3550,20485200,782600,2767999440.0,0.614,0.315,2026-06-05
SBICARD,61,8004,11251200,540800,4048034400.0,61,2651,6673600,154400,1249282960.0,0.593,0.331,2026-06-05
SBILIFE,81,6846,1807125,131625,4818634087.5,79,1878,1281375,37500,1257565931.25,0.709,0.274,2026-06-05
SBIN,91,205783,52068000,7074000,160306693912.5,89,108038,37258500,1525500,78376510050.0,0.716,0.525,2026-06-05
SHREECEM,72,1525,41075,2500,995638770.0,72,487,25800,475,300755652.5,0.628,0.319,2026-06-05
SHRIRAMFIN,87,24619,10234125,59400,20055209831.25,86,7967,6529875,295350,6071153261.25,0.638,0.324,2026-06-05
SIEMENS,57,7164,1709575,6475,4958940647.5,59,2374,1103375,-20475,1521464096.25,0.645,0.331,2026-06-05
SOLARINDS,53,4968,236200,-2400,4905131597.5,53,3516,178250,2500,2955121815.0,0.755,0.708,2026-06-05
SONACOMS,78,1954,3879575,-19600,1518977337.5,80,496,2321375,-28175,371707323.75,0.598,0.254,2026-06-05
SRF,91,2543,951400,57200,1454730960.0,94,845,540400,-1000,461670700.0,0.568,0.332,2026-06-05
SUNPHARMA,71,24381,10219300,1162000,16012081820.0,71,10937,5800550,-56000,6840362917.5,0.568,0.449,2026-06-05
SUPREMEIND,62,3029,403725,82250,2089196287.5,63,4328,300475,45850,2314113497.5,0.744,1.429,2026-06-05
SUZLON,48,10523,161097950,10457125,5707141261.0,49,3220,73872000,-18750,1572690225.5,0.459,0.306,2026-06-05
SWIGGY,52,10048,12692625,2005275,3552686146.25,51,2341,5240550,-22050,776940991.25,0.413,0.233,2026-06-05
TATACONSUM,92,4887,4525400,472450,3240179195.0,88,2670,2554200,93500,1596337215.0,0.564,0.546,2026-06-05
TATAELXSI,81,6042,825800,57900,2769445856.25,83,3244,528575,17225,1264841825.0,0.64,0.537,2026-06-05
TATAPOWER,69,15379,28044450,1451450,9671791160.0,70,4512,15226450,63800,2673246390.0,0.543,0.293,2026-06-05
TATASTEEL,60,45248,94630250,11550000,27064434292.5,62,29318,47440250,2725250,16274190185.0,0.501,0.648,2026-06-05
TCS,116,143160,25287275,1975425,60037317932.5,114,71010,15098875,350750,27647784948.75,0.597,0.496,2026-06-05
TECHM,74,20421,8589000,664800,19361147640.0,73,8922,5229000,317400,7891818540.0,0.609,0.437,2026-06-05
TIINDIA,104,1387,366000,51800,931069180.0,108,417,227000,16000,255169150.0,0.62,0.301,2026-06-05
TITAN,70,42075,2828525,332850,32710255173.75,69,19094,1952475,-1050,13824234200.0,0.69,0.454,2026-06-05
TMPV,61,40448,31754400,2907200,13636925760.0,64,16073,19174400,-56000,5145976360.0,0.604,0.397,2026-06-05
TORNTPHARM,73,11937,659875,20625,6971136050.0,73,3589,335875,5750,1896911862.5,0.509,0.301,2026-06-05
TRENT,125,24649,3256200,230700,10829109795.0,125,14306,1596300,99525,6022584090.0,0.49,0.58,2026-06-05
TVSMOTOR,118,6746,1265425,29400,4247987476.25,116,3300,1080100,30800,1955761998.75,0.854,0.489,2026-06-05
ULTRACEMCO,92,15255,743500,130900,9008346515.0,89,6292,440000,43700,3427744727.5,0.592,0.412,2026-06-05
UNIONBANK,56,10443,29147475,597375,8274021556.5,57,5062,23129475,769950,3745302255.75,0.794,0.485,2026-06-05
UNITDSPR,104,2506,2720800,188000,1337737500.0,102,1329,2139200,56400,650764780.0,0.786,0.53,2026-06-05
UNOMINDA,48,1552,736450,99000,1009279920.0,45,2833,535150,41250,1468319847.5,0.727,1.825,2026-06-05
UPL,92,1938,5124610,315715,1762189356.25,94,759,3794000,163955,668485591.5,0.74,0.392,2026-06-05
VBL,66,8058,10033875,548175,5084444625.0,65,2972,4022925,84900,1767162558.75,0.401,0.369,2026-06-05
VEDL,59,43250,39284000,7027650,17578660512.5,58,28800,18263150,529000,10550193437.5,0.465,0.666,2026-06-05
VMM,82,1339,5398050,184300,815085083.0,84,766,4214650,-24250,443286217.0,0.781,0.572,2026-06-05
VOLTAS,68,15868,3879375,25500,8172070068.75,65,6654,2638875,-95625,3193128543.75,0.68,0.419,2026-06-05
WAAREEENER,47,10033,2040150,125125,5742467587.5,47,2526,1134875,-28525,1352169910.0,0.556,0.252,2026-06-05
WIPRO,76,85457,197292000,5742000,52122615780.0,77,25373,115392000,3927000,14011449180.0,0.585,0.297,2026-06-05
YESBANK,26,19303,347200400,-186600,14981218631.0,28,8509,206379600,13341900,5887907358.0,0.594,0.441,2026-06-05
ZYDUSLIFE,75,2606,4111200,51300,2676372615.0,74,1464,2808000,-14400,1347904755.0,0.683,0.562,2026-06-05
360ONE,44,842,1031500,2000,482164775.0,45,331,401000,-7500,174480625.0,0.389,0.393,2026-06-08
ABB,101,8487,1107125,49375,7917088031.25,113,7034,598125,8250,5668334206.25,0.54,0.829,2026-06-08
ABCAPITAL,54,3802,11904000,1026100,4435288110.0,53,1792,8590100,294500,1914054855.0,0.722,0.471,2026-06-08
ADANIENSOL,69,17925,6333525,454950,20552042216.25,69,5658,3088800,81675,5984980548.75,0.488,0.316,2026-06-08
ADANIENT,101,24749,7443192,743145,24219393935.85,112,18712,5491857,-92700,17175640519.350002,0.738,0.756,2026-06-08
ADANIGREEN,106,20340,7671000,251400,19653712260.0,117,12004,5314800,-12000,10117913220.0,0.693,0.59,2026-06-08
ADANIPORTS,60,16556,6509875,222300,14960120511.25,61,9984,3664625,-47025,8376196550.0,0.563,0.603,2026-06-08
ADANIPOWER,73,11942,44165550,3042350,10676314730.0,70,3422,25904350,1136000,2745910267.5,0.587,0.287,2026-06-08
ALKEM,103,11139,704750,-54625,7913383481.25,103,3823,418375,9125,2439798106.25,0.594,0.343,2026-06-08
AMBER,61,204,1772400,-4000,167129115.0,58,31,1216200,-1000,22503330.0,0.686,0.152,2026-06-08
AMBUJACEM,77,11819,17661450,519900,5574764257.5,77,3530,10366500,293850,1550279782.5,0.587,0.299,2026-06-08
ANGELONE,58,5637,20277500,732500,5093723625.0,59,3893,12812500,-417500,3196838000.0,0.632,0.691,2026-06-08
APLAPOLLO,84,1936,1080450,-55650,1302473112.5,84,1222,929950,23100,742717342.5,0.861,0.631,2026-06-08
APOLLOHOSP,102,38312,1272250,114625,41826746518.75,104,12725,928125,83500,13156847687.5,0.73,0.332,2026-06-08
ASHOKLEY,71,20549,172505000,15805000,16422321900.0,71,6506,86425000,1420000,4571761000.0,0.501,0.317,2026-06-08
ASIANPAINT,83,17372,6025750,266250,12107473287.5,90,8866,3148000,53500,5813009487.5,0.522,0.51,2026-06-08
ASTRAL,66,3999,2049775,88825,2797809382.5,67,2859,1326425,-119425,1766991305.0,0.647,0.715,2026-06-08
AUBANK,74,3758,5070000,482000,3819717750.0,73,2073,3623000,254000,1988442100.0,0.715,0.552,2026-06-08
AUROPHARMA,54,5891,3662450,85250,4981469322.5,52,2885,2198900,-44000,2223572092.5,0.6,0.49,2026-06-08
AXISBANK,95,37606,17801875,3605000,31200881781.25,94,20306,9611875,121875,16039799250.0,0.54,0.54,2026-06-08
BAJAJ-AUTO,80,9441,1626300,15600,7582995420.0,81,5008,942825,14250,3722296282.5,0.58,0.53,2026-06-08
BAJAJFINSV,75,18860,6486950,598550,8538462360.0,75,7472,3143650,52150,3147246817.5,0.485,0.396,2026-06-08
BAJAJHLDNG,77,2177,92000,18475,1247982130.0,77,400,47475,2475,199742480.0,0.516,0.184,2026-06-08
BAJFINANCE,75,24192,22062000,1359000,16855409625.0,75,12787,14919750,445500,8371893900.0,0.676,0.529,2026-06-08
BANDHANBNK,59,3643,29937600,126000,2879833212.0,55,1306,15678000,-208800,966247848.0,0.524,0.358,2026-06-08
BANKBARODA,154,12079,53103375,4241250,9778973197.5,153,6146,32648850,421200,4735937700.0,0.615,0.509,2026-06-08
BANKINDIA,94,2696,23753600,1258400,2119128336.0,95,1251,18761600,343200,911149512.0,0.79,0.464,2026-06-08
BANKNIFTY,512,1055983,17569290,909600,1800963346731.0,512,884999,15145740,607350,1420420056172.5,0.862,0.838,2026-06-08
BDL,69,12243,4573000,317875,5519954695.0,66,4734,2851300,5775,1966959073.75,0.624,0.387,2026-06-08
BEL,72,26485,46056000,-340575,16338149257.5,70,10822,29466150,188100,6273932430.0,0.64,0.409,2026-06-08
BHARATFORG,67,2453,1949000,-16500,2486758475.0,66,2213,1482000,500,2033919850.0,0.76,0.902,2026-06-08
BHARTIARTL,74,26627,14962975,367175,23866139495.0,74,11606,8297775,114475,9876441062.5,0.555,0.436,2026-06-08
BHEL,139,10881,36991500,477750,12034278375.0,135,5126,23501625,-270375,5198227781.25,0.635,0.471,2026-06-08
BIOCON,72,5301,15490000,280000,5819477875.0,70,1451,9222500,-172500,1502935875.0,0.595,0.274,2026-06-08
BLUESTARCO,82,2061,1414400,69875,1135129352.5,78,672,948350,14625,342410721.25,0.67,0.326,2026-06-08
BOSCHLTD,114,5477,190525,12075,5425044147.5,122,3366,155500,725,2964860102.5,0.816,0.615,2026-06-08
BPCL,54,8481,15918500,681375,5210979237.5,54,5790,11609050,1390400,3254472545.0,0.729,0.683,2026-06-08
BRITANNIA,101,5109,1387625,42750,3447918981.25,97,2214,903375,-1750,1381466693.75,0.651,0.433,2026-06-08
BSE,73,47116,10617825,28375,74382800157.5,74,28042,6307500,122625,40483448883.75,0.594,0.595,2026-06-08
CAMS,58,2442,2224275,130125,1517409543.75,59,894,1307100,12750,498950430.0,0.588,0.366,2026-06-08
CANBK,107,13136,112198500,13594500,12609268515.0,107,8460,69194250,4239000,7590977100.0,0.617,0.644,2026-06-08
CDSL,48,8029,7315950,348175,4976212195.0,49,4765,4595150,-87400,2661940945.0,0.628,0.593,2026-06-08
CGPOWER,70,10310,7038850,395250,8554319802.5,69,8129,4199000,263500,6294040007.5,0.597,0.788,2026-06-08
CHOLAFIN,73,3486,3364375,259375,3441511281.25,69,2806,2449375,126250,2585395125.0,0.728,0.805,2026-06-08
CIPLA,100,12324,4706350,112500,6724768690.0,102,4700,3215050,90325,2457529158.75,0.683,0.381,2026-06-08
COALINDIA,74,20870,45366750,577800,13933803667.5,81,14819,44744400,-843750,9169121025.0,0.986,0.71,2026-06-08
COCHINSHIP,69,4075,1518000,17600,2563384400.0,63,1224,788800,-36800,695291200.0,0.52,0.3,2026-06-08
COFORGE,74,14082,7356950,-27350,8070555058.75,79,6782,4382600,25100,3655596063.75,0.596,0.482,2026-06-08
COLPAL,80,5385,1921550,-25175,2667830400.0,80,2181,1234325,45775,926651692.5,0.642,0.405,2026-06-08
CONCOR,84,5303,13958750,816250,3154432875.0,81,1856,7255000,45000,1047317187.5,0.52,0.35,2026-06-08
CROMPTON,97,5451,10750600,1066250,2907648575.0,91,1923,4187250,406300,917725595.0,0.389,0.353,2026-06-08
CUMMINSIND,86,8662,1655000,115000,10648540550.0,88,5941,1071200,54600,6221659830.0,0.647,0.686,2026-06-08
DABUR,83,2418,10316250,405000,1362862437.5,81,1194,7327500,38750,623392312.5,0.71,0.494,2026-06-08
DALBHARAT,83,1922,818025,59800,1161458837.5,80,1108,736775,43550,623457786.25,0.901,0.576,2026-06-08
DELHIVERY,68,1104,8793850,302950,1069921875.0,66,687,4166600,31125,615055418.75,0.474,0.622,2026-06-08
DIVISLAB,96,24394,1631300,474000,16944270120.0,94,10242,1344300,114900,6711408565.0,0.824,0.42,2026-06-08
DIXON,88,37206,1408600,201300,22958889347.5,100,24906,1019250,79100,13985222577.5,0.724,0.669,2026-06-08
DLF,83,7707,9831675,629725,3864374090.0,86,7769,6329050,535325,3636564030.0,0.644,1.008,2026-06-08
DMART,68,6911,1196850,22350,4524978765.0,62,3132,696900,7950,1921567110.0,0.582,0.453,2026-06-08
DRREDDY,100,13617,7600625,440000,11433530531.25,100,3472,3553125,221250,2754177812.5,0.467,0.255,2026-06-08
EICHERMOT,102,11470,1734500,131600,8576583815.0,104,10361,1383500,244500,7197249505.0,0.798,0.903,2026-06-08
ETERNAL,69,19121,49496675,3181600,12408075100.0,71,14119,34427725,-1678100,8601676881.25,0.696,0.738,2026-06-08
EXIDEIND,95,4381,16714800,673200,3293584380.0,95,2749,10353600,-435600,1911594870.0,0.619,0.627,2026-06-08
FEDERALBNK,89,40089,31570000,-2487500,31994061500.0,89,15559,23657500,2920000,11763106000.0,0.749,0.388,2026-06-08
FINNIFTY,254,3745,308940,14520,5829088299.0,254,4055,249960,14340,5997765801.0,0.809,1.083,2026-06-08
FORCEMOT,43,6598,163225,21025,3288415561.25,41,7016,74700,9550,2931518331.25,0.458,1.063,2026-06-08
FORTIS,66,36009,3952500,1810400,29257293421.25,66,10204,2159925,644025,7730197238.75,0.546,0.283,2026-06-08
GAIL,109,8587,27304050,1745800,4766547611.5,113,2937,21434550,1028000,1551406454.0,0.785,0.342,2026-06-08
GLENMARK,102,8332,3817875,47625,7284167137.5,101,1618,2596875,9750,1326163800.0,0.68,0.194,2026-06-08
GMRAIRPORT,85,8156,78405975,2594700,6167735680.5,86,3109,39841200,634725,2168273958.75,0.508,0.381,2026-06-08
GODFRYPHLP,79,1380,823625,23925,931014755.0,75,435,447425,-7975,258195698.75,0.543,0.315,2026-06-08
GODREJCP,86,2037,1949500,160500,1071824225.0,85,717,1900500,21500,349768150.0,0.975,0.352,2026-06-08
GODREJPROP,76,7719,2470975,21025,3889870175.0,75,7742,1621500,59000,3623007535.0,0.656,1.003,2026-06-08
GRASIM,101,4836,1453000,119000,3936124337.5,103,5038,1217500,120500,3710047625.0,0.838,1.042,2026-06-08
GVT&D,51,4427,520375,9375,2985328550.0,51,6327,380625,94625,3816527937.5,0.731,1.429,2026-06-08
HAL,73,26000,2710950,136500,17495987910.0,71,10147,1888950,74700,6410634240.0,0.697,0.39,2026-06-08
HAVELLS,107,3914,3699500,221000,2419588225.0,106,1700,1875000,94000,974350100.0,0.507,0.434,2026-06-08
HCLTECH,120,16375,9341050,-168850,7047985960.0,119,9427,5669550,-55400,3798562397.5,0.607,0.576,2026-06-08
HDFCAMC,187,2028,1278300,6300,1661954190.0,183,770,1032300,49200,563647590.0,0.808,0.38,2026-06-08
HDFCBANK,113,175078,112466200,5535200,75067914095.0,112,57785,63136850,1398500,23316362792.5,0.561,0.33,2026-06-08
HDFCLIFE,103,9525,20739400,2150500,6350032865.0,101,3174,12555400,532400,2008431590.0,0.605,0.333,2026-06-08
HEROMOTOCO,91,13131,2481600,35250,10260201607.5,87,3700,1274400,12600,2665184452.5,0.514,0.282,2026-06-08
HINDALCO,81,18701,11727100,1031800,15034591635.0,80,15781,7051100,-128100,11808555675.0,0.601,0.844,2026-06-08
HINDPETRO,66,4444,14766300,1020600,3680395177.5,68,3708,9634950,1091475,2839230528.75,0.652,0.834,2026-06-08
HINDUNILVR,98,16773,10024200,276000,11103801930.0,95,8370,4614900,6300,5116009350.0,0.46,0.499,2026-06-08
HINDZINC,68,15885,29118250,1982050,12107921253.75,64,14112,15083425,1503075,9641262478.75,0.518,0.888,2026-06-08
HYUNDAI,68,1684,854150,-5500,942806163.75,70,1122,725725,31900,576024570.0,0.85,0.666,2026-06-08
ICICIBANK,100,34715,28590100,1187200,31680500985.0,95,20972,20667500,303800,18396260435.0,0.723,0.604,2026-06-08
ICICIGI,75,1338,952900,24050,809804060.0,75,516,453050,32500,286747288.75,0.475,0.386,2026-06-08
ICICIPRULI,104,2962,5593475,319125,1410395785.0,104,1313,3510375,164650,579963391.25,0.628,0.443,2026-06-08
IDEA,29,21435,1617979575,92274225,25446651007.5,30,10512,879785775,34236525,10481309139.75,0.544,0.49,2026-06-08
IDFCFIRSTB,48,11057,101783850,7670425,7851120271.75,49,7734,76426000,-2754675,5122841643.5,0.751,0.699,2026-06-08
IEX,99,4997,34321950,1917000,2460827907.0,99,1945,18229950,751500,879912097.5,0.531,0.389,2026-06-08
INDHOTEL,93,2312,4236000,153000,1575683100.0,94,1531,3809000,55000,989082450.0,0.899,0.662,2026-06-08
INDIANB,72,7422,4633000,125000,6622646600.0,73,2217,3894000,354000,1857837400.0,0.84,0.299,2026-06-08
INDIGO,65,25791,4374750,485550,18032073697.5,71,26131,2044650,150150,17135247825.0,0.467,1.013,2026-06-08
INDUSINDBK,67,5942,5275200,591500,3917922085.0,66,4120,5303900,214900,2591859585.0,1.005,0.693,2026-06-08
INDUSTOWER,64,6314,20833500,375700,4868588690.0,68,1971,18616700,25500,1431073005.0,0.894,0.312,2026-06-08
INFY,120,67414,37397600,1282400,34008798380.0,122,36925,19468800,247600,17370723260.0,0.521,0.548,2026-06-08
INOXWIND,102,6009,51494575,1840575,2077098738.5,102,2507,25895875,-26300,761477856.75,0.503,0.417,2026-06-08
IOC,118,6133,45708000,838500,4373225951.25,115,4659,38995125,3354000,3094564005.0,0.853,0.76,2026-06-08
IREDA,112,4288,42452250,2820650,1941129975.0,115,1139,23139325,131900,475400778.25,0.545,0.266,2026-06-08
IRFC,81,5272,43943475,4347550,2305757104.0,82,1139,27372675,544175,457868733.75,0.623,0.216,2026-06-08
ITC,140,47180,128711875,4223900,22354594208.75,139,15411,56835675,444950,6969484343.75,0.442,0.327,2026-06-08
JINDALSTEL,92,3368,3270000,351250,2638173875.0,89,2181,2282500,110000,1613380656.25,0.698,0.648,2026-06-08
JIOFIN,75,15521,44215250,1579200,9129485766.0,77,8548,34349950,834250,4656918836.5,0.777,0.551,2026-06-08
JSWENERGY,88,5629,9647425,475,3473599973.75,88,2544,4817000,75675,1474675287.5,0.499,0.452,2026-06-08
JSWSTEEL,83,3981,4511700,199125,3588930281.25,83,6602,3175875,81000,5317547501.25,0.704,1.658,2026-06-08
JUBLFOOD,74,7902,10660000,1498750,4492197250.0,75,3593,6785000,448750,1869607500.0,0.636,0.455,2026-06-08
KALYANKJIL,77,11365,11021725,-1026325,5221397976.25,78,6443,6248775,-242825,2760149406.25,0.567,0.567,2026-06-08
KAYNES,76,461,1627850,-18100,163608455.0,73,55,967700,-2400,15723065.0,0.594,0.119,2026-06-08
KEI,72,2347,508550,26075,2303903848.75,76,1113,305900,-15050,995980072.5,0.602,0.474,2026-06-08
KFINTECH,72,2158,1714825,84000,981767051.25,74,2216,1150975,51725,926543628.75,0.671,1.027,2026-06-08
KOTAKBANK,106,7564,32592000,822000,5976489800.0,110,4494,23976000,544000,3380093600.0,0.736,0.594,2026-06-08
KPITTECH,73,4729,3646300,1200,1638888243.75,72,4786,3370450,358900,1504924047.5,0.924,1.012,2026-06-08
LAURUSLABS,104,9780,5331200,541450,12441919710.0,106,8479,5592150,-537200,10065453585.0,1.049,0.867,2026-06-08
LICHSGFIN,83,2769,5541000,173000,1592765350.0,81,1757,4022000,-257000,966277550.0,0.726,0.635,2026-06-08
LICI,112,6151,17739400,324800,3642414440.0,114,5246,12422200,317800,2862585740.0,0.7,0.853,2026-06-08
LODHA,83,3460,3202225,24675,1501567978.75,85,5021,2288275,92875,1878322876.25,0.715,1.451,2026-06-08
LT,115,42422,6256425,1320025,30207009787.5,119,20219,4492950,218575,13815525360.0,0.718,0.477,2026-06-08
LTF,52,6262,19080000,1253250,4040068725.0,52,1901,12415500,393750,1123980525.0,0.651,0.304,2026-06-08
LTM,78,6337,1351800,12150,4072504665.0,78,4056,1052400,-8400,2402973945.0,0.779,0.64,2026-06-08
LUPIN,87,4599,2870450,64600,4618528146.25,87,1150,1746325,30600,1101576986.25,0.608,0.25,2026-06-08
M&M,120,35807,7100400,1041800,22613065740.0,117,16240,4225600,71000,9721439780.0,0.595,0.454,2026-06-08
MANAPPURAM,49,4131,12186000,741000,4092662850.0,52,2292,7038000,417000,2080717350.0,0.578,0.555,2026-06-08
MANKIND,97,9071,1127125,223550,5087320587.5,94,1699,476050,79975,904306320.0,0.422,0.187,2026-06-08
MARICO,108,1365,4364400,98400,1379643360.0,105,1169,2640000,61200,1122049140.0,0.605,0.856,2026-06-08
MARUTI,96,40304,1854400,296350,27453208007.5,96,17328,836200,2100,11178177105.0,0.451,0.43,2026-06-08
MAXHEALTH,90,41463,6408675,-2122050,22857090952.5,84,14100,3249225,28875,7324355167.5,0.507,0.34,2026-06-08
MAZDOCK,86,12999,2293450,331250,7143712987.5,90,2606,1146300,28150,1257846398.75,0.5,0.2,2026-06-08
MCX,63,28684,14701475,111650,54815962757.5,61,12186,6631075,-141850,20816109910.0,0.451,0.425,2026-06-08
MFSL,71,1511,874400,4800,1039794120.0,70,2627,588800,4800,1429367300.0,0.673,1.739,2026-06-08
MIDCPNIFTY,486,68910,5508360,68760,121972776048.0,486,74331,5589360,213000,123703484418.0,1.015,1.079,2026-06-08
MOTHERSON,119,4276,39642900,-49200,3965599458.0,127,2614,26998500,879450,2219644900.5,0.681,0.611,2026-06-08
MOTILALOFS,57,2051,2524950,244125,1478025168.75,58,1256,923800,97650,811118952.5,0.366,0.612,2026-06-08
MPHASIS,106,3235,1148675,13750,2190400932.5,110,2530,868175,37675,1458183636.25,0.756,0.782,2026-06-08
MUTHOOTFIN,67,15019,2769800,908600,13623155411.25,66,13617,1644500,410300,11148815081.25,0.594,0.907,2026-06-08
NAM-INDIA,52,4712,1379375,155625,3441437343.75,51,2859,781875,100625,1931290968.75,0.567,0.607,2026-06-08
NATIONALUM,89,20831,31760625,3483750,16646873718.75,88,10728,20197500,1226250,7889759343.75,0.636,0.515,2026-06-08
NAUKRI,76,5929,2871475,-950,2341631218.75,82,2178,2253325,18750,802240706.25,0.785,0.367,2026-06-08
NBCC,83,3911,40007500,2483000,2885870390.0,85,1751,24154000,955500,1192309885.0,0.604,0.448,2026-06-08
NESTLEIND,97,8890,2795000,826000,6487479450.0,94,3115,1411500,83000,2160809075.0,0.505,0.35,2026-06-08
NHPC,81,10118,104945900,-499100,5093710670.0,79,4919,70402700,1377850,2352152912.5,0.671,0.486,2026-06-08
NIFTY,870,70900662,339961760,39230930,108910053300564.77,892,65989455,263959230,15157780,98701145099761.77,0.776,0.931,2026-06-08
NIFTYNXT50,637,238,5375,1500,426645866.25,637,81,850,200,144604372.5,0.158,0.34,2026-06-08
NMDC,93,14186,115128000,3267000,9374138505.0,93,6120,49565250,-405000,3770972482.5,0.431,0.431,2026-06-08
NTPC,133,28732,55581000,5004000,16602289050.0,133,11204,19743000,165000,6075599400.0,0.355,0.39,2026-06-08
NUVAMA,44,721,740500,27000,600296925.0,43,354,448500,-9500,256757250.0,0.606,0.491,2026-06-08
NYKAA,78,3781,29278125,334375,3410823281.25,75,1078,11243750,-440625,880484375.0,0.384,0.285,2026-06-08
OBEROIRLTY,58,3000,906500,-3500,1932864797.5,60,983,617050,85050,557382227.5,0.681,0.328,2026-06-08
OFSS,75,5565,487025,16800,4447690125.0,82,3796,363500,1900,2787785305.0,0.746,0.682,2026-06-08
OIL,77,9856,5476800,1107400,7078414210.0,75,2397,2672600,210000,1635704770.0,0.488,0.243,2026-06-08
ONGC,94,20056,65623500,7229250,12945030975.0,88,3778,25591500,524250,2264029312.5,0.39,0.188,2026-06-08
PAGEIND,111,2145,55705,-565,1306388331.5,100,985,28130,870,554257758.75,0.505,0.459,2026-06-08
PATANJALI,86,6444,7738325,631800,2616007275.0,87,2342,6125875,189000,901894275.0,0.792,0.363,2026-06-08
PAYTM,89,5549,6749025,230550,4536680902.5,85,2768,3690250,81925,2124921023.75,0.547,0.499,2026-06-08
PERSISTENT,97,11661,1115925,46225,6324645167.5,104,6042,775600,21700,3061190088.75,0.695,0.518,2026-06-08
PETRONET,89,1139,9137100,60800,611943735.0,88,759,8719100,155800,386021575.0,0.954,0.666,2026-06-08
PFC,73,10951,15806700,644800,6445466885.0,71,4285,10992800,111800,2387865025.0,0.695,0.391,2026-06-08
PGEL,50,10757,8332450,581400,5225200307.5,49,7878,6598700,331550,3588729167.5,0.792,0.732,2026-06-08
PHOENIXLTD,63,865,465500,8050,565685802.5,64,347,253050,2800,211081745.0,0.544,0.401,2026-06-08
PIDILITIND,91,1291,1199000,57500,1015469175.0,92,462,542000,21500,331713950.0,0.452,0.358,2026-06-08
PIIND,115,6448,2016700,236075,3415969200.0,116,1151,788200,4375,538334825.0,0.391,0.179,2026-06-08
PNB,85,8377,117088000,5840000,7561497280.0,85,4840,73048000,504000,4097977280.0,0.624,0.578,2026-06-08
PNBHOUSING,82,1351,1847950,78000,930960777.5,81,888,1060150,104000,566183247.5,0.574,0.657,2026-06-08
POLICYBZR,87,4278,3133550,205450,2537676120.0,85,1526,2556750,28000,806542607.5,0.816,0.357,2026-06-08
POLYCAB,64,8121,682000,-19750,10196452381.25,70,8964,738500,-51750,10468792218.75,1.083,1.104,2026-06-08
POWERGRID,106,33227,29651400,-93100,19219171270.0,102,7521,14601500,209000,4121246395.0,0.492,0.226,2026-06-08
POWERINDIA,67,23596,451950,102100,23029970165.0,68,20661,355725,23700,17295549812.5,0.787,0.876,2026-06-08
PREMIERENE,70,7055,3792900,-7400,4637769791.25,73,2187,1800275,131675,1341698675.0,0.475,0.31,2026-06-08
PRESTIGE,53,1906,1014300,108450,1255882770.0,51,1350,776250,164700,837268650.0,0.765,0.708,2026-06-08
RADICO,54,368,97950,750,212013450.0,53,431,78300,150,199949632.5,0.799,1.171,2026-06-08
RBLBANK,47,4234,15716250,254000,4918723176.25,50,1843,9585325,-161925,1992366951.25,0.61,0.435,2026-06-08
RECLTD,58,12985,23010050,-304675,6648948950.0,54,5925,16289875,271600,2849609061.25,0.708,0.456,2026-06-08
RELIANCE,113,139920,81849500,8855000,95722089350.0,113,65712,47070500,2126000,41666349875.0,0.575,0.47,2026-06-08
RVNL,56,10090,33355075,2193400,4068883094.0,57,3266,15826700,-163850,1172978199.5,0.474,0.324,2026-06-08
SAIL,58,2780,17733100,1865900,2622728075.0,59,2970,10105000,2425200,2575199842.0,0.57,1.068,2026-06-08
SAMMAANCAP,35,5185,35922200,2562800,4329121449.0,38,2367,20558300,73100,1789753783.0,0.572,0.457,2026-06-08
SBICARD,61,9597,12087200,836000,4791549200.0,61,3602,6871200,197600,1669036440.0,0.568,0.375,2026-06-08
SBILIFE,81,3939,2086500,279375,2787883143.75,79,2186,1383750,102375,1396542768.75,0.663,0.555,2026-06-08
SBIN,91,89107,51347250,-720750,68933165212.5,89,55752,37299000,40500,40417551150.0,0.726,0.626,2026-06-08
SHREECEM,77,3151,49925,8850,2103408857.5,77,647,28575,2775,390275653.75,0.572,0.205,2026-06-08
SHRIRAMFIN,87,11919,11602800,1368675,9733796118.75,86,5562,7213800,683925,4159015368.75,0.622,0.467,2026-06-08
SIEMENS,57,8338,1715875,6300,5716861263.75,59,3460,1033550,-69825,2197035216.25,0.602,0.415,2026-06-08
SOLARINDS,53,4635,246700,10500,4528063497.5,53,2341,179300,1050,2048863002.5,0.727,0.505,2026-06-08
SONACOMS,78,1896,4085375,205800,1460017597.5,80,846,2289525,-31850,621301747.5,0.56,0.446,2026-06-08
SRF,91,6129,1011800,60400,3441525560.0,94,4203,607000,66600,2238071210.0,0.6,0.686,2026-06-08
SUNPHARMA,71,44364,11547550,1328250,28943795212.5,71,17686,5594400,-206150,11084697592.5,0.484,0.399,2026-06-08
SUPREMEIND,62,1591,415450,11725,1040337593.75,63,1294,287350,-13125,762857646.25,0.692,0.813,2026-06-08
SUZLON,48,9166,160840225,-257725,4948319558.0,49,3975,74446575,574575,1937737237.25,0.463,0.434,2026-06-08
SWIGGY,52,14372,14516800,1824175,5139753822.5,51,5577,6109550,869000,1787980426.25,0.421,0.388,2026-06-08
TATACONSUM,93,5930,4599650,74250,4012618747.5,89,2169,2632300,78100,1326561885.0,0.572,0.366,2026-06-08
TATAELXSI,81,4653,858625,32825,2117368267.5,83,2336,530725,2150,973813046.25,0.618,0.502,2026-06-08
TATAPOWER,70,13193,29308850,1264400,8284984697.5,71,4102,15620850,394400,2407517142.5,0.533,0.311,2026-06-08
TATASTEEL,62,31480,101755500,7125250,18783896477.5,63,20958,49673250,2233000,11361707555.0,0.488,0.666,2026-06-08
TCS,119,161604,27314150,2026875,66690936852.5,116,89040,15904000,805125,33845180623.75,0.582,0.551,2026-06-08
TECHM,74,17004,8577600,-11400,16028973510.0,73,8867,5604000,375000,7837816320.0,0.653,0.521,2026-06-08
TIINDIA,104,1554,396600,30600,1027481900.0,108,666,233800,6800,403747680.0,0.59,0.429,2026-06-08
TITAN,72,13554,2901850,73325,10451110713.75,72,14107,1859900,-92575,10025386533.75,0.641,1.041,2026-06-08
TMPV,61,31149,33905600,2151200,10471688320.0,64,15682,19796000,621600,4866930920.0,0.584,0.503,2026-06-08
TORNTPHARM,73,18382,694625,34750,10758408843.75,73,5146,327375,-8500,2823733112.5,0.471,0.28,2026-06-08
TRENT,134,18699,3428475,172275,8179044570.0,134,7744,1601850,5550,3237011452.5,0.467,0.414,2026-06-08
TVSMOTOR,118,10080,1290450,25025,6554966057.5,116,2958,1109675,29575,1752044761.25,0.86,0.293,2026-06-08
ULTRACEMCO,92,13717,818500,75000,7926559920.0,89,6470,432800,-7200,3552689690.0,0.529,0.472,2026-06-08
UNIONBANK,56,11758,31744950,2597475,9254317338.75,57,5036,24266700,1137225,3729880732.5,0.764,0.428,2026-06-08
UNITDSPR,104,4870,2902800,182000,2577797380.0,102,1806,2228400,89200,886368260.0,0.768,0.371,2026-06-08
UNOMINDA,48,1654,787050,50600,1108224260.0,45,1123,539550,4400,617494625.0,0.686,0.679,2026-06-08
UPL,94,1916,5280435,155825,1722542327.25,95,1492,4006735,212735,1269970836.75,0.759,0.779,2026-06-08
VBL,67,10326,10202625,168750,6407249992.5,67,6728,4554375,531450,4012458435.0,0.446,0.652,2026-06-08
VEDL,60,31240,42314250,3030250,12454065472.5,59,22983,19163600,900450,8084370740.0,0.453,0.736,2026-06-08
VMM,82,675,6246800,848750,409184654.5,84,318,4180700,-33950,179609565.0,0.669,0.471,2026-06-08
VOLTAS,68,21754,3920625,41250,11269235306.25,65,9845,2645625,6750,4750688775.0,0.675,0.453,2026-06-08
WAAREEENER,47,12532,2258725,218575,7216548762.5,47,4056,1299025,164150,2160461861.25,0.575,0.324,2026-06-08
WIPRO,78,65411,199983000,2691000,39147588450.0,78,38453,112284000,-3108000,21145560750.0,0.561,0.588,2026-06-08
YESBANK,26,15544,374070800,26870400,12138402152.0,28,7079,216891400,10511800,4913419958.0,0.58,0.455,2026-06-08
ZYDUSLIFE,75,5079,4284900,173700,5227631865.0,74,2712,2791800,-16200,2614826475.0,0.652,0.534,2026-06-08
360ONE,47,1104,1143000,111500,634459500.0,48,249,387000,-14000,134319425.0,0.339,0.226,2026-06-09
ABB,102,6119,1186875,79750,5713545487.5,114,4306,629500,31375,3363953668.75,0.53,0.704,2026-06-09
ABCAPITAL,58,2689,12059000,155000,3105218075.0,56,1439,8385500,-204600,1527447035.0,0.695,0.535,2026-06-09
ADANIENSOL,69,5317,6560325,226800,6048654108.75,69,2091,3028050,-60750,2108766993.75,0.462,0.393,2026-06-09
ADANIENT,101,21799,7909782,466590,21127890079.2,112,10110,5659644,167787,9055361662.95,0.716,0.464,2026-06-09
ADANIGREEN,106,19496,7603200,-67800,18882967980.0,117,12741,5400000,85200,10463066760.0,0.71,0.654,2026-06-09
ADANIPORTS,60,16831,6712700,202825,15147193680.0,61,9912,3781950,117325,8054413595.0,0.563,0.589,2026-06-09
ADANIPOWER,76,7913,45475500,1309950,7019493206.5,72,3092,27626100,1721750,2495535299.5,0.607,0.391,2026-06-09
ALKEM,103,4477,712875,8125,3226921537.5,103,1367,416375,-2000,896643750.0,0.584,0.305,2026-06-09
AMBER,61,258,1762600,-9800,210698145.0,58,61,1212600,-3600,44837695.0,0.688,0.236,2026-06-09
AMBUJACEM,77,10211,18703800,1042350,4770805867.5,77,1435,10445400,78900,626577075.0,0.558,0.141,2026-06-09
ANGELONE,58,6491,19700000,-577500,5842762250.0,59,2401,12925000,112500,1972925750.0,0.656,0.37,2026-06-09
APLAPOLLO,84,1433,1123500,43050,975252600.0,84,2992,944300,14350,1699925815.0,0.84,2.088,2026-06-09
APOLLOHOSP,105,24496,1321750,49500,26834553025.0,108,10989,1158875,230750,11481188937.5,0.877,0.449,2026-06-09
ASHOKLEY,76,22710,182810000,10305000,17921842300.0,76,5795,89445000,3020000,4140925550.0,0.489,0.255,2026-06-09
ASIANPAINT,83,24722,6396000,370250,17316919587.5,90,12060,3302500,154500,7837307350.0,0.516,0.488,2026-06-09
ASTRAL,66,3539,2184500,134725,2494800596.25,67,1324,1406325,79900,853136202.5,0.644,0.374,2026-06-09
AUBANK,74,4705,4923000,-147000,4802947800.0,73,1776,3618000,-5000,1719580750.0,0.735,0.377,2026-06-09
AUROPHARMA,54,4015,3843400,180950,3379033707.5,52,3291,2266000,67100,2479826827.5,0.59,0.82,2026-06-09
AXISBANK,95,42455,18285000,483125,35361986156.25,94,23744,10285000,673125,18834196250.0,0.562,0.559,2026-06-09
BAJAJ-AUTO,81,10349,1643475,17175,8292047017.5,82,4395,942900,75,3295890296.25,0.574,0.425,2026-06-09
BAJAJFINSV,79,19136,6793250,306300,8592013942.5,79,9537,3182450,38800,3948346697.5,0.468,0.498,2026-06-09
BAJAJHLDNG,83,12738,90900,-1100,7302924325.0,83,1305,62150,14675,663710586.25,0.684,0.102,2026-06-09
BAJFINANCE,75,22279,21204750,-857250,15468363225.0,75,8662,14894250,-25500,5683634700.0,0.702,0.389,2026-06-09
BANDHANBNK,60,11151,31708800,1771200,8837705412.0,56,2843,16484400,806400,2107969704.0,0.52,0.255,2026-06-09
BANKBARODA,170,28826,55440450,2337075,23869026236.25,169,13965,37024650,4375800,10927065678.75,0.668,0.484,2026-06-09
BANKINDIA,99,10863,28922400,5168800,8637708040.0,100,4017,20893600,2132000,2923426844.0,0.722,0.37,2026-06-09
BANKNIFTY,513,1276860,17235660,-333630,2202583596799.5,513,1111868,16215300,1069560,1789602012705.0,0.941,0.871,2026-06-09
BDL,69,11373,4351975,-221025,5243768053.75,66,2745,2749250,-102050,1106122952.5,0.632,0.241,2026-06-09
BEL,72,20528,47066325,1010325,12671543602.5,70,8351,29853750,387600,4880398567.5,0.634,0.407,2026-06-09
BHARATFORG,69,6929,2210500,261500,7051657400.0,68,2837,1457000,-25000,2546629900.0,0.659,0.409,2026-06-09
BHARTIARTL,74,58060,17966875,3003900,52012069483.75,74,22343,8715775,418000,19090357421.25,0.485,0.385,2026-06-09
BHEL,139,9873,34741875,-2249625,10871556281.25,135,4219,23625000,123375,4308525243.75,0.68,0.427,2026-06-09
BIOCON,73,4105,15262500,-227500,4502728375.0,71,1444,9570000,347500,1494264625.0,0.627,0.352,2026-06-09
BLUESTARCO,82,4254,1425450,11050,2698127152.5,78,418,948675,325,209692323.75,0.666,0.098,2026-06-09
BOSCHLTD,114,16217,169325,-21200,16211991508.75,122,7465,164300,8800,6708900533.75,0.97,0.46,2026-06-09
BPCL,57,11294,18104825,2186325,6837586077.5,56,5953,11403650,-205400,3339888431.25,0.63,0.527,2026-06-09
BRITANNIA,101,10067,1427375,39750,7773872687.5,97,1481,907125,3750,928954456.25,0.636,0.147,2026-06-09
BSE,73,38344,10218275,-399550,61163292783.75,74,21909,6271775,-35725,31666080752.5,0.614,0.571,2026-06-09
CAMS,60,2874,2288325,64050,1748208592.5,61,1039,1451550,144450,569046468.75,0.634,0.362,2026-06-09
CANBK,107,18919,103457250,-8741250,18262544377.5,107,9388,72164250,2970000,8489038950.0,0.698,0.496,2026-06-09
CDSL,48,8499,7042825,-273125,5301668966.25,49,2801,4511075,-84075,1581757552.5,0.641,0.33,2026-06-09
CGPOWER,70,7172,7187600,148750,5906696580.0,69,2828,4057050,-141950,2151279280.0,0.564,0.394,2026-06-09
CHOLAFIN,77,4413,3267500,-96875,4344826625.0,73,2880,2438750,-10625,2504469312.5,0.746,0.653,2026-06-09
CIPLA,100,7166,4842575,136225,3903897442.5,102,3188,3237700,22650,1659598060.0,0.669,0.445,2026-06-09
COALINDIA,74,24472,45203400,-163350,16158568567.5,81,15074,43902000,-842400,9250071615.0,0.971,0.616,2026-06-09
COCHINSHIP,71,2537,1434800,-83200,1582163000.0,65,773,798800,10000,434116200.0,0.557,0.305,2026-06-09
COFORGE,74,13123,7388850,31900,7460821820.0,79,4928,4290850,-91750,2628711812.5,0.581,0.376,2026-06-09
COLPAL,80,4084,1862775,-58775,2049827557.5,80,3657,1199025,-35300,1485172127.5,0.644,0.895,2026-06-09
CONCOR,85,4914,13675000,-283750,2913158250.0,82,1742,7233750,-21250,986952437.5,0.529,0.354,2026-06-09
CROMPTON,107,4647,11999050,1248450,2389377572.5,101,1043,4255200,67950,516555122.5,0.355,0.224,2026-06-09
CUMMINSIND,89,6850,1701400,46400,8304021370.0,91,2377,1117000,45800,2601432970.0,0.657,0.347,2026-06-09
DABUR,83,2123,10401250,85000,1188035750.0,81,1088,7325000,-2500,570136937.5,0.704,0.512,2026-06-09
DALBHARAT,83,2799,941525,123500,1754811841.25,80,662,757250,20475,353032225.0,0.804,0.237,2026-06-09
DELHIVERY,68,2080,9115475,321625,2008479961.25,66,920,4089825,-76775,838912540.0,0.449,0.442,2026-06-09
DIVISLAB,96,64353,1497500,-133800,45142602185.0,94,30021,1485200,140900,19703272620.0,0.992,0.467,2026-06-09
DIXON,88,32915,1321650,-86950,20322339812.5,100,17377,1007950,-11300,9598485857.5,0.763,0.528,2026-06-09
DLF,93,7804,9372225,-459450,3911947827.5,94,2978,6425000,95950,1402603016.25,0.686,0.382,2026-06-09
DMART,68,8666,1200300,3450,5630825865.0,62,4674,702150,5250,2863234117.5,0.585,0.539,2026-06-09
DRREDDY,100,7315,7953125,352500,6141455218.75,100,3846,3541875,-11250,2928770906.25,0.445,0.526,2026-06-09
EICHERMOT,102,29245,1671600,-62900,22077153165.0,104,14552,1398800,15300,10300683395.0,0.837,0.498,2026-06-09
ETERNAL,69,31320,54509150,5012475,19966096607.5,71,16945,36835750,2408025,10166834688.75,0.676,0.541,2026-06-09
EXIDEIND,95,3162,16803000,88200,2377869750.0,95,1462,10254600,-99000,1009477620.0,0.61,0.462,2026-06-09
FEDERALBNK,89,38372,27942500,-3627500,30973657125.0,89,18733,26747500,3090000,14248117500.0,0.957,0.488,2026-06-09
FINNIFTY,259,4727,335040,26100,7375549584.0,259,5516,270960,21000,8089185357.0,0.809,1.167,2026-06-09
FORCEMOT,46,6455,159650,-3575,3141371205.0,44,4396,78425,3725,1806523686.25,0.491,0.681,2026-06-09
FORTIS,71,6294,3697525,-254975,5083352642.5,71,2662,2136675,-23250,2010075185.0,0.578,0.423,2026-06-09
GAIL,109,4479,27512100,208050,2469004227.0,113,1927,21572000,137450,1019483931.5,0.784,0.43,2026-06-09
GLENMARK,102,8265,3937500,119625,7272510056.25,101,3746,2669250,72375,2830574137.5,0.678,0.453,2026-06-09
GMRAIRPORT,85,7293,79410375,1004400,5514031356.75,86,2355,40238775,397575,1634483486.25,0.507,0.323,2026-06-09
GODFRYPHLP,84,2382,861025,37400,1586626195.0,80,1250,477950,30525,731572682.5,0.555,0.525,2026-06-09
GODREJCP,86,3021,1955500,6000,1586659975.0,85,1027,1931000,30500,503674575.0,0.987,0.34,2026-06-09
GODREJPROP,81,6870,2574650,103675,3425930123.75,80,3822,1680600,59100,1768205513.75,0.653,0.556,2026-06-09
GRASIM,105,12988,1680250,227250,10484709250.0,107,5730,1275250,57750,4270711450.0,0.759,0.441,2026-06-09
GVT&D,51,7316,534375,14000,4800355000.0,51,2412,367250,-13375,1425784906.25,0.687,0.33,2026-06-09
HAL,73,18179,2673750,-37200,12190497390.0,71,10548,1909050,20100,6645641002.5,0.714,0.58,2026-06-09
HAVELLS,107,3665,3773500,74000,2255443675.0,106,1032,1877500,2500,611369100.0,0.498,0.282,2026-06-09
HCLTECH,120,16056,9659750,318700,6856754517.5,119,6552,5701950,32400,2632421730.0,0.59,0.408,2026-06-09
HDFCAMC,192,2140,1358700,80400,1703824545.0,188,642,1044900,12600,470276490.0,0.769,0.3,2026-06-09
HDFCBANK,113,211709,119464050,6997850,90018582845.0,112,60844,65681900,2545050,24727978680.0,0.55,0.287,2026-06-09
HDFCLIFE,108,18963,22720500,1981100,12579124635.0,106,8196,13721400,1166000,5138926650.0,0.604,0.432,2026-06-09
HEROMOTOCO,91,13618,2407050,-74550,10492931677.5,87,3500,1265100,-9300,2497941195.0,0.526,0.257,2026-06-09
HINDALCO,86,18194,12390000,662900,14430467835.0,86,8210,7235200,184100,6112770895.0,0.584,0.451,2026-06-09
HINDPETRO,70,6479,15114600,348300,5339325802.5,71,2611,10116900,481950,2007068523.75,0.669,0.403,2026-06-09
HINDUNILVR,98,18580,9915900,-108300,12244650465.0,95,10668,4462200,-152700,6409480095.0,0.45,0.574,2026-06-09
HINDZINC,68,13080,28494725,-623525,9819923093.75,64,6224,15062600,-20825,4275840450.0,0.529,0.476,2026-06-09
HYUNDAI,68,1045,894850,40700,587958346.25,70,655,710050,-15675,309592855.0,0.793,0.627,2026-06-09
ICICIBANK,100,61141,27539400,-1050700,56142475060.0,95,37864,21172200,504700,33611103330.0,0.769,0.619,2026-06-09
ICICIGI,75,14290,1092000,139100,8642043085.0,75,3796,549900,96850,2201015196.25,0.504,0.266,2026-06-09
ICICIPRULI,104,2466,5607350,13875,1162819673.75,104,756,3602875,92500,336052130.0,0.643,0.307,2026-06-09
IDEA,29,29467,1834334400,216354825,34224705894.0,30,15202,913664925,33879150,14334613589.25,0.498,0.516,2026-06-09
IDFCFIRSTB,48,28183,98648900,-3134950,20286704702.25,49,14076,86350250,9924250,9332639487.5,0.875,0.499,2026-06-09
IEX,109,4339,34293300,-28650,2111243968.5,108,1129,18740400,510450,517469401.5,0.546,0.26,2026-06-09
INDHOTEL,93,3790,4340000,104000,2604842650.0,94,1778,3812000,3000,1136231750.0,0.878,0.469,2026-06-09
INDIANB,72,13620,4450000,-183000,12320428150.0,73,4530,3969000,75000,3846376350.0,0.892,0.333,2026-06-09
INDIGO,67,63672,5415750,1041000,45032670945.0,72,28169,2689500,644850,18575815815.0,0.497,0.442,2026-06-09
INDUSINDBK,67,14911,5563600,288400,9990685075.0,66,7645,6015800,711900,4909797165.0,1.081,0.513,2026-06-09
INDUSTOWER,64,13377,22866700,2033200,10146144595.0,68,4116,18912500,295800,2997355850.0,0.827,0.308,2026-06-09
INFY,120,66276,38067600,670000,33036327860.0,122,37037,19502800,34000,17439641720.0,0.512,0.559,2026-06-09
INOXWIND,102,2785,51969725,475150,992108918.25,102,1104,26134700,238825,339536091.25,0.503,0.396,2026-06-09
IOC,120,6689,46634250,926250,4771982962.5,117,3674,38922000,-73125,2450794320.0,0.835,0.549,2026-06-09
IREDA,115,6000,39518975,-2933275,2738945247.5,118,1723,22923800,-215525,731243467.25,0.58,0.287,2026-06-09
IRFC,85,5107,42115250,-1828225,2236818518.75,86,1623,27401150,28475,654303035.75,0.651,0.318,2026-06-09
ITC,140,45270,128533900,-177975,21724313853.75,139,13032,56739175,-96500,5890382318.75,0.441,0.288,2026-06-09
JINDALSTEL,97,3018,3565000,295000,2334238781.25,94,1232,2353125,70625,911024906.25,0.66,0.408,2026-06-09
JIOFIN,80,11039,43275250,-940000,6410793373.0,81,4793,34483900,133950,2595491880.5,0.797,0.434,2026-06-09
JSWENERGY,91,6277,10034125,386700,3840409985.0,90,1995,4811875,-5125,1149579490.0,0.48,0.318,2026-06-09
JSWSTEEL,86,3333,4634550,122850,2990516422.5,86,4180,3142800,-33075,3357566538.75,0.678,1.254,2026-06-09
JUBLFOOD,78,6479,10381250,-278750,3640436000.0,79,2286,6877500,92500,1184214062.5,0.662,0.353,2026-06-09
KALYANKJIL,77,9526,11506225,484500,4296114510.0,78,3791,6185200,-63575,1585809396.25,0.538,0.398,2026-06-09
KAYNES,78,268,1613450,-14400,94004970.0,75,65,964400,-3300,19841045.0,0.598,0.243,2026-06-09
KEI,74,3175,553700,45150,3093009237.5,78,1621,335475,29575,1433780923.75,0.606,0.511,2026-06-09
KFINTECH,72,1646,1910900,196075,747161825.0,74,834,1160475,9500,345582498.75,0.607,0.507,2026-06-09
KOTAKBANK,106,12464,33704000,1112000,9888637800.0,110,6063,24472000,496000,4607741000.0,0.726,0.486,2026-06-09
KPITTECH,76,2956,3774750,128450,1025761523.75,75,1268,3360075,-10375,406417981.25,0.89,0.429,2026-06-09
LAURUSLABS,104,9951,5496100,164900,12577240390.0,106,7246,5882000,289850,8557664255.0,1.07,0.728,2026-06-09
LICHSGFIN,83,2413,5503000,-38000,1390033550.0,81,1120,3881000,-141000,613251850.0,0.705,0.464,2026-06-09
LICI,115,5605,17259200,-480200,3303851530.0,117,2302,12447400,25200,1273849150.0,0.721,0.411,2026-06-09
LODHA,83,4535,3257900,55675,1945819900.0,85,3816,2215175,-73100,1430840091.25,0.68,0.841,2026-06-09
LT,122,26991,6375075,118650,19183336987.5,124,20531,4491375,-1575,13148663395.0,0.705,0.761,2026-06-09
LTF,54,5496,19503000,423000,3542181412.5,54,1315,12246750,-168750,796432950.0,0.628,0.239,2026-06-09
LTM,78,4506,1405050,53250,2868641317.5,78,1819,1033650,-18750,1068478575.0,0.736,0.404,2026-06-09
LUPIN,87,3162,2872575,2125,3174333521.25,87,1487,1745475,-850,1361856442.5,0.608,0.47,2026-06-09
M&M,120,30726,7320800,220400,19533319690.0,117,10947,4216200,-9400,6550233530.0,0.576,0.356,2026-06-09
MANAPPURAM,53,2488,12306000,120000,2428471650.0,54,1282,6678000,-360000,1159521150.0,0.543,0.515,2026-06-09
MANKIND,97,3998,1123625,-3500,2254239032.5,94,626,479825,3775,330706336.25,0.427,0.157,2026-06-09
MARICO,108,1120,4351200,-13200,1134646680.0,105,618,2677200,37200,595783740.0,0.615,0.552,2026-06-09
MARUTI,96,52717,1966550,112150,35745607257.5,96,19989,915050,78850,12958807570.0,0.465,0.379,2026-06-09
MAXHEALTH,91,11193,6266925,-141750,6201776673.75,85,6173,3214050,-35175,3220419378.75,0.513,0.552,2026-06-09
MAZDOCK,90,10625,2300225,6775,5703330917.5,94,2033,1176975,30675,991019608.75,0.512,0.191,2026-06-09
MCX,63,32279,15128375,426900,62095518608.75,61,14355,6815525,184450,24597744721.25,0.451,0.445,2026-06-09
MFSL,71,4631,892400,18000,3381039480.0,70,644,589600,800,409697300.0,0.661,0.139,2026-06-09
MIDCPNIFTY,486,62123,5953080,444720,109773503730.0,486,58153,5895240,305880,97109410992.0,0.99,0.936,2026-06-09
MOTHERSON,122,5755,41555550,1912650,5316257907.0,129,1765,27410550,412050,1501523115.0,0.66,0.307,2026-06-09
MOTILALOFS,66,8069,2593150,68200,5719309078.75,66,1898,1129175,205375,1247433567.5,0.435,0.235,2026-06-09
MPHASIS,106,1929,1187175,38500,1312385291.25,110,1150,859925,-8250,712905270.0,0.724,0.596,2026-06-09
MUTHOOTFIN,70,14735,2959825,190025,13385232630.0,69,9741,1807025,162525,7992977300.0,0.611,0.661,2026-06-09
NAM-INDIA,52,2651,1381250,1875,1917333187.5,51,1177,839375,57500,778309250.0,0.608,0.444,2026-06-09
NATIONALUM,89,23755,34453125,2692500,18468204656.25,88,11292,21170625,973125,8119907437.5,0.614,0.475,2026-06-09
NAUKRI,76,6324,3166100,294625,2498884206.25,82,2247,2265125,11800,828075853.75,0.715,0.355,2026-06-09
NBCC,83,3478,40027000,19500,2540323955.0,85,1140,24732500,578500,757413150.0,0.618,0.328,2026-06-09
NESTLEIND,97,3425,2877500,82500,2494746875.0,94,1456,1473000,61500,1018975950.0,0.512,0.425,2026-06-09
NHPC,81,6024,105002450,56550,3040865024.5,79,2511,70154600,-248100,1183862641.0,0.668,0.417,2026-06-09
NIFTY,875,211826430,373440845,33479085,321933709439322.5,897,199231035,347457375,83498145,299220418584444.5,0.93,0.941,2026-06-09
NIFTYNXT50,639,217,6300,925,393378821.25,639,84,1125,275,149448037.5,0.179,0.387,2026-06-09
NMDC,93,10410,118779750,3651750,6755971117.5,93,2852,49626000,60750,1754521830.0,0.418,0.274,2026-06-09
NTPC,133,27041,59974500,4393500,15461865975.0,133,10264,20662500,919500,5554119375.0,0.345,0.38,2026-06-09
NUVAMA,44,762,739500,-1000,630278750.0,43,377,449500,1000,296485275.0,0.608,0.495,2026-06-09
NYKAA,78,4342,28646875,-631250,3907950937.5,75,1459,11509375,265625,1171400000.0,0.402,0.336,2026-06-09
OBEROIRLTY,62,2531,918050,11550,1585935277.5,62,919,627900,10850,521752577.5,0.684,0.363,2026-06-09
OFSS,78,9220,572725,85700,7224012132.5,85,6469,405725,42225,4650067232.5,0.708,0.702,2026-06-09
OIL,77,3636,5096000,-380800,2585767310.0,75,3835,3490200,817600,2539604060.0,0.685,1.055,2026-06-09
ONGC,94,31103,70733250,5109750,19789680712.5,88,6911,26311500,720000,4090294800.0,0.372,0.222,2026-06-09
PAGEIND,111,3445,47710,-7995,2120928492.75,100,841,28135,5,470215520.75,0.59,0.244,2026-06-09
PATANJALI,86,2994,7654975,-83350,1215074505.0,87,1080,5851000,-274875,405707058.75,0.764,0.361,2026-06-09
PAYTM,96,7297,6854875,105850,6043878617.5,92,3412,3749700,59450,2610273325.0,0.547,0.468,2026-06-09
PERSISTENT,97,12362,1180475,64550,6683089145.0,104,5422,761175,-14425,2755354586.25,0.645,0.439,2026-06-09
PETRONET,94,1696,8964200,-172900,914845535.0,92,586,8838800,119700,296639875.0,0.986,0.346,2026-06-09
PFC,73,15586,16725800,919100,9254632335.0,71,6466,10940800,-52000,3653974220.0,0.654,0.415,2026-06-09
PGEL,50,8374,8134850,-197600,4122206322.5,49,3771,6589200,-9500,1676524660.0,0.81,0.45,2026-06-09
PHOENIXLTD,63,884,516600,51100,586179072.5,64,355,262500,9450,215341577.5,0.508,0.402,2026-06-09
PIDILITIND,91,2842,1253000,54000,2205741475.0,92,564,594000,52000,413085075.0,0.474,0.198,2026-06-09
PIIND,122,55243,2111900,95200,30044393951.25,123,13421,948500,160300,6550793357.5,0.449,0.243,2026-06-09
PNB,85,24934,102160000,-14928000,22740278880.0,85,13899,84704000,11656000,11901875280.0,0.829,0.557,2026-06-09
PNBHOUSING,85,2103,1963650,115700,1461260157.5,84,431,1086150,26000,273620652.5,0.553,0.205,2026-06-09
POLICYBZR,87,11422,3920700,787150,6590991820.0,85,7146,2392950,-163800,3857095357.5,0.61,0.626,2026-06-09
POLYCAB,64,11948,716125,34125,14980891975.0,70,14886,796625,58125,16576942443.75,1.112,1.246,2026-06-09
POWERGRID,106,24287,32125200,2473800,13920597475.0,102,10123,16427400,1825900,5475466740.0,0.511,0.417,2026-06-09
POWERINDIA,67,26084,510500,58550,24895440115.0,68,14395,375350,19625,11905919138.75,0.735,0.552,2026-06-09
PREMIERENE,73,4531,3957500,164600,2980691101.25,76,913,1819825,19550,561529848.75,0.46,0.202,2026-06-09
PRESTIGE,55,3781,1111050,96750,2678744160.0,53,306,752850,-23400,189618502.5,0.678,0.081,2026-06-09
RADICO,54,1006,173850,75900,580456215.0,53,499,81150,2850,223091520.0,0.467,0.496,2026-06-09
RBLBANK,47,11896,17014825,1298575,14071765893.75,50,4450,11880850,2295525,4888843568.75,0.698,0.374,2026-06-09
RECLTD,58,16516,21669200,-1340850,8506348935.0,54,7703,16231600,-58275,3730992475.0,0.749,0.466,2026-06-09
RELIANCE,120,139790,87080500,5231000,94691785300.0,120,70958,49951500,2881000,44841189825.0,0.574,0.508,2026-06-09
RVNL,61,17074,33848625,493550,6644393938.75,62,3523,16003025,176325,1245732406.75,0.473,0.206,2026-06-09
SAIL,63,1372,17601500,-131600,1300822619.0,64,555,9743100,-361900,489883397.0,0.554,0.405,2026-06-09
SAMMAANCAP,35,4966,34933200,-989000,4119897424.0,38,1688,21018400,460100,1270813443.0,0.602,0.34,2026-06-09
SBICARD,64,8146,12260800,173600,4104466600.0,64,2616,7016000,144800,1200744240.0,0.572,0.321,2026-06-09
SBILIFE,81,2981,2129250,42750,2073087300.0,79,1893,1447500,63750,1225462800.0,0.68,0.635,2026-06-09
SBIN,92,148330,45582000,-5765250,116119451437.5,90,98050,39602250,2303250,72009113700.0,0.869,0.661,2026-06-09
SHREECEM,81,5511,57425,7500,3766319253.75,81,445,30125,1550,266358105.0,0.525,0.081,2026-06-09
SHRIRAMFIN,90,12894,12186075,583275,10244632488.75,89,5034,7867200,653400,3786942348.75,0.646,0.39,2026-06-09
SIEMENS,60,6606,1712025,-3850,4468389695.0,61,2363,1044575,11025,1481429757.5,0.61,0.358,2026-06-09
SOLARINDS,53,3482,242850,-3850,3380853950.0,53,2863,184200,4900,2479338050.0,0.758,0.822,2026-06-09
SONACOMS,82,2967,3951850,-133525,2280365246.25,84,1288,2430400,140875,956403131.25,0.615,0.434,2026-06-09
SRF,92,3880,1028800,17000,2187495870.0,95,1427,581600,-25400,774576060.0,0.565,0.368,2026-06-09
SUNPHARMA,71,30164,12660900,1113350,19640507145.0,71,11023,5598250,3850,6875680157.5,0.442,0.365,2026-06-09
SUPREMEIND,63,2576,510300,94850,1682962470.0,64,3043,320425,33075,1680428942.5,0.628,1.181,2026-06-09
SUZLON,48,7123,159247400,-1592825,3834014169.5,49,2573,75802650,1356075,1233545990.25,0.476,0.361,2026-06-09
SWIGGY,57,10572,13709775,-807025,3690439962.5,56,5274,7514500,1404950,1735406215.0,0.548,0.499,2026-06-09
TATACONSUM,100,6746,5048450,448800,4440959847.5,96,2634,2598750,-33550,1622391375.0,0.515,0.39,2026-06-09
TATAELXSI,81,5614,902100,43475,2546396358.75,83,3355,526000,-4725,1386001326.25,0.583,0.598,2026-06-09
TATAPOWER,73,19715,30796550,1487700,12309244880.0,73,5515,16530000,909150,3214884030.0,0.537,0.28,2026-06-09
TATASTEEL,65,38127,109546250,7790750,22364566180.0,65,19160,49673250,0,10473153405.0,0.453,0.503,2026-06-09
TCS,123,117476,29115175,1801025,48056335305.0,120,44793,16529775,625775,17042103846.25,0.568,0.381,2026-06-09
TECHM,74,10128,9159600,582000,9553579410.0,73,5695,5510400,-93600,5044687170.0,0.602,0.562,2026-06-09
TIINDIA,104,5220,449600,53000,3452997640.0,108,955,236000,2200,595526240.0,0.525,0.183,2026-06-09
TITAN,72,37975,3486175,584325,28843991855.0,72,30407,1939700,79800,21243837081.25,0.556,0.801,2026-06-09
TMPV,61,34486,36949600,3044000,11423428280.0,64,11569,19568000,-228000,3590913920.0,0.53,0.335,2026-06-09
TORNTPHARM,73,4423,670625,-24000,2587825306.25,73,1659,320750,-6625,915060906.25,0.478,0.375,2026-06-09
TRENT,138,41032,3522300,93825,17908069998.75,138,11155,1676550,74700,4675633503.75,0.476,0.272,2026-06-09
TVSMOTOR,118,16130,1448300,157850,10632775816.25,116,3421,1097950,-11725,1966978860.0,0.758,0.212,2026-06-09
ULTRACEMCO,97,13797,857850,39350,7934416497.5,94,5069,451300,18500,2738784965.0,0.526,0.367,2026-06-09
UNIONBANK,56,11917,30767025,-977925,9429405075.0,57,3685,24983550,716850,2737070873.25,0.812,0.309,2026-06-09
UNITDSPR,104,4630,2893200,-9600,2427096920.0,102,1744,2287200,58800,868944400.0,0.791,0.377,2026-06-09
UNOMINDA,50,2692,795850,8800,1774388715.0,48,967,602250,62700,526729142.5,0.757,0.359,2026-06-09
UPL,102,2286,5642220,361785,2057628746.0,101,720,4040610,33875,618076204.0,0.716,0.315,2026-06-09
VBL,67,5008,10540350,337725,3155938173.75,67,7760,4418850,-135525,4095169552.5,0.419,1.55,2026-06-09
VEDL,63,26287,44183000,1868750,10315627017.5,62,14678,19596000,432400,5155608067.5,0.444,0.558,2026-06-09
VMM,83,723,6445650,198850,437678113.5,85,223,4195250,14550,127455381.0,0.651,0.308,2026-06-09
VOLTAS,68,10320,3879375,-41250,5366360943.75,65,4782,2725500,79875,2274834150.0,0.703,0.463,2026-06-09
WAAREEENER,50,9689,2241575,-17150,5482481331.25,49,2514,1285725,-13300,1343367042.5,0.574,0.259,2026-06-09
WIPRO,83,44752,204234000,4251000,26554333170.0,83,19528,111468000,-816000,10428532860.0,0.546,0.436,2026-06-09
YESBANK,26,9560,373511000,-559800,7443428905.0,28,4315,221587500,4696100,3047647610.0,0.593,0.451,2026-06-09
ZYDUSLIFE,75,5640,4264200,-20700,5829258150.0,74,3632,2873700,81900,3349204605.0,0.674,0.644,2026-06-09
360ONE,47,1909,1146500,3500,1096475150.0,48,263,396000,9000,139784175.0,0.345,0.138,2026-06-10
ABB,105,12938,1242000,55125,11759274268.75,116,6192,680625,51125,5119137756.25,0.548,0.479,2026-06-10
ABCAPITAL,58,2693,12815400,756400,3097936795.0,56,1173,8363800,-21700,1256328010.0,0.653,0.436,2026-06-10
ADANIENSOL,69,6986,6646725,86400,7819167600.0,69,4918,3213675,185625,4615080266.25,0.483,0.704,2026-06-10
ADANIENT,101,20808,7960767,50985,20061659592.3,112,12668,5722680,63036,11390522743.35,0.719,0.609,2026-06-10
ADANIGREEN,106,13903,7948800,345600,13350268350.0,117,9437,5404800,4800,7865981190.0,0.68,0.679,2026-06-10
ADANIPORTS,60,34415,6901275,188575,31224145781.25,61,19759,4030850,248900,16413702258.75,0.584,0.574,2026-06-10
ADANIPOWER,76,11343,49614800,4139300,9877166207.0,72,3676,29575050,1948950,2932803958.0,0.596,0.324,2026-06-10
ALKEM,103,5375,731000,18125,3816270087.5,103,1260,417625,1250,838271400.0,0.571,0.234,2026-06-10
AMBER,61,175,1754000,-8600,143763370.0,58,15,1212000,-600,11219315.0,0.691,0.086,2026-06-10
AMBUJACEM,77,6574,19791150,1087350,3074770462.5,77,1362,10690350,244950,598836727.5,0.54,0.207,2026-06-10
ANGELONE,58,4749,20422500,722500,4300565250.0,59,2275,13225000,300000,1873767875.0,0.648,0.479,2026-06-10
APLAPOLLO,84,2061,1300600,177100,1387134192.5,84,3394,1033900,89600,1970826445.0,0.795,1.647,2026-06-10
APOLLOHOSP,111,26944,1331750,10000,29780859550.0,114,14416,1198750,39875,15230087981.25,0.9,0.535,2026-06-10
ASHOKLEY,76,21185,185630000,2820000,17077895100.0,76,5888,90765000,1320000,4232444600.0,0.489,0.278,2026-06-10
ASIANPAINT,85,17712,6364000,-32000,12456065912.5,92,10762,3312750,10250,7054050237.5,0.521,0.608,2026-06-10
ASTRAL,66,3758,2237625,53125,2635435667.5,67,2235,1457325,51000,1308263772.5,0.651,0.595,2026-06-10
AUBANK,74,4826,5368000,445000,4912996900.0,73,1845,3544000,-74000,1789665650.0,0.66,0.382,2026-06-10
AUROPHARMA,54,5250,3731750,-111650,4410368160.0,52,2878,2208250,-57750,2216861075.0,0.592,0.548,2026-06-10
AXISBANK,95,74007,20023125,1738125,62920717250.0,94,45693,13145000,2860000,37040370781.25,0.656,0.617,2026-06-10
BAJAJ-AUTO,82,15549,1674300,30825,12460205636.25,83,6966,939000,-3900,5133892428.75,0.561,0.448,2026-06-10
BAJAJFINSV,79,16890,6694400,-98850,7542204142.5,79,6700,3355350,172900,2807704562.5,0.501,0.397,2026-06-10
BAJAJHLDNG,83,5645,100400,9500,3303419780.0,83,508,63550,1400,257563147.5,0.633,0.09,2026-06-10
BAJFINANCE,75,16914,21447000,242250,11770340437.5,75,6768,14675250,-219000,4471119525.0,0.684,0.4,2026-06-10
BANDHANBNK,60,8474,34840800,3132000,6651713736.0,56,3792,18252000,1767600,2757604896.0,0.524,0.447,2026-06-10
BANKBARODA,172,14789,54568800,-871650,12385903871.25,171,8038,35070750,-1953900,6381843390.0,0.643,0.544,2026-06-10
BANKINDIA,104,5076,29307200,384800,4119813724.0,105,2475,21377200,483600,1837547608.0,0.729,0.488,2026-06-10
BANKNIFTY,513,1111363,18010470,774810,1920136624533.0,513,970424,16748520,533220,1580444375646.0,0.93,0.873,2026-06-10
BDL,69,10839,4542350,190375,5005868322.5,66,4143,2801300,52050,1737523097.5,0.617,0.382,2026-06-10
BEL,72,21528,48670875,1604550,13329912555.0,70,8234,29989125,135375,4822380262.5,0.616,0.382,2026-06-10
BHARATFORG,69,19906,2473500,263000,20230868500.0,68,6154,1644500,187500,5892251275.0,0.665,0.309,2026-06-10
BHARTIARTL,74,39269,20185125,2218250,35010516368.75,74,14661,9139000,423225,12405175168.75,0.453,0.373,2026-06-10
BHEL,146,15968,39561375,4819500,17506334212.5,144,9736,24596250,971250,9811853887.5,0.622,0.61,2026-06-10
BIOCON,73,6289,16197500,935000,6878295125.0,71,1579,9752500,182500,1634545375.0,0.602,0.251,2026-06-10
BLUESTARCO,82,3910,1416675,-8775,2273800230.0,78,694,928850,-19825,353426612.5,0.656,0.177,2026-06-10
BOSCHLTD,114,7486,165625,-3700,7563867298.75,122,3846,161075,-3225,3470721237.5,0.973,0.514,2026-06-10
BPCL,57,11295,19230575,1125750,6828732448.75,56,7234,11664350,260700,4082734220.0,0.607,0.64,2026-06-10
BRITANNIA,101,21557,1316125,-111250,14677116381.25,97,4957,903750,-3375,3154440918.75,0.687,0.23,2026-06-10
BSE,73,26113,10546125,327850,41406433956.25,74,20540,6278675,6900,30060239208.75,0.595,0.787,2026-06-10
CAMS,60,1483,2301825,13500,889924875.0,61,870,1516200,64650,481813226.25,0.659,0.587,2026-06-10
CANBK,111,12525,107898750,4441500,12098723557.5,111,6369,70470000,-1694250,5799966862.5,0.653,0.509,2026-06-10
CDSL,48,9942,7327825,285000,6133800233.75,49,3685,4521050,9975,2085257220.0,0.617,0.371,2026-06-10
CGPOWER,70,9743,7297250,109650,8002749150.0,69,3862,4317150,260100,2928048295.0,0.592,0.396,2026-06-10
CHOLAFIN,77,4443,3289375,21875,4391111500.0,73,4130,2391250,-47500,3585411312.5,0.727,0.93,2026-06-10
CIPLA,100,5248,4876150,33575,2829751375.0,102,2384,3225100,-12600,1236872483.75,0.661,0.454,2026-06-10
COALINDIA,74,46042,48676950,3473550,30031905600.0,81,32055,41451750,-2450250,19558885455.0,0.852,0.696,2026-06-10
COCHINSHIP,71,2078,1492000,57200,1307911040.0,65,675,843600,44800,382248380.0,0.565,0.325,2026-06-10
COFORGE,74,15439,7523075,134225,8742823540.0,79,6024,4297600,6750,3098551068.75,0.571,0.39,2026-06-10
COLPAL,80,49462,1984075,121300,24156878722.5,80,15010,1254800,55775,6955724500.0,0.632,0.303,2026-06-10
CONCOR,85,3379,13922500,247500,2015528937.5,82,862,7332500,98750,491993875.0,0.527,0.255,2026-06-10
CROMPTON,107,3408,12303250,304200,1750178070.0,101,1018,4492200,237000,487280350.0,0.365,0.299,2026-06-10
CUMMINSIND,89,9454,1681000,-20400,11439532520.0,91,2204,1137400,20400,2432781260.0,0.677,0.233,2026-06-10
DABUR,83,12349,10475000,73750,7025859250.0,81,4241,7327500,2500,2240694750.0,0.7,0.343,2026-06-10
DALBHARAT,85,3614,947700,6175,2271922412.5,82,407,758225,975,219621512.5,0.8,0.113,2026-06-10
DELHIVERY,68,1700,9370700,255225,1647037993.75,66,605,4125100,35275,546024007.5,0.44,0.356,2026-06-10
DIVISLAB,96,18967,1517800,20300,13388802545.0,94,13568,1413600,-71600,8892313235.0,0.931,0.715,2026-06-10
DIXON,88,69466,1425000,103350,43171097055.0,100,28734,997900,-10050,16398368427.5,0.7,0.414,2026-06-10
DLF,93,5573,9986375,614150,2796692710.0,94,2344,6412675,-12325,1107283398.75,0.642,0.421,2026-06-10
DMART,68,26323,1392600,192300,17168647207.5,62,9677,731550,29400,5953897672.5,0.525,0.368,2026-06-10
DRREDDY,100,7285,7800000,-153125,6124100218.75,100,5252,3585000,43125,3908104375.0,0.46,0.721,2026-06-10
EICHERMOT,102,15369,1670700,-900,11586783465.0,104,12322,1364200,-34600,8273841900.0,0.817,0.802,2026-06-10
ETERNAL,71,22479,59497375,4988225,14170002742.5,73,10515,38261650,1425900,6223886538.75,0.643,0.468,2026-06-10
EXIDEIND,95,2168,17073000,270000,1610316990.0,95,1252,10231200,-23400,870525990.0,0.599,0.577,2026-06-10
FEDERALBNK,100,14132,27975000,32500,11498233500.0,100,10551,24740000,-2007500,8156039625.0,0.884,0.747,2026-06-10
FINNIFTY,259,9978,370260,35220,15726902970.0,259,6022,279360,8400,8951848845.0,0.754,0.604,2026-06-10
FORCEMOT,46,4183,163300,3650,2028613646.25,44,1838,75600,-2825,756924271.25,0.463,0.439,2026-06-10
FORTIS,71,13566,3743250,45725,11048347803.75,71,3996,2282375,145700,3050205010.0,0.61,0.295,2026-06-10
GAIL,109,5445,28245400,733300,3004701348.0,113,1749,21680400,108400,918470473.5,0.768,0.321,2026-06-10
GLENMARK,102,21277,4247250,309750,18683127543.75,101,7341,2751750,82500,5859999750.0,0.648,0.345,2026-06-10
GMRAIRPORT,85,5350,79549875,139500,4029000916.5,86,2126,40678200,439425,1486739454.75,0.511,0.397,2026-06-10
GODFRYPHLP,84,1334,852500,-8525,900013922.5,80,1191,436425,-41525,694419467.5,0.512,0.893,2026-06-10
GODREJCP,86,7457,1861500,-94000,3998313925.0,85,3193,2152500,221500,1557158175.0,1.156,0.428,2026-06-10
GODREJPROP,81,4816,2669800,95150,2370467012.5,80,3178,1685000,4400,1442414815.0,0.631,0.66,2026-06-10
GRASIM,105,11543,1690000,9750,9485068375.0,107,4762,1291750,16500,3507844725.0,0.764,0.413,2026-06-10
GVT&D,51,3319,486000,-48375,2211277631.25,51,1385,362125,-5125,818478725.0,0.745,0.417,2026-06-10
HAL,73,18049,2796450,122700,12142596337.5,71,8821,1883250,-25800,5623539180.0,0.673,0.489,2026-06-10
HAVELLS,107,4921,3783500,10000,3017516600.0,106,997,1862000,-15500,575982600.0,0.492,0.203,2026-06-10
HCLTECH,122,13105,9835350,175600,5572720270.0,121,7444,6086000,384050,2948750495.0,0.619,0.568,2026-06-10
HDFCAMC,195,2437,1452600,93900,1934890905.0,191,975,1065600,20700,711798765.0,0.734,0.4,2026-06-10
HDFCBANK,113,330959,116609850,-2854200,142439629265.0,112,113322,65935100,253200,46088953055.0,0.565,0.342,2026-06-10
HDFCLIFE,108,18573,26098600,3378100,12074091150.0,106,5360,14474900,753500,3290325940.0,0.555,0.289,2026-06-10
HEROMOTOCO,91,24666,2422500,15450,19064165925.0,87,9771,1249050,-16050,7185684015.0,0.516,0.396,2026-06-10
HINDALCO,86,35846,14367500,1977500,27998447680.0,86,24038,7689500,454300,17551078055.0,0.535,0.671,2026-06-10
HINDPETRO,70,5896,16396425,1281825,4829672891.25,71,2586,10485450,368550,1992688593.75,0.639,0.439,2026-06-10
HINDUNILVR,98,108461,8947800,-968100,73422749430.0,95,38583,4133100,-329100,24319829925.0,0.462,0.356,2026-06-10
HINDZINC,68,30751,30945950,2451225,22749212543.75,64,19273,15499925,437325,13006745036.25,0.501,0.627,2026-06-10
HYUNDAI,68,1721,877250,-17600,955674046.25,70,1056,708675,-1375,512668598.75,0.808,0.614,2026-06-10
ICICIBANK,100,107114,26828200,-711200,100067337475.0,95,81290,23604700,2432500,72762963805.0,0.88,0.759,2026-06-10
ICICIGI,75,2893,1130025,38025,1766111912.5,75,1102,538525,-11375,628176428.75,0.477,0.381,2026-06-10
ICICIPRULI,107,3959,6240975,633625,1866380501.25,107,1371,3882225,279350,594252652.5,0.622,0.346,2026-06-10
IDEA,29,21242,1942190175,107855775,24290041842.75,30,9153,937823475,24158550,8649150438.75,0.483,0.431,2026-06-10
IDFCFIRSTB,52,8547,104148975,5500075,6132169403.5,53,5039,81026400,-5323850,3396765905.75,0.778,0.59,2026-06-10
IEX,109,3630,35294100,1000800,1753270375.5,108,1384,18834600,94200,633511626.0,0.534,0.381,2026-06-10
INDHOTEL,93,8768,4582000,242000,6111305300.0,94,3313,4068000,256000,2195023100.0,0.888,0.378,2026-06-10
INDIANB,77,6891,5019000,5019000,6110304900.0,78,3329,3809000,3809000,2790277400.0,0.759,0.483,2026-06-10
INDIGO,67,32641,5721900,306150,23262206692.5,72,22733,2832450,142950,15182353462.5,0.495,0.696,2026-06-10
INDUSINDBK,67,14596,6419700,856100,9688162785.0,66,8055,5747000,-268800,5131494550.0,0.895,0.552,2026-06-10
INDUSTOWER,68,12383,23199900,333200,9279282635.0,70,5868,19779500,867000,4173930100.0,0.853,0.474,2026-06-10
INFY,120,64980,38878400,38878400,31707362360.0,122,34889,19923600,19923600,16148348200.0,0.512,0.537,2026-06-10
INOXWIND,102,5181,54461325,2491600,1747006502.0,102,2022,26891500,756800,609989136.5,0.494,0.39,2026-06-10
IOC,120,6086,47141250,507000,4306351237.5,117,3924,40350375,1428375,2637380557.5,0.856,0.645,2026-06-10
IREDA,115,3436,41543650,2024675,1586979754.0,118,1019,23151475,227675,446807248.0,0.557,0.297,2026-06-10
IRFC,85,9955,48392025,6276775,4306788658.0,86,1836,28382525,981375,757115361.0,0.587,0.184,2026-06-10
ITC,140,66164,126709725,-1824175,31364534337.5,139,21667,56937800,198625,9809725808.75,0.449,0.327,2026-06-10
JINDALSTEL,100,6492,4036875,471875,4900474031.25,97,3091,2551875,198750,2244148000.0,0.632,0.476,2026-06-10
JIOFIN,80,8648,45571200,2295950,5011613995.0,81,3547,35435650,951750,1933695079.5,0.778,0.41,2026-06-10
JSWENERGY,91,8780,10337700,303575,5342926522.5,90,3911,4850650,38775,2272913392.5,0.469,0.445,2026-06-10
JSWSTEEL,86,11821,4867425,232875,10609756076.25,86,9595,3225150,82350,8199981067.5,0.663,0.812,2026-06-10
JUBLFOOD,78,10737,10385000,3750,6092511000.0,79,2770,7036250,158750,1468622937.5,0.678,0.258,2026-06-10
KALYANKJIL,77,13623,13801050,2294825,6046110731.25,78,6473,6003800,-181400,2654899695.0,0.435,0.475,2026-06-10
KAYNES,78,370,1599850,-13600,138257005.0,75,16,963500,-900,5373575.0,0.602,0.043,2026-06-10
KEI,74,2522,615825,62125,2442212990.0,78,1075,327075,-8400,968707967.5,0.531,0.426,2026-06-10
KFINTECH,72,1373,2034250,123350,615299247.5,74,2744,1123725,-36750,1029709830.0,0.552,1.999,2026-06-10
KOTAKBANK,106,24164,32056000,-1648000,19416289700.0,110,12047,25536000,1064000,9200522300.0,0.797,0.499,2026-06-10
KPITTECH,76,4554,3827275,52525,1587383946.25,75,2099,3487325,127250,654750321.25,0.911,0.461,2026-06-10
LAURUSLABS,104,7366,5400050,-96050,9244234925.0,106,7076,5874350,-7650,7879602170.0,1.088,0.961,2026-06-10
LICHSGFIN,83,2185,5610000,107000,1246893150.0,81,887,3770000,-111000,485682000.0,0.672,0.406,2026-06-10
LICI,115,5661,17750600,491400,3345476190.0,117,2384,12628000,180600,1324000160.0,0.711,0.421,2026-06-10
LODHA,83,3719,3224500,-33400,1629368641.25,85,2462,2153500,-61675,929466093.75,0.668,0.662,2026-06-10
LT,122,35091,6264300,-110775,24969958265.0,124,19797,4543700,52325,13439295187.5,0.725,0.564,2026-06-10
LTF,54,5564,19878750,375750,3590030812.5,54,1550,12260250,13500,929833650.0,0.617,0.279,2026-06-10
LTM,78,5006,1446300,41250,3189086730.0,78,1864,1063950,30300,1084294140.0,0.736,0.372,2026-06-10
LUPIN,87,4410,2982225,109650,4454709027.5,87,1467,1706800,-38675,1368177488.75,0.572,0.333,2026-06-10
M&M,120,23824,7699800,379000,14968531660.0,117,10818,4296000,79800,6488727020.0,0.558,0.454,2026-06-10
MANAPPURAM,60,12143,16386000,4080000,11564289450.0,60,7785,8298000,1620000,6888717450.0,0.506,0.641,2026-06-10
MANKIND,97,4854,1140950,17325,2731002226.25,94,1025,499200,19375,530086027.5,0.438,0.211,2026-06-10
MARICO,108,7374,4696800,345600,7600611300.0,105,2163,2722800,45600,2099415120.0,0.58,0.293,2026-06-10
MARUTI,96,32922,1949100,-17450,22460686877.5,96,15757,920400,5350,10256354327.5,0.472,0.479,2026-06-10
MAXHEALTH,91,17615,6030150,-236775,9821536436.25,85,7575,3460275,246225,3979017210.0,0.574,0.43,2026-06-10
MAZDOCK,90,12669,2586200,285975,6874547773.75,94,3841,1298150,121175,1873054980.0,0.502,0.303,2026-06-10
MCX,63,24837,16199150,1070775,46951318023.75,61,16737,6981750,166225,28028441013.75,0.431,0.674,2026-06-10
MFSL,71,3420,921600,29200,2321405640.0,70,687,605600,16000,446730200.0,0.657,0.201,2026-06-10
MIDCPNIFTY,486,87938,6043920,90840,154850550384.0,486,81921,6048120,152880,136970560158.0,1.001,0.932,2026-06-10
MOTHERSON,122,3080,41733900,178350,2856635578.5,129,1126,28154700,744150,971025837.0,0.675,0.366,2026-06-10
MOTILALOFS,66,1641,2609425,16275,1187273185.0,66,1197,1312850,183675,781677128.75,0.503,0.729,2026-06-10
MPHASIS,106,2190,1255925,68750,1485644173.75,110,1634,886875,26950,1015740756.25,0.706,0.746,2026-06-10
MUTHOOTFIN,70,25219,3356100,396275,21882427737.5,69,21524,2165625,358600,17012534660.0,0.645,0.853,2026-06-10
NAM-INDIA,52,3379,1274375,-106875,2505978281.25,51,823,868125,28750,539417406.25,0.681,0.244,2026-06-10
NATIONALUM,89,16652,35411250,958125,12981259218.75,88,7361,21770625,600000,5191391250.0,0.615,0.442,2026-06-10
NAUKRI,76,4834,3263825,97725,1877154273.75,82,2522,2456150,191025,922734117.5,0.753,0.522,2026-06-10
NBCC,83,5117,44284500,4257500,3726555430.0,85,2092,26637000,1904500,1446891550.0,0.601,0.409,2026-06-10
NESTLEIND,97,35953,3481000,603500,26774722900.0,94,8774,1783000,310000,6286195575.0,0.512,0.244,2026-06-10
NHPC,81,9693,108727300,3724850,4874371483.5,79,4982,65997200,-4157400,2345743858.5,0.607,0.514,2026-06-10
NIFTY,845,24659421,215900190,52263615,38192972863191.25,867,23406026,201736380,28140810,35101174363869.25,0.934,0.949,2026-06-10
NIFTYNXT50,639,353,9450,3150,644985386.25,639,64,1350,225,113910098.75,0.143,0.181,2026-06-10
NMDC,93,11938,122654250,3874500,7692121327.5,93,6603,51239250,1613250,3935048985.0,0.418,0.553,2026-06-10
NTPC,138,36019,63252000,3277500,20509159125.0,138,12398,21393000,730500,6690806775.0,0.338,0.344,2026-06-10
NUVAMA,44,4838,937000,197500,4036511075.0,43,1860,443500,-6000,1307024875.0,0.473,0.384,2026-06-10
NYKAA,78,6828,32703125,4056250,6054299531.25,75,1798,11693750,184375,1465225937.5,0.358,0.263,2026-06-10
OBEROIRLTY,62,2695,949550,31500,1674633485.0,62,611,654500,26600,345428877.5,0.689,0.227,2026-06-10
OFSS,81,7505,624125,51400,5820156765.0,88,3752,455525,49800,2690858103.75,0.73,0.5,2026-06-10
OIL,105,31023,13615000,8519000,20676820150.0,99,31642,7901600,4411400,19535169640.0,0.58,1.02,2026-06-10
ONGC,99,62990,85808250,15075000,39038651100.0,93,22656,31304250,4992750,13223415825.0,0.365,0.36,2026-06-10
PAGEIND,111,3813,60710,13000,2331836430.25,100,719,28120,-15,410534887.5,0.463,0.189,2026-06-10
PATANJALI,86,5369,7602225,-52750,2161129963.75,87,2145,5429975,-421025,809373705.0,0.714,0.4,2026-06-10
PAYTM,96,44156,8237450,1382575,37106131366.25,92,21788,3975175,225475,17236760051.25,0.483,0.493,2026-06-10
PERSISTENT,97,8623,1193025,12550,4611219042.5,104,4053,795450,34275,2033023863.75,0.667,0.47,2026-06-10
PETRONET,94,1543,9083900,119700,829277515.0,92,491,8880600,41800,256143465.0,0.978,0.318,2026-06-10
PFC,74,15205,17682600,956800,9052903795.0,72,5117,11029200,88400,2889633240.0,0.624,0.337,2026-06-10
PGEL,50,8672,8508200,373350,4223515795.0,49,4804,7010050,420850,2189862195.0,0.824,0.554,2026-06-10
PHOENIXLTD,63,5204,553700,37100,3437722172.5,64,1650,329350,66850,1021256197.5,0.595,0.317,2026-06-10
PIDILITIND,91,27226,1929000,676000,21428851475.0,92,6941,1079000,485000,5214379575.0,0.559,0.255,2026-06-10
PIIND,124,17853,1781150,-330750,9721904736.25,125,7718,820925,-127575,3624248267.5,0.461,0.432,2026-06-10
PNB,90,13585,109128000,6968000,12425767840.0,91,8101,79472000,-5232000,6974842080.0,0.728,0.596,2026-06-10
PNBHOUSING,85,1578,2015650,52000,1110682137.5,84,562,1118000,31850,348217675.0,0.555,0.356,2026-06-10
POLICYBZR,89,7464,3958150,37450,4308307045.0,87,2569,2356200,-36750,1356893615.0,0.595,0.344,2026-06-10
POLYCAB,64,12096,768375,52250,15088889125.0,70,10753,816500,19875,12477884625.0,1.063,0.889,2026-06-10
POWERGRID,106,20574,32700900,575700,11741509800.0,102,7289,16835900,408500,3942835540.0,0.515,0.354,2026-06-10
POWERINDIA,67,32920,637825,127325,31245923340.0,68,16539,394650,19300,13504052676.25,0.619,0.502,2026-06-10
PREMIERENE,73,4424,3946375,-11125,2898733067.5,76,994,1888325,68500,609927596.25,0.478,0.225,2026-06-10
PRESTIGE,55,1839,1188450,77400,1275381900.0,53,277,791100,38250,163712362.5,0.666,0.151,2026-06-10
RADICO,54,1700,198750,24900,987772290.0,53,540,84600,3450,250240230.0,0.426,0.318,2026-06-10
RBLBANK,50,10739,19932650,2917825,12909868293.75,53,3278,11572875,-307975,3673160833.75,0.581,0.305,2026-06-10
RECLTD,60,11055,21914550,245350,5729011531.25,58,3914,16097725,-133875,1916257822.5,0.735,0.354,2026-06-10
RELIANCE,120,305722,98866000,11785500,207991559175.0,120,141752,53218500,3267000,90209793900.0,0.538,0.464,2026-06-10
RVNL,61,9090,35812950,1964325,3608403152.5,62,2591,16556175,553150,933630448.25,0.462,0.285,2026-06-10
SAIL,63,1568,18132600,531100,1474829403.0,64,934,10194300,451200,818959819.0,0.562,0.596,2026-06-10
SAMMAANCAP,35,3982,35840500,907300,3250154742.0,38,1585,20683000,-335400,1192922254.0,0.577,0.398,2026-06-10
SBICARD,64,6275,12194400,-66400,3133904640.0,64,7102,7344000,328000,2923009160.0,0.602,1.132,2026-06-10
SBILIFE,81,8350,2817000,687750,5761248900.0,79,5187,1539000,91500,3284154375.0,0.546,0.621,2026-06-10
SBIN,94,114073,45480000,-102000,90118008975.0,93,90721,37974750,-1627500,67001074612.5,0.835,0.795,2026-06-10
SHREECEM,82,13092,67750,10325,8551915718.75,82,4657,36350,6225,2514180478.75,0.537,0.356,2026-06-10
SHRIRAMFIN,90,9449,12958275,772200,7521836272.5,89,3032,8005800,138600,2262380298.75,0.618,0.321,2026-06-10
SIEMENS,60,7739,1723225,11200,5210679906.25,61,2467,1020775,-23800,1541861667.5,0.592,0.319,2026-06-10
SOLARINDS,53,5954,260100,17250,5747928372.5,53,9075,188900,4700,7365609002.5,0.726,1.524,2026-06-10
SONACOMS,82,1428,4041275,89425,1090373970.0,84,785,2472050,41650,577294602.5,0.612,0.55,2026-06-10
SRF,92,11151,1222600,193800,6324320400.0,95,5786,720200,138600,2785695240.0,0.589,0.519,2026-06-10
SUNPHARMA,74,27416,12239150,-421750,17743053930.0,73,10906,5480300,-117950,6792668487.5,0.448,0.398,2026-06-10
SUPREMEIND,63,2816,572425,62125,1856075331.25,64,2289,318325,-2100,1211548922.5,0.556,0.813,2026-06-10
SUZLON,48,9023,167038250,7790850,4820886770.0,49,3602,75935000,132350,1758631223.25,0.455,0.399,2026-06-10
SWIGGY,57,6800,14149775,440000,2386730440.0,56,3012,7259225,-255275,986407746.25,0.513,0.443,2026-06-10
TATACONSUM,100,17607,5440050,391600,11381466965.0,96,3685,2692250,93500,2210844790.0,0.495,0.209,2026-06-10
TATAELXSI,81,7176,936375,34275,3214533966.25,83,4591,556325,30325,1911762341.25,0.594,0.64,2026-06-10
TATAPOWER,73,27292,32319050,1522500,16723861157.5,73,7352,16847550,317550,4281628440.0,0.521,0.269,2026-06-10
TATASTEEL,65,45628,121671000,12124750,26555176752.5,65,25911,55324500,5651250,13978281322.5,0.455,0.568,2026-06-10
TCS,123,117357,29182600,67425,47764109371.25,120,51171,16540300,10525,19425011168.75,0.567,0.436,2026-06-10
TECHM,74,7361,8993400,-166200,6910485870.0,73,3511,5716200,205800,3105822780.0,0.636,0.477,2026-06-10
TIINDIA,104,1489,478600,29000,979860580.0,108,424,247200,11200,265513030.0,0.517,0.285,2026-06-10
TITAN,72,29191,3951150,464975,21997135825.0,72,17100,2032625,92925,12016614767.5,0.514,0.586,2026-06-10
TMPV,61,32860,37652000,702400,10813974520.0,64,12936,18739200,-828800,4029081320.0,0.498,0.394,2026-06-10
TORNTPHARM,73,8790,657625,-13000,5194158768.75,73,2932,314750,-6000,1620792931.25,0.479,0.334,2026-06-10
TRENT,138,37416,3522225,-75,16445831681.25,138,12778,1728525,51975,5401543710.0,0.491,0.342,2026-06-10
TVSMOTOR,118,12097,1458275,9975,7558353390.0,116,3676,1111250,13300,2164649917.5,0.762,0.304,2026-06-10
ULTRACEMCO,97,16685,900800,42950,9522441735.0,94,6227,458850,7550,3378195910.0,0.509,0.373,2026-06-10
UNIONBANK,57,5992,33342375,2575350,4727777837.25,58,2171,24611850,-371700,1606659576.75,0.738,0.362,2026-06-10
UNITDSPR,104,4696,2832000,-61200,2506868080.0,102,1523,2280800,-6400,767736180.0,0.805,0.324,2026-06-10
UNOMINDA,50,1039,884950,89100,666295602.5,48,991,598950,-3300,537261120.0,0.677,0.954,2026-06-10
UPL,102,5170,6742480,1100260,4592751429.75,101,2691,4746565,705955,2291655606.25,0.704,0.521,2026-06-10
VBL,67,16569,12191175,1650825,10392746880.0,67,5759,4609200,190350,3374331165.0,0.378,0.348,2026-06-10
VEDL,63,37388,47217850,3034850,14507673947.5,62,20557,20809250,1213250,6975077750.0,0.441,0.55,2026-06-10
VMM,83,3045,6562050,116400,1858056291.5,85,434,4214650,19400,253580601.0,0.642,0.143,2026-06-10
VOLTAS,69,10310,3878625,-750,5329685906.25,67,4776,2703375,-22125,2281270762.5,0.697,0.463,2026-06-10
WAAREEENER,50,11492,2280600,39025,6663057318.75,49,3603,1292025,6300,1909845490.0,0.567,0.314,2026-06-10
WIPRO,83,32633,210750000,6516000,19284263640.0,83,14283,110109000,-1359000,7604290980.0,0.522,0.438,2026-06-10
YESBANK,26,12251,405419600,31908600,9467179612.0,28,4810,214994300,-6593200,3348795752.0,0.53,0.393,2026-06-10
ZYDUSLIFE,77,6792,4311000,46800,7029810855.0,76,2977,2830500,-43200,2920503690.0,0.657,0.438,2026-06-10
360ONE,47,1857,1256500,110000,1046139075.0,48,483,410500,14500,254729950.0,0.327,0.26,2026-06-11
ABB,110,9527,1345375,103375,8641061200.0,119,3357,688875,8250,2798036937.5,0.512,0.352,2026-06-11
ABCAPITAL,58,3989,14083300,1267900,4533940185.0,56,1395,8763700,399900,1465160285.0,0.622,0.35,2026-06-11
ADANIENSOL,69,6483,7126650,479925,7147294470.0,69,3356,3121875,-91800,3289022043.75,0.438,0.518,2026-06-11
ADANIENT,101,21093,8094564,133797,20223345140.1,112,12776,5817852,95172,11163720621.3,0.719,0.606,2026-06-11
ADANIGREEN,106,11172,8430600,481800,10526565060.0,117,9512,5437800,33000,7577176830.0,0.645,0.851,2026-06-11
ADANIPORTS,60,17698,7413325,512050,15859328120.0,61,11121,3988575,-42275,9293814113.75,0.538,0.628,2026-06-11
ADANIPOWER,81,13432,54520900,4906100,11566486176.0,77,4486,29965550,390500,3514012407.5,0.55,0.334,2026-06-11
ALKEM,103,3887,746875,15875,2803687643.75,103,1657,414250,-3375,1039164500.0,0.555,0.426,2026-06-11
AMBER,61,19601,1710100,-43900,16062549315.0,58,12582,1399400,187400,9144523025.0,0.818,0.642,2026-06-11
AMBUJACEM,83,8718,20440050,648900,4078038622.5,83,1295,10661250,-29100,565556835.0,0.522,0.149,2026-06-11
ANGELONE,58,7102,20892500,470000,6335217000.0,59,3434,12777500,-447500,2819872375.0,0.612,0.484,2026-06-11
APLAPOLLO,84,2695,1295000,-5600,1774726835.0,84,2180,1084300,50400,1196776402.5,0.837,0.809,2026-06-11
APOLLOHOSP,111,9059,1300000,-31750,9956999856.25,114,7261,1180500,-18250,7618276775.0,0.908,0.802,2026-06-11
ASHOKLEY,76,25171,194515000,8885000,19805249250.0,76,6368,92670000,1905000,4510041250.0,0.476,0.253,2026-06-11
ASIANPAINT,86,9601,6360750,-3250,6721774412.5,94,5813,3239250,-73500,3784420000.0,0.509,0.605,2026-06-11
ASTRAL,68,3050,2193000,-44625,2121567678.75,68,744,1490900,33575,468816820.0,0.68,0.244,2026-06-11
AUBANK,74,4082,5503000,135000,4144769350.0,73,1714,3636000,92000,1653974350.0,0.661,0.42,2026-06-11
AUROPHARMA,54,9178,3886300,154550,7753032980.0,52,5092,2240150,31900,3785343925.0,0.576,0.555,2026-06-11
AXISBANK,97,58635,20678750,655625,50030646187.5,98,35064,14035625,890625,28827019250.0,0.679,0.598,2026-06-11
BAJAJ-AUTO,82,20541,1677600,3300,16439478337.5,83,13538,948225,9225,9150121965.0,0.565,0.659,2026-06-11
BAJAJFINSV,79,19490,7300100,605700,8575267782.5,79,6630,3478750,123400,2754379160.0,0.477,0.34,2026-06-11
BAJAJHLDNG,83,1663,114700,14300,914397945.0,83,980,61150,-2400,440684557.5,0.533,0.589,2026-06-11
BAJFINANCE,75,17226,21540000,93000,11912383537.5,75,6744,14943000,267750,4455720712.5,0.694,0.392,2026-06-11
BANDHANBNK,63,9553,36086400,1245600,7312462128.0,59,4210,19720800,1468800,3014269488.0,0.546,0.441,2026-06-11
BANKBARODA,172,17312,51842700,-2726100,14163282607.5,171,7916,35775675,704925,6167317455.0,0.69,0.457,2026-06-11
BANKINDIA,104,3460,31860400,2553200,2732759172.0,105,1319,22136400,759200,964894216.0,0.695,0.381,2026-06-11
BANKNIFTY,513,1223979,18112950,102480,2115258914925.0,513,932251,16918170,169650,1521991447056.0,0.934,0.762,2026-06-11
BDL,69,10343,4851550,309200,4935985777.5,66,3393,2842150,40850,1406294440.0,0.586,0.328,2026-06-11
BEL,72,29140,52958700,4287825,17980697808.75,70,9020,30201450,212325,5208714933.75,0.57,0.31,2026-06-11
BHARATFORG,69,7122,2656000,182500,7273600825.0,68,2901,1743000,98500,2776833400.0,0.656,0.407,2026-06-11
BHARTIARTL,77,29539,19291175,-893950,26279729991.25,76,10905,9099575,-39425,9244251640.0,0.472,0.369,2026-06-11
BHEL,146,14601,41351625,1790250,15615916575.0,144,8932,25887750,1291500,8869381368.75,0.626,0.612,2026-06-11
BIOCON,73,4329,16645000,447500,4735829750.0,71,1252,9955000,202500,1293832500.0,0.598,0.289,2026-06-11
BLUESTARCO,82,1720,1417325,650,954700678.75,78,439,956475,27625,221511940.0,0.675,0.255,2026-06-11
BOSCHLTD,114,9537,170875,5250,9593588340.0,122,3557,161250,175,3234013756.25,0.944,0.373,2026-06-11
BPCL,57,16729,18288500,-942075,10014978816.25,56,8894,12011950,347600,4994723748.75,0.657,0.532,2026-06-11
BRITANNIA,101,6202,1365625,49500,4217255187.5,97,2285,915750,12000,1458074262.5,0.671,0.368,2026-06-11
BSE,73,30705,10739775,193650,48133282256.25,74,18218,6372525,93850,26402360590.0,0.593,0.593,2026-06-11
CAMS,60,2994,2468850,167025,1767641981.25,61,4156,2129100,612900,2178104070.0,0.862,1.388,2026-06-11
CANBK,111,12437,100048500,-7850250,11776571167.5,111,5942,71523000,1053000,5298560325.0,0.715,0.478,2026-06-11
CDSL,48,10651,7357275,29450,6541945503.75,49,4931,4593250,72200,2661387665.0,0.624,0.463,2026-06-11
CGPOWER,70,12409,8312150,1014900,10142552835.0,69,3786,4453150,136000,2930164710.0,0.536,0.305,2026-06-11
CHOLAFIN,77,3452,3513125,223750,3457618718.75,73,1548,2513750,122500,1413905093.75,0.716,0.448,2026-06-11
CIPLA,100,7108,4917025,40875,3844103707.5,102,2485,3253400,28300,1279487393.75,0.662,0.35,2026-06-11
COALINDIA,77,37939,51471450,2794500,24353880525.0,82,19608,41813550,361800,11819367720.0,0.812,0.517,2026-06-11
COCHINSHIP,71,2344,1540000,48000,1412606520.0,65,996,894000,50400,570511220.0,0.581,0.425,2026-06-11
COFORGE,74,15671,7754325,231250,8797837760.0,79,11446,4358650,61050,5841617465.0,0.562,0.73,2026-06-11
COLPAL,80,6708,1987750,3675,3304635063.75,80,5382,1288200,33400,2271352745.0,0.648,0.802,2026-06-11
CONCOR,85,6181,13112500,-810000,3741531562.5,82,761,7300000,-32500,426256937.5,0.557,0.123,2026-06-11
CROMPTON,108,3389,13213550,910300,1723259000.0,102,908,4423400,-68800,428881485.0,0.335,0.268,2026-06-11
CUMMINSIND,89,11181,1757400,76400,13470230080.0,91,2763,1147400,10000,3076907350.0,0.653,0.247,2026-06-11
DABUR,83,4538,11181250,706250,2562087500.0,81,1866,7517500,190000,968329687.5,0.672,0.411,2026-06-11
DALBHARAT,88,2843,1059825,112125,1651241133.75,85,1285,809575,51350,673734392.5,0.764,0.452,2026-06-11
DELHIVERY,71,2344,9711000,340300,2275272671.25,69,521,4243375,118275,478073775.0,0.437,0.222,2026-06-11
DIVISLAB,96,13204,1492400,-25400,9329473495.0,94,5497,1433200,19600,3610322185.0,0.96,0.416,2026-06-11
DIXON,88,31271,1490400,65400,19174484365.0,100,15428,1007250,9350,8778131012.5,0.676,0.493,2026-06-11
DLF,93,5619,9960800,-25575,2786642485.0,94,1913,6434175,21500,894999611.25,0.646,0.34,2026-06-11
DMART,70,14834,1606650,214050,9480776625.0,64,6399,783000,51450,3858599107.5,0.487,0.431,2026-06-11
DRREDDY,100,11028,8165625,365625,9208335312.5,100,5419,3691875,106875,4126779906.25,0.452,0.491,2026-06-11
EICHERMOT,102,15234,1758100,87400,11405221495.0,104,8964,1377000,12800,6335490535.0,0.783,0.588,2026-06-11
ETERNAL,75,29697,63391925,3894550,18449108272.5,76,14185,40737575,2475925,8117956311.25,0.643,0.478,2026-06-11
EXIDEIND,95,2867,17285400,212400,2137365630.0,95,1230,10276200,45000,850946040.0,0.595,0.429,2026-06-11
FEDERALBNK,100,10361,28362500,387500,8380804250.0,100,4972,24650000,-90000,3815121625.0,0.869,0.48,2026-06-11
FINNIFTY,259,4941,370620,360,7742508561.0,259,3832,280200,840,5680182141.0,0.756,0.776,2026-06-11
FORCEMOT,46,5643,177125,13825,2679085158.75,44,1911,73750,-1850,791561108.75,0.416,0.339,2026-06-11
FORTIS,71,5429,3779675,36425,4382943408.75,71,2320,2293225,10850,1757779708.75,0.607,0.427,2026-06-11
GAIL,109,4663,28094750,-150650,2557217139.0,113,2047,21985600,305200,1068172581.5,0.783,0.439,2026-06-11
GLENMARK,102,5874,4222875,-24375,5060573606.25,101,1343,2756250,4500,1052385693.75,0.653,0.229,2026-06-11
GMRAIRPORT,85,4491,80149725,599850,3354676609.5,86,1925,40985100,306900,1329730949.25,0.511,0.429,2026-06-11
GODFRYPHLP,84,2170,908325,55825,1466754905.0,80,744,450725,14300,432795605.0,0.496,0.343,2026-06-11
GODREJCP,86,2961,1987500,126000,1578230875.0,85,2097,2040500,-112000,1027650100.0,1.027,0.708,2026-06-11
GODREJPROP,81,8972,2797950,128150,4561641918.75,80,6156,1760775,75775,2800263805.0,0.629,0.686,2026-06-11
GRASIM,105,6873,1761500,71500,5527171537.5,107,3380,1245000,-46750,2563941462.5,0.707,0.492,2026-06-11
GVT&D,51,2228,485125,-875,1522532406.25,51,1157,356250,-5875,679621568.75,0.734,0.519,2026-06-11
HAL,73,14776,2857650,61200,9994243995.0,71,6557,1953150,69900,4147091490.0,0.683,0.444,2026-06-11
HAVELLS,107,4687,3963000,179500,2892581025.0,106,1117,1861000,-1000,645722150.0,0.47,0.238,2026-06-11
HCLTECH,123,38187,10654600,819250,16218736960.0,122,25480,6562550,476550,9955296312.5,0.616,0.667,2026-06-11
HDFCAMC,195,4220,1593300,140700,3316366725.0,191,2179,1094100,28500,1568589285.0,0.687,0.516,2026-06-11
HDFCBANK,113,229787,119886600,3276750,98544992885.0,112,78164,65922450,-12650,31981408612.5,0.55,0.34,2026-06-11
HDFCLIFE,114,14283,26578200,479600,9152732710.0,112,7813,16379000,1904100,4673657670.0,0.616,0.547,2026-06-11
HEROMOTOCO,91,11367,2450700,28200,8752119937.5,87,3686,1269450,20400,2688043665.0,0.518,0.324,2026-06-11
HINDALCO,90,26741,17063200,2695700,20650724710.0,90,12179,8178100,488600,8854703690.0,0.479,0.455,2026-06-11
HINDPETRO,70,7599,17419050,1022625,6103864046.25,71,5385,10890450,405000,4039814250.0,0.625,0.709,2026-06-11
HINDUNILVR,98,24202,9007200,59400,16364916915.0,95,14824,4086600,-46500,8922545730.0,0.454,0.613,2026-06-11
HINDZINC,70,17655,31287725,341775,12996299522.5,66,8860,15671425,171500,5959874838.75,0.501,0.502,2026-06-11
HYUNDAI,68,10280,1095875,218625,5768199621.25,70,5258,866250,157575,2545374466.25,0.79,0.511,2026-06-11
ICICIBANK,102,186986,31792600,4964400,177333675295.0,99,145504,30087400,6482700,132488770225.0,0.946,0.778,2026-06-11
ICICIGI,75,3305,1302600,172575,2042426815.0,75,731,540150,1625,407518231.25,0.415,0.221,2026-06-11
ICICIPRULI,110,5559,6310350,69375,2627809467.5,110,1809,4002475,120250,767948736.25,0.634,0.325,2026-06-11
IDEA,29,21911,1877791200,-64398975,24924913527.0,30,11244,935321850,-2501625,10965054084.0,0.498,0.513,2026-06-11
IDFCFIRSTB,52,6504,108406200,4257225,4640798839.25,53,3888,82111575,1085175,2582113254.0,0.757,0.598,2026-06-11
IEX,109,3075,35906700,612600,1478348920.5,108,747,18982500,147900,336831213.0,0.529,0.243,2026-06-11
INDHOTEL,93,3781,4872000,290000,2619743400.0,94,1659,4148000,80000,1090131450.0,0.851,0.439,2026-06-11
INDIANB,136,3636,5070000,51000,3165985550.0,137,1515,3940000,131000,1257520400.0,0.777,0.417,2026-06-11
INDIGO,67,25304,6095850,373950,17966837175.0,72,20445,2656050,-176400,13586477317.5,0.436,0.808,2026-06-11
INDUSINDBK,70,11098,6381900,-37800,7291704035.0,68,4419,5784800,37800,2777089105.0,0.906,0.398,2026-06-11
INDUSTOWER,71,8318,23244100,44200,6210245350.0,73,2312,19975000,195500,1641371845.0,0.859,0.278,2026-06-11
INFY,202,88498,41698400,2820000,42222397160.0,204,51145,21625600,1702000,22860031700.0,0.519,0.578,2026-06-11
INOXWIND,102,5196,55828000,1366675,1727755850.75,102,2051,27934300,1042800,617331678.25,0.5,0.395,2026-06-11
IOC,120,7254,49403250,2262000,5115470100.0,117,4061,40477125,126750,2665565370.0,0.819,0.56,2026-06-11
IREDA,115,3582,44470000,2926350,1619135393.0,118,605,23397675,246200,254860039.75,0.526,0.169,2026-06-11
IRFC,85,6451,50462650,2070625,2757331914.75,86,1618,28337925,-44600,652534140.25,0.562,0.251,2026-06-11
ITC,140,41563,128833700,2123975,19681676361.25,139,15131,56484775,-453025,6868580546.25,0.438,0.364,2026-06-11
JINDALSTEL,107,4201,4140000,103125,3142086843.75,104,1544,2579375,27500,1094483468.75,0.623,0.368,2026-06-11
JIOFIN,80,17273,47324300,1753100,9802967495.5,81,7435,36215850,780200,4071368984.0,0.765,0.43,2026-06-11
JSWENERGY,95,9346,10707200,369500,5597827922.5,94,3151,4672025,-178625,1776633765.0,0.436,0.337,2026-06-11
JSWSTEEL,86,8429,4955175,87750,7591479603.75,86,4745,3449925,224775,3964502036.25,0.696,0.563,2026-06-11
JUBLFOOD,78,7607,11391250,1006250,4256580562.5,79,3169,7298750,262500,1645118062.5,0.641,0.417,2026-06-11
KALYANKJIL,77,15844,15117875,1316825,6765418155.0,78,9854,6090250,86450,3948201130.0,0.403,0.622,2026-06-11
KAYNES,78,216,1590050,-9800,78778260.0,75,37,962300,-1200,12200860.0,0.605,0.171,2026-06-11
KEI,74,2671,626150,10325,2573588053.75,78,881,336875,9800,770683173.75,0.538,0.33,2026-06-11
KFINTECH,78,2876,2416100,381850,1261345077.5,80,1103,1128600,4875,446647767.5,0.467,0.384,2026-06-11
KOTAKBANK,106,30551,32186000,130000,24948340500.0,110,13643,26514000,978000,10594071900.0,0.824,0.447,2026-06-11
KPITTECH,79,5356,4081300,254025,1790177715.0,78,1736,3525675,38350,545316220.0,0.864,0.324,2026-06-11
LAURUSLABS,104,6468,5462100,62050,8027511477.5,106,4197,5788500,-85850,4926494345.0,1.06,0.649,2026-06-11
LICHSGFIN,83,2218,5857000,247000,1262170150.0,81,918,3821000,51000,498295300.0,0.652,0.414,2026-06-11
LICI,115,6835,18356800,606200,4049524430.0,117,3013,13029800,401800,1639546650.0,0.71,0.441,2026-06-11
LODHA,84,2567,3286550,62050,1095630353.75,86,1694,2071300,-82200,633993311.25,0.63,0.66,2026-06-11
LT,122,29216,6625675,361375,20669653725.0,124,15926,4637850,94150,10855214413.75,0.7,0.545,2026-06-11
LTF,54,4653,20697750,819000,2952884812.5,54,983,12246750,-13500,582137775.0,0.592,0.211,2026-06-11
LTM,79,11937,1582500,136200,7422710167.5,79,11625,1197600,133650,6734730202.5,0.757,0.974,2026-06-11
LUPIN,87,6807,3077425,95200,6796904023.75,87,1563,1710625,3825,1488620470.0,0.556,0.23,2026-06-11
M&M,120,39818,7106400,-593400,24953967070.0,117,20336,4375000,79000,12132307150.0,0.616,0.511,2026-06-11
MANAPPURAM,61,8093,17133000,747000,7499428800.0,61,4265,8124000,-174000,3682699200.0,0.474,0.527,2026-06-11
MANKIND,97,4725,1289525,148575,2680296023.75,94,8126,541425,42225,3722280835.0,0.42,1.72,2026-06-11
MARICO,108,3902,4886400,189600,3964471200.0,105,1584,2676000,-46800,1542243420.0,0.548,0.406,2026-06-11
MARUTI,96,36941,1964100,15000,25149166945.0,96,23775,965300,44900,15514723645.0,0.491,0.644,2026-06-11
MAXHEALTH,92,8155,5930400,-99750,4527968655.0,86,4508,3519600,59325,2395900237.5,0.593,0.553,2026-06-11
MAZDOCK,93,11230,2743750,157550,6010301605.0,97,4938,1376250,78100,2354015495.0,0.502,0.44,2026-06-11
MCX,65,19482,15620950,-578200,36370031997.5,63,9733,6950000,-31750,16311918480.0,0.445,0.5,2026-06-11
MFSL,71,1833,963600,42000,1252142180.0,70,597,620000,14400,374366580.0,0.643,0.326,2026-06-11
MIDCPNIFTY,486,85825,6615480,571560,150191998926.0,486,78573,6408360,360240,129921211596.0,0.969,0.916,2026-06-11
MOTHERSON,122,2492,42810150,1076250,2293027008.0,129,1038,28099350,-55350,894550525.5,0.656,0.417,2026-06-11
MOTILALOFS,66,2124,2710950,101525,1501631010.0,66,471,1381825,68975,310148412.5,0.51,0.222,2026-06-11
MPHASIS,106,3123,1273525,17600,2086845557.5,110,2519,862400,-24475,1581983370.0,0.677,0.807,2026-06-11
MUTHOOTFIN,73,16293,3439150,83050,13992279950.0,72,9380,2258850,93225,7327164528.75,0.657,0.576,2026-06-11
NAM-INDIA,52,1360,1357500,83125,981732406.25,51,356,847500,-20625,233420750.0,0.624,0.262,2026-06-11
NATIONALUM,89,13954,37125000,1713750,10745422968.75,88,4780,21969375,198750,3402685875.0,0.592,0.343,2026-06-11
NAUKRI,79,5184,3126650,-137175,2016713267.5,84,2141,2445800,-10350,779318255.0,0.782,0.413,2026-06-11
NBCC,83,6894,47391500,3107000,4903511340.0,85,2352,26377000,-260000,1596309195.0,0.557,0.341,2026-06-11
NESTLEIND,99,9870,3420500,-60500,7370505050.0,96,2817,1805500,22500,2020832350.0,0.528,0.285,2026-06-11
NHPC,81,8612,115230450,6503150,4299689109.5,79,2466,67162950,1165750,1170609486.0,0.583,0.286,2026-06-11
NIFTY,846,26259025,235295085,19394895,40466066022599.75,868,24015641,231825210,30088830,35818437776186.0,0.985,0.915,2026-06-11
NIFTYNXT50,639,595,10450,1000,1090707720.0,639,12,1500,150,21317362.5,0.144,0.02,2026-06-11
NMDC,93,9218,123261750,607500,5948563387.5,93,4121,51090750,-148500,2444388367.5,0.414,0.447,2026-06-11
NTPC,143,24093,64516500,1264500,13534079025.0,143,8246,22663500,1270500,4380769875.0,0.351,0.342,2026-06-11
NUVAMA,44,1698,970000,33000,1381761400.0,43,567,470500,27000,422135050.0,0.485,0.334,2026-06-11
NYKAA,78,6425,32481250,-221875,5684414843.75,75,1338,11784375,90625,1102454687.5,0.363,0.208,2026-06-11
OBEROIRLTY,62,3173,1041250,91700,1985604407.5,62,805,645400,-9100,454324325.0,0.62,0.254,2026-06-11
OFSS,83,25632,718600,94475,19399686367.5,89,24789,521800,66275,17185147546.25,0.726,0.967,2026-06-11
OIL,106,23651,14050400,435400,15261343160.0,100,9212,7323400,-578200,5495451220.0,0.521,0.389,2026-06-11
ONGC,107,59829,95067000,9258750,36279001687.5,101,12657,31461750,157500,7230782362.5,0.331,0.212,2026-06-11
PAGEIND,111,2663,62205,1495,1622885289.5,100,1482,26995,-1125,781744800.75,0.434,0.557,2026-06-11
PATANJALI,86,5626,7742625,140400,2259698715.0,87,2204,5211275,-218700,846672390.0,0.673,0.392,2026-06-11
PAYTM,96,20096,10898200,2660750,16207362675.0,92,11064,4788625,813450,8455981493.75,0.439,0.551,2026-06-11
PERSISTENT,99,22865,1284175,91150,11948030797.5,105,27164,894175,98725,12614284341.25,0.696,1.188,2026-06-11
PETRONET,94,3106,8662100,-421800,1650152755.0,92,1593,9182700,302100,815264730.0,1.06,0.513,2026-06-11
PFC,74,31635,22127300,4444700,18269675515.0,72,19700,11915800,886600,10759586695.0,0.539,0.623,2026-06-11
PGEL,51,12463,9367000,858800,5934147972.5,50,7280,7198150,188100,3221110565.0,0.768,0.584,2026-06-11
PHOENIXLTD,63,1308,708050,154350,855825285.0,64,482,344750,15400,289888182.5,0.487,0.369,2026-06-11
PIDILITIND,99,3816,1973000,44000,2988961250.0,100,2160,1058500,-20500,1596063800.0,0.536,0.566,2026-06-11
PIIND,124,5789,1822800,41650,3076330897.5,125,6664,808850,-12075,2890631616.25,0.444,1.151,2026-06-11
PNB,90,15113,117168000,8040000,13529924960.0,91,6745,80608000,1136000,5724710960.0,0.688,0.446,2026-06-11
PNBHOUSING,87,1225,2099500,83850,836675677.5,86,379,1136850,18850,238532970.0,0.541,0.309,2026-06-11
POLICYBZR,89,4158,4148200,190050,2390976910.0,87,973,2341150,-15050,513977607.5,0.564,0.234,2026-06-11
POLYCAB,64,8855,852125,83750,10947988806.25,70,14517,919125,102625,16254556706.25,1.079,1.639,2026-06-11
POWERGRID,106,23874,33989100,1288200,13572702535.0,102,6303,17358400,522500,3424799020.0,0.511,0.264,2026-06-11
POWERINDIA,68,29645,674950,37125,27732350037.5,69,10482,395900,1250,8427846686.25,0.587,0.354,2026-06-11
PREMIERENE,73,6954,4274200,327825,4528211117.5,76,4532,2073475,185150,2432588387.5,0.485,0.652,2026-06-11
PRESTIGE,55,1577,1412550,224100,1011575677.5,53,271,814500,23400,161514562.5,0.577,0.172,2026-06-11
RADICO,54,803,202950,4200,465766612.5,53,704,97200,12600,326808667.5,0.479,0.877,2026-06-11
RBLBANK,50,15208,20583525,650875,18315680126.25,53,4855,11350625,-222250,5461178752.5,0.551,0.319,2026-06-11
RECLTD,60,20706,23251025,1336475,10505808110.0,58,10684,16249975,152250,5092327677.5,0.699,0.516,2026-06-11
RELIANCE,121,176804,99507000,641000,118487709850.0,121,87934,53948500,730000,55103256250.0,0.542,0.497,2026-06-11
RVNL,61,11108,37037725,1224775,4371755928.25,62,3509,17130975,574800,1234520156.0,0.463,0.316,2026-06-11
SAIL,68,1669,18997400,864800,1540736234.0,69,1151,10716000,521700,964577240.0,0.564,0.69,2026-06-11
SAMMAANCAP,35,5327,39848100,4007600,4250610243.0,38,2788,22506200,1823200,2006844658.0,0.565,0.523,2026-06-11
SBICARD,64,7427,12796800,602400,3665695400.0,64,4746,7314400,-29600,1985904400.0,0.572,0.639,2026-06-11
SBILIFE,85,7611,2972625,155625,5224072781.25,83,4921,1596375,57375,3139441800.0,0.537,0.647,2026-06-11
SBIN,94,81208,44898000,-582000,63837381975.0,93,76091,38886750,912000,55910558850.0,0.866,0.937,2026-06-11
SHREECEM,82,3205,65575,-2175,2157441612.5,82,2590,35900,-450,1379006063.75,0.547,0.808,2026-06-11
SHRIRAMFIN,90,13915,14121525,1163250,10929635681.25,89,6850,8277225,271425,5002860142.5,0.586,0.492,2026-06-11
SIEMENS,60,6851,1745100,21875,4550670145.0,61,3268,1003100,-17675,2009642932.5,0.575,0.477,2026-06-11
SOLARINDS,56,12067,284200,24100,11395453305.0,56,17758,207450,18550,14106370702.5,0.73,1.472,2026-06-11
SONACOMS,82,1905,4068225,26950,1444210442.5,84,1032,2652125,180075,764661721.25,0.652,0.542,2026-06-11
SRF,92,6681,1338400,115800,3773953310.0,95,13922,674000,-46200,6497089730.0,0.504,2.084,2026-06-11
SUNPHARMA,74,35283,13474650,1235500,22881760247.5,73,11607,5420100,-60200,7289367190.0,0.402,0.329,2026-06-11
SUPREMEIND,63,1835,598500,26075,1228845003.75,64,660,330400,12075,360658497.5,0.552,0.36,2026-06-11
SUZLON,48,9953,172824000,5785750,5353821328.75,49,3507,78719025,2784025,1676913271.75,0.455,0.352,2026-06-11
SWIGGY,57,8280,14534100,384325,2843869640.0,56,4007,7479975,220750,1297644531.25,0.515,0.484,2026-06-11
TATACONSUM,100,5924,5508800,68750,3835114690.0,96,1565,2767600,75350,953616895.0,0.502,0.264,2026-06-11
TATAELXSI,84,13793,1007350,70975,6537314387.5,85,4879,549650,-6675,1986241967.5,0.546,0.354,2026-06-11
TATAPOWER,77,29628,32819300,500250,17922461390.0,76,7554,17849500,1001950,4316321430.0,0.544,0.255,2026-06-11
TATASTEEL,67,37858,122911250,1240250,21620895477.5,67,22203,56144000,819500,11858123667.5,0.457,0.586,2026-06-11
TCS,123,160354,30585675,1403075,64840017897.5,120,62988,17216250,675950,23587404186.25,0.563,0.393,2026-06-11
TECHM,74,14510,9434400,441000,13511638320.0,73,12240,5824800,108600,10611366360.0,0.617,0.844,2026-06-11
TIINDIA,104,1633,539400,60800,1067698460.0,108,641,249200,2000,392424280.0,0.462,0.393,2026-06-11
TITAN,72,26692,3977225,26075,19781043502.5,72,19148,2203250,170625,13201827703.75,0.554,0.717,2026-06-11
TMPV,61,35984,37721600,69600,11767558120.0,64,16446,18796800,57600,4991192000.0,0.498,0.457,2026-06-11
TORNTPHARM,73,40150,770375,112750,23802515500.0,73,12379,391500,76750,6996299062.5,0.508,0.308,2026-06-11
TRENT,138,25616,3950025,427800,10998715372.5,138,13731,1856700,128175,5655568001.25,0.47,0.536,2026-06-11
TVSMOTOR,118,16595,1491350,33075,11028659958.75,116,4443,1140650,29400,2513675508.75,0.765,0.268,2026-06-11
ULTRACEMCO,97,22414,905850,5050,13737154337.5,94,7212,484150,25300,3742293455.0,0.534,0.322,2026-06-11
UNIONBANK,57,4325,35630100,2287725,3360526823.25,58,1640,25094175,482325,1197989011.5,0.704,0.379,2026-06-11
UNITDSPR,104,4797,2992000,160000,2672777980.0,102,1571,2297600,16800,790266400.0,0.768,0.327,2026-06-11
UNOMINDA,50,1254,965800,80850,806807237.5,48,640,611050,12100,347042905.0,0.633,0.51,2026-06-11
UPL,107,5193,8008050,1265570,4518729067.0,106,3360,5337345,590780,2778281837.5,0.666,0.647,2026-06-11
VBL,67,8761,12565575,374400,5492428807.5,67,4458,5132925,523725,2663538131.25,0.408,0.509,2026-06-11
VEDL,64,49542,47880250,662400,19052726487.5,63,17979,20514850,-294400,6190514055.0,0.428,0.363,2026-06-11
VMM,83,851,6562050,0,513778008.5,85,391,4495950,281300,224881647.5,0.685,0.459,2026-06-11
VOLTAS,69,6777,3987750,109125,3487615500.0,67,6269,2700375,-3000,2740692750.0,0.677,0.925,2026-06-11
WAAREEENER,50,17687,2529800,249200,9824902115.0,49,7589,1382850,90825,3960486915.0,0.547,0.429,2026-06-11
WIPRO,83,42163,213666000,2916000,24531675030.0,83,15696,110076000,-33000,8254471740.0,0.515,0.372,2026-06-11
YESBANK,26,15250,443486000,38066400,11648338615.0,28,5190,222800400,7806100,3616059822.0,0.502,0.34,2026-06-11
ZYDUSLIFE,77,3279,4376700,65700,3386518110.0,76,3282,3003300,172800,2871621450.0,0.686,1.001,2026-06-11
360ONE,47,3736,1384000,127500,2132162300.0,48,1752,675000,264500,926484025.0,0.488,0.469,2026-06-12
ABB,114,9406,1360250,14875,8462250100.0,122,7160,691500,2625,5429854050.0,0.508,0.761,2026-06-12
ABCAPITAL,60,8683,12806100,-1277200,9960626895.0,58,5420,10586500,1822800,5739185775.0,0.827,0.624,2026-06-12
ADANIENSOL,69,7226,7086825,-39825,7853655138.75,69,3515,3219075,97200,3333548655.0,0.454,0.486,2026-06-12
ADANIENT,101,38341,8502444,407880,36477414094.200005,112,17069,5779227,-38625,15190660363.349998,0.68,0.445,2026-06-12
ADANIGREEN,106,15608,8810400,379800,14650403340.0,117,7663,5586600,148800,6702199440.0,0.634,0.491,2026-06-12
ADANIPORTS,60,25063,7155400,-257925,22368699216.25,61,15502,4275475,286900,12746771157.5,0.598,0.619,2026-06-12
ADANIPOWER,84,17351,52238250,-2282650,14724297583.0,79,4622,30036550,71000,3574115966.5,0.575,0.266,2026-06-12
ALKEM,103,3776,781000,34125,2755130631.25,103,3278,424375,10125,1958135368.75,0.543,0.868,2026-06-12
AMBER,68,32148,1681400,-28700,25279395360.0,64,24039,1479800,80400,17285963710.0,0.88,0.748,2026-06-12
AMBUJACEM,83,17469,19245300,-1194750,8114368477.5,83,4960,10874700,213450,2166422745.0,0.565,0.284,2026-06-12
ANGELONE,62,14113,19290000,-1602500,12622936250.0,63,6854,13292500,515000,5626568750.0,0.689,0.486,2026-06-12
APLAPOLLO,84,5934,1306550,11550,4140165680.0,84,2467,1202600,118300,1474544382.5,0.92,0.416,2026-06-12
APOLLOHOSP,111,8620,1315750,15750,9463123287.5,114,6725,1195750,15250,7067427118.75,0.909,0.78,2026-06-12
ASHOKLEY,76,102345,163345000,-31170000,81682361400.0,76,45888,104920000,12250000,33139411250.0,0.642,0.448,2026-06-12
ASIANPAINT,86,30356,6487250,126500,21339370987.5,94,12911,3346000,106750,8618303187.5,0.516,0.425,2026-06-12
ASTRAL,70,5231,2212975,19975,3576491917.5,70,2960,1484950,-5950,1670348557.5,0.671,0.566,2026-06-12
AUBANK,81,20366,5906000,403000,21207260550.0,81,8845,4420000,784000,8619103050.0,0.748,0.434,2026-06-12
AUROPHARMA,54,7149,3998500,112200,6030967167.5,52,3529,2166450,-73700,2615280800.0,0.542,0.494,2026-06-12
AXISBANK,97,55635,21691875,1013125,47932678906.25,98,39907,16661250,2625625,33063444187.5,0.768,0.717,2026-06-12
BAJAJ-AUTO,82,45202,1968825,291225,35529639033.75,83,30450,1057800,109575,22639175227.5,0.537,0.674,2026-06-12
BAJAJFINSV,84,26456,6967250,-332850,11599604705.0,84,10661,3341900,-136850,4415250555.0,0.48,0.403,2026-06-12
BAJAJHLDNG,83,5427,113525,-1175,3126442305.0,83,1282,63175,2025,576162942.5,0.556,0.236,2026-06-12
BAJFINANCE,76,52705,18798000,-2742000,37018211362.5,76,23338,14697750,-245250,15580582162.5,0.782,0.443,2026-06-12
BANDHANBNK,70,16230,33627600,-2458800,12490307388.0,68,6053,20055600,334800,4349041884.0,0.596,0.373,2026-06-12
BANKBARODA,172,26759,51497550,-345150,22194632362.5,171,12119,37627200,1851525,9567522168.75,0.731,0.453,2026-06-12
BANKINDIA,104,5383,32505200,644800,4289086724.0,105,2583,22058400,-78000,1868682504.0,0.679,0.48,2026-06-12
BANKNIFTY,541,1987130,18008670,-104280,3489126599130.0,541,1608088,18826380,1908210,2625978858360.0,1.045,0.809,2026-06-12
BDL,71,10623,4558975,-292575,4765808198.75,68,4096,2789575,-52575,1681345868.75,0.612,0.386,2026-06-12
BEL,76,29649,53185275,226575,18123167171.25,74,10809,30296925,95475,6228414153.75,0.57,0.365,2026-06-12
BHARATFORG,69,9282,2644500,-11500,9403247550.0,68,3751,1752500,9500,3616654050.0,0.663,0.404,2026-06-12
BHARTIARTL,77,48311,17157950,-2133225,43197327402.5,76,21841,8712450,-387125,18714704431.25,0.508,0.452,2026-06-12
BHEL,146,14381,41908125,556500,15209995762.5,144,6203,25696125,-191625,6111519225.0,0.613,0.431,2026-06-12
BIOCON,73,5915,17547500,902500,6467760000.0,71,2037,9995000,40000,2125161375.0,0.57,0.344,2026-06-12
BLUESTARCO,82,6069,1469000,51675,3815030033.75,78,900,930475,-26000,440395475.0,0.633,0.148,2026-06-12
BOSCHLTD,114,35514,156325,-14550,36372330476.25,122,17907,204975,43725,16448107708.75,1.311,0.504,2026-06-12
BPCL,57,37808,20666400,2377900,23466487751.25,56,21557,14119275,2107325,12270561733.75,0.683,0.57,2026-06-12
BRITANNIA,101,6449,1410250,44625,4366853950.0,97,2259,913000,-2750,1440268475.0,0.647,0.35,2026-06-12
BSE,73,46151,10065425,-674350,72454317440.0,74,24645,6399725,27200,35718090655.0,0.636,0.534,2026-06-12
CAMS,66,4452,2633775,164925,2636200365.0,65,3042,1948125,-180975,1620584137.5,0.74,0.683,2026-06-12
CANBK,111,12867,96396750,96396750,11867571900.0,111,6218,72535500,72535500,5366279835.0,0.752,0.483,2026-06-12
CDSL,48,16846,6826700,-530575,10369005018.75,49,7193,4442675,-150575,4039657426.25,0.651,0.427,2026-06-12
CGPOWER,70,11481,8205900,-106250,9311403965.0,69,7146,4726850,273700,5372064175.0,0.576,0.622,2026-06-12
CHOLAFIN,77,17238,3365000,-148125,17368931718.75,73,9056,2976875,463125,8508739218.75,0.885,0.525,2026-06-12
CIPLA,100,10664,5153400,236375,5831539075.0,102,3068,3321950,68550,1568045703.75,0.645,0.288,2026-06-12
COALINDIA,78,47835,55404000,3932550,30212921092.5,83,31308,40851000,-962550,18666394447.5,0.737,0.654,2026-06-12
COCHINSHIP,74,4889,1562800,22800,3320342180.0,68,969,864000,-30000,543736680.0,0.553,0.198,2026-06-12
COFORGE,74,21082,7868100,113775,11728140708.75,79,14706,3914650,-444000,7425383323.75,0.498,0.698,2026-06-12
COLPAL,80,8546,1862025,-125725,4152160700.0,80,6771,1185575,-102625,2884546838.75,0.637,0.792,2026-06-12
CONCOR,90,10490,13123750,11250,6181104500.0,87,2870,7562500,262500,1617381000.0,0.576,0.274,2026-06-12
CROMPTON,110,5193,13806600,593050,2562347745.0,104,1190,4491750,68350,573123707.5,0.325,0.229,2026-06-12
CUMMINSIND,89,6322,1723600,-33800,7548007420.0,91,2320,1168000,20600,2574440250.0,0.678,0.367,2026-06-12
DABUR,83,6336,11673750,492500,3560376750.0,81,3434,7600000,82500,1811915375.0,0.651,0.542,2026-06-12
DALBHARAT,91,3595,1113125,53300,2063607633.75,88,8740,848575,39000,3993589892.5,0.762,2.431,2026-06-12
DELHIVERY,71,2676,10443475,732475,2574997602.5,69,637,4544250,300875,581283963.75,0.435,0.238,2026-06-12
DIVISLAB,96,10423,1589100,96700,7261767045.0,94,16956,1439700,6500,10320717405.0,0.906,1.627,2026-06-12
DIXON,88,30746,1444250,-46150,18854033095.0,100,14542,1007050,-200,8222506665.0,0.697,0.473,2026-06-12
DLF,93,19849,9953175,-7625,9950859682.5,94,7699,6636775,202600,3675010817.5,0.667,0.388,2026-06-12
DMART,70,16500,1759350,152700,10438878427.5,64,8506,814200,31200,5127961387.5,0.463,0.516,2026-06-12
DRREDDY,100,9505,8762500,596875,7863519187.5,100,4551,3767500,75625,3483931406.25,0.43,0.479,2026-06-12
EICHERMOT,102,24976,1653300,-104800,18878520495.0,104,12408,1339500,-37500,8819653895.0,0.81,0.497,2026-06-12
ETERNAL,80,37953,61888425,-1503500,23594211008.75,81,19059,39845175,-892400,11036064541.25,0.644,0.502,2026-06-12
EXIDEIND,95,4691,17026200,-259200,3478744530.0,95,2775,10126800,-149400,1907042760.0,0.595,0.592,2026-06-12
FEDERALBNK,100,20402,30995000,2632500,16675351375.0,100,11971,26197500,1547500,9244886750.0,0.845,0.587,2026-06-12
FINNIFTY,270,12569,432000,61380,20016607074.0,270,8613,329400,49200,12839761788.0,0.762,0.685,2026-06-12
FORCEMOT,46,8369,167625,-9500,4031145121.25,44,2773,72025,-1725,1154603418.75,0.43,0.331,2026-06-12
FORTIS,71,4645,3854075,74400,3743712752.5,71,1686,2175425,-117800,1284436795.0,0.564,0.363,2026-06-12
GAIL,109,8068,28375350,280600,4497320268.5,113,3507,22478400,492800,1847719873.0,0.792,0.435,2026-06-12
GLENMARK,102,11729,4039500,-183375,10081233825.0,101,4204,2770875,14625,3366712875.0,0.686,0.358,2026-06-12
GMRAIRPORT,85,9786,79089525,-1060200,7397144298.0,86,3538,41040900,55800,2478963964.5,0.519,0.362,2026-06-12
GODFRYPHLP,91,5069,842325,-66000,3395936018.75,87,2849,430100,-20625,1641268598.75,0.511,0.562,2026-06-12
GODREJCP,86,3570,2241500,254000,1921675600.0,85,3809,2147500,107000,1791112000.0,0.958,1.067,2026-06-12
GODREJPROP,86,17420,2700975,-96975,8644992266.25,85,6776,1863025,102250,3060365097.5,0.69,0.389,2026-06-12
GRASIM,105,7241,1767500,6000,5817489175.0,107,3088,1262000,17000,2366676175.0,0.714,0.426,2026-06-12
GVT&D,51,2717,473875,-11250,1815754568.75,51,2675,333500,-22750,1494582312.5,0.704,0.985,2026-06-12
HAL,74,15796,2878950,21300,10522873612.5,72,7086,1941750,-11400,4469524777.5,0.674,0.449,2026-06-12
HAVELLS,112,5359,4140000,177000,3261413025.0,111,1699,1953000,92000,969628975.0,0.472,0.317,2026-06-12
HCLTECH,127,25435,11396950,742350,10585258555.0,125,11461,6540650,-21900,4459799795.0,0.574,0.451,2026-06-12
HDFCAMC,202,6587,1603500,10200,5063446815.0,198,4730,1170600,76500,3239120790.0,0.73,0.718,2026-06-12
HDFCBANK,113,320591,102597950,-17288650,139844627767.5,112,152119,62156450,-3766000,62547484232.5,0.606,0.474,2026-06-12
HDFCLIFE,116,16323,26077700,-500500,10445245910.0,114,5757,16436200,57200,3475018965.0,0.63,0.353,2026-06-12
HEROMOTOCO,91,18728,2241900,-208800,14466994380.0,87,7234,1238400,-31050,5290670197.5,0.552,0.386,2026-06-12
HINDALCO,92,44393,19480300,2417100,33887588805.0,92,19118,9258900,1080800,13875472310.0,0.475,0.431,2026-06-12
HINDPETRO,72,29226,17232750,-186300,23994855990.0,73,9619,12052800,1162350,7372814501.25,0.699,0.329,2026-06-12
HINDUNILVR,98,31409,9381900,374700,21036553335.0,95,15640,4207500,120900,9760399020.0,0.448,0.498,2026-06-12
HINDZINC,70,20205,29969625,-1318100,15262406565.0,66,7076,15819650,148225,4736186140.0,0.528,0.35,2026-06-12
HYUNDAI,71,10003,1051050,-44825,5691535987.5,73,6091,909425,43175,3039613775.0,0.865,0.609,2026-06-12
ICICIBANK,106,95810,33126800,1334200,91811164270.0,104,84905,32473000,2385600,78031508800.0,0.98,0.886,2026-06-12
ICICIGI,78,14068,1494025,191425,8874237791.25,78,4497,684125,143975,2455936778.75,0.458,0.32,2026-06-12
ICICIPRULI,112,4061,6285375,-24975,1869854801.25,112,1510,4002475,0,660125926.25,0.637,0.372,2026-06-12
IDEA,29,31283,1767362325,-110428875,36482124405.75,30,14928,992930700,57608850,15015579501.0,0.562,0.477,2026-06-12
IDFCFIRSTB,65,21840,97693575,-10712625,15855484783.25,66,16130,105280525,23168950,10910711267.75,1.078,0.739,2026-06-12
IEX,112,7467,36286050,379350,3571042735.5,111,1438,19602900,620400,651131578.5,0.54,0.193,2026-06-12
INDHOTEL,93,6536,5028000,156000,4563038450.0,94,3184,4456000,308000,2098002750.0,0.886,0.487,2026-06-12
INDIANB,139,5706,5519000,449000,4994434150.0,140,1663,4172000,232000,1357315900.0,0.756,0.291,2026-06-12
INDIGO,67,172035,6919050,823200,124909283880.0,72,82509,4360950,1704900,56744374650.0,0.63,0.48,2026-06-12
INDUSINDBK,70,16394,5944400,-437500,10837378125.0,68,8608,6486900,702100,5411730975.0,1.091,0.525,2026-06-12
INDUSTOWER,71,11339,23106400,-137700,8476537705.0,73,3349,19725100,-249900,2381376830.0,0.854,0.295,2026-06-12
INFY,209,75777,45005600,3307200,35743693280.0,211,30597,22956800,1331200,13702564660.0,0.51,0.404,2026-06-12
INOXWIND,103,16811,54478200,-1349800,5666516362.25,103,6355,29145800,1211500,1962786786.75,0.535,0.378,2026-06-12
IOC,128,26626,55794375,6391125,19092443808.75,127,9618,43056000,2578875,6463129725.0,0.772,0.361,2026-06-12
IREDA,118,6319,44248500,-221500,2840506447.0,121,1839,23967725,570050,767269707.25,0.542,0.291,2026-06-12
IRFC,88,6985,47979275,-2483375,3007549708.75,89,1940,29194250,856325,778224016.25,0.608,0.278,2026-06-12
ITC,140,37744,130184300,1350600,17833646836.25,139,15933,57099825,615050,7265258122.5,0.439,0.422,2026-06-12
JINDALSTEL,107,4266,4151875,11875,3200140343.75,104,1516,2623750,44375,1083376656.25,0.632,0.355,2026-06-12
JIOFIN,80,16981,45373800,-1950500,9801459618.0,81,6517,35903300,-312550,3546283409.5,0.791,0.384,2026-06-12
JSWENERGY,98,10272,10834650,127450,6076280702.5,96,4195,4717850,45825,2373054507.5,0.435,0.408,2026-06-12
JSWSTEEL,86,6097,4804650,-150525,5529020343.75,86,4794,3316275,-133650,4114450788.75,0.69,0.786,2026-06-12
JUBLFOOD,78,10080,11712500,321250,5597704937.5,79,2913,7481250,182500,1524679500.0,0.639,0.289,2026-06-12
KALYANKJIL,82,17566,15377600,259725,7569666630.0,82,5310,6134425,44175,2104575592.5,0.399,0.302,2026-06-12
KAYNES,78,251,1573350,-16700,90370925.0,75,56,958500,-3800,17910960.0,0.609,0.223,2026-06-12
KEI,74,5714,652750,26600,5607152337.5,78,5254,386575,49700,4188992788.75,0.592,0.919,2026-06-12
KFINTECH,80,4009,2482775,66675,1751665385.0,81,1160,1169825,41225,476122020.0,0.471,0.289,2026-06-12
KOTAKBANK,109,34028,31566000,-620000,28050820200.0,114,15587,28224000,1710000,12322626900.0,0.894,0.458,2026-06-12
KPITTECH,79,5000,4142125,60825,1676616195.0,78,2801,3375650,-150025,868289517.5,0.815,0.56,2026-06-12
LAURUSLABS,104,6259,5621050,158950,7757194605.0,106,4076,5899850,111350,4759519367.5,1.05,0.651,2026-06-12
LICHSGFIN,83,9318,6074000,217000,5363690600.0,81,3517,4150000,329000,1938734200.0,0.683,0.377,2026-06-12
LICI,118,7030,17805200,-551600,4119424540.0,119,3096,13076000,46200,1709272460.0,0.734,0.44,2026-06-12
LODHA,84,9678,3448825,162275,4113891791.25,86,2418,2095500,24200,934087442.5,0.608,0.25,2026-06-12
LT,144,183113,7534975,909300,132217337787.5,145,74316,5469275,831425,51569090930.0,0.726,0.406,2026-06-12
LTF,54,18794,19977750,-720000,12065527012.5,54,8099,15210000,2963250,4791729825.0,0.761,0.431,2026-06-12
LTM,84,9408,1701900,119400,5809175977.5,84,3874,1165050,-32550,2226059520.0,0.685,0.412,2026-06-12
LUPIN,87,6307,2994125,-83300,6307907948.75,87,2888,1715300,4675,2665512216.25,0.573,0.458,2026-06-12
M&M,120,49473,6978600,-127800,31058320430.0,117,24455,4112600,-262400,14725227240.0,0.589,0.494,2026-06-12
MANAPPURAM,61,8469,16293000,-840000,8067439650.0,61,3671,8784000,660000,3285307950.0,0.539,0.433,2026-06-12
MANKIND,97,2974,1353675,64150,1686390116.25,94,3638,494625,-46800,1711347443.75,0.365,1.223,2026-06-12
MARICO,108,3107,4918800,32400,3151510620.0,105,1348,2829600,153600,1323019080.0,0.575,0.434,2026-06-12
MARUTI,96,109928,2026900,62800,75690599210.0,96,55984,993550,28250,36903182540.0,0.49,0.509,2026-06-12
MAXHEALTH,92,6782,6190800,260400,3763114425.0,86,12604,3425625,-93975,5710262276.25,0.553,1.858,2026-06-12
MAZDOCK,96,11364,2651575,-92175,5919712786.25,99,3485,1368525,-7725,1673993331.25,0.516,0.307,2026-06-12
MCX,65,25899,14787675,-833275,49038460083.75,63,12896,6596375,-353625,21855738330.0,0.446,0.498,2026-06-12
MFSL,71,4389,1342800,379200,2954849000.0,70,1988,909200,289200,1224529560.0,0.677,0.453,2026-06-12
MIDCPNIFTY,487,116447,6014880,-600600,204763683702.0,487,104963,6305280,-103080,173504178210.0,1.048,0.901,2026-06-12
MOTHERSON,122,6928,44144700,1334550,6448342650.0,129,2013,28037850,-61500,1723093962.0,0.635,0.291,2026-06-12
MOTILALOFS,68,18935,3169750,458800,13609450895.0,68,5977,2002600,620775,3984694972.5,0.632,0.316,2026-06-12
MPHASIS,106,2977,1352725,79200,1982034147.5,110,1311,850025,-12375,818355065.0,0.628,0.44,2026-06-12
MUTHOOTFIN,73,27984,3169925,-269225,24590192618.75,72,13290,2236850,-22000,10651481967.5,0.706,0.475,2026-06-12
NAM-INDIA,52,2925,1482500,125000,2086132500.0,51,1092,993125,145625,712839093.75,0.67,0.373,2026-06-12
NATIONALUM,91,14986,37966875,841875,11574649875.0,90,6466,22256250,286875,4564412156.25,0.586,0.431,2026-06-12
NAUKRI,81,6247,3197825,71175,2411863675.0,86,2421,2409125,-36675,871222498.75,0.753,0.388,2026-06-12
NBCC,83,8844,43166500,-4225000,6325262840.0,85,3388,27267500,890500,2291149575.0,0.632,0.383,2026-06-12
NESTLEIND,99,23299,4423500,1003000,16922227175.0,96,28129,2741500,936000,19557139750.0,0.62,1.207,2026-06-12
NHPC,81,9730,114460850,-769600,4848217797.5,79,3658,63774400,-3388550,1721765227.5,0.557,0.376,2026-06-12
NIFTY,877,59498686,229466800,-5828285,92350108843596.5,899,55048312,324007585,92182375,82704115172662.75,1.412,0.925,2026-06-12
NIFTYNXT50,640,241,11350,900,434427390.0,640,89,1700,200,155880978.75,0.15,0.369,2026-06-12
NMDC,93,12421,123052500,-209250,8055959625.0,93,4588,50476500,-614250,2754885870.0,0.41,0.369,2026-06-12
NTPC,143,30612,66012000,1495500,17035605600.0,143,8838,23557500,894000,4725264675.0,0.357,0.289,2026-06-12
NUVAMA,49,4024,943500,-26500,3283202350.0,51,2365,666500,196000,1711935775.0,0.706,0.588,2026-06-12
NYKAA,84,14512,25571875,-6909375,12973122031.25,84,4562,11515625,-268750,3743702656.25,0.45,0.314,2026-06-12
OBEROIRLTY,62,3985,977200,-64050,2364082472.5,62,2055,689850,44450,1106333637.5,0.706,0.516,2026-06-12
OFSS,87,10330,755525,36925,7812903612.5,93,6663,523175,1375,4625751120.0,0.692,0.645,2026-06-12
OIL,106,15485,15366400,1316000,9890562150.0,100,12087,6830600,-492800,7131713680.0,0.445,0.781,2026-06-12
ONGC,107,78681,105725250,10658250,46735986712.5,101,28359,35352000,3890250,15834218625.0,0.334,0.36,2026-06-12
PAGEIND,111,2660,59145,-3060,1612209920.25,100,4997,30310,3315,2572785071.25,0.512,1.879,2026-06-12
PATANJALI,86,8074,8217025,474400,3237030996.25,87,3613,5340150,128875,1390174393.75,0.65,0.447,2026-06-12
PAYTM,98,25534,10173200,-725000,20767246187.5,94,11418,5407775,619150,8655562901.25,0.532,0.447,2026-06-12
PERSISTENT,100,17144,1496300,212125,8941494415.0,106,8498,885925,-8250,4005920042.5,0.592,0.496,2026-06-12
PETRONET,97,8947,9690000,1027900,4804001420.0,95,2689,9334700,152000,1355616845.0,0.963,0.301,2026-06-12
PFC,74,19609,21266700,-860600,11168573455.0,72,8819,11911900,-3900,4789758220.0,0.56,0.45,2026-06-12
PGEL,54,47815,9364150,-2850,23067494730.0,52,22289,7522100,323950,10018623240.0,0.803,0.466,2026-06-12
PHOENIXLTD,63,2709,752850,44800,1751983345.0,64,880,341950,-2800,514082450.0,0.454,0.325,2026-06-12
PIDILITIND,99,21861,2231000,258000,17371544800.0,100,6723,1463000,404500,5050011825.0,0.656,0.308,2026-06-12
PIIND,124,9231,1860250,37450,5189763678.75,125,3813,787675,-21175,1670659506.25,0.423,0.413,2026-06-12
PNB,90,19984,102176000,-1816000,17633946720.0,91,9720,79728000,6032000,8097627840.0,0.78,0.486,2026-06-12
PNBHOUSING,87,3645,2354950,255450,2453247160.0,86,1446,1281150,144300,926389685.0,0.544,0.397,2026-06-12
POLICYBZR,89,8236,4022900,-125300,4823997097.5,87,3618,2378950,37800,1905012917.5,0.591,0.439,2026-06-12
POLYCAB,66,10102,844000,-8125,12512504493.75,72,11338,924125,5000,12884668300.0,1.095,1.122,2026-06-12
POWERGRID,106,30532,37464200,3475100,17277275795.0,102,16099,19868300,2509900,8576447335.0,0.53,0.527,2026-06-12
POWERINDIA,68,23971,632900,-42050,22475644268.75,69,11703,396400,500,9458313716.25,0.626,0.488,2026-06-12
PREMIERENE,73,8675,4489350,215150,5564780775.0,76,3628,2041625,-31850,2026497013.75,0.455,0.418,2026-06-12
PRESTIGE,59,7443,1662300,249750,5186521147.5,58,1668,1055700,241200,990994140.0,0.635,0.224,2026-06-12
RADICO,54,1887,200850,-2100,1061557050.0,53,924,134700,37500,467901262.5,0.671,0.49,2026-06-12
RBLBANK,50,23127,23552150,2968625,28103358195.0,53,7930,13728700,2378075,9011375963.75,0.583,0.343,2026-06-12
RECLTD,60,14741,22803725,-447300,7470142793.75,58,7438,16363900,113925,3539679561.25,0.718,0.505,2026-06-12
RELIANCE,121,262909,92632000,-6875000,177449596575.0,121,120832,53839000,-109500,76274032525.0,0.581,0.46,2026-06-12
RVNL,66,16318,35169000,-1868725,6326785513.5,67,5936,18013350,882375,2042074236.5,0.512,0.364,2026-06-12
SAIL,68,2087,19124300,126900,1956605441.0,69,1033,11139000,423000,888379947.0,0.582,0.495,2026-06-12
SAMMAANCAP,35,6225,41043500,1195400,4966317594.0,38,1670,22867400,361200,1196824977.0,0.557,0.268,2026-06-12
SBICARD,66,14646,12380000,-416800,7247916480.0,66,10138,7581600,267200,4415996800.0,0.612,0.692,2026-06-12
SBILIFE,86,10431,3546750,574125,7044913256.25,84,3731,1616625,20250,2401073925.0,0.456,0.358,2026-06-12
SBIN,94,122775,44583750,-314250,97087294837.5,93,119765,36779250,-2107500,88000519612.5,0.825,0.975,2026-06-12
SHREECEM,82,14286,65475,-100,9678026135.0,82,4660,33425,-2475,2540595940.0,0.511,0.326,2026-06-12
SHRIRAMFIN,95,54530,12218250,-1903275,44066835697.5,94,25882,9329925,1052700,19599117037.5,0.764,0.475,2026-06-12
SIEMENS,62,10138,1748775,3675,6744279360.0,63,4158,992250,-10850,2554983908.75,0.567,0.41,2026-06-12
SOLARINDS,60,8550,296300,12100,7896878742.5,60,8953,205600,-1850,7179244472.5,0.694,1.047,2026-06-12
SONACOMS,84,2060,4041275,-26950,1556872406.25,86,1016,2636200,-15925,745552456.25,0.652,0.493,2026-06-12
SRF,96,6265,1295000,-43400,3541990760.0,98,6787,653000,-21000,3224945810.0,0.504,1.083,2026-06-12
SUNPHARMA,74,30425,13263600,-211050,19795391175.0,73,14154,5427800,7700,8890242707.5,0.409,0.465,2026-06-12
SUPREMEIND,66,2294,632975,34475,1519238131.25,66,1166,345275,14875,614053090.0,0.545,0.508,2026-06-12
SUZLON,48,13191,174431100,1607100,6998809536.0,49,5617,80034300,1315275,2709323343.75,0.459,0.426,2026-06-12
SWIGGY,57,9665,13792575,-741525,3308539731.25,56,3251,7508325,28350,1051647823.75,0.544,0.336,2026-06-12
TATACONSUM,100,8432,6078050,569250,5394568822.5,96,2423,2745050,-22550,1472401727.5,0.452,0.287,2026-06-12
TATAELXSI,88,16028,1038875,31525,7675061791.25,89,3077,555525,5875,1232373220.0,0.535,0.192,2026-06-12
TATAPOWER,77,28869,34108350,1289050,17196802727.5,76,9942,17523250,-326250,5658198845.0,0.514,0.344,2026-06-12
TATASTEEL,67,35796,118827500,-4083750,20561111505.0,67,17476,55401500,-742500,9452707715.0,0.466,0.488,2026-06-12
TCS,128,123883,30250250,-335425,50279030478.75,125,43492,17199675,-16575,16467800060.0,0.569,0.351,2026-06-12
TECHM,74,23162,10440000,1005600,21180323640.0,73,16815,6021600,196800,14276954640.0,0.577,0.726,2026-06-12
TIINDIA,119,6789,551000,11600,4402164680.0,122,2227,309200,60000,1267394360.0,0.561,0.328,2026-06-12
TITAN,72,56551,3995250,18025,42335949390.0,72,26087,2640750,437500,18295594572.5,0.661,0.461,2026-06-12
TMPV,62,65659,39072000,1350400,21491891640.0,65,22845,19288800,492000,6943420680.0,0.494,0.348,2026-06-12
TORNTPHARM,74,20878,709250,-61125,12498078218.75,75,9407,426250,34750,5264067481.25,0.601,0.451,2026-06-12
TRENT,138,19053,3839400,-110625,8252482470.0,138,10387,1806075,-50625,4292476841.25,0.47,0.545,2026-06-12
TVSMOTOR,122,18692,1767500,276150,11266645661.25,117,9119,1217650,77000,5287144458.75,0.689,0.488,2026-06-12
ULTRACEMCO,97,26616,880250,-25600,15217538437.5,94,10051,495100,10950,5465878047.5,0.562,0.378,2026-06-12
UNIONBANK,57,9119,34404375,-1225725,7146093614.25,58,3332,25726950,632775,2462578875.0,0.748,0.365,2026-06-12
UNITDSPR,104,7088,3310400,318400,3752593840.0,102,4293,2415200,117600,1918671020.0,0.73,0.606,2026-06-12
UNOMINDA,50,4575,1271600,305800,2828822535.0,48,4230,777700,166650,2376508612.5,0.612,0.925,2026-06-12
UPL,117,10401,7987725,-20325,8950906899.25,115,5494,5980970,643625,4583350439.75,0.749,0.528,2026-06-12
VBL,67,6342,12491700,-73875,3920230046.25,67,3532,4756650,-376275,2103597723.75,0.381,0.557,2026-06-12
VEDL,64,45409,47948100,67850,17459031417.5,63,17306,21261200,746350,6008248082.5,0.443,0.381,2026-06-12
VMM,83,948,5669650,-892400,577423297.5,85,361,4544450,48500,207477374.0,0.802,0.381,2026-06-12
VOLTAS,69,9163,3956625,-31125,4702249575.0,67,4451,2672250,-28125,2097117262.5,0.675,0.486,2026-06-12
WAAREEENER,50,20792,2826775,296975,11837824705.0,49,5280,1332800,-50050,2761289545.0,0.471,0.254,2026-06-12
WIPRO,88,44756,214347000,681000,26163861090.0,88,13285,105114000,-4962000,6998588310.0,0.49,0.297,2026-06-12
YESBANK,27,23303,414749600,-28736400,17652839873.0,29,6082,226034800,3234400,4210601321.0,0.545,0.261,2026-06-12
ZYDUSLIFE,77,3763,4419900,43200,3903176205.0,76,2387,3005100,1800,2248226370.0,0.68,0.634,2026-06-12
360ONE,47,6487,1364000,-20000,3808498450.0,48,3526,1056500,381500,1926375600.0,0.775,0.544,2026-06-15
ABB,114,15216,1365875,5625,13753599243.75,122,8524,691125,-375,6557738037.5,0.506,0.56,2026-06-15
ABCAPITAL,60,7506,13624500,818400,9002911655.0,58,6445,12015600,1429100,7102836405.0,0.882,0.859,2026-06-15
ADANIENSOL,69,5743,7129350,42525,6280410600.0,69,4370,3337875,118800,3680105298.75,0.468,0.761,2026-06-15
ADANIENT,101,19580,8631915,129471,18755325429.45,112,9617,5841336,62109,8708662102.5,0.677,0.491,2026-06-15
ADANIGREEN,106,13730,9214800,404400,12900120810.0,117,8428,5938200,351600,7266857220.0,0.644,0.614,2026-06-15
ADANIPORTS,60,18166,7538725,383325,16342029437.5,61,11915,4293050,17575,10104106021.25,0.569,0.656,2026-06-15
ADANIPOWER,84,18861,58109950,5871700,16175500911.5,79,3888,31350050,1313500,2997609953.5,0.539,0.206,2026-06-15
ALKEM,103,2955,756125,-24875,2072976450.0,103,3496,411000,-13375,2082250175.0,0.544,1.183,2026-06-15
AMBER,68,26464,1758200,76800,21385093705.0,64,14955,1434300,-45500,10560513190.0,0.816,0.565,2026-06-15
AMBUJACEM,83,10631,18987750,-257550,5104822740.0,83,6240,10947900,73200,2784260437.5,0.577,0.587,2026-06-15
ANGELONE,62,25900,20557500,1267500,23947387750.0,63,9763,15105000,1812500,8250135750.0,0.735,0.377,2026-06-15
APLAPOLLO,84,4901,1355550,49000,3282845370.0,84,2275,1161650,-40950,1434243912.5,0.857,0.464,2026-06-15
APOLLOHOSP,111,17056,1439250,123500,18607517568.75,114,18828,1447750,252000,19921619618.75,1.006,1.104,2026-06-15
ASHOKLEY,77,55895,155890000,-7455000,47372165150.0,77,31064,111735000,6815000,23714663200.0,0.717,0.556,2026-06-15
ASIANPAINT,89,75329,8698750,2211500,53759767800.0,97,32833,3308000,-38000,22357808775.0,0.38,0.436,2026-06-15
ASTRAL,70,6711,2235075,22100,4596517906.25,70,4511,1351500,-133450,2552132458.75,0.605,0.672,2026-06-15
AUBANK,82,11590,5920000,14000,12496197000.0,82,6987,4986000,566000,6967709300.0,0.842,0.603,2026-06-15
AUROPHARMA,64,23461,5899300,1900800,19332661012.5,62,21563,2939200,772750,16789439260.0,0.498,0.919,2026-06-15
AXISBANK,107,37509,23081250,1389375,32915057656.25,108,32860,18176250,1515000,27585124437.5,0.787,0.876,2026-06-15
BAJAJ-AUTO,83,46944,2568900,600075,36758866830.0,84,18176,1252800,195000,13482125891.25,0.488,0.387,2026-06-15
BAJAJFINSV,84,38765,6684550,-282700,17550875677.5,84,19872,3563900,222000,8518555222.5,0.533,0.513,2026-06-15
BAJAJHLDNG,83,4146,102250,-11275,2273726072.5,83,1753,78300,15125,846402145.0,0.766,0.423,2026-06-15
BAJFINANCE,76,60796,20065500,1267500,44717420512.5,76,33805,14760750,63000,23296121100.0,0.736,0.556,2026-06-15
BANDHANBNK,78,19576,34603200,975600,15673217328.0,78,8132,19922400,-133200,6081103404.0,0.576,0.415,2026-06-15
BANKBARODA,172,11729,52269750,772200,9908132422.5,171,8617,38498850,871650,6839196536.25,0.737,0.735,2026-06-15
BANKINDIA,104,4188,34325200,1820000,3370827772.0,105,2007,23160800,1102400,1489884604.0,0.675,0.479,2026-06-15
BANKNIFTY,566,1441725,18957960,949290,2563378189747.5,566,1346587,19002420,176040,2238144739491.0,1.002,0.934,2026-06-15
BDL,71,13064,4658425,99450,5982654695.0,68,4510,2756750,-32825,1899737171.25,0.592,0.345,2026-06-15
BEL,76,40526,56154975,2969700,24817248525.0,74,13446,30912525,615600,7775584818.75,0.55,0.332,2026-06-15
BHARATFORG,69,21233,2700500,56000,22191752575.0,68,7597,1934500,182000,7457183550.0,0.716,0.358,2026-06-15
BHARTIARTL,77,60602,16800275,-357675,54835786095.0,76,24171,8922400,209950,20883211861.25,0.531,0.399,2026-06-15
BHEL,146,19617,44215500,2307375,21079261481.25,144,8468,25872000,175875,8530337943.75,0.585,0.432,2026-06-15
BIOCON,73,5553,17567500,20000,6034535000.0,71,2047,10135000,140000,2142499875.0,0.577,0.369,2026-06-15
BLUESTARCO,82,5722,1344850,-124150,3253171285.0,78,1956,1034150,103675,977252168.75,0.769,0.342,2026-06-15
BOSCHLTD,117,13551,157550,1225,13958647857.5,125,6979,223800,18825,6427549935.0,1.421,0.515,2026-06-15
BPCL,57,30964,23022575,2356175,19964366500.0,56,14880,15592625,1473350,8946339693.75,0.677,0.481,2026-06-15
BRITANNIA,101,12854,1445250,35000,9199956606.25,97,3277,934500,21500,2102600468.75,0.647,0.255,2026-06-15
BSE,73,72217,10552125,486700,116397161743.75,74,34376,6657775,258050,50810651901.25,0.631,0.476,2026-06-15
CAMS,66,8251,3296775,663000,5033986215.0,65,3090,2244675,296550,1740671553.75,0.681,0.375,2026-06-15
CANBK,194,9514,98644500,2247750,8930388510.0,194,5139,72542250,6750,4514664397.5,0.735,0.54,2026-06-15
CDSL,48,28645,7068000,241300,18030711342.5,49,13647,4512500,69825,7983536897.5,0.638,0.476,2026-06-15
CGPOWER,70,12877,7336350,-869550,10643436075.0,69,4914,4556000,-170850,3752331757.5,0.621,0.382,2026-06-15
CHOLAFIN,84,19710,3753125,388125,21139628250.0,83,14982,3848125,871250,14695311750.0,1.025,0.76,2026-06-15
CIPLA,100,14014,5556025,402625,7573518955.0,102,7538,3449650,127700,3898851966.25,0.621,0.538,2026-06-15
COALINDIA,81,49939,56590650,1186650,31568651032.5,85,22495,41453100,602100,13494987112.5,0.733,0.45,2026-06-15
COCHINSHIP,74,4666,1791200,228400,2944747640.0,68,1734,956800,92800,964438320.0,0.534,0.372,2026-06-15
COFORGE,75,22912,7725500,-142600,12847631330.0,79,8522,4000475,85825,4431235116.25,0.518,0.372,2026-06-15
COLPAL,80,11082,1923275,61250,5432093768.75,80,4824,1154900,-30675,2159765637.5,0.6,0.435,2026-06-15
CONCOR,90,8250,12802500,-321250,4976356687.5,87,3416,8157500,595000,1952219125.0,0.637,0.414,2026-06-15
CROMPTON,110,8224,13674450,-132150,4196006635.0,104,2883,5653400,1161650,1384140622.5,0.413,0.351,2026-06-15
CUMMINSIND,89,12470,1605000,-118600,15029210240.0,91,3692,1177800,9800,4069093810.0,0.734,0.296,2026-06-15
DABUR,83,3952,11615000,-58750,2241188000.0,81,1947,7397500,-202500,1027765812.5,0.637,0.493,2026-06-15
DALBHARAT,91,8882,1107275,-5850,5337363070.0,88,4768,1057875,209300,2411926643.75,0.955,0.537,2026-06-15
DELHIVERY,71,7114,10134300,-309175,6966374571.25,69,3036,4318075,-226175,2823750677.5,0.426,0.427,2026-06-15
DIVISLAB,96,9471,1688400,99300,6561206685.0,94,7919,1443900,4200,5151999030.0,0.855,0.836,2026-06-15
DIXON,88,90487,1424000,-20250,56814040392.5,100,42005,1083150,76100,24297043392.5,0.761,0.464,2026-06-15
DLF,108,29938,10038975,85800,15703918711.25,110,16951,7869325,1232550,8395871726.25,0.784,0.566,2026-06-15
DMART,70,29828,1713000,-46350,19076809567.5,64,12210,883800,69600,7365444847.5,0.516,0.409,2026-06-15
DRREDDY,100,13508,8755625,-6875,11179574875.0,100,10149,3951250,183750,7445501375.0,0.451,0.751,2026-06-15
EICHERMOT,102,61745,1676300,23000,47995829855.0,104,33798,1708700,369200,24941550695.0,1.019,0.547,2026-06-15
ETERNAL,87,49002,62055750,167325,31597333991.25,89,31305,40849125,1003950,18892502426.25,0.658,0.639,2026-06-15
EXIDEIND,95,6576,18662400,1636200,4880096190.0,95,2407,10306800,180000,1677812940.0,0.552,0.366,2026-06-15
FEDERALBNK,100,16203,31765000,770000,13211123875.0,100,8828,27647500,1450000,6870154125.0,0.87,0.545,2026-06-15
FINNIFTY,283,12333,525720,93720,20037817089.0,283,11194,453660,124260,17006585553.0,0.863,0.908,2026-06-15
FORCEMOT,46,42840,210900,43275,21910849010.0,44,11892,90200,18175,5381617645.0,0.428,0.278,2026-06-15
FORTIS,73,5006,4025350,171275,3996834650.0,73,2510,2187050,11625,1909639253.75,0.543,0.501,2026-06-15
GAIL,112,18831,31985650,3610300,10888362922.5,116,8130,23501950,1023550,4331439425.0,0.735,0.432,2026-06-15
GLENMARK,102,6862,4149750,110250,5875364118.75,101,4847,2772000,1125,3830793825.0,0.668,0.706,2026-06-15
GMRAIRPORT,85,17578,76515750,-2573775,13607990919.0,86,7636,43217100,2176200,5511365581.5,0.565,0.434,2026-06-15
GODFRYPHLP,91,4854,1006775,164450,3308241598.75,87,2387,410025,-20075,1401746857.5,0.407,0.492,2026-06-15
GODREJCP,86,3609,2235000,-6500,1974487825.0,85,6719,2143500,-4000,2998678350.0,0.959,1.862,2026-06-15
GODREJPROP,88,31700,3049350,348375,16312977066.25,87,13230,2197700,334675,6291370687.5,0.721,0.417,2026-06-15
GRASIM,105,13975,1838000,70500,11355549512.5,107,6284,1275250,13250,4922211275.0,0.694,0.45,2026-06-15
GVT&D,51,5853,502875,29000,3840433975.0,51,2705,332000,-1500,1599861137.5,0.66,0.462,2026-06-15
HAL,74,42436,2936700,57750,28597999567.5,72,16518,2097150,155400,10498392030.0,0.714,0.389,2026-06-15
HAVELLS,112,7826,4082500,-57500,4880073325.0,111,3461,1816000,-137000,2013893325.0,0.445,0.442,2026-06-15
HCLTECH,130,23957,11901950,505000,10058007582.5,128,11713,6768900,228250,4528174690.0,0.569,0.489,2026-06-15
HDFCAMC,217,20552,1860000,256500,16697106765.0,213,17995,1392300,221700,12257654625.0,0.749,0.876,2026-06-15
HDFCBANK,117,265498,103906000,1308050,118559034737.5,116,151412,61772950,-383500,63980954487.5,0.595,0.57,2026-06-15
HDFCLIFE,116,27542,24626800,-1450900,18090202405.0,114,14298,18155500,1719300,8774234205.0,0.737,0.519,2026-06-15
HEROMOTOCO,91,31176,2344350,102450,24510547837.5,87,11169,1278750,40350,8333861437.5,0.545,0.358,2026-06-15
HINDALCO,92,36402,22247400,2767100,27695124835.0,92,14516,9984100,725200,10461891790.0,0.449,0.399,2026-06-15
HINDPETRO,77,19650,18546975,1314225,16925261647.5,78,9070,12137850,85050,7208465298.75,0.654,0.462,2026-06-15
HINDUNILVR,98,29776,10265400,883500,20051965065.0,95,12713,4608000,400500,8257692585.0,0.449,0.427,2026-06-15
HINDZINC,70,23110,30438800,469175,17319925017.5,66,10172,15069950,-749700,6927560342.5,0.495,0.44,2026-06-15
HYUNDAI,78,5943,1064525,13475,3455457843.75,80,3562,990550,81125,1867488425.0,0.931,0.599,2026-06-15
ICICIBANK,111,97785,36792700,3665900,94371372235.0,110,81355,30958200,-1514800,75517050035.0,0.841,0.832,2026-06-15
ICICIGI,81,9293,1392625,-101400,5871830315.0,81,2044,719550,35425,1114422042.5,0.517,0.22,2026-06-15
ICICIPRULI,112,10851,6248375,-37000,5123883395.0,112,3738,4498275,495800,1644520916.25,0.72,0.344,2026-06-15
IDEA,29,17184,1890156375,122794050,20016023392.5,30,8373,1039175025,46244325,8516504989.5,0.55,0.487,2026-06-15
IDFCFIRSTB,65,19466,103731600,6038025,14662502377.25,66,15330,107293200,2012675,10658076035.25,1.034,0.788,2026-06-15
IEX,112,5458,35129100,-1156950,2689767897.0,111,1810,18890250,-712650,830754570.0,0.538,0.332,2026-06-15
INDHOTEL,97,12632,6255000,1227000,9031179750.0,99,6520,4890000,434000,4398527200.0,0.782,0.516,2026-06-15
INDIANB,141,3775,5225000,-294000,3343688250.0,142,1910,4686000,514000,1577022950.0,0.897,0.506,2026-06-15
INDIGO,72,113572,7433400,514350,86032289325.0,77,76362,5600550,1239600,54201122955.0,0.753,0.672,2026-06-15
INDUSINDBK,70,32366,6591900,647500,22073712640.0,68,18645,6801200,314300,12122134010.0,1.032,0.576,2026-06-15
INDUSTOWER,71,9764,25171900,2065500,7327015130.0,73,3169,20326900,601800,2263649365.0,0.808,0.325,2026-06-15
INFY,209,96200,45101200,95600,45945260620.0,211,46649,23215200,258400,21081104280.0,0.515,0.485,2026-06-15
INOXWIND,103,12197,54568250,90050,4319911649.0,103,5444,28411350,-734450,1754563541.75,0.521,0.446,2026-06-15
IOC,138,20682,61195875,5401500,15323210223.75,137,9350,43265625,209625,6497600655.0,0.707,0.452,2026-06-15
IREDA,118,9633,40546400,-3702100,4465523751.0,121,3161,24314000,346275,1380825547.5,0.6,0.328,2026-06-15
IRFC,88,6139,44482400,-3496875,2717393744.25,89,2253,28902050,-292200,942187638.25,0.65,0.367,2026-06-15
ITC,140,52078,130720675,536375,24804345221.25,139,22591,56754475,-345350,10365260253.75,0.434,0.434,2026-06-15
JINDALSTEL,107,5382,4310625,158750,4043511218.75,104,2792,2720625,96875,2031022125.0,0.631,0.519,2026-06-15
JIOFIN,80,32489,46624000,1250200,19156468210.0,81,21996,35891550,-11750,12592721867.5,0.77,0.677,2026-06-15
JSWENERGY,98,8595,11117550,282900,5144929257.5,96,3369,4762600,44750,1896416980.0,0.428,0.392,2026-06-15
JSWSTEEL,86,5848,4796550,-8100,5335381473.75,86,5317,3168450,-147825,4440290501.25,0.661,0.909,2026-06-15
JUBLFOOD,78,13174,12206250,493750,7458964437.5,79,6249,7438750,-42500,3286964750.0,0.609,0.474,2026-06-15
KALYANKJIL,85,133690,16574150,1196550,62492938608.75,85,51704,12604575,6470150,22356252126.25,0.76,0.387,2026-06-15
KAYNES,78,355,1560650,-12700,131546660.0,75,98,954600,-3900,33375155.0,0.612,0.276,2026-06-15
KEI,74,8724,724500,71750,8696422551.25,78,6138,476525,89950,4922757201.25,0.658,0.704,2026-06-15
KFINTECH,80,2638,2445350,-37425,1180380288.75,81,1401,1169475,-350,582107213.75,0.478,0.531,2026-06-15
KOTAKBANK,119,23883,33298000,1732000,19936870900.0,124,12310,29282000,1058000,9853207800.0,0.879,0.515,2026-06-15
KPITTECH,79,8312,3872100,-270025,2896739212.5,78,4693,3489425,113775,1488866753.75,0.901,0.565,2026-06-15
LAURUSLABS,104,4507,5700100,79050,5563253357.5,106,2836,5904950,5100,3327575622.5,1.036,0.629,2026-06-15
LICHSGFIN,83,4894,6232000,158000,2865776000.0,81,1947,4019000,-131000,1086854800.0,0.645,0.398,2026-06-15
LICI,118,10504,18085200,280000,6232341080.0,119,6377,12684000,-392000,3525630850.0,0.701,0.607,2026-06-15
LODHA,84,11510,3404000,-44825,5075354165.0,86,5055,2223325,127825,2041239115.0,0.653,0.439,2026-06-15
LT,144,126921,8520225,985250,95421797625.0,145,67107,6494075,1024800,47848456005.0,0.762,0.529,2026-06-15
LTF,57,34749,21818250,1840500,23911763962.5,57,18220,17403750,2193750,11566892812.5,0.798,0.524,2026-06-15
LTM,84,10555,1699050,-2850,6640250925.0,84,4030,1150500,-14550,2244148740.0,0.677,0.382,2026-06-15
LUPIN,89,7095,3281000,286875,7191033787.5,89,1975,1768850,53550,1882188745.0,0.539,0.278,2026-06-15
M&M,120,89580,6883200,-95400,57970246620.0,117,36703,4311600,199000,22800449860.0,0.626,0.41,2026-06-15
MANAPPURAM,61,8390,15729000,-564000,8342622450.0,61,5111,10644000,1860000,4712428800.0,0.677,0.609,2026-06-15
MANKIND,97,3274,1390125,36450,1835267535.0,94,1342,512575,17950,670480977.5,0.369,0.41,2026-06-15
MARICO,108,4523,5490000,571200,4577072040.0,105,1231,2920800,91200,1200818340.0,0.532,0.272,2026-06-15
MARUTI,96,160011,2197550,170650,114439046905.0,96,79130,1431450,437900,53339748500.0,0.651,0.495,2026-06-15
MAXHEALTH,92,12042,5717775,-473025,6724952955.0,86,14949,3540600,114975,7056902238.75,0.619,1.241,2026-06-15
MAZDOCK,96,12109,2737475,85900,6392313720.0,99,7389,1417675,49150,3249809692.5,0.518,0.61,2026-06-15
MCX,65,32348,15040775,253100,60321970395.0,63,14158,6546250,-50125,24149926020.0,0.435,0.438,2026-06-15
MFSL,71,7999,1654800,312000,5442084680.0,70,2272,1014400,105200,1449475400.0,0.613,0.284,2026-06-15
MIDCPNIFTY,500,75483,5955960,-58920,134976483798.0,500,99558,6733800,428520,167301711324.0,1.131,1.319,2026-06-15
MOTHERSON,122,9169,41303400,-2841300,8684629450.5,129,3834,28253100,215250,3375706956.0,0.684,0.418,2026-06-15
MOTILALOFS,83,14573,2825650,-344100,10980021013.75,84,5896,2579975,577375,4057122132.5,0.913,0.405,2026-06-15
MPHASIS,106,5166,1351075,-1650,3449763748.75,110,7060,923450,73425,3964889912.5,0.683,1.367,2026-06-15
MUTHOOTFIN,73,30778,3129225,-40700,28313252453.75,72,16949,2248675,11825,14236843486.25,0.719,0.551,2026-06-15
NAM-INDIA,54,11157,1829375,346875,8180466343.75,53,4297,1438125,445000,2936722562.5,0.786,0.385,2026-06-15
NATIONALUM,91,20132,38805000,838125,15551470968.75,90,7967,21693750,-562500,5723130281.25,0.559,0.396,2026-06-15
NAUKRI,81,10505,3532850,335025,4222199933.75,86,1776,2343700,-65425,650885272.5,0.663,0.169,2026-06-15
NBCC,83,5437,41873000,-1293500,4003674610.0,85,2555,27443000,175500,1696468345.0,0.655,0.47,2026-06-15
NESTLEIND,100,13902,4657000,233500,10024634900.0,97,8866,2835500,94000,6141536000.0,0.609,0.638,2026-06-15
NHPC,81,15443,112142650,-2318200,7817534298.0,79,7994,64425400,651000,3805391415.0,0.574,0.518,2026-06-15
NIFTY,925,72960250,313675765,84208965,115071482693784.5,947,76767266,309950735,-14056850,117749326275395.77,0.988,1.052,2026-06-15
NIFTYNXT50,661,822,12625,1275,1502951407.5,661,168,2400,700,303227407.5,0.19,0.204,2026-06-15
NMDC,93,14386,135769500,12717000,9350060715.0,93,5917,52231500,1755000,3594116475.0,0.385,0.411,2026-06-15
NTPC,143,41676,75936000,9924000,23125858725.0,143,15984,25933500,2376000,8495509950.0,0.342,0.384,2026-06-15
NUVAMA,58,10018,1195500,252000,8719264000.0,61,3651,769500,103000,2771450700.0,0.644,0.364,2026-06-15
NYKAA,84,3735,26471875,900000,3359278906.25,84,1258,11440625,-75000,1040493125.0,0.432,0.337,2026-06-15
OBEROIRLTY,62,7642,1128050,150850,4770991820.0,62,7281,738150,48300,3810665372.5,0.654,0.953,2026-06-15
OFSS,87,6378,781550,26025,4875747225.0,93,2288,523375,200,1610546098.75,0.67,0.359,2026-06-15
OIL,108,11382,15632400,266000,7132328210.0,102,6013,7501200,670600,3502927820.0,0.48,0.528,2026-06-15
ONGC,113,45971,111278250,5553000,27264563662.5,107,17380,38065500,2713500,9632336400.0,0.342,0.378,2026-06-15
PAGEIND,111,4111,56910,-2235,2556811229.75,100,6017,30360,50,3169762517.25,0.533,1.464,2026-06-15
PATANJALI,86,5039,8033725,-183300,2059426252.5,87,1125,5259950,-80200,427989030.0,0.655,0.223,2026-06-15
PAYTM,101,37954,9116875,-1056325,32142534431.25,100,22553,6183525,775750,18040563273.75,0.678,0.594,2026-06-15
PERSISTENT,104,18530,1523900,27600,9696534380.0,108,9794,913950,28025,4467545762.5,0.6,0.529,2026-06-15
PETRONET,106,18547,11762900,2072900,10521702485.0,105,7434,10613400,1278700,3929551880.0,0.902,0.401,2026-06-15
PFC,74,13253,20001800,-1264900,7701765760.0,72,6709,11547900,-364000,3691738505.0,0.577,0.506,2026-06-15
PGEL,54,20798,9168450,-195700,10403206040.0,52,10033,6956850,-565250,4494535072.5,0.759,0.482,2026-06-15
PHOENIXLTD,78,7549,992600,239750,5057263242.5,78,6217,667100,325150,3469925970.0,0.672,0.824,2026-06-15
PIDILITIND,106,10580,2358000,127000,8615486600.0,107,5381,1478500,15500,3886050900.0,0.627,0.509,2026-06-15
PIIND,124,13421,2135000,274750,7626438461.25,125,6991,838075,50400,3063038711.25,0.393,0.521,2026-06-15
PNB,110,12459,101440000,-736000,11199867040.0,111,9447,83208000,3480000,8005850880.0,0.82,0.758,2026-06-15
PNBHOUSING,87,7548,2486900,131950,5574909340.0,86,2005,1433900,152750,1292940187.5,0.577,0.266,2026-06-15
POLICYBZR,89,8143,3854550,-168350,4761460882.5,87,3369,2346750,-32200,1792020982.5,0.609,0.414,2026-06-15
POLYCAB,66,7006,886000,42000,8678094525.0,72,10970,938750,14625,11874372131.25,1.06,1.566,2026-06-15
POWERGRID,106,21719,39890500,2426300,12282878320.0,102,9192,19617500,-250800,4957174765.0,0.492,0.423,2026-06-15
POWERINDIA,68,17725,614375,-18525,16792666006.25,69,23528,404050,7650,17576135646.25,0.658,1.327,2026-06-15
PREMIERENE,75,9409,4404050,-85300,5956760023.75,77,2289,2039700,-1925,1339029853.75,0.463,0.243,2026-06-15
PRESTIGE,66,11992,1835100,172800,8242294792.5,66,6272,1533150,477450,3843194962.5,0.835,0.523,2026-06-15
RADICO,54,1361,203700,2850,767753557.5,53,283,136200,1500,140627632.5,0.669,0.208,2026-06-15
RBLBANK,54,12068,23183850,-368300,14905333568.75,57,5003,14932025,1203325,5717156777.5,0.644,0.415,2026-06-15
RECLTD,60,10425,22631525,-172200,5391785840.0,58,6464,15842225,-521675,3102335608.75,0.7,0.62,2026-06-15
RELIANCE,121,222760,97650500,5018500,153925915000.0,121,108874,54304000,465000,70358696075.0,0.556,0.489,2026-06-15
RVNL,66,20563,34944525,-224475,8211633494.5,67,7420,18195500,182150,2651233435.5,0.521,0.361,2026-06-15
SAIL,68,2497,20858600,1734300,2346164377.0,69,786,10786500,-352500,681098385.0,0.517,0.315,2026-06-15
SAMMAANCAP,35,7154,40983300,-60200,5914404169.0,38,2729,22901800,34400,2016741237.0,0.559,0.381,2026-06-15
SBICARD,66,14358,11172000,-1208000,7306973880.0,66,9533,7492800,-88800,4458183720.0,0.671,0.664,2026-06-15
SBILIFE,88,15020,3079500,-467250,10248510768.75,86,3898,1622250,5625,2528634225.0,0.527,0.26,2026-06-15
SBIN,96,112654,47084250,2500500,90393436537.5,95,76101,36912750,133500,57015626625.0,0.784,0.676,2026-06-15
SHREECEM,82,4103,57100,-8375,2669583985.0,82,4456,36375,2950,2448553346.25,0.637,1.086,2026-06-15
SHRIRAMFIN,103,50207,13828650,1610400,43000016853.75,103,29885,10578150,1248225,23794592167.5,0.765,0.595,2026-06-15
SIEMENS,62,19412,1946700,197925,12929348608.75,63,6000,958650,-33600,3708326903.75,0.492,0.309,2026-06-15
SOLARINDS,60,6867,292100,-4200,6350795240.0,60,4727,214700,9100,3839507800.0,0.735,0.688,2026-06-15
SONACOMS,84,2031,4214000,172725,1547870432.5,86,1014,2774625,138425,739616902.5,0.658,0.499,2026-06-15
SRF,96,8213,1498000,203000,4671728920.0,98,5137,713600,60600,2471841840.0,0.476,0.625,2026-06-15
SUNPHARMA,74,30699,13569850,306250,20055849922.5,73,14425,5597200,169400,9105315047.5,0.412,0.47,2026-06-15
SUPREMEIND,66,4019,628250,-4725,2625035463.75,66,2977,362425,17150,1588057476.25,0.577,0.741,2026-06-15
SUZLON,48,13631,178058500,3627400,7449475202.25,49,5905,79702225,-332075,2947185230.5,0.448,0.433,2026-06-15
SWIGGY,57,20068,13637075,-155500,7250113736.25,56,7768,7516275,7950,2603456772.5,0.551,0.387,2026-06-15
TATACONSUM,102,8048,6491100,413050,5136978550.0,98,1935,2727450,-17600,1169900655.0,0.42,0.24,2026-06-15
TATAELXSI,88,14071,1119000,80125,6621606973.75,89,2640,576375,20850,1077987176.25,0.515,0.188,2026-06-15
TATAPOWER,77,51573,34121400,13050,31139980397.5,76,17160,17792950,269700,9899283110.0,0.521,0.333,2026-06-15
TATASTEEL,67,34272,124038750,5211250,19899361790.0,67,14184,55440000,38500,7699009560.0,0.447,0.414,2026-06-15
TCS,128,123741,31238850,988600,50428180503.75,125,51519,17487350,287675,19683738642.5,0.56,0.416,2026-06-15
TECHM,74,19607,11342400,902400,17802621210.0,73,9580,6057600,36000,8053469640.0,0.534,0.489,2026-06-15
TIINDIA,119,7275,582200,31200,4867848840.0,122,2097,369600,60400,1292106830.0,0.635,0.288,2026-06-15
TITAN,72,92160,4269650,274400,71405166472.5,72,28658,3031350,390600,20733334606.25,0.71,0.311,2026-06-15
TMPV,62,102093,44485600,5413600,34734029600.0,65,37841,18850400,-438400,12044518640.0,0.424,0.371,2026-06-15
TORNTPHARM,74,8944,785500,76250,5271069293.75,75,12672,411000,-15250,6653020362.5,0.523,1.417,2026-06-15
TRENT,153,88280,4318650,479250,39922416618.75,153,43054,2674425,868350,18421099286.25,0.619,0.488,2026-06-15
TVSMOTOR,139,30203,1760325,-7175,18719127638.75,139,12068,1387750,170100,7126962255.0,0.788,0.4,2026-06-15
ULTRACEMCO,97,29614,864150,-16100,17530094780.0,94,18686,538100,43000,10430310270.0,0.623,0.631,2026-06-15
UNIONBANK,57,5208,33970725,-433650,4139690027.25,58,2869,26103075,376125,2128068389.25,0.768,0.551,2026-06-15
UNITDSPR,104,5401,3411600,101200,2854103980.0,102,1975,2401200,-14000,989964820.0,0.704,0.366,2026-06-15
UNOMINDA,51,12491,1434950,163350,8051355125.0,50,3657,1134100,356400,2147876280.0,0.79,0.293,2026-06-15
UPL,117,6003,7972820,-14905,5285894159.5,115,2903,5879345,-101625,2418305356.0,0.737,0.484,2026-06-15
VBL,67,25292,13893225,1401525,15970967197.5,67,9230,5581350,824700,5546252771.25,0.402,0.365,2026-06-15
VEDL,64,64055,56982500,9034400,24708955372.5,63,32090,22407750,1146550,11274725350.0,0.393,0.501,2026-06-15
VMM,83,1592,6062500,392850,990052422.0,85,484,4665700,121250,279961642.5,0.77,0.304,2026-06-15
VOLTAS,69,24181,3825000,-131625,12628482787.5,67,11172,2795625,123375,5409482643.75,0.731,0.462,2026-06-15
WAAREEENER,50,18166,2946825,120050,10214700396.25,49,4477,1319500,-13300,2359125291.25,0.448,0.246,2026-06-15
WIPRO,88,37399,217164000,2817000,21981920730.0,88,13247,101139000,-3975000,7065043470.0,0.466,0.354,2026-06-15
YESBANK,27,18989,388750000,-25999600,14761752151.0,29,7445,237417400,11382600,5280987748.0,0.611,0.392,2026-06-15
ZYDUSLIFE,77,4628,4600800,180900,4741231005.0,76,4396,2999700,-5400,4163756670.0,0.652,0.95,2026-06-15
