Symbol,CE_Contracts,CE_Volume,CE_OI,CE_OI_Change,CE_Turnover,PE_Contracts,PE_Volume,PE_OI,PE_OI_Change,PE_Turnover,PCR_OI,PCR_Volume,Date
360ONE,56,6660,1386000,426500,3697281400.0,55,5834,1634500,744000,3006042800.0,1.179,0.876,2026-04-15
ABB,127,19825,933125,149375,17862810787.5,128,8273,955500,77250,6952922031.25,1.024,0.417,2026-04-15
ABCAPITAL,68,5043,10347800,1618200,5702649330.0,70,3611,9281400,821500,3747035410.0,0.897,0.716,2026-04-15
ADANIENSOL,77,8577,3915675,-143100,7246184163.75,82,4843,2438775,57375,3747530947.5,0.623,0.565,2026-04-15
ADANIENT,109,30812,7028823,569796,21789850813.95,114,19496,6560997,89919,12666196041.3,0.933,0.633,2026-04-15
ADANIGREEN,114,13398,7316400,237600,9332594880.0,117,9096,6299400,402600,5794206990.0,0.861,0.679,2026-04-15
ADANIPORTS,69,31223,8185675,-63175,23361027368.75,71,17570,6274275,25650,12124437225.0,0.766,0.563,2026-04-15
ADANIPOWER,69,12823,26561100,1718200,8901015181.0,70,4456,12634450,962050,2839118038.0,0.476,0.348,2026-04-15
ALKEM,84,8760,254500,58750,6257998762.5,85,1835,153750,17750,1234076293.75,0.604,0.209,2026-04-15
AMBER,78,26454,896000,95300,20875892580.0,79,9759,624700,81000,6759752065.0,0.697,0.369,2026-04-15
AMBUJACEM,89,11287,10056900,-680400,5601995280.0,92,6290,9943500,266700,2933104072.5,0.989,0.557,2026-04-15
ANGELONE,72,28773,21730000,6882500,22398557100.0,75,13546,16330000,4440000,9417087600.0,0.751,0.471,2026-04-15
APLAPOLLO,101,4570,1109150,-26600,3410386647.5,99,1820,847350,109200,1271827602.5,0.764,0.398,2026-04-15
APOLLOHOSP,104,16742,732375,-69500,16448507756.25,104,7916,730000,55875,7154152093.75,0.997,0.473,2026-04-15
ASHOKLEY,86,19090,89110000,5970000,18022165800.0,85,12687,66435000,3245000,10681676300.0,0.746,0.665,2026-04-15
ASIANPAINT,108,33628,3804000,-96500,21100998700.0,110,26499,4987750,13750,15056719962.5,1.311,0.788,2026-04-15
ASTRAL,77,18243,2863650,541450,13009321251.25,78,6786,1591625,193375,4581238667.5,0.556,0.372,2026-04-15
AUBANK,92,5482,6332000,357000,5682082900.0,94,3471,5335000,89000,3349494650.0,0.843,0.633,2026-04-15
AUROPHARMA,71,9258,3721300,-35200,7219914735.0,75,4568,2701600,199650,3352145390.0,0.726,0.493,2026-04-15
AXISBANK,128,27566,16346250,1394375,24359096562.5,127,23274,14003125,308750,19523775437.5,0.857,0.844,2026-04-15
BAJAJ-AUTO,89,25929,1070175,111000,19982642295.0,88,16033,1096725,103575,11440591777.5,1.025,0.618,2026-04-15
BAJAJFINSV,92,10957,3401750,207000,5195133537.5,93,8388,3554000,5500,3716357900.0,1.045,0.766,2026-04-15
BAJAJHLDNG,97,241,58300,2050,127294562.5,93,128,38150,1050,58709010.0,0.654,0.531,2026-04-15
BAJFINANCE,93,18544,19527750,454500,13342108837.5,98,12981,15831750,-64500,8716581900.0,0.811,0.7,2026-04-15
BANDHANBNK,80,11731,25380000,925200,7766010684.0,80,5744,19069200,1213200,3487514256.0,0.751,0.49,2026-04-15
BANKBARODA,110,11546,38922975,1950975,9890781176.25,107,9153,37030500,2249325,7312565929.5,0.951,0.793,2026-04-15
BANKINDIA,95,3292,22838400,2121600,2680139384.0,88,1630,22292400,691600,1227834920.0,0.976,0.495,2026-04-15
BANKNIFTY,674,1338379,17807730,678480,2355693908020.5,674,1297291,15912210,890310,2114508979869.0,0.894,0.969,2026-04-15
BDL,69,12996,3191300,346500,6641804225.0,70,4572,2459450,203700,2034055572.5,0.771,0.352,2026-04-15
BEL,77,24246,40983000,454575,16232296338.75,79,16256,27501075,826500,9965897242.5,0.671,0.67,2026-04-15
BHARATFORG,81,10696,3391000,361000,10243465525.0,78,5403,1956500,78500,4793738700.0,0.577,0.505,2026-04-15
BHARTIARTL,77,37055,10678000,2224425,33994029027.5,77,22595,7676950,319200,19897284215.0,0.719,0.61,2026-04-15
BHEL,115,17317,31956750,-391125,13931441711.25,116,13640,33040875,480375,9832610523.75,1.034,0.788,2026-04-15
BIOCON,75,6910,23597500,825000,6386857375.0,76,2794,15205000,540000,2390274500.0,0.644,0.404,2026-04-15
BLUESTARCO,104,12307,1231425,-66300,7628096515.0,95,11443,913250,116675,5807915831.25,0.742,0.93,2026-04-15
BOSCHLTD,154,12809,262375,10850,12650537688.75,152,10331,219425,23925,8631412567.5,0.836,0.807,2026-04-15
BPCL,80,29751,21493925,1052675,19018833472.5,78,16703,20287200,1811075,9754822632.5,0.944,0.561,2026-04-15
BRITANNIA,89,14012,515500,-28125,10229370831.25,89,6812,556250,-26375,4794695012.5,1.079,0.486,2026-04-15
BSE,64,48557,6877875,286875,64540841100.0,66,39268,8286750,871125,47050853681.25,1.205,0.809,2026-04-15
CAMS,66,5552,2616750,402000,3149262412.5,66,2491,1986000,199500,1316607187.5,0.759,0.449,2026-04-15
CANBK,129,9606,71064000,2234250,9626368387.5,128,6246,68087250,4090500,5794970850.0,0.958,0.65,2026-04-15
CDSL,62,30067,4643600,-2375,19966864518.75,64,15598,3960550,287850,9609380838.75,0.853,0.519,2026-04-15
CGPOWER,67,19599,3960150,817700,12965072270.0,68,5747,2626500,413950,3569970122.5,0.663,0.293,2026-04-15
CHOLAFIN,93,7810,4178750,-220625,7901875687.5,92,4838,3638750,-2500,4552796343.75,0.871,0.619,2026-04-15
CIPLA,104,9633,4408125,-122625,4582843931.25,106,2991,3583125,121875,1356230118.75,0.813,0.31,2026-04-15
COALINDIA,109,27739,43945200,1908900,17232179355.0,103,13882,23718150,1491750,8018905567.5,0.54,0.5,2026-04-15
COCHINSHIP,80,3860,873600,-98400,2428957360.0,81,6011,604000,46000,3140415720.0,0.691,1.557,2026-04-15
COFORGE,62,31868,7262250,-200250,15939717693.75,63,14992,4710375,242625,6952853043.75,0.649,0.47,2026-04-15
COLPAL,93,8402,1571625,112275,3822749448.75,96,3117,1126125,36000,1314684933.75,0.717,0.371,2026-04-15
CONCOR,88,3125,6227500,612500,1995961875.0,91,1322,4445000,-91250,777393125.0,0.714,0.423,2026-04-15
CROMPTON,92,15486,9370800,1765800,7281585054.0,95,3085,6228000,649800,1340080200.0,0.665,0.199,2026-04-15
CUMMINSIND,97,11421,1134200,50000,12066532110.0,96,5770,739200,-16200,5216557020.0,0.652,0.505,2026-04-15
DABUR,83,12060,9956250,695000,6861039625.0,82,3361,6247500,228750,1804688687.5,0.627,0.279,2026-04-15
DALBHARAT,89,3672,857025,87750,2659731912.5,91,4675,1106300,113425,2881631528.75,1.291,1.273,2026-04-15
DELHIVERY,86,4829,9659125,1232550,4884237712.5,87,1542,4318075,-95450,1472070362.5,0.447,0.319,2026-04-15
DIVISLAB,103,7481,605800,-6600,4766979735.0,96,4506,695100,24000,2668575990.0,1.147,0.602,2026-04-15
DIXON,117,91167,1864350,61850,53129775695.0,118,40389,1480200,97100,20854166510.0,0.794,0.443,2026-04-15
DLF,112,15497,10776150,-20625,7768637002.5,112,15101,11257950,805200,6941140923.75,1.045,0.974,2026-04-15
DMART,81,16740,1825800,55650,11722216282.5,82,10039,1479450,125700,6538520347.5,0.81,0.6,2026-04-15
DRREDDY,102,34210,7324375,1558750,26773943000.0,100,22875,5366250,1011875,17203557406.25,0.733,0.669,2026-04-15
EICHERMOT,138,39978,2278700,231700,29935282480.0,129,15068,1544300,126000,10649301070.0,0.678,0.377,2026-04-15
ETERNAL,102,43080,60086650,-1748425,27064336757.0,100,19868,46009525,5075525,11557155525.25,0.766,0.461,2026-04-15
EXIDEIND,112,6669,12657600,-2482200,4172070060.0,113,2507,12430800,-180000,1433028870.0,0.982,0.376,2026-04-15
FEDERALBNK,101,10592,35460000,3665000,16086985000.0,102,5088,26650000,730000,7111300500.0,0.752,0.48,2026-04-15
FINNIFTY,353,4765,257460,38160,7825873716.0,353,4181,216000,32700,6290450439.0,0.839,0.877,2026-04-15
FORCEMOT,48,9455,68425,23725,5864678498.75,49,2453,29200,4400,1313220431.25,0.427,0.259,2026-04-15
FORTIS,78,4799,2390875,-399900,3358607618.75,80,1940,1664700,214675,1293069093.75,0.696,0.404,2026-04-15
GAIL,149,6276,27439650,699300,3210310089.0,152,5297,32763150,2334150,2518675015.5,1.194,0.844,2026-04-15
GLENMARK,102,13496,1746000,143250,11853102750.0,100,4596,1160625,167625,3712200937.5,0.665,0.341,2026-04-15
GMRAIRPORT,97,9789,33933375,983475,7057686114.0,100,4984,28297575,2483100,3312323293.5,0.834,0.509,2026-04-15
GODFRYPHLP,99,4864,386375,119900,3021441733.75,100,1510,138325,21450,741535162.5,0.358,0.31,2026-04-15
GODREJCP,100,1865,1492000,110000,1055525025.0,98,1338,1230500,76500,695243475.0,0.825,0.717,2026-04-15
GODREJPROP,88,8068,2879525,122925,4048247885.0,93,7356,2558325,146300,3304915803.75,0.888,0.912,2026-04-15
GRASIM,118,6172,1828250,351750,4400293675.0,120,1790,1266750,20250,1206123662.5,0.693,0.29,2026-04-15
HAL,82,39835,3223200,32850,26204052307.5,85,21450,3134550,259200,13149629047.5,0.972,0.538,2026-04-15
HAVELLS,116,11707,2990500,723000,7839344900.0,118,5982,2186500,433500,3828973675.0,0.731,0.511,2026-04-15
HCLTECH,112,38890,5806850,603750,20201717532.5,114,22817,5404000,149800,11498391520.0,0.931,0.587,2026-04-15
HDFCAMC,128,21062,1707300,474600,17625394080.0,136,9142,1109400,260100,7040826870.0,0.65,0.434,2026-04-15
HDFCBANK,163,129692,75946200,3951200,60801046020.0,166,69830,45141800,1296900,30339626157.5,0.594,0.538,2026-04-15
HDFCLIFE,115,22604,12743500,974600,16522577500.0,117,12774,10891100,1828200,8624698940.0,0.855,0.565,2026-04-15
HEROMOTOCO,102,18383,2190150,102000,15363316522.5,99,7845,1335150,24000,6112633980.0,0.61,0.427,2026-04-15
HINDALCO,103,47542,14139300,620900,35159193370.0,107,27877,10230500,905800,19253502765.0,0.724,0.586,2026-04-15
HINDPETRO,90,19154,19340775,461700,15216699690.0,93,11883,17465625,388800,8512929697.5,0.903,0.62,2026-04-15
HINDUNILVR,92,20258,4730100,83100,13563337590.0,93,12649,3657900,54300,8127011880.0,0.773,0.624,2026-04-15
HINDZINC,86,33959,18765775,2496550,25575031457.5,87,16908,14757575,975100,11553358608.75,0.786,0.498,2026-04-15
HUDCO,28,4546,10628250,946275,2544566497.5,31,2138,8430450,843600,1075730609.25,0.793,0.47,2026-04-15
HYUNDAI,77,7778,1001550,-60225,4146851802.5,77,1218,652300,28325,578436017.5,0.651,0.157,2026-04-15
ICICIBANK,121,73376,25673200,5506900,72053667805.0,121,42350,20155800,621600,39430326320.0,0.785,0.577,2026-04-15
ICICIGI,78,33607,2671825,1551875,21125381712.5,82,15358,1830075,1110850,8902033400.0,0.685,0.457,2026-04-15
ICICIPRULI,126,41564,8223250,3001625,22937599255.0,118,21634,4839600,357975,10963548070.0,0.589,0.52,2026-04-15
IDEA,28,11588,1447225800,-12722550,8754789059.25,24,5523,785653200,14152050,3588226546.5,0.543,0.477,2026-04-15
IDFCFIRSTB,72,7094,119666050,4108825,4684773933.0,72,8045,108341275,7549850,4641674770.25,0.905,1.134,2026-04-15
IEX,111,7998,38201250,405000,4154639212.5,113,4041,31353750,2415000,1909309687.5,0.821,0.505,2026-04-15
INDHOTEL,120,5310,5632000,125000,3579815250.0,122,3426,5911000,38000,2176689450.0,1.05,0.645,2026-04-15
INDIANB,88,16604,6188000,2819000,16915238250.0,89,7041,3324000,620000,6714120800.0,0.537,0.424,2026-04-15
INDIGO,106,80533,6289950,534900,58843997505.0,109,46809,4205700,370650,31564315597.5,0.669,0.581,2026-04-15
INDUSINDBK,83,12995,7127400,757400,8020359725.0,80,8098,6255900,162400,4637395280.0,0.878,0.623,2026-04-15
INDUSTOWER,69,28856,21321400,7085600,22113905745.0,69,14366,12003700,1332800,10471343800.0,0.563,0.498,2026-04-15
INFY,105,75865,25698000,298000,41544059720.0,110,42728,19878800,769600,21823244380.0,0.774,0.563,2026-04-15
INOXWIND,105,21787,23351900,2520375,7660359278.0,104,8985,21954075,1737450,2840844935.5,0.94,0.412,2026-04-15
IOC,149,12109,62166000,-546000,8992951792.5,141,6279,46751250,-702000,4269810772.5,0.752,0.519,2026-04-15
IREDA,109,4762,21414150,1728450,2196400272.0,116,2409,17929650,969450,1014845997.0,0.837,0.506,2026-04-15
IRFC,92,10070,39010750,-399500,4639351127.5,97,3788,28526000,641750,1564975715.0,0.731,0.376,2026-04-15
ITC,109,47463,96796800,1520000,24041159600.0,110,21800,50108800,1958400,10326634800.0,0.518,0.459,2026-04-15
JINDALSTEL,103,6417,3345625,485000,5107755593.75,101,4203,3223750,123750,3179047593.75,0.964,0.655,2026-04-15
JIOFIN,94,19905,44137700,2737750,12021304398.0,99,7874,34984450,994050,4369911503.5,0.793,0.396,2026-04-15
JSWENERGY,91,19959,6808000,-289000,10944279450.0,90,7059,5056000,391000,3613698900.0,0.743,0.354,2026-04-15
JSWSTEEL,101,5406,6889050,388125,4624235493.75,97,4056,5608575,66825,3229686978.75,0.814,0.75,2026-04-15
JUBLFOOD,101,18155,14242500,91250,10858497375.0,104,6671,9273750,-191250,3666329312.5,0.651,0.367,2026-04-15
KALYANKJIL,89,5250,6571775,435925,2906699078.75,91,2238,5791575,156275,1130250653.75,0.881,0.426,2026-04-15
KAYNES,76,35496,1390000,9600,15026230695.0,79,20149,1064100,51100,7519285275.0,0.766,0.568,2026-04-15
KEI,86,5702,583275,74200,4801718932.5,88,1835,440650,6650,1412418621.25,0.755,0.322,2026-04-15
KFINTECH,71,3529,1412000,-6000,1727111850.0,72,907,811000,77500,402199400.0,0.574,0.257,2026-04-15
KOTAKBANK,128,23491,29378000,4624000,18582640100.0,125,10571,27146000,1290000,7961632800.0,0.924,0.45,2026-04-15
KPITTECH,68,7726,3183675,19975,2522525768.75,75,3584,2143275,-162350,1075975028.75,0.673,0.464,2026-04-15
LAURUSLABS,88,7163,4766800,-231200,7049630890.0,94,5068,4454000,254150,4640682355.0,0.934,0.708,2026-04-15
LICHSGFIN,80,4539,5122000,303000,2499499200.0,83,1837,5310000,116000,963182750.0,1.037,0.405,2026-04-15
LICI,164,19979,5779900,555800,12232706955.0,166,8060,3467100,385000,4572062705.0,0.6,0.403,2026-04-15
LODHA,118,15401,6303150,-221400,6223735035.0,113,9261,5303250,79650,3388078417.5,0.841,0.601,2026-04-15
LT,170,90806,8801100,60025,67297024567.5,182,55265,7567000,737450,38031899088.75,0.86,0.609,2026-04-15
LTF,62,11474,19212750,321750,7670530080.0,64,4173,15230250,630000,2541927195.0,0.793,0.364,2026-04-15
LTM,86,15314,999900,1050,10955130060.0,86,5054,837450,25800,3399885345.0,0.838,0.33,2026-04-15
LUPIN,85,8560,2119900,32725,8777546207.5,85,2820,1692775,70125,2755583826.25,0.799,0.329,2026-04-15
M&M,147,42246,4589800,471000,28662479500.0,146,18481,3434200,120200,11866648620.0,0.748,0.437,2026-04-15
MANAPPURAM,58,3706,15462000,1083000,3162155400.0,57,3106,9756000,345000,2432659200.0,0.631,0.838,2026-04-15
MANKIND,87,6654,718875,168750,3290682858.75,92,775,252450,-3825,361192185.0,0.351,0.116,2026-04-15
MARICO,105,3183,4064400,428400,3012360060.0,103,1243,4048800,115200,1111354560.0,0.996,0.391,2026-04-15
MARUTI,130,84536,2046650,-5050,59197360007.5,129,34770,1150500,58050,22670757545.0,0.562,0.411,2026-04-15
MAXHEALTH,85,20760,3466050,58800,11086415077.5,80,7516,2378775,229950,3840552397.5,0.686,0.362,2026-04-15
MAZDOCK,114,24405,3098200,67200,12960625270.0,120,8818,2356200,69200,4246647810.0,0.761,0.361,2026-04-15
MCX,90,42231,7397500,749375,79198786406.25,90,17988,7398750,657500,30484015968.75,1.0,0.426,2026-04-15
MFSL,87,2909,882000,62000,2061434680.0,81,2060,630000,-14400,1353715140.0,0.714,0.708,2026-04-15
MIDCPNIFTY,495,76556,4620720,318000,128654758506.0,495,95123,5619000,448800,148227411252.0,1.216,1.243,2026-04-15
MOTHERSON,126,6251,36444900,2097150,4964642296.5,119,4364,36973800,2410800,3171249283.5,1.015,0.698,2026-04-15
MOTILALOFS,78,5633,1109025,97650,3616349252.5,81,1739,1005175,68200,959985137.5,0.906,0.309,2026-04-15
MPHASIS,112,15088,1022450,5225,10226425770.0,112,12268,976800,122375,8045095671.25,0.955,0.813,2026-04-15
MUTHOOTFIN,69,20482,2173325,311850,21232553265.0,70,8422,1448975,40425,7999436032.5,0.667,0.411,2026-04-15
NAM-INDIA,52,10428,850000,444375,6623139875.0,52,2243,364375,-94375,1172441375.0,0.429,0.215,2026-04-15
NATIONALUM,88,15501,36063750,-97500,26167670625.0,97,7710,31916250,1920000,11714607562.5,0.885,0.497,2026-04-15
NAUKRI,83,13043,2722500,138000,5202690581.25,83,2897,1105500,-27375,1091182237.5,0.406,0.222,2026-04-15
NBCC,83,1592,17043000,624000,1005100200.0,85,988,13481000,351000,558941825.0,0.791,0.621,2026-04-15
NESTLEIND,98,7780,2730500,94000,5005935125.0,98,3107,1933500,187500,1921913800.0,0.708,0.399,2026-04-15
NHPC,60,18496,40019200,-7033600,9965225536.0,62,5702,29440000,1318400,2832352384.0,0.736,0.308,2026-04-15
NIFTY,1067,18504101,169582250,34543535,29779689065714.25,1089,18919033,190742950,38573305,29010270560264.5,1.125,1.022,2026-04-15
NIFTYNXT50,684,56,3100,100,97598543.75,684,42,3150,450,63398673.75,1.016,0.75,2026-04-15
NMDC,77,15851,73467000,816750,9683834310.0,79,6127,46534500,1404000,3476703330.0,0.633,0.387,2026-04-15
NTPC,121,49050,50778000,8571000,29696422275.0,121,20718,27595500,4741500,11911194300.0,0.543,0.422,2026-04-15
NUVAMA,65,1088,849500,48000,764599475.0,65,1523,761500,80000,863056575.0,0.896,1.4,2026-04-15
NYKAA,87,1863,7225000,34375,1591775593.75,87,615,4328125,53125,489552156.25,0.599,0.33,2026-04-15
OBEROIRLTY,81,3202,1173200,-35000,1972177672.5,81,1782,1054200,62650,1004103607.5,0.899,0.557,2026-04-15
OFSS,72,33340,492900,2100,19587866696.25,72,10794,475350,66750,5777967333.75,0.964,0.324,2026-04-15
OIL,81,10915,11565400,1720600,7515585140.0,80,6004,5194000,149800,3863670510.0,0.449,0.55,2026-04-15
ONGC,132,43513,93118500,10957500,29254153950.0,132,18206,39825000,3278250,11658611700.0,0.428,0.418,2026-04-15
PAGEIND,115,6379,62040,-2355,3641907677.25,115,10316,56175,2880,4953533370.0,0.905,1.617,2026-04-15
PATANJALI,74,3382,3627000,484200,1478410830.0,78,1168,2682900,435600,494519940.0,0.74,0.345,2026-04-15
PAYTM,98,10542,6110300,169650,9063341616.25,102,6846,5120675,187775,5473594378.75,0.838,0.649,2026-04-15
PERSISTENT,86,21108,1063200,122300,12219210395.0,88,14533,995900,60100,7783452825.0,0.937,0.689,2026-04-15
PETRONET,110,3533,14979600,190000,1918628531.0,107,2325,9999700,127300,1148193579.0,0.668,0.658,2026-04-15
PFC,88,36262,22644700,1654900,21718293805.0,94,17236,15386800,310700,9746709635.0,0.679,0.475,2026-04-15
PGEL,68,63552,9801150,543400,34357693730.0,66,32217,8993650,2246750,15160687812.5,0.918,0.507,2026-04-15
PHOENIXLTD,83,1348,659050,64750,886941317.5,87,698,598850,55650,408423207.5,0.909,0.518,2026-04-15
PIDILITIND,123,5078,1513500,329500,3530881675.0,124,3112,1009500,131500,2061053675.0,0.667,0.613,2026-04-15
PIIND,132,9033,648725,-61600,4931069990.0,136,3851,557200,104475,1944515413.75,0.859,0.426,2026-04-15
PNB,106,10245,78272000,-6576000,9759448240.0,107,6713,69224000,2600000,5953837040.0,0.884,0.655,2026-04-15
PNBHOUSING,81,2157,1509300,111800,1306994260.0,84,871,1297400,65650,441500930.0,0.86,0.404,2026-04-15
POLICYBZR,62,9208,1769250,79450,5050340225.0,66,5514,1016750,14350,2791863935.0,0.575,0.599,2026-04-15
POLYCAB,79,18211,926750,42875,18569789106.25,74,15267,1116375,171875,13429509218.75,1.205,0.838,2026-04-15
POWERGRID,94,75101,35784600,4558100,45571358925.0,95,18210,20048800,4229400,10470315085.0,0.56,0.242,2026-04-15
POWERINDIA,62,8465,242300,30050,12905403350.0,64,3625,233800,9750,4936463860.0,0.965,0.428,2026-04-15
PPLPHARMA,22,2441,4633125,-23625,1019683796.25,29,628,3184125,357000,243055575.0,0.687,0.257,2026-04-15
PREMIERENE,79,6442,2241925,4025,3849488638.75,80,3404,1909000,82225,1866118052.5,0.852,0.528,2026-04-15
PRESTIGE,75,7944,2425500,466200,5060295832.5,73,2329,1222650,64350,1377060570.0,0.504,0.293,2026-04-15
RBLBANK,52,11200,30054550,819150,12049559975.0,55,6849,27625675,771525,6769212553.75,0.919,0.612,2026-04-15
RECLTD,81,14607,25263000,3066000,7557267200.0,85,9758,20515600,833000,4653735240.0,0.812,0.668,2026-04-15
RELIANCE,112,148611,81197000,-461000,104137927500.0,109,71785,37527500,1322500,47366048325.0,0.462,0.483,2026-04-15
RVNL,61,29176,18109375,896700,13389453045.25,65,8648,12660550,1195600,3547072118.25,0.699,0.296,2026-04-15
SAIL,70,62,11040300,-126900,50527209.0,66,146,8173300,-258500,106192317.0,0.74,2.355,2026-04-15
SAMMAANCAP,55,312,17935300,-795500,215541972.0,51,217,19251100,-223600,133863257.0,1.073,0.696,2026-04-15
SBICARD,71,6225,6914400,206400,3629528320.0,71,3646,5756000,272800,1975894440.0,0.832,0.586,2026-04-15
SBILIFE,90,10292,2920875,570375,7802845743.75,87,4997,1934250,399375,3578238975.0,0.662,0.486,2026-04-15
SBIN,129,80650,43326750,3140250,67988026762.5,121,53743,32300250,2373750,42595796212.5,0.746,0.666,2026-04-15
SHREECEM,82,4893,53175,-14225,3145409738.75,83,1195,44025,-850,720788528.75,0.828,0.244,2026-04-15
SHRIRAMFIN,108,26490,14091825,962775,23791010966.25,110,10904,10048500,356400,9015397380.0,0.713,0.412,2026-04-15
SIEMENS,73,92611,1641500,709450,59486068608.75,75,25196,1104250,551250,15045224320.0,0.673,0.272,2026-04-15
SOLARINDS,92,13966,273550,10450,10964695425.0,87,3200,214700,12800,2249558917.5,0.785,0.229,2026-04-15
SONACOMS,104,11105,4227475,-516950,8291731673.75,108,3946,3581900,367500,2712207146.25,0.847,0.355,2026-04-15
SRF,111,11559,1667800,118600,6010126060.0,116,4165,1095200,-16800,2034361430.0,0.657,0.36,2026-04-15
SUNPHARMA,94,33289,6718250,-1319850,20234817190.0,90,17498,5372150,-119350,10185679332.5,0.8,0.526,2026-04-15
SUPREMEIND,74,1805,629475,48475,1319608211.25,73,1249,360150,-19075,746521851.25,0.572,0.692,2026-04-15
SUZLON,57,54220,176240200,41352550,25216377330.75,57,28704,146800650,61126325,11865647630.0,0.833,0.529,2026-04-15
SWIGGY,58,8550,9678500,839800,3247773035.0,59,3187,5350800,276900,1114103640.0,0.553,0.373,2026-04-15
TATACONSUM,97,2506,1862850,184250,1580912465.0,92,2038,2266000,43450,1193414035.0,1.216,0.813,2026-04-15
TATAELXSI,80,11938,739200,92900,5764925260.0,81,4696,500100,62200,2091686355.0,0.677,0.393,2026-04-15
TATAPOWER,89,89477,38237950,5747800,56609547367.5,90,33995,28031400,2276500,20280261875.0,0.733,0.38,2026-04-15
TATASTEEL,102,19469,113311000,4224000,23277650605.0,115,14527,88940500,4070000,16061901845.0,0.785,0.746,2026-04-15
TATATECH,41,3842,2836800,502400,1855449960.0,41,1029,1717600,149600,457866640.0,0.605,0.268,2026-04-15
TCS,111,225570,20550950,-2510200,103933513477.5,117,103909,11718000,-51100,45121511723.75,0.57,0.461,2026-04-15
TECHM,60,15537,4914000,-261600,14246363580.0,62,6577,4351200,175800,5730159930.0,0.885,0.423,2026-04-15
TIINDIA,114,1702,450400,28800,987705690.0,118,697,223600,7000,381529720.0,0.496,0.41,2026-04-15
TITAN,115,26106,3828300,337750,21234360481.25,112,17269,2818025,104300,13329565637.5,0.736,0.661,2026-04-15
TMPV,75,82989,29789600,3320800,24926064320.0,78,55367,25641600,2127200,15121779600.0,0.861,0.667,2026-04-15
TORNTPHARM,99,4164,664500,81000,4535942175.0,94,1673,460000,36500,1736306487.5,0.692,0.402,2026-04-15
TORNTPOWER,44,3172,1013200,43775,2123587491.25,43,1021,742900,30175,615925172.5,0.733,0.322,2026-04-15
TRENT,72,29067,2377900,-28300,12072190530.0,74,15550,2315800,91600,5941810220.0,0.974,0.535,2026-04-15
TVSMOTOR,159,9691,1456000,65100,6688326872.5,160,4615,995050,6300,2982879733.75,0.683,0.476,2026-04-15
ULTRACEMCO,111,19798,603250,110250,12079530290.0,106,9905,387350,28700,5432687502.5,0.642,0.5,2026-04-15
UNIONBANK,71,8404,32284800,2482425,7376103831.0,73,3978,25598625,561975,3172322679.0,0.793,0.473,2026-04-15
UNITDSPR,104,5900,4440400,169600,3088212840.0,101,2191,2588800,58800,1097184520.0,0.583,0.371,2026-04-15
UNOMINDA,50,2164,1505900,120450,1394524367.5,52,607,658350,42350,354129627.5,0.437,0.28,2026-04-15
UPL,113,6490,9685540,-50135,6024332777.75,114,3982,7067680,58265,3438019074.75,0.73,0.614,2026-04-15
VBL,78,16785,11035125,23625,8860510237.5,83,10007,7344000,-439875,4842831150.0,0.666,0.596,2026-04-15
VEDL,97,59834,27700050,2847400,54634110875.0,94,35650,27342400,3671950,30521044620.0,0.987,0.596,2026-04-15
VMM,101,400,5262250,-247350,236488667.5,101,197,3816950,19400,110567050.5,0.725,0.492,2026-04-15
VOLTAS,82,28316,4604625,30750,15581457562.5,77,13697,3540000,19125,6862690537.5,0.769,0.484,2026-04-15
WAAREEENER,59,37473,2049950,50050,23476601925.0,62,18791,1596000,287875,10821549620.0,0.779,0.501,2026-04-15
WIPRO,75,56686,86079000,2373000,37061455380.0,77,22295,56709000,8268000,13447491000.0,0.659,0.393,2026-04-15
YESBANK,30,8082,296476300,4043000,5259260666.0,29,3048,265998300,8459200,1738415360.0,0.897,0.377,2026-04-15
ZYDUSLIFE,77,7022,3051900,275400,6113325330.0,78,1357,2358900,260100,1104654150.0,0.773,0.193,2026-04-15
360ONE,56,4297,1470500,84500,2426630325.0,55,4211,1863000,228500,2178623400.0,1.267,0.98,2026-04-16
ABB,127,16957,979250,46125,15129851962.5,128,13910,1047250,91750,11836746181.25,1.069,0.82,2026-04-16
ABCAPITAL,68,4957,11358400,1010600,5502401575.0,70,2956,8878400,-403000,3086802060.0,0.782,0.596,2026-04-16
ADANIENSOL,77,16388,3739500,-176175,14002383836.25,82,6900,2624400,185625,5478021933.75,0.702,0.421,2026-04-16
ADANIENT,109,39293,6888537,-140286,27848809287.6,115,18350,6799236,238239,12122378598.3,0.987,0.467,2026-04-16
ADANIGREEN,119,21682,7868400,552000,15238395780.0,122,11612,6759000,459600,7534284450.0,0.859,0.536,2026-04-16
ADANIPORTS,71,58088,8416525,230850,44040196116.25,74,25250,7062300,788025,18033161843.75,0.839,0.435,2026-04-16
ADANIPOWER,87,30518,27892350,1331250,21744373025.0,88,10542,17785500,5151050,6861061144.0,0.638,0.345,2026-04-16
ALKEM,93,3195,249750,-4750,2330089668.75,95,1165,150250,-3500,795923950.0,0.602,0.365,2026-04-16
AMBER,82,37358,964700,68700,30090324400.0,83,16370,714800,90100,11885248095.0,0.741,0.438,2026-04-16
AMBUJACEM,90,9616,10632300,575400,4801727122.5,93,5325,10014900,71400,2514585885.0,0.942,0.554,2026-04-16
ANGELONE,73,25508,29892500,8162500,19911872625.0,76,19969,21497500,5167500,14244926725.0,0.719,0.783,2026-04-16
APLAPOLLO,101,4608,1191750,82600,3416935025.0,99,1407,835800,-11550,995548995.0,0.701,0.305,2026-04-16
APOLLOHOSP,107,17542,866375,134000,17093282325.0,109,10109,725500,-4500,9448083331.25,0.837,0.576,2026-04-16
ASHOKLEY,86,12745,88905000,-205000,11966540350.0,85,8431,67465000,1030000,7102846800.0,0.759,0.662,2026-04-16
ASIANPAINT,111,22815,3778750,-25250,14392526562.5,113,18677,5064250,76500,11000590312.5,1.34,0.819,2026-04-16
ASTRAL,77,45530,4587450,1723800,31508864795.0,78,24865,2361725,770100,16193858385.0,0.515,0.546,2026-04-16
AUBANK,92,4700,6690000,358000,4832953550.0,94,4084,5637000,302000,3957855950.0,0.843,0.869,2026-04-16
AUROPHARMA,72,7213,3847800,126500,5654471295.0,76,4110,2763750,62150,3027639175.0,0.718,0.57,2026-04-16
AXISBANK,128,26320,16691875,345625,23022047281.25,127,23065,13541250,-461875,19194874000.0,0.811,0.876,2026-04-16
BAJAJ-AUTO,89,21084,1137975,67800,16302783892.5,88,12448,1136550,39825,9033624187.5,0.999,0.59,2026-04-16
BAJAJFINSV,94,19368,3535500,133750,9206192087.5,95,8594,3528750,-25250,3861551312.5,0.998,0.444,2026-04-16
BAJAJHLDNG,98,4525,93500,35200,2460724170.0,95,724,44600,6450,364459992.5,0.477,0.16,2026-04-16
BAJFINANCE,93,38937,21335250,1807500,27954830625.0,98,22016,16863000,1031250,14773887600.0,0.79,0.565,2026-04-16
BANDHANBNK,80,4821,25398000,18000,3197491920.0,80,3619,19742400,673200,2195647488.0,0.777,0.751,2026-04-16
BANKBARODA,111,10685,41254200,2331225,9139386759.75,108,6778,38586600,1556100,5461776157.5,0.935,0.634,2026-04-16
BANKINDIA,95,4258,23514400,676000,3473780284.0,88,2670,22817600,525200,2058827888.0,0.97,0.627,2026-04-16
BANKNIFTY,676,1322583,19325910,1518180,2319227726250.0,676,1261528,16731750,819540,2076610113820.5,0.866,0.954,2026-04-16
BDL,70,13879,3407250,215950,7005955390.0,71,6663,2529450,70000,3001481752.5,0.742,0.48,2026-04-16
BEL,80,49703,41283675,300675,33558984198.75,83,23131,29459025,1957950,14485215060.0,0.714,0.465,2026-04-16
BHARATFORG,82,7000,3302000,-89000,6737853925.0,80,3701,2020000,63500,3320679150.0,0.612,0.529,2026-04-16
BHARTIARTL,77,51819,13129000,2451000,47086687490.0,77,22360,8065025,388075,19573722693.75,0.614,0.432,2026-04-16
BHEL,140,56071,42322875,10366125,46759401753.75,141,24279,38624250,5583375,18537015052.5,0.913,0.433,2026-04-16
BIOCON,75,7586,23897500,300000,6984573000.0,76,2873,15215000,10000,2510313375.0,0.637,0.379,2026-04-16
BLUESTARCO,112,21053,1579175,347750,13246840408.75,103,6216,960700,47450,3627391673.75,0.608,0.295,2026-04-16
BOSCHLTD,154,9725,254800,-7575,9632870550.0,152,10168,226300,6875,8356093668.75,0.888,1.046,2026-04-16
BPCL,82,12015,22430075,936150,7795479050.0,80,7081,19698650,-588550,4240694226.25,0.878,0.589,2026-04-16
BRITANNIA,93,9497,580500,65000,6902060593.75,94,4093,538000,-18250,2845031725.0,0.927,0.431,2026-04-16
BSE,69,42888,7076250,198375,57675298143.75,71,38199,9145500,858750,47366787787.5,1.292,0.891,2026-04-16
CAMS,66,4990,2654250,37500,2842383600.0,66,2572,2046750,60750,1387469175.0,0.771,0.515,2026-04-16
CANBK,131,7884,74196000,3132000,7855656750.0,129,6202,69241500,1154250,5894855055.0,0.933,0.787,2026-04-16
CDSL,64,16677,4626025,-17575,11199624883.75,66,9354,4103050,142500,5900613708.75,0.887,0.561,2026-04-16
CGPOWER,68,14626,4238950,278800,9792674517.5,69,4519,2516000,-110500,2850575300.0,0.594,0.309,2026-04-16
CHOLAFIN,93,19912,4480625,301875,20624357125.0,92,10801,3875625,236875,10593953062.5,0.865,0.542,2026-04-16
CIPLA,104,11909,4503000,94875,5661088012.5,106,3738,3698250,115125,1717808587.5,0.821,0.314,2026-04-16
COALINDIA,109,28552,45156150,1210950,17737157047.5,103,11934,25608150,1890000,6950446650.0,0.567,0.418,2026-04-16
COCHINSHIP,80,3767,829600,-44000,2372006840.0,81,2388,616400,12400,1260142920.0,0.743,0.634,2026-04-16
COFORGE,62,47540,7584750,322500,24606308456.25,63,21494,4782375,72000,10342347693.75,0.631,0.452,2026-04-16
COLPAL,95,14412,1554300,-17325,6665834115.0,97,4886,1098450,-27675,2115627592.5,0.707,0.339,2026-04-16
CONCOR,91,10046,6331250,103750,6485868625.0,93,2471,4843750,398750,1518244500.0,0.765,0.246,2026-04-16
CROMPTON,103,27139,11221200,1850400,13054582080.0,104,9296,9005400,2777400,4224750246.0,0.803,0.343,2026-04-16
CUMMINSIND,97,9583,1169400,35200,10076081600.0,96,4401,767400,28200,4358970990.0,0.656,0.459,2026-04-16
DABUR,83,10735,11537500,1581250,6063932750.0,82,4408,7245000,997500,2380574250.0,0.628,0.411,2026-04-16
DALBHARAT,89,3052,950300,93275,2213717415.0,91,1300,1063400,-42900,785003992.5,1.119,0.426,2026-04-16
DELHIVERY,86,5162,10246350,587225,5184156552.5,87,1437,4699875,381800,1361673618.75,0.459,0.278,2026-04-16
DIVISLAB,105,17177,619000,13200,11087351910.0,100,8015,743100,48000,4889077305.0,1.2,0.467,2026-04-16
DIXON,118,116493,2178000,313650,69076403592.5,119,44757,1536300,56100,24280440312.5,0.705,0.384,2026-04-16
DLF,115,13319,10679625,-96525,6711575516.25,114,10972,11428725,170775,5206763842.5,1.07,0.824,2026-04-16
DMART,81,16603,1920450,94650,11517426157.5,82,9481,1526850,47400,6182882130.0,0.795,0.571,2026-04-16
DRREDDY,102,14683,7154375,-170000,11548559781.25,100,7557,5128125,-238125,5741503593.75,0.717,0.515,2026-04-16
EICHERMOT,138,27726,2323900,45200,20654308175.0,129,14641,1559600,15300,10323871715.0,0.671,0.528,2026-04-16
ETERNAL,102,48581,63377375,3290725,31013956785.25,100,21020,49925900,3916375,12536271003.25,0.788,0.433,2026-04-16
EXIDEIND,117,2973,12450600,-207000,1844107830.0,117,1899,12443400,12600,1083241170.0,0.999,0.639,2026-04-16
FEDERALBNK,101,11658,40390000,4930000,17623281000.0,102,6099,27795000,1145000,8506932750.0,0.688,0.523,2026-04-16
FINNIFTY,354,10478,399240,141780,17246731860.0,354,7887,279840,63840,12007480356.0,0.701,0.753,2026-04-16
FORCEMOT,48,6223,73375,4950,3854574581.25,49,1001,26400,-2800,530035497.5,0.36,0.161,2026-04-16
FORTIS,81,3141,2364525,-26350,2206512613.75,83,1514,1649200,-15500,1004173583.75,0.697,0.482,2026-04-16
GAIL,151,5276,26658450,-781200,2729213077.5,154,3475,32252850,-510300,1648631029.5,1.21,0.659,2026-04-16
GLENMARK,107,6662,1815375,69375,5839975331.25,106,4122,1119375,-41250,3342206025.0,0.617,0.619,2026-04-16
GMRAIRPORT,98,5744,38397375,4464000,4114796555.25,102,4082,28618425,320850,2739563565.75,0.745,0.711,2026-04-16
GODFRYPHLP,99,2516,401775,15400,1557267016.25,100,908,165550,27225,482044860.0,0.412,0.361,2026-04-16
GODREJCP,100,1555,1542500,50500,881798275.0,98,866,1230500,0,459598150.0,0.798,0.557,2026-04-16
GODREJPROP,89,8769,2806650,-72875,4422130515.0,94,6539,2674650,116325,2981013860.0,0.953,0.746,2026-04-16
GRASIM,118,12165,1748000,-80250,8612193900.0,120,6816,1280750,14000,4668008812.5,0.733,0.56,2026-04-16
HAL,84,100849,3529350,306150,68330667105.0,87,44127,3375300,240750,28034385067.5,0.956,0.438,2026-04-16
HAVELLS,117,6604,3007000,16500,4439979650.0,119,2919,2224500,38000,1858261375.0,0.74,0.442,2026-04-16
HCLTECH,112,42859,6675200,868350,22242536172.5,114,23955,5715150,311150,11985125127.5,0.856,0.559,2026-04-16
HDFCAMC,128,51843,2461800,754500,43617352080.0,136,34929,1715400,606000,27580637430.0,0.697,0.674,2026-04-16
HDFCBANK,163,136439,83305200,7359000,63255656585.0,166,89852,46867700,1725900,38933202990.0,0.563,0.659,2026-04-16
HDFCLIFE,123,27331,15680500,2937000,20121529835.0,125,18937,11937200,1046100,13083857215.0,0.761,0.693,2026-04-16
HEROMOTOCO,102,32318,2849850,659700,26623757385.0,99,24219,1426950,91800,18812278927.5,0.501,0.749,2026-04-16
HINDALCO,103,78045,15488200,1348900,59075289350.0,107,40055,13376300,3145800,28556329410.0,0.864,0.513,2026-04-16
HINDPETRO,91,7709,18702900,-637875,6179190907.5,94,4985,17129475,-336150,3632446012.5,0.916,0.647,2026-04-16
HINDUNILVR,92,16502,5085600,355500,10977341820.0,93,8578,3791400,133500,5506435875.0,0.746,0.52,2026-04-16
HINDZINC,87,41937,19688200,922425,32163181050.0,88,18551,16351300,1593725,13039529650.0,0.831,0.442,2026-04-16
HUDCO,29,9523,12062925,1434675,5366930142.0,32,3827,9626475,1196025,1996675464.75,0.798,0.402,2026-04-16
HYUNDAI,77,20995,1355475,353925,11159964653.75,77,4588,689700,37400,2235654561.25,0.509,0.219,2026-04-16
ICICIBANK,121,64787,25916100,242900,63771439235.0,121,39206,21008400,852600,36771666575.0,0.811,0.605,2026-04-16
ICICIGI,84,43960,1702675,-969150,27831593676.25,89,23657,1559350,-270725,14016526176.25,0.916,0.538,2026-04-16
ICICIPRULI,126,11471,7216850,-1006400,6260883543.75,118,4391,4755425,-84175,2248642301.25,0.659,0.383,2026-04-16
IDEA,28,13411,1413989925,-33235875,10132072283.25,24,4872,755419275,-30233925,3260304249.75,0.534,0.363,2026-04-16
IDFCFIRSTB,72,12933,125954500,6288450,8609636913.5,72,10474,117569900,9228625,6188161001.75,0.933,0.81,2026-04-16
IEX,115,6875,39243750,1042500,3611253225.0,117,3988,32505000,1151250,1953699412.5,0.828,0.58,2026-04-16
INDHOTEL,121,9266,6013000,381000,6268350750.0,123,4072,6159000,248000,2610779050.0,1.024,0.439,2026-04-16
INDIANB,88,8802,6411000,223000,8774962800.0,89,3485,3322000,-2000,3288016200.0,0.518,0.396,2026-04-16
INDIGO,106,34123,6209400,-80550,25005965287.5,109,27755,4333950,128250,18501138270.0,0.698,0.813,2026-04-16
INDUSINDBK,83,14351,7396200,268800,8944462450.0,80,10567,6199900,-56000,6153747250.0,0.838,0.736,2026-04-16
INDUSTOWER,70,18420,23854400,2533000,13843961730.0,70,8355,13231100,1227400,5962050450.0,0.555,0.454,2026-04-16
INFY,105,85263,27637200,1939200,47004063520.0,110,45496,20277600,398800,23495802240.0,0.734,0.534,2026-04-16
INOXWIND,107,9734,22333025,-1018875,3475518796.75,106,4909,21782475,-171600,1612406510.0,0.975,0.504,2026-04-16
IOC,150,6091,64715625,2549625,4536625372.5,142,4604,46351500,-399750,3126467223.75,0.716,0.756,2026-04-16
IREDA,112,11894,23397900,1983750,5572430823.0,117,4559,18892200,962550,1954464433.5,0.807,0.383,2026-04-16
IRFC,94,15485,39707750,697000,7190514395.0,98,5557,29886000,1360000,2338615795.0,0.753,0.359,2026-04-16
ITC,109,49336,98401600,1604800,24842767120.0,110,23298,51764800,1656000,11012635680.0,0.526,0.472,2026-04-16
JINDALSTEL,104,6280,3406250,60625,5014568812.5,102,3372,3343750,120000,2538639625.0,0.982,0.537,2026-04-16
JIOFIN,94,20379,50908050,6770350,12294746379.5,99,9436,37144100,2159650,5253490353.5,0.73,0.463,2026-04-16
JSWENERGY,96,12341,6507000,-301000,6796717000.0,95,7109,5132000,76000,3691536750.0,0.789,0.576,2026-04-16
JSWSTEEL,102,12408,6699375,-189675,10598539500.0,99,5885,5481000,-127575,4762032862.5,0.818,0.474,2026-04-16
JUBLFOOD,101,11384,13818750,-423750,6887461312.5,104,4469,9063750,-210000,2472080375.0,0.656,0.393,2026-04-16
KALYANKJIL,89,8203,7082900,511125,4471621418.75,91,6219,5657625,-133950,3196977365.0,0.799,0.758,2026-04-16
KAYNES,90,75048,1444900,54900,32700261130.0,93,33679,1216600,152500,13499726635.0,0.842,0.449,2026-04-16
KEI,87,8033,635425,52150,6792794715.0,89,1699,458675,18025,1348736007.5,0.722,0.212,2026-04-16
KFINTECH,73,13479,1891000,479000,6719332475.0,74,2678,970000,159000,1252858600.0,0.513,0.199,2026-04-16
KOTAKBANK,129,18329,31950000,2572000,14585346400.0,127,9739,26800000,-346000,7429935100.0,0.839,0.531,2026-04-16
KPITTECH,68,20949,3391075,207400,6932800600.0,75,7073,2177275,34000,2207568702.5,0.642,0.338,2026-04-16
LAURUSLABS,94,6140,5257250,490450,6127123042.5,100,3630,4649500,195500,3389361400.0,0.884,0.591,2026-04-16
LICHSGFIN,80,7706,5826000,704000,4323593650.0,83,2749,5503000,193000,1453228000.0,0.945,0.357,2026-04-16
LICI,164,10010,6258700,478800,6221570495.0,166,3676,3970400,503300,2123361170.0,0.634,0.367,2026-04-16
LODHA,120,15038,6007500,-295650,6102745650.0,115,11784,5584950,281700,4469683770.0,0.93,0.784,2026-04-16
LT,174,61963,9193800,392700,46212570757.5,186,36264,8005550,438550,25349760283.75,0.871,0.585,2026-04-16
LTF,62,8234,19680750,468000,5525839935.0,64,2832,15399000,168750,1750213597.5,0.782,0.344,2026-04-16
LTM,87,17610,1138950,139050,12836545200.0,88,4972,872250,34800,3381628065.0,0.766,0.282,2026-04-16
LUPIN,85,9551,2394875,274975,9741021908.75,85,4355,1620100,-72675,4216588412.5,0.676,0.456,2026-04-16
M&M,147,28535,5137800,548000,19199051310.0,146,17147,3551200,117000,11046333180.0,0.691,0.601,2026-04-16
MANAPPURAM,58,3815,16455000,993000,3239253900.0,57,2276,10209000,453000,1791429000.0,0.62,0.597,2026-04-16
MANKIND,91,3156,756000,37125,1565241277.5,96,1070,265500,13050,509227942.5,0.351,0.339,2026-04-16
MARICO,105,5867,4575600,511200,5496247800.0,103,2637,4040400,-8400,2341887240.0,0.883,0.449,2026-04-16
MARUTI,130,41685,2084350,37700,29169932437.5,129,19537,1171200,20700,12751419267.5,0.562,0.469,2026-04-16
MAXHEALTH,91,19086,3563175,97125,10396884592.5,89,7370,2324700,-54075,3811821378.75,0.652,0.386,2026-04-16
MAZDOCK,117,26109,3012800,-85400,13945888960.0,123,12383,2363000,6800,6052140800.0,0.784,0.474,2026-04-16
MCX,94,24092,8318125,920625,45632936593.75,94,13658,7876875,478125,23524479156.25,0.947,0.567,2026-04-16
MFSL,89,1296,938800,56800,920023340.0,84,737,597200,-32800,480922840.0,0.636,0.569,2026-04-16
MIDCPNIFTY,497,91665,4880640,259920,154519946400.0,497,96636,6193920,574920,153362687034.0,1.269,1.054,2026-04-16
MOTHERSON,129,3547,37779450,1334550,2820378069.0,122,2829,37312050,338250,2045975358.0,0.988,0.798,2026-04-16
MOTILALOFS,78,1670,1199700,90675,1076744777.5,81,3196,1026100,20925,1689451291.25,0.855,1.914,2026-04-16
MPHASIS,114,8502,1246575,224125,5957930302.5,114,2764,976525,-275,1775382455.0,0.783,0.325,2026-04-16
MUTHOOTFIN,71,9459,2189000,15675,9802934185.0,72,4639,1472350,23375,4492705965.0,0.673,0.49,2026-04-16
NAM-INDIA,52,2835,766250,-83750,1817862000.0,52,3576,444375,80000,1729097437.5,0.58,1.261,2026-04-16
NATIONALUM,90,24267,35760000,-303750,41538976125.0,99,9726,33168750,1252500,15168268500.0,0.928,0.401,2026-04-16
NAUKRI,83,9347,2860125,137625,3797777925.0,83,2977,1299375,193875,1140459412.5,0.454,0.318,2026-04-16
NBCC,85,2447,17803500,760500,1551627545.0,88,1139,13494000,13000,658331700.0,0.758,0.465,2026-04-16
NESTLEIND,101,9398,2885500,155000,6058436950.0,101,3782,2025000,91500,2362145525.0,0.702,0.402,2026-04-16
NHPC,67,8596,40480000,460800,4627278080.0,69,3987,29644800,204800,2020299264.0,0.732,0.464,2026-04-16
NIFTY,1067,22410258,218126925,48544675,36054375316167.0,1089,22218012,214192985,23450035,34311038351089.5,0.982,0.991,2026-04-16
NIFTYNXT50,686,146,4250,1150,256565908.75,686,158,4400,1250,248418951.25,1.035,1.082,2026-04-16
NMDC,82,18758,73440000,-27000,11494020015.0,84,7007,47493000,958500,4020033982.5,0.647,0.374,2026-04-16
NTPC,128,49402,51408000,630000,30021205875.0,128,21770,28999500,1404000,12647661450.0,0.564,0.441,2026-04-16
NUVAMA,70,919,879000,29500,660507975.0,71,1321,784500,23000,744920300.0,0.892,1.437,2026-04-16
NYKAA,89,2131,8190625,965625,1821400750.0,89,683,4625000,296875,548730656.25,0.565,0.321,2026-04-16
OBEROIRLTY,84,2252,1193150,19950,1394205925.0,84,1851,1133300,79100,1058636600.0,0.95,0.822,2026-04-16
OFSS,74,22380,527400,34500,13432419761.25,74,16035,554700,79350,7888850673.75,1.052,0.716,2026-04-16
OIL,81,5545,11501000,-64400,3809971060.0,80,2473,5007800,-186200,1597336580.0,0.435,0.446,2026-04-16
ONGC,132,29574,96801750,3683250,19765123537.5,132,13916,35714250,-4110750,8826677212.5,0.369,0.471,2026-04-16
PAGEIND,121,2265,64215,2175,1302586617.0,121,3042,61650,5475,1591736301.75,0.96,1.343,2026-04-16
PATANJALI,74,3403,3951000,324000,1497013740.0,78,1106,2459700,-223200,474325470.0,0.623,0.325,2026-04-16
PAYTM,101,10472,6081300,-29000,9026841890.0,104,5707,5183750,63075,4671881875.0,0.852,0.545,2026-04-16
PERSISTENT,88,18881,1117700,54500,10883319585.0,90,13643,1158800,162900,7439348985.0,1.037,0.723,2026-04-16
PETRONET,110,4753,15008100,28500,2569386264.0,107,2479,9811600,-188100,1253284061.0,0.654,0.522,2026-04-16
PFC,92,76154,26104000,3459300,47122499385.0,98,39502,18289700,2902900,22943189425.0,0.701,0.519,2026-04-16
PGEL,69,26572,8567100,-1234050,14843513972.5,67,16163,10152650,1159000,7981389945.0,1.185,0.608,2026-04-16
PHOENIXLTD,88,801,712250,53200,527337370.0,92,1056,676900,78050,576607640.0,0.95,1.318,2026-04-16
PIDILITIND,123,3290,1511000,-2500,2276649500.0,124,1927,1006500,-3000,1267583925.0,0.666,0.586,2026-04-16
PIIND,132,10317,625275,-23450,5787105992.5,136,4607,643825,86625,2383068581.25,1.03,0.447,2026-04-16
PNB,107,10874,79936000,1664000,10307848000.0,109,6321,71208000,1984000,5675350880.0,0.891,0.581,2026-04-16
PNBHOUSING,81,15039,2095600,586300,9181889730.0,84,4428,1931800,634400,2473955217.5,0.922,0.294,2026-04-16
POLICYBZR,67,31278,2067100,297850,17452261120.0,71,9313,1241450,224700,4885688990.0,0.601,0.298,2026-04-16
POLYCAB,79,13960,913875,-12875,14319797000.0,74,11216,1270375,154000,10293696575.0,1.39,0.803,2026-04-16
POWERGRID,101,42768,39673900,3889300,26182083220.0,102,12205,19826500,-222300,7176668505.0,0.5,0.285,2026-04-16
POWERINDIA,62,9587,269400,27100,14444581752.5,64,5739,229200,-4600,7659148635.0,0.851,0.599,2026-04-16
PPLPHARMA,22,2147,5712000,1078875,886064681.25,29,720,3323250,139125,279628020.0,0.582,0.335,2026-04-16
PREMIERENE,84,4168,2099325,-142600,2503354298.75,85,1823,1725575,-183425,1005436662.5,0.822,0.437,2026-04-16
PRESTIGE,76,5391,2326950,-98550,3420909877.5,75,3547,1579500,356850,2023280370.0,0.679,0.658,2026-04-16
RBLBANK,52,7464,31105475,1050925,7935659928.75,55,4288,27254200,-371475,4273115660.0,0.876,0.574,2026-04-16
RECLTD,93,77714,28714000,3451000,41394798480.0,96,32018,23819600,3304000,15903806450.0,0.83,0.412,2026-04-16
RELIANCE,112,137667,83854500,2657500,96202397125.0,109,70694,37956500,429000,47092024650.0,0.453,0.514,2026-04-16
RVNL,61,31678,18868825,759450,14885206076.75,66,8953,13552675,892125,3841604640.25,0.718,0.283,2026-04-16
SAIL,70,137,10842900,-197400,113112973.0,66,40,8055800,-117500,29701744.0,0.743,0.292,2026-04-16
SAMMAANCAP,55,169,17552600,-382700,116006131.0,51,154,19044700,-206400,97229364.0,1.085,0.911,2026-04-16
SBICARD,71,4948,7131200,216800,2888914680.0,71,3498,5664800,-91200,1903269800.0,0.794,0.707,2026-04-16
SBILIFE,96,6005,2948250,27375,4584553931.25,92,3559,2025375,91125,2510583281.25,0.687,0.593,2026-04-16
SBIN,131,60229,45602250,2275500,50621021887.5,124,39034,33446250,1146000,30648940575.0,0.733,0.648,2026-04-16
SHREECEM,84,1366,54150,975,881619355.0,85,494,46275,2250,303470308.75,0.855,0.362,2026-04-16
SHRIRAMFIN,108,15452,14369850,278025,13747160253.75,110,8599,10229175,180675,7101117828.75,0.712,0.556,2026-04-16
SIEMENS,75,30733,1458450,-183050,20040893302.5,77,15061,1115975,11725,9181464810.0,0.765,0.49,2026-04-16
SOLARINDS,97,9869,292800,19250,7774459200.0,92,5495,217850,3150,3739967955.0,0.744,0.557,2026-04-16
SONACOMS,112,3290,4401425,173950,2464072922.5,116,1787,3537800,-44100,1253077122.5,0.804,0.543,2026-04-16
SRF,111,9339,1663600,-4200,4869929610.0,116,3014,1136800,41600,1485822050.0,0.683,0.323,2026-04-16
SUNPHARMA,94,44447,7004200,285950,26971880355.0,90,35917,5802650,430500,21050864030.0,0.828,0.808,2026-04-16
SUPREMEIND,75,7221,798700,169225,5017273030.0,74,6187,391825,31675,3877934970.0,0.491,0.857,2026-04-16
SUZLON,59,33728,170247600,-5992600,15957040678.75,60,20161,154553125,7752475,8495656133.5,0.908,0.598,2026-04-16
SWIGGY,58,14679,9838400,159900,5617971905.0,59,5117,5892900,542100,1826473220.0,0.599,0.349,2026-04-16
TATACONSUM,97,3409,1971750,108900,2132631077.5,92,1835,2284700,18700,1096414715.0,1.159,0.538,2026-04-16
TATAELXSI,82,16633,753600,14400,7998614370.0,83,7725,498700,-1400,3488217700.0,0.662,0.464,2026-04-16
TATAPOWER,93,66501,37244700,-993250,42359518450.0,95,26514,29159500,1128100,16115016307.5,0.783,0.399,2026-04-16
TATASTEEL,104,27869,117111500,3800500,33424714345.0,117,14560,93923500,4983000,16515047945.0,0.802,0.522,2026-04-16
TATATECH,42,5254,2680000,-156800,2571052920.0,42,1487,1832800,115200,668750920.0,0.684,0.283,2026-04-16
TCS,111,142324,18980850,-1570100,66245649627.5,117,78330,11572750,-145250,34412708680.0,0.61,0.55,2026-04-16
TECHM,61,10868,4716600,-197400,10150824030.0,63,6080,4346400,-4800,5349364410.0,0.922,0.559,2026-04-16
TIINDIA,114,2775,475200,24800,1622729560.0,118,603,242800,19200,327733340.0,0.511,0.217,2026-04-16
TITAN,115,22592,4001900,173600,18343875558.75,112,16314,2821000,2975,12710919235.0,0.705,0.722,2026-04-16
TMPV,79,49060,36346400,6556800,14692507960.0,82,29226,27885600,2244000,8073865280.0,0.767,0.596,2026-04-16
TORNTPHARM,99,2354,702500,38000,2529382650.0,94,2056,471250,11250,1990628600.0,0.671,0.873,2026-04-16
TORNTPOWER,45,2789,969425,-43775,1867468338.75,44,680,752675,9775,424517858.75,0.776,0.244,2026-04-16
TRENT,75,95027,2749700,371800,40342374100.0,77,44904,2462200,146400,17555391665.0,0.895,0.473,2026-04-16
TVSMOTOR,159,8661,1577625,121625,6004958330.0,160,4709,1123675,128625,3086544877.5,0.712,0.544,2026-04-16
ULTRACEMCO,112,13254,641550,38300,8134280290.0,108,6689,403600,16250,3767988525.0,0.629,0.505,2026-04-16
UNIONBANK,71,6416,34430925,2146125,5621682353.25,73,4083,27673950,2075325,3334741728.75,0.804,0.636,2026-04-16
UNITDSPR,104,10233,4682400,242000,5432694660.0,101,2465,2638000,49200,1235558980.0,0.563,0.241,2026-04-16
UNOMINDA,53,1544,1649450,143550,993268127.5,55,342,691900,33550,203370337.5,0.419,0.222,2026-04-16
UPL,117,8692,10136755,451215,8048483809.75,118,4361,7033805,-33875,3875514835.25,0.694,0.502,2026-04-16
VBL,83,27112,15014250,3979125,14701291200.0,87,13210,8995500,1651500,6575895393.75,0.599,0.487,2026-04-16
VEDL,99,54300,29289350,1589300,50854457280.0,96,34146,29257150,1914750,29534812497.5,0.999,0.629,2026-04-16
VMM,103,467,5461100,198850,275890358.5,103,222,3831500,14550,117306853.0,0.702,0.475,2026-04-16
VOLTAS,86,19438,4719750,115125,10759836712.5,81,10088,3713250,173250,5129509181.25,0.787,0.519,2026-04-16
WAAREEENER,64,18075,2076550,26600,11361739095.0,67,13057,1696625,100625,7254881480.0,0.817,0.722,2026-04-16
WIPRO,77,84232,136545000,50466000,55390449180.0,80,37088,69657000,12948000,22659080460.0,0.51,0.44,2026-04-16
YESBANK,30,26198,317344400,20868100,17403266727.0,29,8869,272280500,6282200,5218225149.0,0.858,0.339,2026-04-16
ZYDUSLIFE,81,2958,3078900,27000,2581987365.0,81,875,2412900,54000,720049590.0,0.784,0.296,2026-04-16
360ONE,58,10305,1780500,310000,5974542000.0,57,5589,2182000,319000,2909012850.0,1.225,0.542,2026-04-17
ABB,127,33523,999500,20250,30420868787.5,128,15975,1131500,84250,13517327862.5,1.132,0.477,2026-04-17
ABCAPITAL,68,17315,16433100,5074700,19129112805.0,70,4098,10099800,1221400,4237878870.0,0.615,0.237,2026-04-17
ADANIENSOL,84,18843,3996675,257175,16601032721.25,89,10365,2743875,119475,8388579712.5,0.687,0.55,2026-04-17
ADANIENT,114,45878,7272315,383778,32820026393.85,119,22052,6807270,8034,14644611631.349998,0.936,0.481,2026-04-17
ADANIGREEN,124,22704,8115600,247200,16056059730.0,127,11314,6835800,76800,7423458240.0,0.842,0.498,2026-04-17
ADANIPORTS,72,53152,9410225,993700,41113794052.5,76,25562,7909225,846925,18580022218.75,0.84,0.481,2026-04-17
ADANIPOWER,87,36583,29564400,1672050,26877247273.5,88,13498,21921250,4135750,9041137231.0,0.741,0.369,2026-04-17
ALKEM,93,2258,280000,30250,1625549925.0,95,743,152000,1750,508393281.25,0.543,0.329,2026-04-17
AMBER,86,23828,1005300,40600,19647679515.0,86,13087,782600,67800,9702342200.0,0.778,0.549,2026-04-17
AMBUJACEM,92,6311,10616550,-15750,3175725997.5,95,3525,10006500,-8400,1650014835.0,0.943,0.559,2026-04-17
ANGELONE,85,169662,32425000,2532500,138250516250.0,88,82149,39760000,18262500,61446217300.0,1.226,0.484,2026-04-17
APLAPOLLO,101,11087,1288350,96600,8401275067.5,99,3090,868700,32900,2184252122.5,0.674,0.279,2026-04-17
APOLLOHOSP,107,22879,872625,6250,22463093137.5,109,8515,796750,71250,8002617106.25,0.913,0.372,2026-04-17
ASHOKLEY,86,15201,92395000,3490000,14148225250.0,85,8675,68100000,635000,7256294300.0,0.737,0.571,2026-04-17
ASIANPAINT,113,36857,4461750,683000,23410114337.5,115,25805,5148000,83750,15460965037.5,1.154,0.7,2026-04-17
ASTRAL,77,22408,4231725,-355725,15569607016.25,78,10924,2486675,124950,7172413475.0,0.588,0.488,2026-04-17
AUBANK,92,4955,6799000,109000,5106554750.0,94,3704,5430000,-207000,3537317100.0,0.799,0.748,2026-04-17
AUROPHARMA,74,6728,3853300,5500,5294722620.0,78,4477,2701050,-62700,3344168190.0,0.701,0.665,2026-04-17
AXISBANK,128,25677,16693125,1250,22537524343.75,127,17797,13978750,437500,14880799000.0,0.837,0.693,2026-04-17
BAJAJ-AUTO,89,16833,1282500,144525,12881468808.75,88,11328,1139025,2475,8122269903.75,0.888,0.673,2026-04-17
BAJAJFINSV,94,7776,3498750,-36750,3682656075.0,95,5112,3578500,49750,2314224937.5,1.023,0.657,2026-04-17
BAJAJHLDNG,100,1804,85300,-8200,981711870.0,98,2694,46900,2300,1174779640.0,0.55,1.493,2026-04-17
BAJFINANCE,93,18559,21938250,603000,13193037600.0,98,11603,17085750,222750,7675460625.0,0.779,0.625,2026-04-17
BANDHANBNK,80,2590,26262000,864000,1731306204.0,80,1909,20196000,453600,1160742672.0,0.769,0.737,2026-04-17
BANKBARODA,111,11469,41283450,29250,9798207646.5,108,8130,39373425,786825,6394413285.0,0.954,0.709,2026-04-17
BANKINDIA,95,4590,25625600,2111200,3707296268.0,88,2188,22391200,-426400,1665214044.0,0.874,0.477,2026-04-17
BANKNIFTY,676,1354787,19926240,600330,2379905066706.0,676,1191331,18585390,1853640,1935407808459.0,0.933,0.879,2026-04-17
BDL,70,17150,3315550,-91700,8696291362.5,71,8971,2664200,134750,4132284765.0,0.804,0.523,2026-04-17
BEL,82,54544,41927775,644100,37329311186.25,85,27101,31526700,2067675,17125375402.5,0.752,0.497,2026-04-17
BHARATFORG,83,7596,3239000,-63000,7333722500.0,82,4849,1985500,-34500,4375293600.0,0.613,0.638,2026-04-17
BHARTIARTL,77,32832,13701850,572850,29715561313.75,77,15522,8349550,284525,13324491688.75,0.609,0.473,2026-04-17
BHEL,140,56711,43795500,1472625,48658954391.25,141,33877,38739750,115500,26602430793.75,0.885,0.597,2026-04-17
BIOCON,75,24031,24287500,390000,22177781375.0,76,5688,15532500,317500,4983503250.0,0.64,0.237,2026-04-17
BLUESTARCO,115,5370,1554475,-24700,3417244756.25,108,2769,976300,15600,1532306896.25,0.628,0.516,2026-04-17
BOSCHLTD,154,7087,253925,-875,7029606955.0,152,26649,225650,-650,20385631475.0,0.889,3.76,2026-04-17
BPCL,82,17754,22821125,391050,11585812643.75,80,8523,20014650,316000,5125788698.75,0.877,0.48,2026-04-17
BRITANNIA,93,20024,569875,-10625,14698526025.0,94,5653,603625,65625,3945863412.5,1.059,0.282,2026-04-17
BSE,71,89642,8000250,924000,122578520250.0,73,68629,10598625,1453125,86144701856.25,1.325,0.766,2026-04-17
CAMS,67,9081,2984250,330000,5296166212.5,67,4436,2545500,498750,2394773287.5,0.853,0.488,2026-04-17
CANBK,131,9654,75303000,1107000,9631436760.0,129,5494,69835500,594000,5218638232.5,0.927,0.569,2026-04-17
CDSL,66,23306,4859725,233700,15979290296.25,68,13246,4435550,332500,8454385516.25,0.913,0.568,2026-04-17
CGPOWER,70,16177,4134400,-104550,10955727307.5,71,5165,2656250,140250,3318892490.0,0.642,0.319,2026-04-17
CHOLAFIN,93,7636,4740625,260000,7829468656.25,92,5054,4055625,180000,4886456687.5,0.856,0.662,2026-04-17
CIPLA,105,15719,4284375,-218625,7496985825.0,107,5859,3826875,128625,2700047943.75,0.893,0.373,2026-04-17
COALINDIA,109,37735,44246250,-909900,23096287485.0,103,22629,28370250,2762100,13275807930.0,0.641,0.6,2026-04-17
COCHINSHIP,80,22042,1083200,253600,14357059540.0,81,4146,739200,122800,2475882260.0,0.682,0.188,2026-04-17
COFORGE,65,17377,7639500,54750,8981603306.25,66,9631,4945500,163125,4636069462.5,0.647,0.554,2026-04-17
COLPAL,109,123675,2685825,1131525,60460985486.25,111,46502,1971675,873225,21334366451.25,0.734,0.376,2026-04-17
CONCOR,95,5570,6151250,-180000,3649588750.0,97,2301,5006250,162500,1431807062.5,0.814,0.413,2026-04-17
CROMPTON,104,9662,12141000,919800,4735530054.0,105,4266,8521200,-484200,1980611820.0,0.702,0.442,2026-04-17
CUMMINSIND,97,23959,1282000,112600,25501721780.0,96,6536,890200,122800,6512564460.0,0.694,0.273,2026-04-17
DABUR,83,30654,13088750,1551250,17744348375.0,82,9268,8371250,1126250,5031194187.5,0.64,0.302,2026-04-17
DALBHARAT,89,2942,1019525,69225,2068839435.0,91,1294,1006525,-56875,801827828.75,0.987,0.44,2026-04-17
DELHIVERY,86,14960,14435775,4189425,15125085538.75,87,3242,5569300,869425,3103790706.25,0.386,0.217,2026-04-17
DIVISLAB,108,10363,704900,85900,6689748455.0,105,5888,739400,-3700,3652178370.0,1.049,0.568,2026-04-17
DIXON,118,69519,2089600,-88400,41400360682.5,119,38703,1553600,17300,21069805622.5,0.743,0.557,2026-04-17
DLF,117,20705,10480800,-198825,10566123273.75,116,17429,11284350,-144375,8346048191.25,1.077,0.842,2026-04-17
DMART,81,64685,1949100,28650,46303060305.0,82,29060,1879350,352500,19474794495.0,0.964,0.449,2026-04-17
DRREDDY,102,15352,7251250,96875,12097157718.75,100,6460,5168125,40000,4925452312.5,0.713,0.421,2026-04-17
EICHERMOT,138,32859,2321600,-2300,24553090485.0,129,11013,1579400,19800,7744682905.0,0.68,0.335,2026-04-17
ETERNAL,104,35498,64820250,1442875,22832390759.75,102,17364,50653400,727500,10433242739.5,0.781,0.489,2026-04-17
EXIDEIND,118,2830,12963600,513000,1756898100.0,119,1476,12621600,178200,862379370.0,0.974,0.522,2026-04-17
FEDERALBNK,101,13451,36580000,-3810000,20321072250.0,102,7436,30710000,2915000,10464513500.0,0.84,0.553,2026-04-17
FINNIFTY,354,10215,395100,-4140,16765433832.0,354,5090,268020,-11820,7794387903.0,0.678,0.498,2026-04-17
FORCEMOT,48,2131,78550,5175,1303941093.75,49,502,26400,0,264173962.5,0.336,0.236,2026-04-17
FORTIS,81,5942,2492400,127875,4225021658.75,83,2714,1582550,-66650,1814792893.75,0.635,0.457,2026-04-17
GAIL,153,4178,27653850,995400,2167810123.5,156,3462,32514300,261450,1666231560.0,1.176,0.829,2026-04-17
GLENMARK,107,11709,2390625,575250,10423390593.75,106,3753,1211625,92250,3081395025.0,0.507,0.321,2026-04-17
GMRAIRPORT,98,3707,39011175,613800,2653360587.0,102,1870,29162475,544050,1249067934.0,0.748,0.504,2026-04-17
GODFRYPHLP,111,22371,920975,519200,14400645971.25,112,5421,394900,229350,3223324871.25,0.429,0.242,2026-04-17
GODREJCP,100,8948,1684500,142000,5105586375.0,98,3241,1286500,56000,1739467775.0,0.764,0.362,2026-04-17
GODREJPROP,90,8758,2893000,86350,4403599736.25,95,7194,2711500,36850,3289538560.0,0.937,0.821,2026-04-17
GRASIM,118,4999,1701000,-47000,3508127275.0,120,2084,1234250,-46500,1412380900.0,0.726,0.417,2026-04-17
HAL,92,31605,3505350,-24000,21523729170.0,95,20495,3327150,-48150,12962133390.0,0.949,0.648,2026-04-17
HAVELLS,119,8983,3176000,169000,6132164400.0,121,2995,2349000,124500,1921094600.0,0.74,0.333,2026-04-17
HCLTECH,112,29358,7123550,448350,15230699032.5,114,16450,5924100,208950,8184028842.5,0.832,0.56,2026-04-17
HDFCAMC,145,68670,2534400,72600,58934998755.0,151,30382,2455500,740100,24377226645.0,0.969,0.442,2026-04-17
HDFCBANK,163,192383,97987450,14682250,89349444140.0,166,105347,55635250,8767550,45238196712.5,0.568,0.548,2026-04-17
HDFCLIFE,123,54237,19886900,4206400,38426386955.0,125,37570,13211000,1273800,25355366905.0,0.664,0.693,2026-04-17
HEROMOTOCO,102,31219,2450250,-399600,25615547700.0,99,12064,1464300,37350,9354376935.0,0.598,0.386,2026-04-17
HINDALCO,103,29522,15120000,-368200,22244058795.0,107,23160,11953900,-1422400,16504458075.0,0.791,0.784,2026-04-17
HINDPETRO,92,8381,19812600,1109700,6624867791.25,95,6608,16724475,-405000,4780497892.5,0.844,0.788,2026-04-17
HINDUNILVR,92,128936,7044000,1958400,88642669740.0,93,54428,4959000,1167600,35851827600.0,0.704,0.422,2026-04-17
HINDZINC,88,13191,20903400,1215200,10068188637.5,89,7871,16691850,340550,5551408021.25,0.799,0.597,2026-04-17
HUDCO,29,8692,11161050,-901875,4882898214.0,32,4950,9879000,252525,2646640959.75,0.885,0.569,2026-04-17
HYUNDAI,80,14191,1046925,-308550,7673673493.75,80,3476,689425,-275,1734445253.75,0.659,0.245,2026-04-17
ICICIBANK,121,83881,30629200,4713100,82207593720.0,121,56898,25355400,4347000,52711077370.0,0.828,0.678,2026-04-17
ICICIGI,88,7699,1501175,-201500,4876589412.5,92,5038,1327950,-231400,3030601778.75,0.885,0.654,2026-04-17
ICICIPRULI,126,10438,7217775,925,5633452760.0,118,5779,5129125,373700,2967084066.25,0.711,0.554,2026-04-17
IDEA,29,12006,1430071800,16081875,9067098357.0,25,4598,750416025,-5003250,3165356859.75,0.525,0.383,2026-04-17
IDFCFIRSTB,74,8342,126075075,120575,5576604323.5,74,7336,117449325,-120575,4434443630.75,0.932,0.879,2026-04-17
IEX,119,10574,35103750,-4140000,5615489662.5,121,4644,32677500,172500,2286269625.0,0.931,0.439,2026-04-17
INDHOTEL,122,5300,6080000,67000,3590946650.0,124,3603,5885000,-274000,2327623550.0,0.968,0.68,2026-04-17
INDIANB,88,5650,6358000,-53000,5633691900.0,89,1986,3393000,71000,1871772600.0,0.534,0.352,2026-04-17
INDIGO,106,28429,6302100,92700,20770463880.0,109,25299,4357800,23850,16687509315.0,0.691,0.89,2026-04-17
INDUSINDBK,83,11961,7996100,599900,7388212650.0,80,6935,6124300,-75600,4081774375.0,0.766,0.58,2026-04-17
INDUSTOWER,72,20760,25369100,1514700,15287644910.0,72,10838,14703300,1472200,7631500260.0,0.58,0.522,2026-04-17
INFY,105,45318,28466400,829200,24932529100.0,110,33229,20294800,17200,17215424920.0,0.713,0.733,2026-04-17
INOXWIND,110,16031,27977950,5644925,5947028408.75,109,5627,23073050,1290575,1945795244.25,0.825,0.351,2026-04-17
IOC,150,7234,64652250,-63375,5420658262.5,142,4311,47326500,975000,2973860808.75,0.732,0.596,2026-04-17
IREDA,120,14938,24960750,1562850,7159213438.5,125,4833,19706400,814200,2140837470.0,0.789,0.324,2026-04-17
IRFC,98,17341,42334250,2626500,8147026577.5,102,6787,30285500,399500,2919530742.5,0.715,0.391,2026-04-17
ITC,109,178202,114555200,16153600,90342343440.0,110,76328,57020800,5256000,36798219360.0,0.498,0.428,2026-04-17
JINDALSTEL,104,21104,3788125,381875,17195355375.0,102,12771,4120000,776250,9731062343.75,1.088,0.605,2026-04-17
JIOFIN,94,53820,69118200,18210150,32649751484.5,99,18063,46475950,9331850,10179318444.5,0.672,0.336,2026-04-17
JSWENERGY,100,8100,6911000,404000,4514854050.0,99,4313,4748000,-384000,2236915500.0,0.687,0.532,2026-04-17
JSWSTEEL,102,15929,5775300,-924075,13610801756.25,99,7910,5556600,75600,6405104261.25,0.962,0.497,2026-04-17
JUBLFOOD,101,17514,15147500,1328750,10516828062.5,104,6874,9751250,687500,3880702812.5,0.644,0.392,2026-04-17
KALYANKJIL,89,64026,13987200,6904300,33808545132.5,91,46998,7438925,1781300,23327645418.75,0.532,0.734,2026-04-17
KAYNES,90,24703,1513300,68400,10889480870.0,93,15967,1208000,-8600,6226527130.0,0.798,0.646,2026-04-17
KEI,87,21116,694575,59150,18382334626.25,89,5976,483875,25200,4901951337.5,0.697,0.283,2026-04-17
KFINTECH,79,12620,2499000,608000,6388437200.0,80,3223,1249000,279000,1514158500.0,0.5,0.255,2026-04-17
KOTAKBANK,129,14020,30824000,-1126000,11091658200.0,127,8519,27720000,920000,6462602400.0,0.899,0.608,2026-04-17
KPITTECH,72,10617,3639700,248625,3560971958.75,78,4408,2312000,134725,1366443552.5,0.635,0.415,2026-04-17
LAURUSLABS,96,7614,5406000,148750,7616400052.5,102,4204,4783800,134300,3943680442.5,0.885,0.552,2026-04-17
LICHSGFIN,81,5478,5866000,40000,3045219000.0,85,1837,5700000,197000,971962200.0,0.972,0.335,2026-04-17
LICI,164,7377,7314300,1055600,4527326300.0,166,3443,4316200,345800,1950895450.0,0.59,0.467,2026-04-17
LODHA,121,14583,6134850,127350,5938785000.0,117,11985,5165550,-419400,4560543742.5,0.842,0.822,2026-04-17
LT,175,35295,9248225,54425,26302220498.75,187,31731,8221150,215600,22039972788.75,0.889,0.899,2026-04-17
LTF,62,9486,18911250,-769500,6395059237.5,64,5764,16436250,1037250,3576853327.5,0.869,0.608,2026-04-17
LTM,92,9216,1049550,-89400,6718807605.0,93,4598,910800,38550,3134192677.5,0.868,0.499,2026-04-17
LUPIN,85,9103,2481150,86275,9287378502.5,85,4314,1587800,-32300,4208695206.25,0.64,0.474,2026-04-17
M&M,147,30635,5522800,385000,20468615260.0,146,16936,3581000,29800,10783814550.0,0.648,0.553,2026-04-17
MANAPPURAM,58,4389,17436000,981000,3700842300.0,57,2973,11277000,1068000,2329848000.0,0.647,0.677,2026-04-17
MANKIND,91,3061,801225,45225,1512190518.75,96,465,266850,1350,220719003.75,0.333,0.152,2026-04-17
MARICO,105,10205,4700400,124800,9557807040.0,103,2773,4023600,-16800,2456691840.0,0.856,0.272,2026-04-17
MARUTI,130,124580,2103200,18850,87941170945.0,129,51867,1245750,74550,34226706395.0,0.592,0.416,2026-04-17
MAXHEALTH,91,13519,4379550,816375,7334317357.5,89,4673,2440725,116025,2424334946.25,0.557,0.346,2026-04-17
MAZDOCK,119,61114,3566200,553400,33223246730.0,125,19263,2614000,251000,9535931700.0,0.733,0.315,2026-04-17
MCX,94,35957,8761875,443750,67241232375.0,94,26377,7971250,94375,45068231625.0,0.91,0.734,2026-04-17
MFSL,89,1263,1005600,66800,885523000.0,84,1031,614000,16800,678308140.0,0.611,0.816,2026-04-17
MIDCPNIFTY,498,118999,5954760,1074120,202963045464.0,498,156635,7229040,1035120,248308572432.0,1.214,1.316,2026-04-17
MOTHERSON,129,4404,38462100,682650,3517649263.5,122,4444,34058700,-3253350,3172431805.5,0.886,1.009,2026-04-17
MOTILALOFS,78,9122,1578675,378975,5926955875.0,81,2076,1234575,208475,1232589140.0,0.782,0.228,2026-04-17
MPHASIS,119,3591,1187175,-59400,2513685240.0,119,2732,924000,-52525,1748647931.25,0.778,0.761,2026-04-17
MUTHOOTFIN,71,17752,2358950,169950,18182847375.0,72,9099,1438525,-33825,8762024411.25,0.61,0.513,2026-04-17
NAM-INDIA,58,4220,730000,-36250,2743109531.25,58,1087,529375,85000,618595781.25,0.725,0.258,2026-04-17
NATIONALUM,96,16188,34098750,-1661250,27668954812.5,105,8839,34046250,877500,13921987875.0,0.998,0.546,2026-04-17
NAUKRI,85,6272,3109500,249375,2565595668.75,85,2692,1347000,47625,1036257487.5,0.433,0.429,2026-04-17
NBCC,88,3565,20007000,2203500,2296866520.0,91,1498,13500500,6500,863580380.0,0.675,0.42,2026-04-17
NESTLEIND,101,19929,4183500,1298000,13292779625.0,101,5200,2351000,326000,3256803875.0,0.562,0.261,2026-04-17
NHPC,82,9483,37728000,-2752000,5206420928.0,84,4058,30323200,678400,2074449088.0,0.804,0.428,2026-04-17
NIFTY,1067,37838335,237893495,19766570,60779187058258.5,1089,31808440,260436530,46243545,49275097140395.75,1.095,0.841,2026-04-17
NIFTYNXT50,742,805,13650,9400,1433162952.5,742,172,4900,500,286543965.0,0.359,0.214,2026-04-17
NMDC,82,24747,80115750,6675750,15494177340.0,84,8499,54999000,7506000,4940267422.5,0.686,0.343,2026-04-17
NTPC,128,56654,59341500,7933500,34226847000.0,128,26803,31327500,2328000,15674937825.0,0.528,0.473,2026-04-17
NUVAMA,70,2810,964000,85000,2051812125.0,71,823,815500,31000,519709425.0,0.846,0.293,2026-04-17
NYKAA,90,4005,7662500,-528125,3461419500.0,90,1493,5409375,784375,1202317468.75,0.706,0.373,2026-04-17
OBEROIRLTY,84,1446,1188950,-4200,894211552.5,84,1194,1105300,-28000,696783307.5,0.93,0.826,2026-04-17
OFSS,76,19751,531075,3675,12242858216.25,76,16595,599925,45225,9045667751.25,1.13,0.84,2026-04-17
OIL,81,6873,11179000,-322000,4709733840.0,80,2230,4888800,-119000,1444526160.0,0.437,0.324,2026-04-17
ONGC,132,24959,97166250,364500,16554332812.5,132,11091,36182250,468000,7056260662.5,0.372,0.444,2026-04-17
PAGEIND,125,11242,67620,3405,6620686141.5,125,6847,73815,12165,3696759237.75,1.092,0.609,2026-04-17
PATANJALI,74,13867,5181300,1230300,6108637500.0,78,2963,3031200,571500,1289492730.0,0.585,0.214,2026-04-17
PAYTM,103,8993,6360425,279125,7810199126.25,106,6488,6106675,922925,5239506813.75,0.96,0.721,2026-04-17
PERSISTENT,89,21919,1207600,89900,12500225940.0,91,17656,1154200,-4600,9548676480.0,0.956,0.806,2026-04-17
PETRONET,110,3497,15821300,813200,1940038320.0,107,1525,10180200,368600,744039867.0,0.643,0.436,2026-04-17
PFC,100,38383,27141400,1037400,23977586555.0,106,20115,19854900,1565200,11889263295.0,0.732,0.524,2026-04-17
PGEL,72,10647,8536700,-30400,5988147730.0,70,10761,10089950,-62700,5348592625.0,1.182,1.011,2026-04-17
PHOENIXLTD,88,1232,737450,25200,805170345.0,92,890,630700,-46200,501029112.5,0.855,0.722,2026-04-17
PIDILITIND,123,16941,1761000,250000,12071035425.0,124,5585,1154000,147500,3768353925.0,0.655,0.33,2026-04-17
PIIND,136,5301,668500,43225,2994282777.5,140,3047,673575,29750,1604182711.25,1.008,0.575,2026-04-17
PNB,107,10324,82656000,2720000,9838789120.0,109,6106,72608000,1400000,5510934560.0,0.878,0.591,2026-04-17
PNBHOUSING,83,13818,2565550,469950,8626952587.5,86,4690,2561000,629200,2681336807.5,0.998,0.339,2026-04-17
POLICYBZR,78,48448,2404150,337050,28261751542.5,82,16840,1592150,350700,9170879357.5,0.662,0.348,2026-04-17
POLYCAB,81,51719,1155125,241250,54831152218.75,77,35180,1435250,164875,33370554862.5,1.243,0.68,2026-04-17
POWERGRID,101,43577,37433800,-2240100,26815775210.0,102,16466,23620800,3794300,9692393430.0,0.631,0.378,2026-04-17
POWERINDIA,62,8976,250250,-19150,13615100655.0,64,6005,263400,34200,8194794667.5,1.053,0.669,2026-04-17
PPLPHARMA,22,2186,5525625,-186375,893683586.25,29,553,3320625,-2625,212373735.0,0.601,0.253,2026-04-17
PREMIERENE,84,7844,2212025,112700,4738529575.0,85,5389,1799175,73600,2952719961.25,0.813,0.687,2026-04-17
PRESTIGE,76,5494,2209050,-117900,3536135302.5,75,2351,1644300,64800,1363591282.5,0.744,0.428,2026-04-17
RBLBANK,52,10848,30740350,-365125,11284122720.0,55,4230,27689175,434975,4204849826.25,0.901,0.39,2026-04-17
RECLTD,93,39021,27228600,-1485400,21103126590.0,96,23132,25022200,1202600,11599156380.0,0.919,0.593,2026-04-17
RELIANCE,112,206176,79750000,-4104500,145352933225.0,109,99141,38565000,608500,66199487500.0,0.484,0.481,2026-04-17
RVNL,69,77300,24621125,5752300,37557974561.0,73,23328,16265650,2712975,10398863034.5,0.661,0.302,2026-04-17
SAIL,70,119,10631400,-211500,98669638.0,66,63,7910100,-145700,45961911.0,0.744,0.529,2026-04-17
SAMMAANCAP,55,38,17505300,-47300,26316645.0,51,37,18907100,-137600,22512736.0,1.08,0.974,2026-04-17
SBICARD,71,6207,7652800,521600,3601523160.0,71,3507,5695200,30400,1932641520.0,0.744,0.565,2026-04-17
SBILIFE,96,6902,3708375,760125,5291931431.25,92,3009,2247000,221625,2203941731.25,0.606,0.436,2026-04-17
SBIN,131,76032,44845500,-756750,63734668087.5,124,46934,36129000,2682750,36979906350.0,0.806,0.617,2026-04-17
SHREECEM,84,1269,56275,2125,826193943.75,85,248,47825,1550,151005107.5,0.85,0.195,2026-04-17
SHRIRAMFIN,108,16096,14006850,-363000,14385409211.25,110,7308,10157400,-71775,6109888991.25,0.725,0.454,2026-04-17
SIEMENS,75,51558,1396500,-61950,34414396038.75,77,23968,1331225,215250,14156860086.25,0.953,0.465,2026-04-17
SOLARINDS,97,6266,302000,9200,4950637057.5,92,16971,230850,13000,10640222907.5,0.764,2.708,2026-04-17
SONACOMS,112,8405,4523925,122500,6349495153.75,116,2975,3552500,14700,2103226020.0,0.785,0.354,2026-04-17
SRF,111,13022,2055600,392000,6762733710.0,116,4517,1203000,66200,2246498320.0,0.585,0.347,2026-04-17
SUNPHARMA,94,28000,8200500,1196300,16958340612.5,90,20653,5840800,38150,12102148450.0,0.712,0.738,2026-04-17
SUPREMEIND,75,6281,785750,-12950,4330508000.0,74,2629,410550,18725,1667162253.75,0.522,0.419,2026-04-17
SUZLON,69,69093,177341250,7093650,34100128229.0,70,32436,172449700,17896575,14359953304.0,0.972,0.469,2026-04-17
SWIGGY,58,13981,11849500,2011100,5305327430.0,59,4373,6578000,685100,1584336260.0,0.555,0.313,2026-04-17
TATACONSUM,100,11188,2451350,479600,7092142997.5,94,2685,2457400,172700,1624001280.0,1.002,0.24,2026-04-17
TATAELXSI,84,23179,915200,161600,11395844050.0,85,9728,503000,4300,4391949510.0,0.55,0.42,2026-04-17
TATAPOWER,98,34196,36669050,-575650,21974802200.0,100,25507,31375100,2215600,15577806242.5,0.856,0.746,2026-04-17
TATASTEEL,106,21525,116435000,-676500,25827710810.0,119,13965,99880000,5956500,15802276490.0,0.858,0.649,2026-04-17
TATATECH,43,1685,2736800,56800,825083960.0,43,531,1817600,-15200,240639880.0,0.664,0.315,2026-04-17
TCS,111,96380,18088175,-892675,45047047193.75,117,56190,11833675,260925,24743336423.75,0.654,0.583,2026-04-17
TECHM,61,19194,4977000,260400,17983948410.0,63,8859,4185600,-160800,7835573970.0,0.841,0.462,2026-04-17
TIINDIA,114,4969,552600,77400,2897152290.0,118,688,240600,-2200,374534930.0,0.435,0.138,2026-04-17
TITAN,115,76545,3935925,-65975,61506799873.75,112,70987,3203025,382025,54329142752.5,0.814,0.927,2026-04-17
TMPV,79,43598,35904000,-442400,13065037240.0,82,30216,28884800,999200,8483159280.0,0.805,0.693,2026-04-17
TORNTPHARM,99,2804,668750,-33750,3040243587.5,94,1313,469750,-1500,1270326550.0,0.702,0.468,2026-04-17
TORNTPOWER,45,4337,1126675,157250,2955052603.75,44,1214,819400,66725,764295520.0,0.727,0.28,2026-04-17
TRENT,80,64744,2923600,173900,27822402755.0,82,30978,2511000,48800,12428092425.0,0.859,0.478,2026-04-17
TVSMOTOR,159,6430,1636600,58975,4396985118.75,160,4003,1146950,23275,2630953552.5,0.701,0.623,2026-04-17
ULTRACEMCO,113,16834,696500,54950,10342520685.0,109,7882,429300,25700,4365470052.5,0.616,0.468,2026-04-17
UNIONBANK,71,5631,36028350,1597425,4889320471.5,73,3170,28426200,752250,2586679947.0,0.789,0.563,2026-04-17
UNITDSPR,104,37614,4622000,-60400,20190136140.0,101,10273,3025600,387600,5256412580.0,0.655,0.273,2026-04-17
UNOMINDA,53,2333,1764950,115500,1497474990.0,55,520,716650,24750,304038295.0,0.406,0.223,2026-04-17
UPL,117,5174,9867110,-269645,4829996889.25,118,3744,7365780,331975,3321529182.75,0.746,0.724,2026-04-17
VBL,86,30502,16292250,1278000,16868317612.5,90,13710,10098000,1102500,6999586931.25,0.62,0.449,2026-04-17
VEDL,104,40585,31131650,1842300,38179323110.0,101,28225,30624500,1367350,24516294435.0,0.984,0.695,2026-04-17
VMM,103,2641,6523250,1062150,1580589343.5,103,457,3996400,164900,257407202.5,0.613,0.173,2026-04-17
VOLTAS,86,23086,4279500,-440250,12881113837.5,81,11909,4046625,333375,6127635187.5,0.946,0.516,2026-04-17
WAAREEENER,64,40125,2144100,67550,25583634641.25,67,19837,1578325,-118300,11310559172.5,0.736,0.494,2026-04-17
WIPRO,77,150642,170253000,33708000,96594780180.0,80,77670,83544000,13887000,46844116860.0,0.491,0.516,2026-04-17
YESBANK,31,40621,488176700,170832300,28040513864.0,30,8380,308263200,35982700,5043790536.0,0.631,0.206,2026-04-17
ZYDUSLIFE,81,4043,2948400,-130500,3536982135.0,81,1465,2259000,-153900,1189167480.0,0.766,0.362,2026-04-17
360ONE,64,6111,1979000,198500,3644065150.0,63,2424,2233500,51500,1258153150.0,1.129,0.397,2026-04-20
ABB,134,70493,1425750,426250,66018541556.25,135,25221,1297875,166375,21840695031.25,0.91,0.358,2026-04-20
ABCAPITAL,68,7437,14232100,-2201000,8269045245.0,70,3381,9582100,-517700,3475564380.0,0.673,0.455,2026-04-20
ADANIENSOL,87,13898,4276800,280125,12642197985.0,92,5329,2729700,-14175,4418585572.5,0.638,0.383,2026-04-20
ADANIENT,116,46436,7246977,-25338,33674989594.65,120,24026,7254084,446814,16235756949.75,1.001,0.517,2026-04-20
ADANIGREEN,154,51461,9236400,1120800,37486896210.0,157,21980,7016400,180600,14863416990.0,0.76,0.427,2026-04-20
ADANIPORTS,74,36574,9273425,-136800,28644451300.0,78,21179,8520550,611325,15478740070.0,0.919,0.579,2026-04-20
ADANIPOWER,89,41423,35642000,6077600,31629471032.5,90,13933,24619250,2698000,9713673051.5,0.691,0.336,2026-04-20
ALKEM,93,8605,387250,107250,6240025987.5,95,2105,203375,51375,1468179393.75,0.525,0.245,2026-04-20
AMBER,92,17047,1080500,75200,14208371820.0,92,12832,730400,-52200,9645180020.0,0.676,0.753,2026-04-20
AMBUJACEM,92,9581,10557750,-58800,4824548662.5,95,3334,9919350,-87150,1597690237.5,0.94,0.348,2026-04-20
ANGELONE,85,42209,36165000,3740000,35451368275.0,88,30923,35435000,-4325000,24067213925.0,0.98,0.733,2026-04-20
APLAPOLLO,104,7211,1280650,-7700,5560602477.5,103,2920,915600,46900,2108625260.0,0.715,0.405,2026-04-20
APOLLOHOSP,110,12600,884750,12125,12384646512.5,112,6766,773750,-23000,6360405537.5,0.875,0.537,2026-04-20
ASHOKLEY,86,19399,96045000,3650000,18181942800.0,85,8918,68755000,655000,7428015950.0,0.716,0.46,2026-04-20
ASIANPAINT,114,37012,4817250,355500,23824276300.0,116,29358,5908000,760000,17748298350.0,1.226,0.793,2026-04-20
ASTRAL,77,11891,4069375,-162350,8284310715.0,78,4556,2493475,6800,2965491432.5,0.613,0.383,2026-04-20
AUBANK,94,10491,7193000,394000,10890196900.0,96,5963,5755000,325000,5859577850.0,0.8,0.568,2026-04-20
AUROPHARMA,74,5876,4244350,391050,4625589567.5,78,3730,2696100,-4950,2782751757.5,0.635,0.635,2026-04-20
AXISBANK,128,30354,16973750,280625,26744244781.25,127,20798,13691875,-286875,17301766718.75,0.807,0.685,2026-04-20
BAJAJ-AUTO,89,23640,1235550,-46950,17985353508.75,88,12065,1121625,-17400,8536187703.75,0.908,0.51,2026-04-20
BAJAJFINSV,94,9303,3527250,28500,4403886050.0,95,6097,3571000,-7500,2777438050.0,1.012,0.655,2026-04-20
BAJAJHLDNG,104,3825,75400,-9900,2159059910.0,103,6325,56600,9700,2703456727.5,0.751,1.654,2026-04-20
BAJFINANCE,93,27532,21276000,-662250,19585080037.5,98,15364,17077500,-8250,10346712600.0,0.803,0.558,2026-04-20
BANDHANBNK,80,5074,27104400,842400,3345565680.0,80,3065,19188000,-1008000,1876247640.0,0.708,0.604,2026-04-20
BANKBARODA,111,18995,44106075,2822625,16354964778.75,108,11790,41725125,2351700,9488165280.75,0.946,0.621,2026-04-20
BANKINDIA,95,8424,30004000,4378400,6832765472.0,88,2175,22609600,218400,1650002380.0,0.754,0.258,2026-04-20
BANKNIFTY,676,1856993,19775550,-150690,3278226499311.0,676,1751689,19667880,1082490,2868782780770.5,0.995,0.943,2026-04-20
BDL,71,6201,3253600,-61950,3134377907.5,72,4510,2738750,74550,2022962970.0,0.842,0.727,2026-04-20
BEL,83,32393,42465000,537225,22293062591.25,87,18999,31206075,-320625,12101176878.75,0.735,0.587,2026-04-20
BHARATFORG,85,5883,3185000,-54000,5694243275.0,84,3564,2097000,111500,3223929250.0,0.658,0.606,2026-04-20
BHARTIARTL,77,44051,14108925,407075,39908096683.75,77,18768,8442175,92625,16315089005.0,0.598,0.426,2026-04-20
BHEL,170,91446,53124750,9329250,81989613746.25,171,47890,45861375,7121625,39912303217.5,0.863,0.524,2026-04-20
BIOCON,75,8912,23347500,-940000,8371393000.0,76,3709,15770000,237500,3261303750.0,0.675,0.416,2026-04-20
BLUESTARCO,116,12513,1734850,180375,8059298097.5,110,4656,1193725,217425,2741284633.75,0.688,0.372,2026-04-20
BOSCHLTD,155,10322,258550,4625,10306381391.25,153,11455,222425,-3225,9817118910.0,0.86,1.11,2026-04-20
BPCL,82,33335,27051575,4230450,22094252813.75,80,13681,22325400,2310750,8361801017.5,0.825,0.41,2026-04-20
BRITANNIA,95,6034,530875,-39000,4447293643.75,97,2802,562375,-41250,1976242925.0,1.059,0.464,2026-04-20
BSE,76,30620,8366250,366000,42094168912.5,78,39853,10164000,-434625,50110034812.5,1.215,1.302,2026-04-20
CAMS,73,3391,3016500,32250,1979535112.5,73,2871,2523750,-21750,1577803950.0,0.837,0.847,2026-04-20
CANBK,132,15167,79562250,4259250,15253060657.5,130,10554,73946250,4110750,10090495417.5,0.929,0.696,2026-04-20
CDSL,69,15003,5206000,346275,10213992640.0,71,10234,4586125,150575,6563755508.75,0.881,0.682,2026-04-20
CGPOWER,73,31736,5315900,1181500,22217174880.0,74,11334,3694950,1038700,7420385080.0,0.695,0.357,2026-04-20
CHOLAFIN,93,4814,4863125,122500,4939690750.0,92,3296,4168125,112500,3129539281.25,0.857,0.685,2026-04-20
CIPLA,105,14224,4806750,522375,6791549775.0,107,4571,3975000,148125,2117445543.75,0.827,0.321,2026-04-20
COALINDIA,109,35221,42565500,-1680750,21801336570.0,103,19152,26519400,-1850850,11249972145.0,0.623,0.544,2026-04-20
COCHINSHIP,85,6374,1333600,250400,4179772520.0,86,1961,782800,43600,1158220200.0,0.587,0.308,2026-04-20
COFORGE,65,13741,7961625,322125,7034876062.5,66,7971,4906125,-39375,3844087012.5,0.616,0.58,2026-04-20
COLPAL,111,21549,2301525,-384300,10723905731.25,113,9116,1766925,-204750,4227271335.0,0.768,0.423,2026-04-20
CONCOR,95,4117,6158750,7500,2698257687.5,97,1599,4911250,-95000,1001046562.5,0.797,0.388,2026-04-20
CROMPTON,104,7010,12213000,72000,3453854832.0,105,2017,8238600,-282600,941249790.0,0.675,0.288,2026-04-20
CUMMINSIND,97,19155,1392200,110200,20461290170.0,96,9972,937800,47600,9239336090.0,0.674,0.521,2026-04-20
DABUR,84,12726,12823750,-265000,7423754062.5,83,3990,7512500,-858750,2170189437.5,0.586,0.314,2026-04-20
DALBHARAT,89,2675,1090375,70850,1877112087.5,91,865,988325,-18200,533962877.5,0.906,0.323,2026-04-20
DELHIVERY,86,16029,13267550,-1168225,16287866361.25,87,3403,5324450,-244850,3270751846.25,0.401,0.212,2026-04-20
DIVISLAB,108,12349,752000,47100,7963004605.0,105,4390,757600,18200,2675150245.0,1.007,0.355,2026-04-20
DIXON,119,55040,2126650,37050,32770986887.5,120,37062,1500400,-53200,20425291927.5,0.706,0.673,2026-04-20
DLF,122,11474,10729950,249150,5855100240.0,121,7635,11402325,117975,3704018133.75,1.063,0.665,2026-04-20
DMART,83,16613,1919100,-30000,11992325407.5,84,13470,1810950,-68400,8979199582.5,0.944,0.811,2026-04-20
DRREDDY,102,10809,7160000,-91250,8544347750.0,100,5008,5045625,-122500,3814857406.25,0.705,0.463,2026-04-20
EICHERMOT,138,35306,2150700,-170900,26575452730.0,129,11859,1659000,79600,8318543225.0,0.771,0.336,2026-04-20
ETERNAL,104,32812,62945725,-1874525,21190439313.25,102,20044,50275100,-378300,11918388132.75,0.799,0.611,2026-04-20
EXIDEIND,118,4607,12893400,-70200,2862546300.0,119,2213,12441600,-180000,1287009180.0,0.965,0.48,2026-04-20
FEDERALBNK,103,12425,36765000,185000,18958750500.0,106,5305,32070000,1360000,7636167000.0,0.872,0.427,2026-04-20
FINNIFTY,354,9485,359040,-36060,15645740205.0,354,8111,270000,1980,12525317667.0,0.752,0.855,2026-04-20
FORCEMOT,48,3587,86475,7925,2177127187.5,49,948,29250,2850,501772777.5,0.338,0.264,2026-04-20
FORTIS,85,2691,2729550,237150,1923599135.0,87,1542,1539150,-43400,1054420592.5,0.564,0.573,2026-04-20
GAIL,153,3517,27931050,277200,1828934604.0,156,3854,33034050,519750,1855528321.5,1.183,1.096,2026-04-20
GLENMARK,107,7732,2337375,-53250,6833559018.75,106,5980,1208625,-3000,4555845637.5,0.517,0.773,2026-04-20
GMRAIRPORT,98,8506,46181475,7170300,6077593710.0,102,3075,30780675,1618200,2065072416.75,0.667,0.362,2026-04-20
GODFRYPHLP,112,5237,934450,13475,3333793801.25,113,1509,374000,-20900,868629203.75,0.4,0.288,2026-04-20
GODREJCP,103,2565,1680500,-4000,1465390125.0,101,905,1270000,-16500,489208525.0,0.756,0.353,2026-04-20
GODREJPROP,90,10792,2922425,29425,5430513976.25,95,8130,3019225,307725,3781904486.25,1.033,0.753,2026-04-20
GRASIM,118,8450,1570500,-130500,5966844237.5,120,3332,1210500,-23750,2242709975.0,0.771,0.394,2026-04-20
HAL,92,22614,3496500,-8850,15381194670.0,95,15770,3262200,-64950,10089537172.5,0.933,0.697,2026-04-20
HAVELLS,121,4618,3288000,112000,3162972075.0,124,2132,2416000,67000,1371077875.0,0.735,0.462,2026-04-20
HCLTECH,112,25433,7597800,474250,13225575370.0,114,13956,6377350,453250,6937223510.0,0.839,0.549,2026-04-20
HDFCAMC,145,10598,2326200,-208200,9150559710.0,151,8498,2238000,-217500,6898623120.0,0.962,0.802,2026-04-20
HDFCBANK,163,422238,104784350,6796900,193685147865.0,166,196240,55524150,-111100,84722766645.0,0.53,0.465,2026-04-20
HDFCLIFE,123,21142,19003600,-883300,14919869305.0,125,11975,12281500,-929500,8025578935.0,0.646,0.566,2026-04-20
HEROMOTOCO,102,30275,2180550,-269700,24885502402.5,99,11084,1460850,-3450,8686193475.0,0.67,0.366,2026-04-20
HINDALCO,103,30204,15787800,667800,22457572235.0,107,22468,10868900,-1085000,15966332725.0,0.688,0.744,2026-04-20
HINDPETRO,92,18189,19156500,-656100,14652767767.5,95,10710,17388675,664200,7934945793.75,0.908,0.589,2026-04-20
HINDUNILVR,99,26813,6643800,-400200,18566687430.0,102,17538,4897800,-61200,11547255165.0,0.737,0.654,2026-04-20
HINDZINC,88,14829,21202300,298900,11324067947.5,89,8590,16570575,-121275,6149350243.75,0.782,0.579,2026-04-20
HUDCO,29,9742,11596725,435675,5643798912.75,32,5019,11047275,1168275,2659686956.25,0.953,0.515,2026-04-20
HYUNDAI,87,5728,971025,-75900,3121269456.25,87,1268,677600,-11825,640363968.75,0.698,0.221,2026-04-20
ICICIBANK,121,192485,36117900,5488700,188951001575.0,121,100545,24261300,-1094100,93856932645.0,0.672,0.522,2026-04-20
ICICIGI,88,3211,1461200,-39975,2032178606.25,92,1935,1202175,-125775,1160476671.25,0.823,0.603,2026-04-20
ICICIPRULI,126,5953,7001325,-216450,3198954232.5,118,3935,4584300,-544825,2005548925.0,0.655,0.661,2026-04-20
IDEA,29,11287,1483892475,53820675,8457575996.25,25,4133,770000175,19584150,2851558737.75,0.519,0.366,2026-04-20
IDFCFIRSTB,75,6554,126344050,268975,4349320463.25,75,5615,114787400,-2661925,3346119119.0,0.909,0.857,2026-04-20
IEX,123,31091,53426250,18322500,15682551562.5,125,33083,42176250,9498750,15737769675.0,0.789,1.064,2026-04-20
INDHOTEL,123,4598,6077000,-3000,3150695300.0,125,3377,5957000,72000,2189251800.0,0.98,0.734,2026-04-20
INDIANB,88,9909,7230000,872000,9797288050.0,89,3285,3617000,224000,3078864200.0,0.5,0.332,2026-04-20
INDIGO,106,35210,6291300,-10800,25729156582.5,109,33860,4628250,270450,22982733562.5,0.736,0.962,2026-04-20
INDUSINDBK,84,9595,7840700,-155400,5950021385.0,82,7234,6057800,-66500,4228554190.0,0.773,0.754,2026-04-20
INDUSTOWER,74,12108,26644100,1275000,8953699145.0,73,4730,14196700,-506600,3288718595.0,0.533,0.391,2026-04-20
INFY,105,38613,28860400,394000,21267524820.0,110,22453,20484000,189200,11599944380.0,0.71,0.581,2026-04-20
INOXWIND,112,5876,28381925,403975,2169085132.5,111,1863,23194600,121550,642017697.75,0.817,0.317,2026-04-20
IOC,150,11452,69917250,5265000,8606034596.25,142,7603,49798125,2471625,5292530246.25,0.712,0.664,2026-04-20
IREDA,130,4269,25240200,279450,2042686729.5,135,1598,19616700,-89700,716907378.0,0.777,0.374,2026-04-20
IRFC,99,6974,42300250,-34000,3255789340.0,103,3054,29427000,-858500,1308382602.5,0.696,0.438,2026-04-20
ITC,111,52273,116665600,2110400,26619465840.0,112,17744,56326400,-694400,8621044480.0,0.483,0.339,2026-04-20
JINDALSTEL,113,14831,3879375,91250,12260925187.5,114,7756,4523750,403750,6029501875.0,1.166,0.523,2026-04-20
JIOFIN,94,66109,73876950,4758750,39222393117.5,99,36075,47171550,695600,19990641341.5,0.639,0.546,2026-04-20
JSWENERGY,100,17686,7257000,346000,9918170050.0,99,5485,4698000,-50000,2887429850.0,0.647,0.31,2026-04-20
JSWSTEEL,105,25687,6041925,266625,22600299442.5,103,11635,6450975,894375,9597259046.25,1.068,0.453,2026-04-20
JUBLFOOD,101,11995,15482500,335000,7176692437.5,104,4661,9597500,-153750,2612140125.0,0.62,0.389,2026-04-20
KALYANKJIL,89,15197,15834300,1847100,7964406443.75,91,6938,7195700,-243225,3407185981.25,0.454,0.457,2026-04-20
KAYNES,90,30219,1479000,-34300,13258729145.0,93,21984,1227400,19400,8826177695.0,0.83,0.727,2026-04-20
KEI,95,7574,674625,-19950,6710445988.75,98,2898,491225,7350,2393977897.5,0.728,0.383,2026-04-20
KFINTECH,84,6644,2297500,-201500,3369210100.0,84,2092,1283500,34500,1006299025.0,0.559,0.315,2026-04-20
KOTAKBANK,131,14686,32790000,1966000,11589778100.0,129,8020,27782000,62000,6129267900.0,0.847,0.546,2026-04-20
KPITTECH,72,8283,3582325,-57375,2726562786.25,78,8930,2359175,47175,2782216663.75,0.659,1.078,2026-04-20
LAURUSLABS,98,6003,5160350,-245650,6023271657.5,104,3307,4779550,-4250,3089999560.0,0.926,0.551,2026-04-20
LICHSGFIN,83,5832,5911000,45000,3254509450.0,87,2255,5702000,2000,1214989150.0,0.965,0.387,2026-04-20
LICI,164,7401,7030100,-284200,4504517640.0,166,3604,4560500,244300,2075313765.0,0.649,0.487,2026-04-20
LODHA,121,7480,6043050,-91800,3045201097.5,117,8085,5025150,-140400,3063946815.0,0.832,1.081,2026-04-20
LT,175,43490,9609600,361375,32253789373.75,187,34274,8368675,147525,23986672858.75,0.871,0.788,2026-04-20
LTF,64,8870,18342000,-569250,6057922815.0,65,4691,17550000,1113750,2940581497.5,0.957,0.529,2026-04-20
LTM,93,4636,1051200,1650,3385876560.0,94,2891,851100,-59700,1995263985.0,0.81,0.624,2026-04-20
LUPIN,85,12041,2386375,-94775,12319635352.5,85,5824,1725925,138125,5693874940.0,0.723,0.484,2026-04-20
M&M,147,35858,5164000,-358800,23824437620.0,146,17182,3677400,96400,10957131630.0,0.712,0.479,2026-04-20
MANAPPURAM,58,4478,18333000,897000,3761616750.0,57,1841,11520000,243000,1463194500.0,0.628,0.411,2026-04-20
MANKIND,91,5013,735750,-65475,2505769807.5,96,4211,266175,-675,1833271548.75,0.362,0.84,2026-04-20
MARICO,105,5771,4861200,160800,5442928860.0,103,1693,3987600,-36000,1507501440.0,0.82,0.293,2026-04-20
MARUTI,130,41349,2063350,-39850,29117078215.0,129,22631,1252350,6600,14857236827.5,0.607,0.547,2026-04-20
MAXHEALTH,92,13317,4200525,-179025,7279084916.25,91,5187,2440200,-525,2741404890.0,0.581,0.39,2026-04-20
MAZDOCK,126,45495,3737400,171200,25015974210.0,132,16148,2994000,380000,8132772830.0,0.801,0.355,2026-04-20
MCX,94,16384,8927500,165625,30946889781.25,94,9790,8143125,171875,16761239281.25,0.912,0.598,2026-04-20
MFSL,89,1387,1020800,15200,965212140.0,84,963,625200,11200,630787040.0,0.612,0.694,2026-04-20
MIDCPNIFTY,500,124179,5916240,-38520,212816273694.0,500,110761,7288920,59880,178554395514.0,1.232,0.892,2026-04-20
MOTHERSON,131,3395,39458400,996300,2709857218.5,125,3051,36475650,2416950,2225911258.5,0.924,0.899,2026-04-20
MOTILALOFS,80,15212,1937500,358825,10034660358.75,83,7426,1398875,164300,4551827456.25,0.722,0.488,2026-04-20
MPHASIS,122,3036,1162150,-25025,2126794683.75,122,1998,878075,-45925,1294230877.5,0.756,0.658,2026-04-20
MUTHOOTFIN,71,6532,2406250,47300,6711388818.75,72,2964,1384625,-53900,2815042725.0,0.575,0.454,2026-04-20
NAM-INDIA,59,2767,764375,34375,1852329937.5,59,779,500000,-29375,451885937.5,0.654,0.282,2026-04-20
NATIONALUM,98,10353,36273750,2175000,17556210187.5,107,6123,33112500,-933750,9616665375.0,0.913,0.591,2026-04-20
NAUKRI,86,17495,3708375,598875,7254716643.75,86,4265,1638000,291000,1660821300.0,0.442,0.244,2026-04-20
NBCC,89,1978,19844500,-162500,1272073270.0,92,1135,13208000,-292500,669931665.0,0.666,0.574,2026-04-20
NESTLEIND,107,15775,4878000,694500,10518555475.0,108,5167,2629500,278500,3276643450.0,0.539,0.328,2026-04-20
NHPC,82,5913,35776000,-1952000,3256436928.0,84,2884,30182400,-140800,1495640384.0,0.844,0.488,2026-04-20
NIFTY,1067,61980878,234479125,-3414370,99933319126689.77,1089,56526868,265842655,5406125,88337120382628.0,1.134,0.912,2026-04-20
NIFTYNXT50,744,563,13650,0,1001769250.0,744,140,5375,475,237755687.5,0.394,0.249,2026-04-20
NMDC,87,10212,81189000,1073250,6425947552.5,89,4696,52683750,-2315250,2749043610.0,0.649,0.46,2026-04-20
NTPC,128,72990,68433000,9091500,44533682775.0,128,33174,36288000,4960500,19561334475.0,0.53,0.455,2026-04-20
NUVAMA,75,2467,1010500,46500,1838325800.0,76,3713,805500,-10000,2162279550.0,0.797,1.505,2026-04-20
NYKAA,96,3617,11025000,3362500,3139555656.25,96,1231,5028125,-381250,1010014625.0,0.456,0.34,2026-04-20
OBEROIRLTY,84,1137,1206100,17150,705000292.5,84,1420,1133300,28000,808631722.5,0.94,1.249,2026-04-20
OFSS,82,17274,597750,66675,10957481745.0,82,10639,613875,13950,6033281640.0,1.027,0.616,2026-04-20
OIL,81,6726,10378200,-800800,4656595790.0,80,2011,4659200,-229600,1302479150.0,0.449,0.299,2026-04-20
ONGC,132,27697,95305500,-1860750,18481059337.5,132,9136,35788500,-393750,5792502600.0,0.376,0.33,2026-04-20
PAGEIND,135,4569,64680,-2940,2709722349.0,135,8461,81480,7665,4249097814.75,1.26,1.852,2026-04-20
PATANJALI,74,5165,5737500,556200,2250536445.0,78,1725,3077100,45900,726790680.0,0.536,0.334,2026-04-20
PAYTM,106,7424,6540225,179800,6509174047.5,109,5774,6390150,283475,4666546672.5,0.977,0.778,2026-04-20
PERSISTENT,89,34157,1412000,204400,19375996475.0,91,21525,1117700,-36500,11553315140.0,0.792,0.63,2026-04-20
PETRONET,111,2298,15298800,-522500,1263538608.0,108,1106,9978800,-201400,552239560.0,0.652,0.481,2026-04-20
PFC,102,47153,26360100,-781300,29852338100.0,108,27064,22079200,2224300,16197271935.0,0.838,0.574,2026-04-20
PGEL,72,7735,8378050,-158650,4346855672.5,70,7580,9772650,-317300,3821420220.0,1.166,0.98,2026-04-20
PHOENIXLTD,88,784,770700,33250,508462657.5,92,745,617050,-13650,428462947.5,0.801,0.95,2026-04-20
PIDILITIND,126,2939,1650500,-110500,2120701950.0,127,1789,1093500,-60500,1224462875.0,0.663,0.609,2026-04-20
PIIND,136,3498,743050,74550,1959321341.25,140,2865,630525,-43050,1489980318.75,0.849,0.819,2026-04-20
PNB,108,11273,84496000,1840000,10783555280.0,110,6091,73400000,792000,5508510560.0,0.869,0.54,2026-04-20
PNBHOUSING,88,16768,4781400,2215850,10606568017.5,91,10017,4161950,1600950,5770609390.0,0.87,0.597,2026-04-20
POLICYBZR,78,8594,2223550,-180600,5017730585.0,82,5579,1644650,52500,3030421677.5,0.74,0.649,2026-04-20
POLYCAB,85,15876,1130375,-24750,16995555800.0,84,21982,1194375,-240875,20879764656.25,1.057,1.385,2026-04-20
POWERGRID,109,36952,40154600,2720800,22996915620.0,110,12870,24720900,1100100,7635105160.0,0.616,0.348,2026-04-20
POWERINDIA,66,22733,274450,24200,35274731577.5,68,12845,322900,59500,17560733710.0,1.177,0.565,2026-04-20
PPLPHARMA,22,1414,5271000,-254625,576464148.75,29,482,3218250,-102375,176869612.5,0.611,0.341,2026-04-20
PREMIERENE,94,9109,2670875,458850,5585325405.0,95,3360,2043550,244375,1905346622.5,0.765,0.369,2026-04-20
PRESTIGE,76,5562,2157750,-51300,3563200980.0,75,3578,1378350,-265950,2012279332.5,0.639,0.643,2026-04-20
RBLBANK,52,5687,29311600,-1428750,5948730800.0,55,2666,26606500,-1082675,2654910711.25,0.908,0.469,2026-04-20
RECLTD,93,42798,28225400,996800,23642790290.0,96,24622,25555600,533400,12537299600.0,0.905,0.575,2026-04-20
RELIANCE,112,142850,78316000,-1434000,100957143350.0,109,75836,38233500,-331500,51317083950.0,0.488,0.531,2026-04-20
RVNL,69,15554,24602825,-18300,7516560772.75,73,7022,16187875,-77775,3083278916.0,0.658,0.451,2026-04-20
SAIL,72,42,10560900,-70500,34546316.0,68,156,7834900,-75200,113194095.0,0.742,3.714,2026-04-20
SAMMAANCAP,55,33,17466600,-38700,22821906.0,51,12,18868400,-38700,7408470.0,1.08,0.364,2026-04-20
SBICARD,74,10478,8350400,697600,6048364200.0,74,6332,6619200,924000,3480280520.0,0.793,0.604,2026-04-20
SBILIFE,96,7190,3738375,30000,5507675606.25,92,2547,2306625,59625,1851485212.5,0.617,0.354,2026-04-20
SBIN,132,248743,45209250,363750,213404062275.0,125,135603,40200000,4071000,109345110112.5,0.889,0.545,2026-04-20
SHREECEM,86,1372,58175,1900,893959541.25,87,529,51725,3900,331313407.5,0.889,0.386,2026-04-20
SHRIRAMFIN,109,19178,13866600,-140250,17268544796.25,111,9037,10170600,13200,7598932563.75,0.733,0.471,2026-04-20
SIEMENS,78,24829,1519875,123375,16989455096.25,80,13083,1348900,17675,8103284437.5,0.888,0.527,2026-04-20
SOLARINDS,97,3232,308100,6100,2538821752.5,92,3449,212000,-18850,2343528555.0,0.688,1.067,2026-04-20
SONACOMS,115,3021,4327925,-196000,2259513786.25,119,1923,3376100,-176400,1350986288.75,0.78,0.637,2026-04-20
SRF,111,9658,2104000,48400,4984590040.0,116,3207,1157800,-45200,1590386920.0,0.55,0.332,2026-04-20
SUNPHARMA,94,19443,8292200,91700,11782095185.0,90,9587,5504450,-336350,5559904647.5,0.664,0.493,2026-04-20
SUPREMEIND,75,4776,862225,76475,3324572973.75,74,1738,432250,21700,1113177380.0,0.501,0.364,2026-04-20
SUZLON,69,34753,207141800,29800550,17530113070.0,70,19472,169715125,-2734575,8738922391.25,0.819,0.56,2026-04-20
SWIGGY,58,12795,11285300,-564200,4895781020.0,59,3626,6370000,-208000,1310651420.0,0.564,0.283,2026-04-20
TATACONSUM,102,4932,2314400,-136950,3143486775.0,97,1952,2616900,159500,1167876077.5,1.131,0.396,2026-04-20
TATAELXSI,84,16616,1049300,134100,8103782270.0,85,9416,534500,31500,4252584415.0,0.509,0.567,2026-04-20
TATAPOWER,98,76071,35801950,-867100,49464675847.5,100,44134,30235400,-1139700,26930262460.0,0.845,0.58,2026-04-20
TATASTEEL,106,20587,119295000,2860000,24768152200.0,119,11591,100815000,935000,13155811735.0,0.845,0.563,2026-04-20
TATATECH,44,1396,2841600,104800,679917200.0,44,580,1825600,8000,264302840.0,0.642,0.415,2026-04-20
TCS,111,93530,17157350,-930825,43678540736.25,117,49638,11582725,-250950,21758395146.25,0.675,0.531,2026-04-20
TECHM,66,14431,4807200,-169800,13535369040.0,68,10983,3909600,-276000,9806720520.0,0.813,0.761,2026-04-20
TIINDIA,117,15588,730800,178200,9245361280.0,121,3048,349600,109000,1672379720.0,0.478,0.196,2026-04-20
TITAN,115,22586,3971275,35350,18262514200.0,112,17350,3152275,-50750,13464661096.25,0.794,0.768,2026-04-20
TMPV,79,49061,36602400,698400,14649615360.0,82,35664,29020800,136000,9953733840.0,0.793,0.727,2026-04-20
TORNTPHARM,99,2344,648750,-20000,2532362787.5,94,1648,458750,-11000,1548157675.0,0.707,0.703,2026-04-20
TORNTPOWER,45,29414,1770125,643450,20928254536.25,46,10658,1367650,548250,6898666640.0,0.773,0.362,2026-04-20
TRENT,81,170591,3336200,412600,75270542315.0,83,64284,2816800,305800,26344901590.0,0.844,0.377,2026-04-20
TVSMOTOR,159,8190,1559950,-76650,5600991261.25,160,6308,1188075,41125,4122500296.25,0.762,0.77,2026-04-20
ULTRACEMCO,113,21936,716300,19800,13494858887.5,109,7096,447700,18400,4137560957.5,0.625,0.323,2026-04-20
UNIONBANK,71,13600,36324825,296475,11937895891.5,73,5698,27558900,-867300,4678194606.0,0.759,0.419,2026-04-20
UNITDSPR,109,20626,4674400,52400,11225491380.0,107,8261,3230800,205200,4310705680.0,0.691,0.401,2026-04-20
UNOMINDA,53,10807,1847450,82500,7012023397.5,55,1663,765600,48950,975496720.0,0.414,0.154,2026-04-20
UPL,117,3932,9914535,47425,3669368997.0,118,2555,7418625,52845,2238833573.5,0.748,0.65,2026-04-20
VBL,93,12836,18186750,1894500,7120133437.5,96,6392,10614375,516375,3321769668.75,0.584,0.498,2026-04-20
VEDL,104,25858,33770900,2639250,24147817587.5,101,18719,30239250,-385250,16420030912.5,0.895,0.724,2026-04-20
VMM,104,1195,7604800,1081550,708336971.0,104,288,4064300,67900,158164805.0,0.534,0.241,2026-04-20
VOLTAS,88,28373,4783125,503625,16175595393.75,85,13061,4115250,68625,6802445906.25,0.86,0.46,2026-04-20
WAAREEENER,66,29648,2049600,-94500,18848440388.75,69,13336,1564675,-13650,7750533122.5,0.763,0.45,2026-04-20
WIPRO,77,53433,169938000,-315000,34024538400.0,80,23392,82302000,-1242000,14035531650.0,0.484,0.438,2026-04-20
YESBANK,31,64141,660719500,172542800,43601412548.0,30,13281,349284100,41020900,8202111228.0,0.529,0.207,2026-04-20
ZYDUSLIFE,82,2677,3240000,291600,2319628725.0,82,978,2276100,17100,807572475.0,0.703,0.365,2026-04-20
360ONE,64,24944,4292000,2313000,14865451575.0,63,9570,3136000,902500,5117233550.0,0.731,0.384,2026-04-21
ABB,142,29885,1393000,-32750,28134382781.25,143,11862,1326875,29000,10387522556.25,0.953,0.397,2026-04-21
ABCAPITAL,68,5982,13516000,-716100,6633011410.0,70,3795,10050200,468100,3942248920.0,0.744,0.634,2026-04-21
ADANIENSOL,87,6802,4393575,116775,6107596323.75,92,3895,3069225,339525,3189499807.5,0.699,0.573,2026-04-21
ADANIENT,119,20613,7506846,259869,14870926089.6,122,12080,7367178,113094,8104677508.2,0.981,0.586,2026-04-21
ADANIGREEN,154,22112,9534000,297600,16140026550.0,157,9081,6750600,-265800,6185952810.0,0.708,0.411,2026-04-21
ADANIPORTS,74,33744,9789275,515850,26550143335.0,78,21440,9266300,745750,15849451468.75,0.947,0.635,2026-04-21
ADANIPOWER,89,18002,37299850,1657850,13831673335.5,90,7656,26376500,1757250,5375870293.0,0.707,0.425,2026-04-21
ALKEM,93,4287,357375,-29875,3121170781.25,95,1299,235000,31625,896715093.75,0.658,0.303,2026-04-21
AMBER,92,17781,1025300,-55200,14743147135.0,92,11707,698700,-31700,9000597145.0,0.681,0.658,2026-04-21
AMBUJACEM,92,5296,10485300,-72450,2660918242.5,95,2800,9754500,-164850,1350385732.5,0.93,0.529,2026-04-21
ANGELONE,85,21178,32402500,-3762500,17866288500.0,88,14222,34937500,-497500,10972276350.0,1.078,0.672,2026-04-21
APLAPOLLO,110,7065,1291150,10500,5455502762.5,109,2863,910000,-5600,2056630782.5,0.705,0.405,2026-04-21
APOLLOHOSP,110,17301,876875,-7875,17060288712.5,112,8110,836875,63125,7542324268.75,0.954,0.469,2026-04-21
ASHOKLEY,86,19308,98930000,2885000,18094882100.0,85,11682,65100000,-3655000,9736913500.0,0.658,0.605,2026-04-21
ASIANPAINT,121,65343,5193250,376000,42847692087.5,123,42921,6008250,100250,26440793962.5,1.157,0.657,2026-04-21
ASTRAL,77,8647,3793975,-275400,6016590445.0,78,4725,2392750,-100725,3070729146.25,0.631,0.546,2026-04-21
AUBANK,96,38358,8511000,1318000,41082921650.0,98,16187,7477000,1722000,16328317050.0,0.879,0.422,2026-04-21
AUROPHARMA,74,11273,4212450,-31900,8829030842.5,78,5746,2831400,135300,4310210355.0,0.672,0.51,2026-04-21
AXISBANK,128,26649,16653125,-320625,23528671875.0,127,19581,14274375,582500,16500112656.25,0.857,0.735,2026-04-21
BAJAJ-AUTO,89,16767,1256400,20850,12738428595.0,88,10640,1135125,13500,7548811702.5,0.903,0.635,2026-04-21
BAJAJFINSV,94,12740,3579750,52500,6046686250.0,95,7638,3603000,32000,3461053962.5,1.006,0.6,2026-04-21
BAJAJHLDNG,104,2375,76950,1550,1358579962.5,103,805,51850,-4750,354154305.0,0.674,0.339,2026-04-21
BAJFINANCE,93,65070,21352500,76500,47067097087.5,98,37092,18054750,977250,25103795475.0,0.846,0.57,2026-04-21
BANDHANBNK,81,4528,27669600,565200,3004040232.0,81,3008,19656000,468000,1847237400.0,0.71,0.664,2026-04-21
BANKBARODA,111,12732,47323575,3217500,11009244665.25,108,8974,43275375,1550250,7328402903.25,0.914,0.705,2026-04-21
BANKINDIA,95,4024,29681600,-322400,3272448400.0,88,1644,22994400,384800,1274915772.0,0.775,0.409,2026-04-21
BANKNIFTY,684,1422052,19768770,-6780,2512034862658.5,684,1542083,21250290,1582410,2530337724673.5,1.075,1.084,2026-04-21
BDL,71,12113,3413550,159950,6141360067.5,72,6576,2808400,69650,2870327180.0,0.823,0.543,2026-04-21
BEL,83,44442,46891050,4426050,30310820673.75,87,21684,32568375,1362300,13823314031.25,0.695,0.488,2026-04-21
BHARATFORG,85,9245,3459500,274500,9041886825.0,84,5153,2327500,230500,4735947925.0,0.673,0.557,2026-04-21
BHARTIARTL,77,46741,13592600,-516325,42420850056.25,77,20103,8825500,383325,17658683457.5,0.649,0.43,2026-04-21
BHEL,170,40050,51917250,-1207500,36050667581.25,171,22434,46667250,805875,18721931182.5,0.899,0.56,2026-04-21
BIOCON,75,6867,21920000,-1427500,6474588000.0,76,3636,15325000,-445000,3197622750.0,0.699,0.529,2026-04-21
BLUESTARCO,118,3622,1736475,1625,2305379423.75,113,1750,1212575,18850,1044755270.0,0.698,0.483,2026-04-21
BOSCHLTD,159,5202,247100,-11450,5204187872.5,157,41062,221500,-925,30898290081.25,0.896,7.894,2026-04-21
BPCL,83,15248,27146375,94800,10081976938.75,81,7994,23468925,1143525,4879340002.5,0.865,0.524,2026-04-21
BRITANNIA,95,19872,583750,52875,14781782862.5,97,6293,584500,22125,4404413750.0,1.001,0.317,2026-04-21
BSE,76,35594,8432625,66375,48622579012.5,78,32380,10122000,-42000,40649480550.0,1.2,0.91,2026-04-21
CAMS,73,3047,3000000,-16500,1788798262.5,73,1642,2692500,168750,898278225.0,0.897,0.539,2026-04-21
CANBK,132,10026,81810000,2247750,10097136472.5,130,7198,77483250,3537000,6808539915.0,0.947,0.718,2026-04-21
CDSL,69,16577,5679100,473100,11148622803.75,71,8640,4795600,209475,5559181903.75,0.844,0.521,2026-04-21
CGPOWER,80,24126,5100000,-215900,17162008512.5,81,9600,3961850,266900,6464907560.0,0.777,0.398,2026-04-21
CHOLAFIN,93,4942,4893125,30000,5079086312.5,92,3702,4294375,126250,3581352437.5,0.878,0.749,2026-04-21
CIPLA,105,8387,4662375,-144375,3998067637.5,107,3917,3997875,22875,1789117143.75,0.857,0.467,2026-04-21
COALINDIA,109,24144,41035950,-1529550,15157015177.5,103,15436,26577450,58050,9141081120.0,0.648,0.639,2026-04-21
COCHINSHIP,85,10190,1539200,205600,6696446580.0,86,3547,827200,44400,2080552020.0,0.537,0.348,2026-04-21
COFORGE,65,18209,8215875,254250,9292546987.5,66,7771,5059875,153750,3747052200.0,0.616,0.427,2026-04-21
COLPAL,112,20433,2461500,159975,10041960127.5,114,14600,1674000,-92925,6758253112.5,0.68,0.715,2026-04-21
CONCOR,95,2824,6388750,230000,1858632000.0,97,1451,5128750,217500,911370437.5,0.803,0.514,2026-04-21
CROMPTON,104,5959,13156200,943200,2919130884.0,105,2173,8719200,480600,984585744.0,0.663,0.365,2026-04-21
CUMMINSIND,99,21744,1437400,45200,23325631650.0,98,12644,958200,20400,12480356330.0,0.667,0.581,2026-04-21
DABUR,84,22461,11422500,-1401250,13136024375.0,83,8228,8055000,542500,4513808812.5,0.705,0.366,2026-04-21
DALBHARAT,91,3031,1179750,89375,2053766130.0,92,3862,979225,-9100,2434974181.25,0.83,1.274,2026-04-21
DELHIVERY,86,17273,13736500,468950,17604662295.0,87,4697,6081825,757375,4565611710.0,0.443,0.272,2026-04-21
DIVISLAB,108,10065,756900,4900,6492179795.0,105,5742,765600,8000,3530679055.0,1.011,0.57,2026-04-21
DIXON,119,50444,2127300,650,30172820840.0,120,23035,1506000,5600,12563869700.0,0.708,0.457,2026-04-21
DLF,122,20651,11583825,853875,10649010281.25,121,10578,12012825,610500,5176081061.25,1.037,0.512,2026-04-21
DMART,83,14815,1873800,-45300,10571840340.0,84,11007,1696800,-114150,7212235695.0,0.906,0.743,2026-04-21
DRREDDY,102,16602,7694375,534375,13028461687.5,100,6455,5169375,123750,4920152968.75,0.672,0.389,2026-04-21
EICHERMOT,138,20086,2063900,-86800,15087395445.0,129,10182,1600100,-58900,7227129795.0,0.775,0.507,2026-04-21
ETERNAL,104,29209,60200625,-2745100,18908473403.5,102,17126,51378475,1103375,10290319956.75,0.853,0.586,2026-04-21
EXIDEIND,118,4309,13330800,437400,2666476260.0,119,2041,13014000,572400,1186558650.0,0.976,0.474,2026-04-21
FEDERALBNK,103,9274,37775000,1010000,14196618000.0,106,5367,34260000,2190000,7722433500.0,0.907,0.579,2026-04-21
FINNIFTY,354,9614,382320,23280,15830996187.0,354,10884,377580,107580,16716784299.0,0.988,1.132,2026-04-21
FORCEMOT,48,3741,84075,-2400,2265542581.25,49,3626,27875,-1375,1695915511.25,0.332,0.969,2026-04-21
FORTIS,85,15017,2741950,12400,10966683186.25,87,4899,2029725,490575,3395743952.5,0.74,0.326,2026-04-21
GAIL,153,10317,28246050,315000,5389888203.0,156,7910,35213850,2179800,3792139785.0,1.247,0.767,2026-04-21
GLENMARK,107,6373,1928625,-408750,5619834900.0,106,2971,1131375,-77250,2323258387.5,0.587,0.466,2026-04-21
GMRAIRPORT,98,8716,54544500,8363025,6276163590.0,102,3587,34658775,3878100,2420282452.5,0.635,0.412,2026-04-21
GODFRYPHLP,112,4452,1075800,141350,2821660792.5,113,1145,368775,-5225,641213966.25,0.343,0.257,2026-04-21
GODREJCP,103,5616,1764000,83500,3224036600.0,101,2947,1295500,25500,1592560975.0,0.734,0.525,2026-04-21
GODREJPROP,90,48063,3475725,553300,24744309576.25,95,24484,3536225,517000,11532141802.5,1.017,0.509,2026-04-21
GRASIM,119,10506,1504000,-66500,7467491025.0,121,4017,1265000,54500,2712366787.5,0.841,0.382,2026-04-21
HAL,92,23881,3598800,102300,16182189705.0,95,14703,3282750,20550,9306100305.0,0.912,0.616,2026-04-21
HAVELLS,121,11493,3769000,481000,7969577025.0,124,3888,2734000,318000,2502262925.0,0.725,0.338,2026-04-21
HCLTECH,112,65764,10802750,3204950,34177603652.5,114,44841,8567300,2189950,22163164170.0,0.793,0.682,2026-04-21
HDFCAMC,145,16617,2290200,-36000,14329343295.0,151,10753,2218200,-19800,8729394945.0,0.969,0.647,2026-04-21
HDFCBANK,163,268219,92376900,-12407450,123084355377.5,166,156176,56206150,682000,68029898887.5,0.608,0.582,2026-04-21
HDFCLIFE,123,28423,18793500,-210100,19847784770.0,125,16780,11702900,-578600,11207703045.0,0.623,0.59,2026-04-21
HEROMOTOCO,102,14713,2254950,74400,12141878925.0,99,5537,1409850,-51000,4321972087.5,0.625,0.376,2026-04-21
HINDALCO,103,18654,15339800,-448000,13879328855.0,107,9656,11058600,189700,6735169315.0,0.721,0.518,2026-04-21
HINDPETRO,93,8829,17568900,-1587600,7154044335.0,96,6330,17562825,174150,4746353355.0,1.0,0.717,2026-04-21
HINDUNILVR,99,83091,7464600,820800,58321605375.0,102,37002,5644200,746400,24729223755.0,0.756,0.445,2026-04-21
HINDZINC,88,14608,21561225,358925,11124647808.75,89,6659,16171225,-399350,4700163238.75,0.75,0.456,2026-04-21
HUDCO,31,4002,12443100,846375,2313088457.25,34,2030,10703175,-344100,1081049812.5,0.86,0.507,2026-04-21
HYUNDAI,87,6951,1036475,65450,3893773400.0,87,1282,691900,14300,617450033.75,0.668,0.184,2026-04-21
ICICIBANK,121,134536,29894200,-6223700,132585964105.0,121,87335,24728900,467600,83097703955.0,0.827,0.649,2026-04-21
ICICIGI,88,4087,1403675,-57525,2554513893.75,92,3089,1143675,-58500,1840187878.75,0.815,0.756,2026-04-21
ICICIPRULI,126,13454,7624775,623450,7112168998.75,118,10418,4892325,308025,5283281383.75,0.642,0.774,2026-04-21
IDEA,29,10994,1496114700,12222225,8434438824.0,25,5421,743983275,-26016900,3828180272.25,0.497,0.493,2026-04-21
IDFCFIRSTB,75,5373,130796050,4452000,3594946036.5,75,5779,120037050,5249650,3374858726.75,0.918,1.076,2026-04-21
IEX,123,12706,52170000,-1256250,6297259912.5,125,7824,39945000,-2231250,3678859350.0,0.766,0.616,2026-04-21
INDHOTEL,123,3551,6077000,0,2440342450.0,125,2121,6010000,53000,1367497300.0,0.989,0.597,2026-04-21
INDIANB,88,7394,7334000,104000,7263768550.0,89,3256,3648000,31000,3019757650.0,0.497,0.44,2026-04-21
INDIGO,106,38103,6329700,38400,28009502205.0,109,27439,4637100,8850,18529886820.0,0.733,0.72,2026-04-21
INDUSINDBK,84,9708,8044400,203700,6054077715.0,82,5105,5889100,-168700,2992149790.0,0.732,0.526,2026-04-21
INDUSTOWER,75,25521,25175300,-1468800,18676759895.0,74,8162,14470400,273700,5704243155.0,0.575,0.32,2026-04-21
INFY,105,56065,29192000,331600,30748722480.0,110,31520,20686800,202800,16413079780.0,0.709,0.562,2026-04-21
INOXWIND,112,9583,28521350,139425,3571147901.75,111,2764,22729850,-464750,965550657.5,0.797,0.288,2026-04-21
IOC,151,8294,69790500,-126750,6243043121.25,143,4896,50734125,936000,3459579240.0,0.727,0.59,2026-04-21
IREDA,130,4145,25961250,721050,1959652440.0,135,2037,20165250,548550,920523376.5,0.777,0.491,2026-04-21
IRFC,99,4347,41216500,-1083750,2036443855.0,103,2069,30170750,743750,898614475.0,0.732,0.476,2026-04-21
ITC,111,88827,113988800,-2676800,45105737440.0,112,39657,61624000,5297600,19305456800.0,0.541,0.446,2026-04-21
JINDALSTEL,115,12306,4135625,256250,10221601687.5,116,8101,4674375,150625,6392556437.5,1.13,0.658,2026-04-21
JIOFIN,94,40760,79672050,5795100,23894835038.5,99,17166,50087900,2916350,9544451092.5,0.629,0.421,2026-04-21
JSWENERGY,102,23602,9262000,2005000,13469619300.0,101,5226,5255000,557000,2798536300.0,0.567,0.221,2026-04-21
JSWSTEEL,110,23533,6528600,486675,20975025701.25,111,14352,6348375,-102600,11898437523.75,0.972,0.61,2026-04-21
JUBLFOOD,101,20874,14552500,-930000,12631864625.0,104,6771,10340000,742500,3833889875.0,0.711,0.324,2026-04-21
KALYANKJIL,89,12457,16077525,243225,6444452763.75,91,5447,7495325,299625,2688811367.5,0.466,0.437,2026-04-21
KAYNES,90,27420,1545500,66500,12204459655.0,93,17184,1282100,54700,6591261535.0,0.83,0.627,2026-04-21
KEI,98,9295,771225,96600,8286670822.5,101,5458,520450,29225,4567958281.25,0.675,0.587,2026-04-21
KFINTECH,84,9636,2247000,-50500,4932608500.0,84,2627,1573000,289500,1240884825.0,0.7,0.273,2026-04-21
KOTAKBANK,131,13684,32484000,-306000,10721982300.0,129,9105,28936000,1154000,6908169100.0,0.891,0.665,2026-04-21
KPITTECH,72,4929,3530050,-52275,1629863397.5,78,2486,2223175,-136000,765873545.0,0.63,0.504,2026-04-21
LAURUSLABS,98,6124,5426400,266050,6059436692.5,104,3655,4860300,80750,3417717825.0,0.896,0.597,2026-04-21
LICHSGFIN,101,46076,7490000,1579000,26568286500.0,104,14418,7051000,1349000,7855354650.0,0.941,0.313,2026-04-21
LICI,164,4950,7294700,264600,3005482970.0,166,2328,4696300,135800,1329897170.0,0.644,0.47,2026-04-21
LODHA,121,21980,6152400,109350,9015747907.5,117,9727,5000400,-24750,3733073122.5,0.813,0.443,2026-04-21
LT,175,27722,9589300,-20300,20530453230.0,187,25067,8171275,-197400,17419958832.5,0.852,0.904,2026-04-21
LTF,67,8516,19721250,1379250,5860165117.5,67,4346,17581500,31500,2681772502.5,0.892,0.51,2026-04-21
LTM,93,8142,1078650,27450,5982604567.5,94,4443,953400,102300,3032401575.0,0.884,0.546,2026-04-21
LUPIN,85,7327,2422925,36550,7463908926.25,85,3094,1731875,5950,3032817340.0,0.715,0.422,2026-04-21
M&M,147,24748,4953000,-211000,16719049670.0,146,12209,3621200,-56200,7808051050.0,0.731,0.493,2026-04-21
MANAPPURAM,63,15955,16104000,-2229000,13761501150.0,62,6441,12627000,1107000,5185442400.0,0.784,0.404,2026-04-21
MANKIND,93,6635,692325,-43425,3378408063.75,98,3791,481275,215100,1741426020.0,0.695,0.571,2026-04-21
MARICO,105,5986,5029200,168000,5630291760.0,103,3042,4466400,478800,2608907340.0,0.888,0.508,2026-04-21
MARUTI,130,38476,2077400,14050,27090603307.5,129,17921,1225900,-26450,11642956332.5,0.59,0.466,2026-04-21
MAXHEALTH,93,7156,3844575,-355950,3926691273.75,92,3971,2515275,75075,2078592600.0,0.654,0.555,2026-04-21
MAZDOCK,128,49815,4191600,454200,27723660280.0,134,16222,3092800,98800,8335830250.0,0.738,0.326,2026-04-21
MCX,94,15063,9193750,266250,28069130781.25,94,10958,7961250,-181875,18680652531.25,0.866,0.727,2026-04-21
MFSL,89,2588,1083200,62400,1786359820.0,84,1717,644000,18800,1128326460.0,0.595,0.663,2026-04-21
MIDCPNIFTY,500,75569,6460560,544320,129882869874.0,500,120613,7797600,508680,193823674074.0,1.207,1.596,2026-04-21
MOTHERSON,131,6442,45805200,6346800,5207568403.5,125,4619,37761000,1285350,3395129394.0,0.824,0.717,2026-04-21
MOTILALOFS,80,4764,1601925,-335575,3220289028.75,83,2138,1453900,55025,1238760852.5,0.908,0.449,2026-04-21
MPHASIS,122,3041,1229800,67650,2109795902.5,122,2145,961950,83875,1420609630.0,0.782,0.705,2026-04-21
MUTHOOTFIN,71,17283,2372700,-33550,17775283707.5,72,7483,1399750,15125,7151472941.25,0.59,0.433,2026-04-21
NAM-INDIA,66,5395,1146875,382500,3680041812.5,66,3339,633125,133125,1961798500.0,0.552,0.619,2026-04-21
NATIONALUM,98,11575,39528750,3255000,19504689562.5,107,4082,32711250,-401250,6415858312.5,0.828,0.353,2026-04-21
NAUKRI,89,6148,3454500,-253875,2537195137.5,89,1915,1770750,132750,754253400.0,0.513,0.311,2026-04-21
NBCC,89,1224,20150000,305500,785187260.0,92,727,13533000,325000,430958645.0,0.672,0.594,2026-04-21
NESTLEIND,131,236929,11341500,6463500,164783384575.0,132,92516,7505000,4875500,60947903750.0,0.662,0.39,2026-04-21
NHPC,82,6646,35763200,-12800,3690996736.0,84,2655,28697600,-1484800,1362972928.0,0.802,0.399,2026-04-21
NIFTY,1067,168605229,276777390,42298265,270372731561780.25,1089,174599175,373382615,107539960,276513586558634.75,1.349,1.036,2026-04-21
NIFTYNXT50,744,286,15050,1400,512412078.75,744,133,6725,1350,226947278.75,0.447,0.465,2026-04-21
NMDC,87,11953,83214000,2025000,7414259535.0,89,5138,52177500,-506250,2945941582.5,0.627,0.43,2026-04-21
NTPC,133,48476,68455500,22500,29684281650.0,133,26790,35475000,-813000,15767142750.0,0.518,0.553,2026-04-21
NUVAMA,75,1217,1004000,-6500,895514675.0,76,2970,787000,-18500,1747465275.0,0.784,2.44,2026-04-21
NYKAA,96,1835,11331250,306250,1576422093.75,96,574,5203125,175000,466094156.25,0.459,0.313,2026-04-21
OBEROIRLTY,84,13887,1775550,569450,8671148325.0,84,5224,1160600,27300,3027965850.0,0.654,0.376,2026-04-21
OFSS,82,18954,733500,135750,12033945532.5,82,13599,604425,-9450,7837120248.75,0.824,0.717,2026-04-21
OIL,81,5180,10955000,576800,3559018820.0,80,1716,4674600,15400,1119895630.0,0.427,0.331,2026-04-21
ONGC,132,26597,94428000,-877500,17592558075.0,132,7792,36414000,625500,4912995712.5,0.386,0.293,2026-04-21
PAGEIND,140,4393,68910,4230,2624944502.25,140,7386,79455,-2025,3786557984.25,1.153,1.681,2026-04-21
PATANJALI,74,6930,5500800,-236700,3011206095.0,78,2166,3434400,357300,914101245.0,0.624,0.313,2026-04-21
PAYTM,106,5128,6614900,74675,4491608232.5,109,4621,6273425,-116725,3816145923.75,0.948,0.901,2026-04-21
PERSISTENT,89,40083,1909200,497200,22643889615.0,91,25938,1525100,407400,13492154015.0,0.799,0.647,2026-04-21
PETRONET,111,4539,15982800,684000,2497287363.0,108,2747,10265700,286900,1351653046.0,0.642,0.605,2026-04-21
PFC,108,24076,26845000,484900,15330285880.0,114,14086,21921900,-157300,8460308935.0,0.817,0.585,2026-04-21
PGEL,72,7809,8484450,106400,4394097890.0,70,6964,9506650,-266000,3487793900.0,1.12,0.892,2026-04-21
PHOENIXLTD,88,16207,1121400,350700,10644192562.5,92,5010,969500,352450,3061177262.5,0.865,0.309,2026-04-21
PIDILITIND,126,5615,1728000,77500,4068024650.0,127,3299,1277000,183500,2242960650.0,0.739,0.588,2026-04-21
PIIND,136,4489,759325,16275,2496745212.5,140,2316,646275,15750,1194801046.25,0.851,0.516,2026-04-21
PNB,108,9131,89144000,4648000,8710468080.0,110,6071,78200000,4800000,5444962240.0,0.877,0.665,2026-04-21
PNBHOUSING,115,132674,7598500,2817100,87875606585.0,118,71805,6091150,1929200,44184903847.5,0.802,0.541,2026-04-21
POLICYBZR,78,8403,2230550,7000,4902675610.0,82,5952,1734250,89600,3273284000.0,0.777,0.708,2026-04-21
POLYCAB,85,23423,1294250,163875,24759819918.75,84,28914,1171625,-22750,28114171656.25,0.905,1.234,2026-04-21
POWERGRID,109,18462,40447200,292600,11485298885.0,110,8260,25068600,347700,4939093130.0,0.62,0.447,2026-04-21
POWERINDIA,70,21350,310100,35650,33645094167.5,72,15212,398700,75800,21609582265.0,1.286,0.713,2026-04-21
PPLPHARMA,22,2694,5103000,-168000,1123572922.5,29,987,3606750,388500,371272413.75,0.707,0.366,2026-04-21
PREMIERENE,94,7223,2948025,277150,4380954296.25,95,2304,1988350,-55200,1298469973.75,0.674,0.319,2026-04-21
PRESTIGE,77,18248,2061450,-96300,11893877437.5,76,4950,1554750,176400,2982465315.0,0.754,0.271,2026-04-21
RBLBANK,52,9139,29819600,508000,9602777340.0,55,4070,26866850,260350,4033834007.5,0.901,0.445,2026-04-21
RECLTD,95,20170,28103600,-121800,11205437180.0,98,11632,26055400,499800,6063952370.0,0.927,0.577,2026-04-21
RELIANCE,112,157648,78353000,37000,111266672250.0,109,78392,38415500,182000,52936439925.0,0.49,0.497,2026-04-21
RVNL,69,12312,24017225,-585600,5919307874.0,73,4513,15951500,-236375,1965276162.0,0.664,0.367,2026-04-21
SAIL,72,120,10311800,-249100,100679311.0,68,74,7806700,-28200,56074196.0,0.757,0.617,2026-04-21
SAMMAANCAP,55,6144,19513400,2046800,4227491551.0,51,6919,17208600,-1659800,4368135521.0,0.882,1.126,2026-04-21
SBICARD,74,9282,8852000,501600,5286282000.0,74,5781,7284000,664800,3142904600.0,0.823,0.623,2026-04-21
SBILIFE,98,52337,5472000,1733625,38813307712.5,95,30040,2777625,471000,21607626187.5,0.508,0.574,2026-04-21
SBIN,134,87070,47414250,2205000,74820561525.0,129,61846,41577000,1377000,50453762700.0,0.877,0.71,2026-04-21
SHREECEM,86,3027,62050,3875,1977779756.25,87,5474,54775,3050,3105449763.75,0.883,1.808,2026-04-21
SHRIRAMFIN,109,21056,14652825,786225,19004811952.5,111,9562,10365300,194700,8090697491.25,0.707,0.454,2026-04-21
SIEMENS,78,27157,2298625,778750,18821208210.0,80,9810,1426775,77875,6170654070.0,0.621,0.361,2026-04-21
SOLARINDS,97,7615,337250,29150,5966499210.0,92,7900,213300,1300,5224911325.0,0.632,1.037,2026-04-21
SONACOMS,115,2278,4359775,31850,1688856968.75,119,978,3207050,-169050,681166762.5,0.736,0.429,2026-04-21
SRF,111,9197,2131000,27000,4748909280.0,116,3353,1199200,41400,1659220180.0,0.563,0.365,2026-04-21
SUNPHARMA,94,23761,8250550,-41650,14322024080.0,90,10555,5568850,64400,6103175435.0,0.675,0.444,2026-04-21
SUPREMEIND,75,4740,963375,101150,3299642613.75,74,1745,443975,11725,1106540925.0,0.461,0.368,2026-04-21
SUZLON,69,21105,207403525,261725,10619705948.0,70,13142,174390075,4674950,5802129992.25,0.841,0.623,2026-04-21
SWIGGY,58,14644,12680200,1394900,5624722285.0,59,4850,7330700,960700,1773074940.0,0.578,0.331,2026-04-21
TATACONSUM,103,10120,2580050,265650,6489714192.5,99,4216,2950750,333850,2564471992.5,1.144,0.417,2026-04-21
TATAELXSI,84,44865,1403400,354100,22139308505.0,85,16318,875200,340700,7281775220.0,0.624,0.364,2026-04-21
TATAPOWER,101,30279,36399350,597400,19717723355.0,103,18601,30260050,24650,11504653872.5,0.831,0.614,2026-04-21
TATASTEEL,106,17044,123183500,3888500,20511175410.0,119,10506,99379500,-1435500,11941213130.0,0.807,0.616,2026-04-21
TATATECH,44,2610,2928000,86400,1260317840.0,44,1543,2123200,297600,702256160.0,0.725,0.591,2026-04-21
TCS,111,118102,16592275,-565075,55243394841.25,117,63677,11495925,-86800,28510212053.75,0.693,0.539,2026-04-21
TECHM,66,14411,5138400,331200,13476298230.0,68,7115,3832800,-76800,6367161720.0,0.746,0.494,2026-04-21
TIINDIA,121,8095,672600,-58200,4837463850.0,126,2308,368600,19000,1280312640.0,0.548,0.285,2026-04-21
TITAN,115,16372,3963225,-8050,13248951642.5,112,14085,3140725,-11550,10898956888.75,0.792,0.86,2026-04-21
TMPV,79,31659,36653600,51200,9452627760.0,82,19924,29593600,572800,5516236600.0,0.807,0.629,2026-04-21
TORNTPHARM,99,2609,674750,26000,2811326087.5,94,1297,484750,26000,1287720425.0,0.718,0.497,2026-04-21
TORNTPOWER,47,5372,1695750,-74375,3882699296.25,48,7100,1448825,81175,4279379591.25,0.854,1.322,2026-04-21
TRENT,85,215294,4089000,752800,97904124950.0,87,81000,3276300,459500,34296396480.0,0.801,0.376,2026-04-21
TVSMOTOR,159,12255,1776775,216825,8338073047.5,160,4813,1245125,57050,3143177012.5,0.701,0.393,2026-04-21
ULTRACEMCO,114,24489,732600,16300,15122862995.0,111,16637,495500,47800,9400298900.0,0.676,0.679,2026-04-21
UNIONBANK,71,12736,38767425,2442600,11257316510.25,73,6060,30430725,2871825,5074349147.25,0.785,0.476,2026-04-21
UNITDSPR,110,36953,4194400,-480000,20542564540.0,109,18362,3316000,85200,9725122440.0,0.791,0.497,2026-04-21
UNOMINDA,53,9278,1756700,-90750,6045635475.0,55,1216,922900,157300,732663442.5,0.525,0.131,2026-04-21
UPL,117,4872,10159790,245255,4505893219.75,118,3099,7537865,119240,2717294574.75,0.742,0.636,2026-04-21
VBL,93,43783,18309375,122625,24695484356.25,96,20110,11235375,621000,10574778993.75,0.614,0.459,2026-04-21
VEDL,104,111542,44991450,11220550,104141951045.0,101,55217,33358050,3118800,48195266222.5,0.741,0.495,2026-04-21
VMM,104,2904,8890050,1285250,1781194655.5,104,493,4297100,232800,270872015.0,0.483,0.17,2026-04-21
VOLTAS,88,13233,4733250,-49875,7511496506.25,85,7827,4121625,6375,4138542581.25,0.871,0.591,2026-04-21
WAAREEENER,66,31104,1922725,-126875,19899995185.0,69,15765,1473675,-91000,9410172896.25,0.766,0.507,2026-04-21
WIPRO,77,65560,162129000,-7809000,42163793040.0,80,27688,84882000,2580000,16664187120.0,0.524,0.422,2026-04-21
YESBANK,31,21081,686439200,25719700,14081588620.0,30,5167,353264900,3980800,3110528389.0,0.515,0.245,2026-04-21
ZYDUSLIFE,82,2941,3138300,-101700,2545428015.0,82,928,2356200,80100,766385010.0,0.751,0.316,2026-04-21
360ONE,64,49935,6297000,2005000,28501404525.0,63,26697,2707000,-429000,14024503075.0,0.43,0.535,2026-04-22
ABB,177,199566,2031000,638000,198179548787.5,178,97652,1742625,415750,89780732231.25,0.858,0.489,2026-04-22
ABCAPITAL,68,10294,13147100,-368900,11531972100.0,70,5909,10822100,771900,6134808085.0,0.823,0.574,2026-04-22
ADANIENSOL,101,53306,5727375,1333800,50427273667.5,106,16965,4054725,985500,14656433287.5,0.708,0.318,2026-04-22
ADANIENT,119,47073,7528476,21630,33956090154.599995,122,26060,7188576,-178602,17483080718.25,0.955,0.554,2026-04-22
ADANIGREEN,154,49787,10209000,675000,36957285120.0,157,16551,7509600,759000,11489644830.0,0.736,0.332,2026-04-22
ADANIPORTS,78,26064,10425775,636500,20367109113.75,83,15666,9108600,-157700,11534300478.75,0.874,0.601,2026-04-22
ADANIPOWER,109,57398,37140100,-159750,45264940625.0,110,18778,32095550,5719050,13630977706.5,0.864,0.327,2026-04-22
ALKEM,97,5248,328250,-29125,3831268075.0,98,2891,247375,12375,1999137043.75,0.754,0.551,2026-04-22
AMBER,92,13485,913100,-112200,11042757210.0,92,7017,679800,-18900,5287820455.0,0.744,0.52,2026-04-22
AMBUJACEM,92,11482,9819600,-665700,5761147612.5,95,5536,9090900,-663600,2723304727.5,0.926,0.482,2026-04-22
ANGELONE,85,21105,30957500,-1445000,17880632675.0,88,14457,34920000,-17500,11247890825.0,1.128,0.685,2026-04-22
APLAPOLLO,110,3127,1292900,1750,2396480677.5,109,922,864500,-45500,656473930.0,0.669,0.295,2026-04-22
APOLLOHOSP,112,24305,920875,44000,23961349350.0,115,26484,867125,30250,25141396581.25,0.942,1.09,2026-04-22
ASHOKLEY,86,38902,99465000,535000,36403187750.0,85,17015,68820000,3720000,14678961000.0,0.692,0.437,2026-04-22
ASIANPAINT,124,31038,5070000,-123250,20272450400.0,126,25630,6326750,318500,15908832650.0,1.248,0.826,2026-04-22
ASTRAL,77,7737,3517725,-276250,5409843955.0,78,3980,2187475,-205275,2592602233.75,0.622,0.514,2026-04-22
AUBANK,106,19265,8779000,268000,20853158950.0,108,10658,7782000,305000,10845123050.0,0.886,0.553,2026-04-22
AUROPHARMA,76,10471,4453350,240900,8314251522.5,80,5803,2980450,149050,4279371800.0,0.669,0.554,2026-04-22
AXISBANK,130,32083,17239375,586250,28476546906.25,129,21692,14347500,73125,18366110156.25,0.832,0.676,2026-04-22
BAJAJ-AUTO,89,23085,1317000,60600,17424722133.75,88,14401,1134525,-600,10159701783.75,0.861,0.624,2026-04-22
BAJAJFINSV,94,11180,3691750,112000,5312455225.0,95,9814,3620000,17000,4372658075.0,0.981,0.878,2026-04-22
BAJAJHLDNG,104,2196,73900,-3050,1253482180.0,103,3943,55350,3500,1851179152.5,0.749,1.796,2026-04-22
BAJFINANCE,96,44928,22965750,1613250,32513169825.0,100,29128,17719500,-335250,19921555987.5,0.772,0.648,2026-04-22
BANDHANBNK,81,5760,29246400,1576800,3812774436.0,81,4224,20336400,680400,2570707476.0,0.695,0.733,2026-04-22
BANKBARODA,114,11076,48750975,1427400,9535992862.5,112,7979,43632225,356850,6461677433.25,0.895,0.72,2026-04-22
BANKINDIA,95,10015,28189200,-1492400,8190733200.0,88,4197,25235600,2241200,3292224624.0,0.895,0.419,2026-04-22
BANKNIFTY,685,1890724,20869560,1100790,3339317590083.0,685,1961914,20758800,-491490,3264235342696.5,0.995,1.038,2026-04-22
BDL,71,8253,3492300,78750,4158006790.0,72,6127,2828350,19950,2762611705.0,0.81,0.742,2026-04-22
BEL,83,47840,47405475,514425,32106145470.0,87,21623,33062850,494475,13560169327.5,0.697,0.452,2026-04-22
BHARATFORG,87,11385,3668000,208500,11186351725.0,87,4813,2464500,137000,4472142825.0,0.672,0.423,2026-04-22
BHARTIARTL,77,40983,14221975,629375,37032362133.75,77,22872,9111450,285950,19643974148.75,0.641,0.558,2026-04-22
BHEL,170,44201,53691750,1774500,40470173178.75,171,24223,44740500,-1926750,20402106585.0,0.833,0.548,2026-04-22
BIOCON,75,8188,22627500,707500,7692178375.0,76,2937,15182500,-142500,2629541125.0,0.671,0.359,2026-04-22
BLUESTARCO,118,5061,1764100,27625,3203272897.5,113,1678,1250275,37700,1010254846.25,0.709,0.332,2026-04-22
BOSCHLTD,159,8049,243125,-3975,7992572132.5,157,46134,226525,5025,34894440365.0,0.932,5.732,2026-04-22
BPCL,83,12601,29561800,2415425,8340878953.75,81,6669,22969250,-499675,3995838565.0,0.777,0.529,2026-04-22
BRITANNIA,99,34945,1014250,430500,26110378656.25,100,11670,714125,129625,8367821650.0,0.704,0.334,2026-04-22
BSE,76,25254,8397375,-35250,34626878681.25,78,27317,9570750,-551250,34257933150.0,1.14,1.082,2026-04-22
CAMS,73,3095,3315000,315000,1812964350.0,73,1503,2611500,-81000,813808200.0,0.788,0.486,2026-04-22
CANBK,133,16920,85266000,3456000,17137824277.5,132,14833,80318250,2835000,14165995972.5,0.942,0.877,2026-04-22
CDSL,69,29839,6313225,634125,19740488733.75,71,20111,5080125,284525,12767870657.5,0.805,0.674,2026-04-22
CGPOWER,80,27086,5685650,585650,19531680162.5,81,10851,4448900,487050,7394348432.5,0.782,0.401,2026-04-22
CHOLAFIN,93,11523,5735625,842500,11768209375.0,92,5674,4066875,-227500,5486476625.0,0.709,0.492,2026-04-22
CIPLA,105,11518,4523250,-139125,5473431956.25,107,4741,3964125,-33750,2148738600.0,0.876,0.412,2026-04-22
COALINDIA,109,43356,42925950,1890000,26844757830.0,103,23813,26715150,137700,14209004002.5,0.622,0.549,2026-04-22
COCHINSHIP,85,5770,1202800,-336400,3793211960.0,86,1601,752800,-74400,963845240.0,0.626,0.277,2026-04-22
COFORGE,65,61009,9345750,1129875,30129485212.5,66,37925,5397750,337875,17572868175.0,0.578,0.622,2026-04-22
COLPAL,112,16833,2543175,81675,8291824976.25,114,7190,1733850,59850,3301219800.0,0.682,0.427,2026-04-22
CONCOR,95,12948,8445000,2056250,8573553062.5,97,2370,5393750,265000,1484627312.5,0.639,0.183,2026-04-22
CROMPTON,104,6256,14472000,1315800,3058271622.0,105,2035,8276400,-442800,912559392.0,0.572,0.325,2026-04-22
CUMMINSIND,99,27089,1444800,7400,29173819630.0,98,14140,1051600,93400,13439462140.0,0.728,0.522,2026-04-22
DABUR,87,22209,10671250,-751250,13183423062.5,87,8004,8597500,542500,4432234437.5,0.806,0.36,2026-04-22
DALBHARAT,91,3154,1202175,22425,2111752028.75,92,1491,1058200,78975,903678083.75,0.88,0.473,2026-04-22
DELHIVERY,86,15787,16361375,2624875,15814580130.0,87,9038,6245750,163925,8727152133.75,0.382,0.572,2026-04-22
DIVISLAB,108,10602,764200,7300,6816872095.0,105,5467,838000,72400,3365619395.0,1.097,0.516,2026-04-22
DIXON,119,44818,2021800,-105500,26583589577.5,120,26966,1522150,16150,14521075942.5,0.753,0.602,2026-04-22
DLF,126,17411,11515350,-68475,8999883461.25,125,9573,11930325,-82500,4713057483.75,1.036,0.55,2026-04-22
DMART,83,19563,1919250,45450,13958684205.0,84,15179,1701450,4650,9926569965.0,0.887,0.776,2026-04-22
DRREDDY,102,16656,7520625,-173750,13018560375.0,100,7412,5162500,-6875,5635752062.5,0.686,0.445,2026-04-22
EICHERMOT,138,23315,1984900,-79000,17389679600.0,129,12698,1506400,-93700,8970594175.0,0.759,0.545,2026-04-22
ETERNAL,106,39550,60952375,751750,25866120467.75,104,25313,50757675,-620800,15381952316.0,0.833,0.64,2026-04-22
EXIDEIND,142,66256,17004600,3673800,43394820120.0,144,21018,16093800,3079800,12847230360.0,0.946,0.317,2026-04-22
FEDERALBNK,104,7568,38550000,775000,11587816750.0,107,5123,35175000,915000,7388325500.0,0.912,0.677,2026-04-22
FINNIFTY,355,22734,519540,137220,37797276441.0,355,18685,493860,116280,29024702877.0,0.951,0.822,2026-04-22
FORCEMOT,48,2737,81300,-2775,1633349735.0,49,2151,29025,1150,973396703.75,0.357,0.786,2026-04-22
FORTIS,89,10740,2930275,188325,7875364116.25,90,9034,2339725,310000,6256379080.0,0.798,0.841,2026-04-22
GAIL,154,14419,28435050,189000,7695795618.0,157,11514,40364100,5150250,5575340767.5,1.42,0.799,2026-04-22
GLENMARK,107,6513,2161875,233250,5652570862.5,106,4753,1200750,69375,3861211631.25,0.555,0.73,2026-04-22
GMRAIRPORT,98,5442,53407575,-1136925,3871949305.5,102,1612,34930800,272025,1089003750.75,0.654,0.296,2026-04-22
GODFRYPHLP,112,8914,936375,-139425,5637427922.5,113,2274,395175,26400,1317083817.5,0.422,0.255,2026-04-22
GODREJCP,105,8480,1927000,163000,4988107225.0,103,3101,1628500,333000,1721766700.0,0.845,0.366,2026-04-22
GODREJPROP,95,17891,3495800,20075,9244859195.0,99,14617,2916375,-619850,6905682575.0,0.834,0.817,2026-04-22
GRASIM,119,10512,1529250,25250,7498534987.5,121,4798,1285500,20500,3276880187.5,0.841,0.456,2026-04-22
HAL,92,33369,3406050,-192750,22652055750.0,95,16558,3181650,-101100,10477145677.5,0.934,0.496,2026-04-22
HAVELLS,146,165643,11355500,7586500,117886500400.0,148,68614,5427000,2693000,45665801450.0,0.478,0.414,2026-04-22
HCLTECH,127,442272,37766400,26963650,211238589362.5,129,282143,16535400,7968100,129151391162.5,0.438,0.638,2026-04-22
HDFCAMC,145,8082,2278500,-11700,6982405335.0,151,7025,1932600,-285600,5676100905.0,0.848,0.869,2026-04-22
HDFCBANK,163,199580,95838050,3461150,91912463087.5,166,130600,53365400,-2840750,57127633805.0,0.557,0.654,2026-04-22
HDFCLIFE,123,23734,21015500,2222000,16640703475.0,125,10022,11942700,239800,6747270200.0,0.568,0.422,2026-04-22
HEROMOTOCO,102,19098,2538450,283500,15655951192.5,99,7123,1388400,-21450,5552691120.0,0.547,0.373,2026-04-22
HINDALCO,103,44435,15175300,-164500,33094199775.0,107,20379,11938500,879900,14350291235.0,0.787,0.459,2026-04-22
HINDPETRO,93,10049,18109575,540675,8154121365.0,96,8040,18534825,972000,6072928323.75,1.023,0.8,2026-04-22
HINDUNILVR,106,170778,8886600,1422000,124463596305.0,109,77747,7006800,1362600,54000953265.0,0.788,0.455,2026-04-22
HINDZINC,88,40950,21356650,-204575,31218576751.25,89,15867,17159800,988575,11467845033.75,0.803,0.387,2026-04-22
HUDCO,31,4738,13353300,910200,2735239245.0,34,1618,10825275,122100,859280914.5,0.811,0.341,2026-04-22
HYUNDAI,87,3358,997425,-39050,1824665370.0,87,913,675950,-15950,448727138.75,0.678,0.272,2026-04-22
ICICIBANK,126,77645,29049300,-844900,76316701755.0,127,55181,22897700,-1831200,52428635420.0,0.788,0.711,2026-04-22
ICICIGI,88,4061,1241175,-162500,2514711891.25,92,2546,1003925,-139750,1504748342.5,0.809,0.627,2026-04-22
ICICIPRULI,126,9494,7837525,212750,5014832046.25,118,5728,4903425,11100,2873517171.25,0.626,0.603,2026-04-22
IDEA,29,10578,1497973050,1858350,7920383476.5,25,3186,750916350,6933075,2221539491.25,0.501,0.301,2026-04-22
IDFCFIRSTB,75,6200,125908125,-4887925,4126299471.0,75,6846,120259650,222600,4189264478.0,0.955,1.104,2026-04-22
IEX,123,9965,54840000,2670000,5001729750.0,125,6503,40485000,540000,3090123787.5,0.738,0.653,2026-04-22
INDHOTEL,127,3051,6377000,300000,2079794700.0,129,2890,6011000,1000,1855432550.0,0.943,0.947,2026-04-22
INDIANB,88,6374,6998000,-336000,6232563150.0,89,1935,3701000,53000,1783770100.0,0.529,0.304,2026-04-22
INDIGO,106,50363,6496650,166950,36776204595.0,109,38146,4507050,-130050,25754605117.5,0.694,0.757,2026-04-22
INDUSINDBK,84,15646,8014300,-30100,9808979250.0,82,10295,6730500,841400,6136593120.0,0.84,0.658,2026-04-22
INDUSTOWER,75,19396,26649200,1473900,14166824370.0,74,5736,14699900,229500,4036159380.0,0.552,0.296,2026-04-22
INFY,105,180705,33702400,4510400,96880124460.0,110,120915,26351200,5664400,60899552080.0,0.782,0.669,2026-04-22
INOXWIND,117,12527,25908025,-2613325,4801325207.25,116,4391,23208900,479050,1552626361.0,0.896,0.351,2026-04-22
IOC,152,7557,68318250,-1472250,5721714033.75,145,4714,49778625,-955500,3265217377.5,0.729,0.624,2026-04-22
IREDA,160,69452,32885400,6924150,34504224249.0,165,25270,33144150,12978900,11653067829.0,1.008,0.364,2026-04-22
IRFC,99,22869,43515750,2299250,10714570747.5,103,5930,30697750,527000,2592941745.0,0.705,0.259,2026-04-22
ITC,112,90925,126622400,12633600,46063332960.0,113,32322,62956800,1332800,15865077280.0,0.497,0.355,2026-04-22
JINDALSTEL,115,5854,4045625,-90000,4834840437.5,116,6620,4516875,-157500,5208220375.0,1.116,1.131,2026-04-22
JIOFIN,94,65668,79643850,-28200,38412302574.5,99,33552,53204000,3116100,18605580834.0,0.668,0.511,2026-04-22
JSWENERGY,104,21542,8185000,-1077000,12354445200.0,103,6658,5752000,497000,3579399100.0,0.703,0.309,2026-04-22
JSWSTEEL,111,15548,6853275,324675,13693430160.0,113,10340,6145875,-202500,8804618730.0,0.897,0.665,2026-04-22
JUBLFOOD,104,34429,13628750,-923750,21482324937.5,108,15479,11842500,1502500,8996473625.0,0.869,0.45,2026-04-22
KALYANKJIL,89,9679,16313700,236175,5001110728.75,91,4122,6889025,-606300,2015252076.25,0.422,0.426,2026-04-22
KAYNES,102,79750,1619300,73800,36290323035.0,105,46537,1552100,270000,19005426620.0,0.959,0.584,2026-04-22
KEI,98,7554,781375,10150,6717334198.75,101,12867,588175,67725,9542056203.75,0.753,1.703,2026-04-22
KFINTECH,89,4694,2463000,216000,2404562425.0,89,965,1514500,-58500,464133150.0,0.615,0.206,2026-04-22
KOTAKBANK,131,16745,35730000,3246000,13108631600.0,129,6990,29108000,172000,5367420300.0,0.815,0.417,2026-04-22
KPITTECH,72,7243,3633750,103700,2369962180.0,78,6202,2173450,-49725,1884630901.25,0.598,0.856,2026-04-22
LAURUSLABS,98,7988,5866700,440300,7808278415.0,104,3981,4714950,-145350,3715544480.0,0.804,0.498,2026-04-22
LICHSGFIN,101,9419,8100000,610000,5478523250.0,104,3942,7143000,92000,2172675750.0,0.882,0.419,2026-04-22
LICI,164,4877,7196700,-98000,2959050955.0,166,1499,4643800,-52500,860678560.0,0.645,0.307,2026-04-22
LODHA,121,15310,5987250,-165150,6300316957.5,117,8942,5003100,2700,3448394190.0,0.836,0.584,2026-04-22
LT,175,53598,10353875,764575,39329539821.25,187,29160,7947450,-223825,20256547500.0,0.768,0.544,2026-04-22
LTF,67,5800,20232000,510750,3986786857.5,67,3502,17694000,112500,2206423912.5,0.875,0.604,2026-04-22
LTM,93,13109,1169700,91050,9581214360.0,94,11874,1110900,157500,7963399597.5,0.95,0.906,2026-04-22
LUPIN,85,7063,2342600,-80325,7136038001.25,85,4024,1753125,21250,3923969707.5,0.748,0.57,2026-04-22
M&M,147,38998,5424000,471000,25914364690.0,146,21304,3656800,35600,13603464950.0,0.674,0.546,2026-04-22
MANAPPURAM,70,30883,18096000,1992000,28186261650.0,69,17351,16083000,3456000,14582247900.0,0.889,0.562,2026-04-22
MANKIND,100,8279,742500,50175,4264570687.5,104,3578,587700,106425,1682873876.25,0.792,0.432,2026-04-22
MARICO,105,12267,4178400,-850800,11584804620.0,103,4696,4432800,-33600,4146865260.0,1.061,0.383,2026-04-22
MARUTI,130,51041,2147800,70400,35606443415.0,129,29441,1150950,-74950,19233658300.0,0.536,0.577,2026-04-22
MAXHEALTH,94,10230,4049325,204750,5588852640.0,93,9521,2522625,7350,5023373013.75,0.623,0.931,2026-04-22
MAZDOCK,130,37645,3873200,-318400,20962085260.0,136,16348,3161600,68800,8310715230.0,0.816,0.434,2026-04-22
MCX,94,23481,10013750,820000,43253155875.0,94,16903,7867500,-93750,28768210375.0,0.786,0.72,2026-04-22
MFSL,89,2849,999200,-84000,1960815400.0,84,1323,658400,14400,859126700.0,0.659,0.464,2026-04-22
MIDCPNIFTY,502,159459,7731000,1270440,273950717196.0,502,178411,8701440,903840,289632084894.0,1.126,1.119,2026-04-22
MOTHERSON,148,27926,50466900,4661700,23067175107.0,147,11583,46875300,9114300,8883404584.5,0.929,0.415,2026-04-22
MOTILALOFS,81,1857,1580225,-21700,1237897928.75,84,4172,1478700,24800,2417171718.75,0.936,2.247,2026-04-22
MPHASIS,122,6340,1300475,70675,4343722240.0,122,5536,944900,-17050,3568123267.5,0.727,0.873,2026-04-22
MUTHOOTFIN,71,19601,2611125,238425,20254708828.75,72,7034,1436325,36575,6811381940.0,0.55,0.359,2026-04-22
NAM-INDIA,66,2392,1203125,56250,1645624375.0,66,2030,645000,11875,1161692812.5,0.536,0.849,2026-04-22
NATIONALUM,98,22488,39281250,-247500,37989400687.5,107,11069,32741250,30000,17430046875.0,0.834,0.492,2026-04-22
NAUKRI,92,10257,3419250,-35250,4216362356.25,92,6036,1646625,-124125,2335429237.5,0.482,0.588,2026-04-22
NBCC,89,2139,21723000,1573000,1376640265.0,92,754,13884000,351000,451054825.0,0.639,0.353,2026-04-22
NESTLEIND,134,170558,12673000,1331500,123870760225.0,135,72365,7923000,418000,49833014000.0,0.625,0.424,2026-04-22
NHPC,82,4763,37004800,1241600,2612195008.0,84,2205,30176000,1478400,1118856640.0,0.815,0.463,2026-04-22
NIFTY,1008,17093786,186817950,46535100,27784226923531.0,1030,17554408,190030745,23943790,27402925435661.75,1.017,1.027,2026-04-22
NIFTYNXT50,747,652,16900,1850,1175159683.75,747,537,10450,3725,935273905.0,0.618,0.824,2026-04-22
NMDC,87,12562,83787750,573750,7789929570.0,89,4819,50618250,-1559250,2821016362.5,0.604,0.384,2026-04-22
NTPC,133,105773,74988000,6532500,65330953725.0,133,53103,44161500,8686500,31620424650.0,0.589,0.502,2026-04-22
NUVAMA,75,1875,1123000,119000,1380023250.0,76,1130,836000,49000,703705925.0,0.744,0.603,2026-04-22
NYKAA,96,3044,11843750,512500,2608411250.0,96,1506,5325000,121875,1213143593.75,0.45,0.495,2026-04-22
OBEROIRLTY,85,4238,1803550,28000,2654724257.5,85,1527,1120350,-40250,897033830.0,0.621,0.36,2026-04-22
OFSS,82,59183,1185525,452025,38065000931.25,82,41014,1007025,402600,23431521341.25,0.849,0.693,2026-04-22
OIL,81,7442,10372600,-582400,5085889200.0,80,1975,4517800,-156800,1285130210.0,0.436,0.265,2026-04-22
ONGC,132,25412,93924000,-504000,16753655250.0,132,10109,37667250,1253250,6340787662.5,0.401,0.398,2026-04-22
PAGEIND,140,2495,69120,210,1482286857.75,140,3719,74490,-4965,1931904606.75,1.078,1.491,2026-04-22
PATANJALI,74,12002,6555600,1054800,5266721295.0,78,2783,3714300,279900,1176209145.0,0.567,0.232,2026-04-22
PAYTM,108,6918,6741050,126150,6027735695.0,111,8192,5473750,-799675,6605310570.0,0.812,1.184,2026-04-22
PERSISTENT,96,110252,2833100,923900,60111826935.0,98,80262,1452300,-72800,41072476805.0,0.513,0.728,2026-04-22
PETRONET,113,6268,16435000,452200,3461024458.0,110,2326,10486100,220400,1162564362.0,0.638,0.371,2026-04-22
PFC,108,22054,26780000,-65000,13991685175.0,114,11587,20722000,-1199900,6903743860.0,0.774,0.525,2026-04-22
PGEL,72,14150,8428400,-56050,7957297327.5,70,9846,8848300,-658350,5020839822.5,1.05,0.696,2026-04-22
PHOENIXLTD,89,2608,1261750,140350,1715571252.5,93,930,995400,25900,568491892.5,0.789,0.357,2026-04-22
PIDILITIND,126,3814,1743500,15500,2769128650.0,127,2251,1340000,63000,1545827850.0,0.769,0.59,2026-04-22
PIIND,136,4298,777000,17675,2376140226.25,140,2075,634375,-11900,1062320472.5,0.816,0.483,2026-04-22
PNB,108,13551,87776000,-1368000,12981156400.0,110,7938,79872000,1672000,7132648320.0,0.91,0.586,2026-04-22
PNBHOUSING,115,28647,6273800,-1324700,19091309835.0,118,14407,5483400,-607750,9063315527.5,0.874,0.503,2026-04-22
POLICYBZR,78,9942,2273250,42700,5851243387.5,82,5340,1621900,-112350,2932766812.5,0.713,0.537,2026-04-22
POLYCAB,85,31638,1410250,116000,32983140193.75,84,17689,1181750,10125,16918760643.75,0.838,0.559,2026-04-22
POWERGRID,109,26909,41402900,955700,16711278810.0,110,10841,26288400,1219800,6478818075.0,0.635,0.403,2026-04-22
POWERINDIA,72,14012,311700,1600,22129611747.5,74,21473,415000,16300,28952611450.0,1.331,1.532,2026-04-22
PPLPHARMA,22,4031,5712000,609000,1670342257.5,29,648,3409875,-196875,247877516.25,0.597,0.161,2026-04-22
PREMIERENE,94,6193,2884200,-63825,3698127996.25,95,2103,1883700,-104650,1199452558.75,0.653,0.34,2026-04-22
PRESTIGE,79,3798,2128500,67050,2482375950.0,78,1422,1566000,11250,856949310.0,0.736,0.374,2026-04-22
RBLBANK,52,11076,30359350,539750,11653427925.0,55,6852,26536650,-330200,6734492817.5,0.874,0.619,2026-04-22
RECLTD,95,16897,28679000,575400,9382954980.0,98,12257,25603200,-452200,6283152820.0,0.893,0.725,2026-04-22
RELIANCE,112,140020,78053000,-300000,98712516225.0,109,80920,38482000,66500,54445180425.0,0.493,0.578,2026-04-22
RVNL,69,31821,22499850,-1517375,15445509773.25,73,8930,16781100,829600,3961526507.5,0.746,0.281,2026-04-22
SAIL,73,165,9978100,-333700,137899081.0,69,125,7811400,4700,90764285.0,0.783,0.758,2026-04-22
SAMMAANCAP,55,2224,20265900,752500,1490803507.0,51,1811,16894700,-313900,1123134071.0,0.834,0.814,2026-04-22
SBICARD,74,12712,8960800,108800,7255664640.0,74,6736,7634400,350400,3654875600.0,0.852,0.53,2026-04-22
SBILIFE,98,54425,6786375,1314375,40357846725.0,95,26189,3713625,936000,18420046462.5,0.547,0.481,2026-04-22
SBIN,136,92888,49864500,2450250,79612781437.5,131,60000,41452500,-124500,48867945075.0,0.831,0.646,2026-04-22
SHREECEM,87,2357,64725,2675,1541409860.0,88,10790,52675,-2100,6031105008.75,0.814,4.578,2026-04-22
SHRIRAMFIN,109,17436,14404500,-248325,15672191906.25,111,7947,10382625,17325,6699034031.25,0.721,0.456,2026-04-22
SIEMENS,78,82620,1660050,-638575,57679500226.25,80,31959,1597050,170275,20501892372.5,0.962,0.387,2026-04-22
SOLARINDS,97,16553,399050,61800,13134657905.0,92,20547,229700,16400,13202465482.5,0.576,1.241,2026-04-22
SONACOMS,115,3880,4411225,51450,2898806557.5,119,1003,3173975,-33075,706797070.0,0.72,0.259,2026-04-22
SRF,111,15980,2200000,69000,8222594380.0,116,6183,1174000,-25200,3054166850.0,0.534,0.387,2026-04-22
SUNPHARMA,94,25807,8037400,-213150,15509015182.5,90,14171,5232150,-336700,8209205550.0,0.651,0.549,2026-04-22
SUPREMEIND,75,4348,874825,-88550,2991260160.0,74,1399,423500,-20475,890640992.5,0.484,0.322,2026-04-22
SUZLON,69,38585,211410625,4007100,19715604723.5,70,20481,179525300,5135225,9404050090.25,0.849,0.531,2026-04-22
SWIGGY,58,25245,9640800,-3039400,9861777835.0,59,8714,6878300,-452400,3220291490.0,0.713,0.345,2026-04-22
TATACONSUM,106,40932,3001350,421300,27120115412.5,103,16820,3576650,625900,10509407232.5,1.192,0.411,2026-04-22
TATAELXSI,86,114896,2685100,1281700,54210357295.0,87,66210,942700,67500,29219913490.0,0.351,0.576,2026-04-22
TATAPOWER,103,36232,36080350,-319000,23747760120.0,105,20626,29964250,-295800,12794895772.5,0.83,0.569,2026-04-22
TATASTEEL,106,21472,124492500,1309000,25838608675.0,119,13055,100342000,962500,14860254915.0,0.806,0.608,2026-04-22
TATATECH,44,2570,2600800,-327200,1231154280.0,44,1372,2002400,-120800,622744760.0,0.77,0.534,2026-04-22
TCS,113,238210,18209275,1617000,110006128487.5,119,143604,10989650,-506275,63185965675.0,0.604,0.603,2026-04-22
TECHM,69,191704,11309400,6171000,176315317710.0,70,128093,7930200,4097400,109885535670.0,0.701,0.668,2026-04-22
TIINDIA,155,20659,731600,59000,12710851980.0,160,7535,620600,252000,4309273550.0,0.848,0.365,2026-04-22
TITAN,115,18773,3972850,9625,15095756182.5,112,14312,3145625,4900,10998019935.0,0.792,0.762,2026-04-22
TMPV,79,112263,36492800,-160800,33697649640.0,82,66847,29357600,-236000,18571775680.0,0.804,0.595,2026-04-22
TORNTPHARM,99,2759,652500,-22250,2936111437.5,94,2058,454250,-30500,2038190125.0,0.696,0.746,2026-04-22
TORNTPOWER,48,14971,1674075,-21675,10880728960.0,49,4105,1481125,32300,2745410665.0,0.885,0.274,2026-04-22
TRENT,95,190208,4883400,794400,88308795245.0,97,91834,3807900,531600,39063990445.0,0.78,0.483,2026-04-22
TVSMOTOR,159,16087,2203075,426300,10957878898.75,160,6019,1237950,-7175,3886277333.75,0.562,0.374,2026-04-22
ULTRACEMCO,114,29267,787300,54700,18272360440.0,111,15939,576550,81050,9383944767.5,0.732,0.545,2026-04-22
UNIONBANK,71,28505,45427050,6659625,25750949385.75,73,14288,33276000,2845275,11990059207.5,0.733,0.501,2026-04-22
UNITDSPR,119,24531,3966000,-228400,13943865520.0,119,12908,3584000,268000,6953048600.0,0.904,0.526,2026-04-22
UNOMINDA,55,2963,1821600,64900,1942077060.0,56,765,919600,-3300,462074580.0,0.505,0.258,2026-04-22
UPL,117,5011,10159790,0,4595783852.0,118,3041,7636780,98915,2649791252.5,0.752,0.607,2026-04-22
VBL,100,35797,19953000,1643625,20532410887.5,103,16700,12780000,1544625,8991054337.5,0.641,0.467,2026-04-22
VEDL,104,73602,49686900,4695450,67608661862.5,101,42268,36897750,3539700,36721449077.5,0.743,0.574,2026-04-22
VMM,117,1062,9409000,518950,665008429.0,117,452,4554150,257050,248972713.0,0.484,0.426,2026-04-22
VOLTAS,88,29325,4707000,-26250,16864864856.25,85,17487,4260750,139125,9184753556.25,0.905,0.596,2026-04-22
WAAREEENER,66,28022,2052225,129500,17793099248.75,69,16222,1417325,-56350,9585181961.25,0.691,0.579,2026-04-22
WIPRO,77,63470,166320000,4191000,40479452670.0,80,36962,89013000,4131000,22305478320.0,0.535,0.582,2026-04-22
YESBANK,31,21350,684542100,-1897100,14254330149.0,30,6645,354602200,1337300,4067309937.0,0.518,0.311,2026-04-22
ZYDUSLIFE,82,3164,3238200,99900,2738135880.0,82,828,2381400,25200,687953700.0,0.735,0.262,2026-04-22
360ONE,64,14080,5435000,-862000,7895893450.0,63,4268,2275500,-431500,2186022600.0,0.419,0.303,2026-04-23
ABB,177,33839,1998625,-32375,33636465950.0,178,17564,1636000,-106625,16143047125.0,0.819,0.519,2026-04-23
ABCAPITAL,70,6301,13007600,-139500,7069868680.0,73,3356,10493500,-328600,3565546840.0,0.807,0.533,2026-04-23
ADANIENSOL,104,34340,7618725,1891350,33815813310.0,109,11751,4922100,867375,10434249427.5,0.646,0.342,2026-04-23
ADANIENT,122,83564,8326932,798456,61641576348.9,125,31819,7291473,102897,21894469932.75,0.876,0.381,2026-04-23
ADANIGREEN,154,72764,12267600,2058600,55930482480.0,157,22375,8233200,723600,15949567170.0,0.671,0.308,2026-04-23
ADANIPORTS,78,31794,10317950,-107825,24925405146.25,83,18419,8778475,-330125,13536013677.5,0.851,0.579,2026-04-23
ADANIPOWER,109,21421,40047550,2907450,17271052886.0,110,10313,31541750,-553800,7535653337.5,0.788,0.481,2026-04-23
ALKEM,97,6867,325000,-3250,4892074437.5,98,3736,225125,-22250,2535529037.5,0.693,0.544,2026-04-23
AMBER,92,13098,883400,-29700,10625562400.0,92,8237,686700,6900,6201889645.0,0.777,0.629,2026-04-23
AMBUJACEM,92,9335,10616550,796950,4645474155.0,95,3366,8897700,-193200,1636150320.0,0.838,0.361,2026-04-23
ANGELONE,85,13827,29945000,-1012500,11631188750.0,88,13396,30617500,-4302500,10511029725.0,1.022,0.969,2026-04-23
APLAPOLLO,110,7396,1395100,102200,5595464210.0,109,8994,1051750,187250,6153340742.5,0.754,1.216,2026-04-23
APOLLOHOSP,112,24507,840000,-80875,24201827781.25,115,13572,951125,84000,12934098612.5,1.132,0.554,2026-04-23
ASHOKLEY,88,33542,111885000,12420000,30924504800.0,87,19988,70555000,1735000,16965104300.0,0.631,0.596,2026-04-23
ASIANPAINT,126,22863,5094000,24000,14822599037.5,128,26132,5790250,-536500,16178191400.0,1.137,1.143,2026-04-23
ASTRAL,77,9397,3057025,-460700,6519972345.0,78,3994,2117350,-70125,2655440757.5,0.693,0.425,2026-04-23
AUBANK,106,16461,10007000,1228000,17961363500.0,108,8883,8270000,488000,9099546300.0,0.826,0.54,2026-04-23
AUROPHARMA,80,19639,4470400,17050,15946750902.5,84,8040,3375350,394900,6195521722.5,0.755,0.409,2026-04-23
AXISBANK,130,32765,18750625,1511250,28958759968.75,129,25920,14307500,-40000,21530272625.0,0.763,0.791,2026-04-23
BAJAJ-AUTO,89,25966,1306200,-10800,19251300847.5,88,19232,1212075,77550,13527147116.25,0.928,0.741,2026-04-23
BAJAJFINSV,94,24884,4157750,466000,11606662412.5,95,16863,3673000,53000,7428698787.5,0.883,0.678,2026-04-23
BAJAJHLDNG,104,2469,72450,-1450,1376431572.5,103,2813,50000,-5350,1231683572.5,0.69,1.139,2026-04-23
BAJFINANCE,96,40924,22275750,-690000,29294865637.5,100,30448,17733000,13500,20704056975.0,0.796,0.744,2026-04-23
BANDHANBNK,81,5505,29606400,360000,3608204580.0,81,4568,20642400,306000,2740028256.0,0.697,0.83,2026-04-23
BANKBARODA,114,25073,55539900,6788925,21316485469.5,112,16206,45290700,1658475,12939329841.75,0.815,0.646,2026-04-23
BANKINDIA,96,7773,27892800,-296400,6317049752.0,89,4336,25235600,0,3346918484.0,0.905,0.558,2026-04-23
BANKNIFTY,685,2231534,22326720,1457160,3910426200663.0,685,1992268,20371680,-387120,3314441807085.0,0.912,0.893,2026-04-23
BDL,71,29072,3695300,203000,14874778887.5,72,10118,3110800,282450,4770910900.0,0.842,0.348,2026-04-23
BEL,83,56328,48093750,688275,37543503862.5,87,26096,32693775,-369075,16393315638.75,0.68,0.463,2026-04-23
BHARATFORG,89,12385,3852500,184500,11926901825.0,89,8533,2619000,154500,7897458075.0,0.68,0.689,2026-04-23
BHARTIARTL,77,51033,13862400,-359575,45782357368.75,77,18038,8882025,-229425,15532495606.25,0.641,0.353,2026-04-23
BHEL,170,43085,49746375,-3945375,39412285395.0,171,25959,45150000,409500,22151334161.25,0.908,0.603,2026-04-23
BIOCON,75,16804,23957500,1330000,15666815625.0,76,4215,14872500,-310000,3784341125.0,0.621,0.251,2026-04-23
BLUESTARCO,118,5167,1658475,-105625,3246860500.0,113,3280,1261650,11375,1934792876.25,0.761,0.635,2026-04-23
BOSCHLTD,159,8696,218175,-24950,8533696687.5,157,57235,217150,-9375,43635826051.25,0.995,6.582,2026-04-23
BPCL,83,12042,29931125,369325,7826891128.75,81,10254,22033100,-936150,6256402037.5,0.736,0.852,2026-04-23
BRITANNIA,99,13829,956750,-57500,10210827543.75,100,5839,706125,-8000,4091741318.75,0.738,0.422,2026-04-23
BSE,76,30357,8076000,-321375,41222794818.75,78,29312,8881500,-689250,36977981981.25,1.1,0.966,2026-04-23
CAMS,73,11802,3728250,413250,7003498650.0,73,3987,2929500,318000,2214567412.5,0.786,0.338,2026-04-23
CANBK,136,20047,89505000,4239000,20076194857.5,135,17636,78759000,-1559250,16774425607.5,0.88,0.88,2026-04-23
CDSL,69,18255,6237700,-75525,11990314325.0,71,9045,5072525,-7600,5651702783.75,0.813,0.495,2026-04-23
CGPOWER,86,26904,6249200,563550,19600098490.0,87,10382,4595950,147050,7237510300.0,0.735,0.386,2026-04-23
CHOLAFIN,93,12463,5450625,-285000,12580929875.0,92,7099,3868750,-198125,6791923968.75,0.71,0.57,2026-04-23
CIPLA,119,149305,5112375,589125,73639090968.75,120,38398,4989000,1024875,18217596562.5,0.976,0.257,2026-04-23
COALINDIA,109,50067,39000150,-3925800,31213788817.5,103,28939,26557200,-157950,17333689095.0,0.681,0.578,2026-04-23
COCHINSHIP,88,9052,1111600,-91200,5989101920.0,89,2594,749200,-3600,1578429180.0,0.674,0.287,2026-04-23
COFORGE,65,26214,9695250,349500,12861575662.5,66,14743,5221500,-176250,6700899318.75,0.539,0.562,2026-04-23
COLPAL,112,20663,2547000,3825,10208738835.0,114,10538,1850850,117000,4924576642.5,0.727,0.51,2026-04-23
CONCOR,102,6957,8092500,-352500,4613366250.0,104,2423,5395000,1250,1570825375.0,0.667,0.348,2026-04-23
CROMPTON,104,12175,12659400,-1812600,5907155976.0,105,6688,7462800,-813600,3010233600.0,0.59,0.549,2026-04-23
CUMMINSIND,99,13039,1370600,-74200,14023209310.0,98,16022,1030600,-21000,15534901830.0,0.752,1.229,2026-04-23
DABUR,91,8411,10115000,-556250,4986454875.0,91,3600,8886250,288750,2013883750.0,0.879,0.428,2026-04-23
DALBHARAT,91,3903,1191775,-10400,2616422087.5,92,2803,880750,-177450,1781576355.0,0.739,0.718,2026-04-23
DELHIVERY,86,8945,15004325,-1357050,8872620008.75,87,3140,5930350,-315400,2971309633.75,0.395,0.351,2026-04-23
DIVISLAB,108,47231,815900,51700,30991039340.0,105,11887,873600,35600,7404774440.0,1.071,0.252,2026-04-23
DIXON,119,78858,2159950,138150,45869536292.5,120,50894,1514600,-7550,27303024420.0,0.701,0.645,2026-04-23
DLF,127,18010,12077175,561825,9209158983.75,126,12797,11631675,-298650,6245253712.5,0.963,0.711,2026-04-23
DMART,83,15013,1842750,-76500,10674860925.0,84,11541,1588800,-112650,7595070727.5,0.862,0.769,2026-04-23
DRREDDY,125,305893,13342500,5821875,256823258625.0,125,123033,8866875,3704375,98366481937.5,0.665,0.402,2026-04-23
EICHERMOT,138,25847,2027700,42800,19167598225.0,129,17187,1475900,-30500,12166819575.0,0.728,0.665,2026-04-23
ETERNAL,109,31741,60804450,-147925,20693787746.0,107,22498,50529725,-227950,13894303037.5,0.831,0.709,2026-04-23
EXIDEIND,144,23048,19549800,2545200,15242547420.0,145,8783,16983000,889200,5497978680.0,0.869,0.381,2026-04-23
FEDERALBNK,104,7611,38115000,-435000,11571583750.0,107,4607,34580000,-595000,6634384000.0,0.907,0.605,2026-04-23
FINNIFTY,355,30928,600360,80820,50885808768.0,355,23977,536160,42300,36860625033.0,0.893,0.775,2026-04-23
FORCEMOT,48,7534,98500,17200,4383403043.75,49,3708,30450,1425,1890295148.75,0.309,0.492,2026-04-23
FORTIS,89,4555,2793100,-137175,3345358955.0,90,1766,2178525,-161200,1231720055.0,0.78,0.388,2026-04-23
GAIL,163,7829,29020950,585900,4203003105.0,165,6372,39302550,-1061550,3177618696.0,1.354,0.814,2026-04-23
GLENMARK,125,61970,2525625,363750,55520901956.25,125,18121,1839000,638250,15337293018.75,0.728,0.292,2026-04-23
GMRAIRPORT,98,5493,54328275,920700,3888146441.25,102,2656,37427850,2497050,1760079102.75,0.689,0.484,2026-04-23
GODFRYPHLP,112,5195,980375,44000,3314205551.25,113,2795,422950,27775,1483050552.5,0.431,0.538,2026-04-23
GODREJCP,106,3675,1877500,-49500,2151351150.0,105,2047,1655500,27000,1138805600.0,0.882,0.557,2026-04-23
GODREJPROP,98,16862,3545850,50050,8701264605.0,100,11427,2900425,-15950,5549048051.25,0.818,0.678,2026-04-23
GRASIM,119,4557,1490000,-39250,3220998525.0,121,3352,1318500,33000,2297664325.0,0.885,0.736,2026-04-23
HAL,92,30583,3356250,-49800,20729640547.5,95,16206,3175200,-6450,10315508370.0,0.946,0.53,2026-04-23
HAVELLS,146,99178,14337500,2982000,67106704650.0,148,60855,5956000,529000,38748452550.0,0.415,0.614,2026-04-23
HCLTECH,135,210712,39749500,1983100,98087147567.5,135,77292,17385200,849800,34106344265.0,0.437,0.367,2026-04-23
HDFCAMC,145,8913,2029800,-248700,7598410785.0,151,8096,1671600,-261000,6495428325.0,0.824,0.908,2026-04-23
HDFCBANK,163,257267,105068150,9230100,116465507235.0,166,150922,53672850,307450,64921038765.0,0.511,0.587,2026-04-23
HDFCLIFE,123,27685,19900100,-1115400,19071414670.0,125,12302,11008800,-933900,8218224245.0,0.553,0.444,2026-04-23
HEROMOTOCO,102,36028,2998800,460350,29018951602.5,99,15321,1333350,-55050,11639479732.5,0.445,0.425,2026-04-23
HINDALCO,103,38185,15260700,85400,28742462875.0,107,20985,11556300,-382200,14870516640.0,0.757,0.55,2026-04-23
HINDPETRO,93,10592,18160200,50625,8429772667.5,96,11469,17491950,-1042875,8602868857.5,0.963,1.083,2026-04-23
HINDUNILVR,110,58282,9144000,257400,42582803895.0,113,35347,6976500,-30300,24686433180.0,0.763,0.606,2026-04-23
HINDZINC,88,24554,23185575,1828925,18750774507.5,89,11516,16887850,-271950,8274303108.75,0.728,0.469,2026-04-23
HUDCO,31,11329,12898200,-455100,6589689325.5,34,5086,12354300,1529025,2775575424.0,0.958,0.449,2026-04-23
HYUNDAI,87,7055,1062600,65175,3735121582.5,87,2423,587675,-88275,1205972116.25,0.553,0.343,2026-04-23
ICICIBANK,126,86160,28632100,-417200,83505757055.0,127,57652,22106000,-791700,54244341585.0,0.772,0.669,2026-04-23
ICICIGI,88,4656,1198925,-42250,2899339332.5,92,2494,931775,-72150,1460040351.25,0.777,0.536,2026-04-23
ICICIPRULI,126,9082,7560950,-276575,4704023305.0,118,4623,5099525,196100,2299632278.75,0.674,0.509,2026-04-23
IDEA,29,9122,1502547450,4574400,6853947171.75,25,3268,737693475,-13222875,2262221631.75,0.491,0.358,2026-04-23
IDFCFIRSTB,75,6849,128097025,2188900,4557367710.0,75,6107,117959450,-2300200,3774372952.0,0.921,0.892,2026-04-23
IEX,123,33088,60686250,5846250,16641176850.0,125,15377,45975000,5490000,7397674237.5,0.758,0.465,2026-04-23
INDHOTEL,127,8667,6242000,-135000,5796396050.0,129,6573,6029000,18000,4099469000.0,0.966,0.758,2026-04-23
INDIANB,88,7514,6871000,-127000,7262749650.0,89,3425,3825000,124000,3153304250.0,0.557,0.456,2026-04-23
INDIGO,106,39023,6527550,30900,28159287840.0,109,37663,4316250,-190800,25499295660.0,0.661,0.965,2026-04-23
INDUSINDBK,87,13987,8688400,674100,8773857435.0,85,9306,6688500,-42000,5567459625.0,0.77,0.665,2026-04-23
INDUSTOWER,75,17668,26169800,-479400,12776456165.0,74,10524,13980800,-719100,7266329210.0,0.534,0.596,2026-04-23
INFY,110,162963,41668000,7965600,85984824440.0,112,158401,32575200,6224000,77657792980.0,0.782,0.972,2026-04-23
INOXWIND,129,4461,26197600,289575,1707540012.75,128,2897,23659350,450450,1007369220.0,0.903,0.649,2026-04-23
IOC,152,10113,66641250,-1677000,7544090823.75,145,7619,49383750,-394875,5346164508.75,0.741,0.753,2026-04-23
IREDA,160,14885,34344750,1459350,7453992133.5,165,9767,30670500,-2473650,4555304583.0,0.893,0.656,2026-04-23
IRFC,99,32955,54982250,11466500,15567189510.0,103,8638,32380750,1683000,3917190320.0,0.589,0.262,2026-04-23
ITC,112,57606,125788800,-833600,29003180560.0,113,22801,63444800,488000,11049689520.0,0.504,0.396,2026-04-23
JINDALSTEL,115,6491,4054375,8750,5326187281.25,116,5874,4256250,-260625,4581624875.0,1.05,0.905,2026-04-23
JIOFIN,97,136848,72380000,-7263850,82644168884.0,102,58283,51554300,-1649700,33073203554.0,0.712,0.426,2026-04-23
JSWENERGY,110,13192,8017000,-168000,7646479050.0,109,4307,6047000,295000,2360759200.0,0.754,0.326,2026-04-23
JSWSTEEL,111,12061,6778350,-74925,10526994461.25,113,5816,6024375,-121500,4861319186.25,0.889,0.482,2026-04-23
JUBLFOOD,110,18408,13303750,-325000,11643228875.0,114,8482,11460000,-382500,5069983375.0,0.861,0.461,2026-04-23
KALYANKJIL,89,15262,14332650,-1981050,7854485370.0,91,5438,6624650,-264375,2652456515.0,0.462,0.356,2026-04-23
KAYNES,102,30268,1700800,81500,13866081850.0,105,21509,1436400,-115700,8808104265.0,0.845,0.711,2026-04-23
KEI,99,7222,813925,32550,6411728846.25,102,7254,577675,-10500,5592238093.75,0.71,1.004,2026-04-23
KFINTECH,89,3051,2162500,-300500,1555499225.0,89,1133,1441000,-73500,560603600.0,0.666,0.371,2026-04-23
KOTAKBANK,131,24487,37174000,1444000,18834030000.0,129,13846,29858000,750000,10398399000.0,0.803,0.565,2026-04-23
KPITTECH,72,7231,3664350,30600,2366358371.25,78,3216,2138600,-34850,994146102.5,0.584,0.445,2026-04-23
LAURUSLABS,98,17988,6007800,141100,17660566875.0,104,4689,4764250,49300,4383237542.5,0.793,0.261,2026-04-23
LICHSGFIN,101,7958,8394000,294000,4572831900.0,104,4441,6947000,-196000,2428189250.0,0.828,0.558,2026-04-23
LICI,164,6308,6815900,-380800,3809872150.0,166,3430,4783100,139300,1932111265.0,0.702,0.544,2026-04-23
LODHA,121,12185,6072300,85050,4974772275.0,117,10075,5229000,225900,3854707470.0,0.861,0.827,2026-04-23
LT,175,44265,10001600,-352275,32357034832.5,187,27995,8061725,114275,19384232735.0,0.806,0.632,2026-04-23
LTF,67,6802,20940750,708750,4651128630.0,67,4886,18186750,492750,3076828807.5,0.868,0.718,2026-04-23
LTM,93,18537,1361700,192000,13472591752.5,94,17554,1338450,227550,11650274745.0,0.983,0.947,2026-04-23
LUPIN,85,39510,2772275,429675,40616763120.0,85,12488,1925250,172125,12313121760.0,0.694,0.316,2026-04-23
M&M,147,54615,5781600,357600,35222501280.0,146,31797,3721400,64600,19648215970.0,0.644,0.582,2026-04-23
MANAPPURAM,72,5214,17715000,-381000,4792137600.0,72,2692,15441000,-642000,2292234900.0,0.872,0.516,2026-04-23
MANKIND,104,25347,857925,115425,13390699927.5,108,9862,849150,261450,4748414658.75,0.99,0.389,2026-04-23
MARICO,109,6966,4456800,278400,6616415820.0,109,2096,4527600,94800,1922913600.0,1.016,0.301,2026-04-23
MARUTI,130,64866,2258550,110750,44743140487.5,129,28530,1135700,-15250,18638590082.5,0.503,0.44,2026-04-23
MAXHEALTH,94,11904,4057725,8400,6456846742.5,93,7261,2526300,3675,3825153806.25,0.623,0.61,2026-04-23
MAZDOCK,138,39827,3822600,-50600,22257370150.0,144,16797,3241400,79800,8695469530.0,0.848,0.422,2026-04-23
MCX,94,29923,9896250,-117500,55001623250.0,94,15081,7451875,-415625,25816671781.25,0.753,0.504,2026-04-23
MFSL,89,3101,944400,-54800,2127063500.0,84,1246,688800,30400,794562780.0,0.729,0.402,2026-04-23
MIDCPNIFTY,502,180393,8194920,463920,309017116854.0,502,184021,9013920,312480,297541404318.0,1.1,1.02,2026-04-23
MOTHERSON,149,10681,49353750,-1113150,8834517865.5,149,7295,45141000,-1734300,5587212454.5,0.915,0.683,2026-04-23
MOTILALOFS,81,5970,1563950,-16275,3838515983.75,84,5370,1447700,-31000,3045852183.75,0.926,0.899,2026-04-23
MPHASIS,122,4831,1486925,186450,3221733611.25,122,2943,1015575,70675,1854117883.75,0.683,0.609,2026-04-23
MUTHOOTFIN,71,8683,2382325,-228800,8880108063.75,72,5276,1419550,-16775,5055769702.5,0.596,0.608,2026-04-23
NAM-INDIA,66,1802,1160625,-42500,1247085281.25,66,2504,578125,-66875,1441796000.0,0.498,1.39,2026-04-23
NATIONALUM,98,16381,39581250,300000,28107562500.0,107,8880,32287500,-453750,14187966937.5,0.816,0.542,2026-04-23
NAUKRI,92,16442,3779250,360000,6596914725.0,92,10391,2037000,390375,3977899875.0,0.539,0.632,2026-04-23
NBCC,89,1699,22594000,871000,1092519155.0,92,538,13884000,0,315319095.0,0.614,0.317,2026-04-23
NESTLEIND,137,39109,10835000,-1838000,28291078725.0,138,20709,7527000,-396000,14223113950.0,0.695,0.53,2026-04-23
NHPC,82,6025,39641600,2636800,3288640064.0,84,4401,32678400,2502400,2236637568.0,0.824,0.73,2026-04-23
NIFTY,1012,20255469,227427670,40609720,32723110333589.0,1034,17809767,209962630,19931885,27578832109585.25,0.923,0.879,2026-04-23
NIFTYNXT50,750,453,17775,875,811217932.5,750,348,9375,-1075,614777195.0,0.527,0.768,2026-04-23
NMDC,87,10746,86454000,2666250,6595953322.5,89,3734,51705000,1086750,2153710620.0,0.598,0.347,2026-04-23
NTPC,139,49123,76119000,1131000,30240061350.0,139,30448,43224000,-937500,18147388500.0,0.568,0.62,2026-04-23
NUVAMA,75,1361,1163000,40000,1005602950.0,76,1087,858000,22000,655645600.0,0.738,0.799,2026-04-23
NYKAA,96,3134,12240625,396875,2670229562.5,96,975,5571875,246875,790044593.75,0.455,0.311,2026-04-23
OBEROIRLTY,85,2352,1759450,-44100,1460050900.0,85,2188,1079750,-40600,1291253932.5,0.614,0.93,2026-04-23
OFSS,102,319292,1450425,264900,216037280163.75,102,118648,1372050,365025,72681278415.0,0.946,0.372,2026-04-23
OIL,81,16822,10406200,33600,11571567210.0,80,3490,4902800,385000,2303164290.0,0.471,0.207,2026-04-23
ONGC,132,62544,96165000,2241000,41357547112.5,132,20377,37170000,-497250,12891579187.5,0.387,0.326,2026-04-23
PAGEIND,140,3461,68220,-900,2039965958.25,140,7380,63795,-10695,3692705155.5,0.935,2.132,2026-04-23
PATANJALI,74,7611,5669100,-886500,3332568510.0,78,1364,3841200,126900,575870220.0,0.678,0.179,2026-04-23
PAYTM,108,7715,6399575,-341475,6652819820.0,111,4810,5021350,-452400,3940315296.25,0.785,0.623,2026-04-23
PERSISTENT,96,56709,2607600,-225500,30428409425.0,98,26755,1381900,-70400,13446072525.0,0.53,0.472,2026-04-23
PETRONET,113,5841,15397600,-1037400,3215717168.0,110,3062,10740700,254600,1558292163.0,0.698,0.524,2026-04-23
PFC,108,20034,26456300,-323700,12641752110.0,114,9237,20494500,-227500,5534110400.0,0.775,0.461,2026-04-23
PGEL,72,12166,8474950,46550,6757690480.0,70,12158,8277350,-570950,6161142825.0,0.977,0.999,2026-04-23
PHOENIXLTD,89,2486,1347150,85400,1616750432.5,93,5650,1070300,74900,3107243387.5,0.794,2.273,2026-04-23
PIDILITIND,128,2820,1737000,-6500,2043040750.0,129,1931,1365500,25500,1332550800.0,0.786,0.685,2026-04-23
PIIND,136,6684,903700,126700,3694567887.5,140,3143,676375,42000,1637859982.5,0.748,0.47,2026-04-23
PNB,108,15580,88024000,248000,14620750640.0,110,10703,77752000,-2120000,9553874960.0,0.883,0.687,2026-04-23
PNBHOUSING,115,24819,5424250,-849550,16656472365.0,118,13669,5707000,223600,8563828487.5,1.052,0.551,2026-04-23
POLICYBZR,78,21802,2144450,-128800,13056070720.0,82,10320,1940400,318500,5786641892.5,0.905,0.473,2026-04-23
POLYCAB,85,20588,1458500,48250,21534942587.5,84,17529,1095125,-86625,17157540975.0,0.751,0.851,2026-04-23
POWERGRID,109,25245,41374400,-28500,15620848955.0,110,10475,25898900,-389500,6257684865.0,0.626,0.415,2026-04-23
POWERINDIA,72,40669,362200,50500,66467626455.0,74,30907,512400,97400,45187081957.5,1.415,0.76,2026-04-23
PPLPHARMA,26,49253,8757000,3045000,22136831981.25,31,12038,6966750,3556875,5017962678.75,0.796,0.244,2026-04-23
PREMIERENE,94,7084,2768050,-116150,4227989921.25,95,2273,1857250,-26450,1291223248.75,0.671,0.321,2026-04-23
PRESTIGE,79,4529,2050650,-77850,2952432990.0,78,1702,1511550,-54450,1032424897.5,0.737,0.376,2026-04-23
RBLBANK,52,5940,30854650,495300,6226308826.25,55,4067,27257375,720725,4022016022.5,0.883,0.685,2026-04-23
RECLTD,95,15641,28970200,291200,8619940700.0,98,8949,24026800,-1576400,4619963320.0,0.829,0.572,2026-04-23
RELIANCE,112,149045,81209000,3156000,105131843650.0,109,102960,41382000,2900000,69107162175.0,0.51,0.691,2026-04-23
RVNL,69,23166,23103750,603900,11366165913.75,73,9531,17110500,329400,4309725701.0,0.741,0.411,2026-04-23
SAIL,73,204,9785400,-192700,168412374.0,69,139,8107500,296100,102688843.0,0.829,0.681,2026-04-23
SAMMAANCAP,55,2100,20261600,-4300,1401020023.0,51,1130,16924800,30100,707529826.0,0.835,0.538,2026-04-23
SBICARD,74,8155,8497600,-463200,4688273640.0,74,4960,7651200,16800,2772902160.0,0.9,0.608,2026-04-23
SBILIFE,98,68597,7444125,657750,49680042225.0,95,44996,3408375,-305250,30944050668.75,0.458,0.656,2026-04-23
SBIN,136,118364,50079750,215250,100216427400.0,131,95547,39811500,-1641000,77445981075.0,0.795,0.807,2026-04-23
SHREECEM,87,2465,71150,6425,1616303026.25,88,3308,53350,675,1909442138.75,0.75,1.342,2026-04-23
SHRIRAMFIN,109,23394,15196500,792000,20755648650.0,111,14544,10642500,259875,12167133948.75,0.7,0.622,2026-04-23
SIEMENS,85,25817,1839075,179025,18136054361.25,87,14787,1529675,-67375,9611938700.0,0.832,0.573,2026-04-23
SOLARINDS,101,39236,349900,-49150,31708086575.0,96,27289,299450,69750,18665780307.5,0.856,0.696,2026-04-23
SONACOMS,115,3661,4472475,61250,2689981848.75,119,2029,3106600,-67375,1418788813.75,0.695,0.554,2026-04-23
SRF,111,34996,2149800,-50200,18265197840.0,116,8977,1259800,85800,4517080000.0,0.586,0.257,2026-04-23
SUNPHARMA,94,85869,8215900,178500,51981208072.5,90,34643,6001100,768950,20356268380.0,0.73,0.403,2026-04-23
SUPREMEIND,75,6391,883575,8750,4374018197.5,74,1702,426475,2975,1067120381.25,0.483,0.266,2026-04-23
SUZLON,70,33448,206862025,-4548600,17045106501.5,71,15917,170211500,-9313800,7338120283.0,0.823,0.476,2026-04-23
SWIGGY,61,18225,9298900,-341900,7219044495.0,62,6406,6637800,-240500,2415364120.0,0.714,0.351,2026-04-23
TATACONSUM,112,8626,2916100,-85250,5736043885.0,112,6336,3885750,309100,4041220782.5,1.333,0.735,2026-04-23
TATAELXSI,86,70613,2862800,177700,32236567135.0,87,30009,980800,38100,12753678680.0,0.343,0.425,2026-04-23
TATAPOWER,103,33285,36893800,813450,21587087280.0,105,21293,28159000,-1805250,13222613220.0,0.763,0.64,2026-04-23
TATASTEEL,108,15799,122023000,-2469500,18930606860.0,121,9751,95969500,-4372500,11071633210.0,0.786,0.617,2026-04-23
TATATECH,44,3152,2712800,112000,1482729040.0,44,2337,2123200,120800,1060057760.0,0.783,0.741,2026-04-23
TCS,113,136453,18975775,766500,62732169902.5,119,78267,11519025,529375,34814204871.25,0.607,0.574,2026-04-23
TECHM,69,77018,12700800,1391400,69650093550.0,70,40843,6052800,-1877400,34828040610.0,0.477,0.53,2026-04-23
TIINDIA,155,17320,841600,110000,11043299400.0,160,7350,701800,81200,4395309370.0,0.834,0.424,2026-04-23
TITAN,115,21979,3817100,-155750,17598285215.0,112,17981,2883650,-261975,13802259616.25,0.755,0.818,2026-04-23
TMPV,79,77043,37183200,690400,22716221720.0,82,56596,27445600,-1912000,15786850160.0,0.738,0.735,2026-04-23
TORNTPHARM,99,9680,659750,7250,10292999962.5,94,3180,474750,20500,3158411650.0,0.72,0.329,2026-04-23
TORNTPOWER,57,17535,1555925,-118150,13070059701.25,58,8733,1873400,392275,6046052358.75,1.204,0.498,2026-04-23
TRENT,95,303540,6464600,1581200,138080708790.0,97,171234,3695200,-112700,72819985115.0,0.572,0.564,2026-04-23
TVSMOTOR,159,32257,2678725,475650,21177057440.0,160,22733,1303050,65100,14112015933.75,0.486,0.705,2026-04-23
ULTRACEMCO,117,30196,1005900,218600,18909207912.5,115,27249,608400,31850,15169415752.5,0.605,0.902,2026-04-23
UNIONBANK,75,87346,69799950,24372900,76063028934.75,77,57049,40369275,7093275,46095629400.75,0.578,0.653,2026-04-23
UNITDSPR,128,6647,3903600,-62400,3795999180.0,128,3485,3644800,60800,1875979660.0,0.934,0.524,2026-04-23
UNOMINDA,56,2621,1686850,-134750,1736433077.5,58,1123,848100,-71500,668857475.0,0.503,0.428,2026-04-23
UPL,117,6624,9525650,-634140,6006492034.75,118,3991,7371200,-265580,3501459903.75,0.774,0.603,2026-04-23
VBL,103,22664,21555000,1602000,12904841756.25,106,12697,12686625,-93375,6832016550.0,0.589,0.56,2026-04-23
VEDL,104,84273,56865200,7178300,75815429862.5,101,42567,35522350,-1375400,35906748540.0,0.625,0.505,2026-04-23
VMM,119,1968,8700900,-708100,1256519085.0,119,376,4418350,-135800,214105384.0,0.508,0.191,2026-04-23
VOLTAS,92,21500,4577250,-129750,12165857643.75,91,18042,4039500,-221250,9493088100.0,0.883,0.839,2026-04-23
WAAREEENER,66,24748,2034375,-17850,15515913822.5,69,15134,1591450,174125,8916550816.25,0.782,0.612,2026-04-23
WIPRO,77,43277,168456000,2136000,27513434730.0,80,25559,86568000,-2445000,15423237000.0,0.514,0.591,2026-04-23
YESBANK,31,13297,657702800,-26839300,8770653127.0,30,5955,346765000,-7837200,3660296462.0,0.527,0.448,2026-04-23
ZYDUSLIFE,82,19562,3559500,321300,17189789085.0,82,4935,2814300,432900,4143623760.0,0.791,0.252,2026-04-23
360ONE,64,8804,4920000,-515000,4891520250.0,63,3130,2137500,-138000,1578345100.0,0.434,0.356,2026-04-24
ABB,177,41358,2004625,6000,40244143975.0,178,35195,1472125,-163875,31943053737.5,0.734,0.851,2026-04-24
ABCAPITAL,70,7066,12607700,-399900,7825227080.0,73,5572,9231800,-1261700,5907023340.0,0.732,0.789,2026-04-24
ADANIENSOL,104,85351,7532325,-86400,82642034936.25,109,50658,5923800,1001700,44588991105.0,0.786,0.594,2026-04-24
ADANIENT,127,74992,9493098,1166166,54963137579.850006,130,43042,7576062,284589,29567667813.15,0.798,0.574,2026-04-24
ADANIGREEN,154,136507,13996800,1729200,104296431180.0,157,54225,9336600,1103400,38130209760.0,0.667,0.397,2026-04-24
ADANIPORTS,78,33030,10156450,-161500,25717249621.25,83,23417,8227950,-550525,17030773072.5,0.81,0.709,2026-04-24
ADANIPOWER,109,23680,42642600,2595050,18841308127.0,110,14380,28524250,-3017500,10482593573.0,0.669,0.607,2026-04-24
ALKEM,102,6577,354625,29625,4631904018.75,103,11962,296125,71000,7809335237.5,0.835,1.819,2026-04-24
AMBER,92,24146,853400,-30000,19644270665.0,92,11823,686400,-300,8919315675.0,0.804,0.49,2026-04-24
AMBUJACEM,92,14852,10874850,258300,7328917680.0,95,5991,9123450,225750,2901041482.5,0.839,0.403,2026-04-24
ANGELONE,85,19028,28667500,-1277500,15657311625.0,88,20359,27270000,-3347500,15757856650.0,0.951,1.07,2026-04-24
APLAPOLLO,110,5548,1213800,-181300,4109673732.5,109,8455,980350,-71400,5717423740.0,0.808,1.524,2026-04-24
APOLLOHOSP,114,27379,901000,61000,27105162043.75,116,13183,872375,-78750,12737315493.75,0.968,0.482,2026-04-24
ASHOKLEY,88,20602,108860000,-3025000,18643321450.0,87,11399,69050000,-1505000,9701801150.0,0.634,0.553,2026-04-24
ASIANPAINT,126,21203,5128000,34000,13611578525.0,128,25980,5418750,-371500,15941575512.5,1.057,1.225,2026-04-24
ASTRAL,77,12276,2877250,-179775,8435319632.5,78,7501,1995800,-121550,5006097886.25,0.694,0.611,2026-04-24
AUBANK,111,29335,10873000,866000,32331891500.0,113,14500,8342000,72000,15046769250.0,0.767,0.494,2026-04-24
AUROPHARMA,82,7757,4091450,-378950,6231378092.5,86,6073,2926000,-449350,4572564067.5,0.715,0.783,2026-04-24
AXISBANK,130,46836,19447500,696875,41294960531.25,129,38749,15400625,1093125,32334767812.5,0.792,0.827,2026-04-24
BAJAJ-AUTO,89,48181,1357200,51000,35688295158.75,88,25735,1193775,-18300,18250430737.5,0.88,0.534,2026-04-24
BAJAJFINSV,94,17600,4074000,-83750,8082175862.5,95,16026,3289250,-383750,7253286987.5,0.807,0.911,2026-04-24
BAJAJHLDNG,104,1559,83400,10950,858328352.5,103,5510,51700,1700,2456443232.5,0.62,3.534,2026-04-24
BAJFINANCE,96,33866,20896500,-1379250,24151279537.5,100,24424,15561750,-2171250,16507014225.0,0.745,0.721,2026-04-24
BANDHANBNK,81,11122,32695200,3088800,7192098432.0,81,5758,22500000,1857600,3524355900.0,0.688,0.518,2026-04-24
BANKBARODA,114,18745,56943900,1404000,15675788085.75,112,14219,43857450,-1433250,11331223137.0,0.77,0.759,2026-04-24
BANKINDIA,96,3937,26624000,-1268800,3183604840.0,89,3994,21132800,-4102800,3023052604.0,0.794,1.014,2026-04-24
BANKNIFTY,685,4009052,23076840,750120,6927431968264.5,685,3952679,21193290,821610,6557510260129.5,0.918,0.986,2026-04-24
BDL,77,27346,3727850,32550,14000610715.0,78,19368,2956800,-154000,9071016377.5,0.793,0.708,2026-04-24
BEL,83,54713,48053850,-39900,36192541946.25,87,26528,32468625,-225150,16676512087.5,0.676,0.485,2026-04-24
BHARATFORG,89,8127,3767500,-85000,7755702075.0,89,5630,2496000,-123000,5186906275.0,0.663,0.693,2026-04-24
BHARTIARTL,77,46921,13577400,-285000,41830711433.75,77,21021,8794625,-87400,18106769482.5,0.648,0.448,2026-04-24
BHEL,170,35583,49216125,-530250,32549084898.75,171,23017,46100250,950250,19818249780.0,0.937,0.647,2026-04-24
BIOCON,75,10254,23245000,-712500,9453917500.0,76,5568,13617500,-1255000,4928298375.0,0.586,0.543,2026-04-24
BLUESTARCO,118,4829,1658150,-325,2972488577.5,113,3130,1162200,-99450,1806942897.5,0.701,0.648,2026-04-24
BOSCHLTD,159,10820,193800,-24375,10415934437.5,157,26696,212700,-4450,21716133616.25,1.098,2.467,2026-04-24
BPCL,83,16763,28838950,-1092175,10697432561.25,81,15304,20867850,-1165250,9200705177.5,0.724,0.913,2026-04-24
BRITANNIA,99,25686,823750,-133000,18844446587.5,100,7514,699500,-6625,5308470212.5,0.849,0.293,2026-04-24
BSE,76,41999,7597875,-478125,56695934418.75,78,40291,8159250,-722250,50143849462.5,1.074,0.959,2026-04-24
CAMS,77,4705,3462750,-265500,2782190737.5,77,2601,2902500,-27000,1449902850.0,0.838,0.553,2026-04-24
CANBK,136,18176,91570500,2065500,17844264765.0,135,12985,79461000,702000,12214917112.5,0.868,0.714,2026-04-24
CDSL,69,17358,6226775,-10925,11263565251.25,71,11175,5029300,-43225,6995406415.0,0.808,0.644,2026-04-24
CGPOWER,90,20990,6168450,-80750,15124292717.5,91,11759,4222800,-373150,8124524825.0,0.685,0.56,2026-04-24
CHOLAFIN,93,13941,4712500,-738125,14001355312.5,92,7003,3568750,-300000,6669973687.5,0.757,0.502,2026-04-24
CIPLA,121,71147,4489875,-622500,35307530287.5,122,49510,4895250,-93750,23524299056.25,1.09,0.696,2026-04-24
COALINDIA,109,105972,41472000,2471850,67348198980.0,103,41556,27199800,642600,25286470920.0,0.656,0.392,2026-04-24
COCHINSHIP,105,124486,2248000,1136400,86655307780.0,106,39299,1417600,668400,25574723400.0,0.631,0.316,2026-04-24
COFORGE,68,62612,10413000,717750,29224074731.25,69,63964,5919750,698250,27845203387.5,0.568,1.022,2026-04-24
COLPAL,114,29798,2483775,-63225,14879593665.0,115,10878,1868625,17775,5136626137.5,0.752,0.365,2026-04-24
CONCOR,102,3305,7853750,-238750,2172938312.5,104,1672,5651250,256250,1068747062.5,0.72,0.506,2026-04-24
CROMPTON,104,6476,11464200,-1195200,3097092960.0,105,2583,7068600,-394200,1164433176.0,0.617,0.399,2026-04-24
CUMMINSIND,99,18146,1351400,-19200,19384263050.0,98,15581,994400,-36200,15582810880.0,0.736,0.859,2026-04-24
DABUR,91,7378,9705000,-410000,4332661750.0,91,4290,7902500,-983750,2373273187.5,0.814,0.581,2026-04-24
DALBHARAT,91,2399,1160575,-31200,1598738927.5,92,1810,714675,-166075,1109895036.25,0.616,0.754,2026-04-24
DELHIVERY,86,9408,14045675,-958650,9151423026.25,87,3831,5666825,-263525,3553866506.25,0.403,0.407,2026-04-24
DIVISLAB,111,13658,833500,17600,8915624825.0,110,5089,871800,-1800,3201023770.0,1.046,0.373,2026-04-24
DIXON,119,115038,2259150,99200,65887594807.5,120,70209,1496150,-18450,37673300422.5,0.662,0.61,2026-04-24
DLF,127,15423,11743050,-334125,7740908381.25,126,9394,11254650,-377025,4532206181.25,0.958,0.609,2026-04-24
DMART,83,21930,1943100,100350,15374853660.0,84,11528,1564650,-24150,7589612640.0,0.805,0.526,2026-04-24
DRREDDY,127,121793,11963125,-1379375,103865806750.0,127,66800,8021875,-845000,54371010906.25,0.671,0.548,2026-04-24
EICHERMOT,138,35418,1969100,-58600,26249525110.0,129,18112,1446700,-29200,12824402605.0,0.735,0.511,2026-04-24
ETERNAL,109,36524,59924175,-880275,23691890178.5,107,29417,50857100,327375,18151799926.0,0.849,0.805,2026-04-24
EXIDEIND,144,10322,19333800,-216000,6683713920.0,145,6957,16288200,-694800,4235176980.0,0.842,0.674,2026-04-24
FEDERALBNK,104,9066,36475000,-1640000,13736022250.0,107,5439,31725000,-2855000,7899538750.0,0.87,0.6,2026-04-24
FINNIFTY,355,44807,774840,174480,72145745676.0,355,48113,648420,112260,73760961570.0,0.837,1.074,2026-04-24
FORCEMOT,48,8151,101450,2950,4594138765.0,49,3426,27800,-2650,1719877077.5,0.274,0.42,2026-04-24
FORTIS,91,3330,2666000,-127100,2436797508.75,92,1360,2101025,-77500,954102771.25,0.788,0.408,2026-04-24
GAIL,163,6531,28501200,-519750,3496015939.5,165,8224,39523050,220500,4373857561.5,1.387,1.259,2026-04-24
GLENMARK,125,27406,2850000,324375,24799750556.25,125,9633,1920000,81000,8333865618.75,0.674,0.351,2026-04-24
GMRAIRPORT,98,5866,55116450,788175,4081954209.75,102,4017,36674550,-753300,2672159328.0,0.665,0.685,2026-04-24
GODFRYPHLP,112,10887,971025,-9350,6850596266.25,113,3194,385000,-37950,1741645578.75,0.396,0.293,2026-04-24
GODREJCP,107,8443,1924500,47000,4815444450.0,106,7975,1743500,88000,4362139050.0,0.906,0.945,2026-04-24
GODREJPROP,98,30332,3333550,-212300,15566976136.25,100,11715,2655400,-245025,5719842260.0,0.797,0.386,2026-04-24
GRASIM,119,10897,1642250,152250,7691511237.5,121,4759,1380500,62000,3164265387.5,0.841,0.437,2026-04-24
HAL,92,37360,3485700,129450,24977222865.0,95,26381,3011550,-163650,16766662807.5,0.864,0.706,2026-04-24
HAVELLS,146,32594,12266000,-2071500,21676412975.0,148,13247,5074000,-882000,8237861225.0,0.414,0.406,2026-04-24
HCLTECH,135,263025,40757150,1007650,119554850415.0,135,159783,18449900,1064700,68743583475.0,0.453,0.607,2026-04-24
HDFCAMC,145,15785,1910700,-119100,13297177365.0,151,7739,1515000,-156600,6205777380.0,0.793,0.49,2026-04-24
HDFCBANK,163,247961,104013800,-1054350,110638911625.0,166,188995,51863350,-1809500,81073391795.0,0.499,0.762,2026-04-24
HDFCLIFE,123,21746,19477700,-422400,14811110380.0,125,14019,10418100,-590700,9268639270.0,0.535,0.645,2026-04-24
HEROMOTOCO,102,35589,2839200,-159600,28080594622.5,99,16309,1335750,2400,12310591642.5,0.47,0.458,2026-04-24
HINDALCO,103,62058,14345100,-915600,46541326685.0,107,28552,11575200,18900,20488100500.0,0.807,0.46,2026-04-24
HINDPETRO,93,7818,18441675,281475,6214156785.0,96,8647,17662050,170100,6465517807.5,0.958,1.106,2026-04-24
HINDUNILVR,110,61900,9271200,127200,44539666290.0,113,44403,6570000,-406500,30688919745.0,0.709,0.717,2026-04-24
HINDZINC,88,91047,28644175,5458600,68825023618.75,89,38807,16810675,-77175,27412216265.0,0.587,0.426,2026-04-24
HUDCO,33,67079,16733250,3835050,40727998288.5,36,20786,14907300,2553000,11815851515.25,0.891,0.31,2026-04-24
HYUNDAI,87,5009,929775,-132825,2592464875.0,87,3256,543400,-44275,1624169305.0,0.584,0.65,2026-04-24
ICICIBANK,126,81528,30900800,2268700,78395296210.0,127,48317,21640500,-465500,44842394275.0,0.7,0.593,2026-04-24
ICICIGI,88,3656,1154075,-44850,2213427206.25,92,2250,839475,-92300,1300746541.25,0.727,0.615,2026-04-24
ICICIPRULI,126,10348,7569275,8325,5259778937.5,118,9040,4634250,-465275,4438710041.25,0.612,0.874,2026-04-24
IDEA,29,9813,1506049725,3502275,7407386673.75,25,4041,735477750,-2215725,2889674211.0,0.488,0.412,2026-04-24
IDFCFIRSTB,75,10642,131352550,3255525,7059209270.75,75,10153,120157625,2198175,6254761623.25,0.915,0.954,2026-04-24
IEX,123,44618,55680000,-5006250,22115458087.5,125,20713,38257500,-7717500,9702749475.0,0.687,0.464,2026-04-24
INDHOTEL,127,4236,6242000,0,2796165800.0,129,3550,5971000,-58000,2233249300.0,0.957,0.838,2026-04-24
INDIANB,88,6026,6737000,-134000,5738041900.0,89,2656,3578000,-247000,2425229650.0,0.531,0.441,2026-04-24
INDIGO,106,36440,6460950,-66600,25942088512.5,109,37325,4102350,-213900,25111829632.5,0.635,1.024,2026-04-24
INDUSINDBK,87,24140,8360100,-328300,15036545580.0,85,22833,6911100,222600,13371392825.0,0.827,0.946,2026-04-24
INDUSTOWER,77,28681,27665800,1496000,20484331135.0,76,13958,15080700,1099900,9706404915.0,0.545,0.487,2026-04-24
INFY,135,511347,63183200,21515200,257168108360.0,134,529476,33757200,1182000,250028646800.0,0.534,1.035,2026-04-24
INOXWIND,129,6530,28260375,2062775,2449450789.5,128,4523,24842675,1183325,1569301591.0,0.879,0.693,2026-04-24
IOC,152,8289,64086750,-2554500,6124455382.5,145,7709,48403875,-979875,5408134046.25,0.755,0.93,2026-04-24
IREDA,160,9225,34158450,-186300,4553578306.5,165,5728,28579800,-2090700,2630048953.5,0.837,0.621,2026-04-24
IRFC,99,12977,55024750,42500,6050074665.0,103,4351,31904750,-476000,1943894410.0,0.58,0.335,2026-04-24
ITC,112,80058,121649600,-4139200,40078362880.0,113,29213,63912000,467200,14306760480.0,0.525,0.365,2026-04-24
JINDALSTEL,115,12467,3824375,-230000,10103951125.0,116,8900,3845625,-410625,6881693625.0,1.006,0.714,2026-04-24
JIOFIN,97,59533,74008550,1628550,36107218383.0,102,26156,48602700,-2951600,15183733214.5,0.657,0.439,2026-04-24
JSWENERGY,110,12242,8305000,288000,6967493250.0,109,8040,5714000,-333000,4342664900.0,0.688,0.657,2026-04-24
JSWSTEEL,111,14646,6891750,113400,12747603723.75,113,5429,6401025,376650,4575215272.5,0.929,0.371,2026-04-24
JUBLFOOD,110,8442,12328750,-975000,5342143812.5,114,5859,11131250,-328750,3493592750.0,0.903,0.694,2026-04-24
KALYANKJIL,89,12275,14471300,138650,6181774170.0,91,5243,6468375,-156275,2549499196.25,0.447,0.427,2026-04-24
KAYNES,102,40020,1863200,162400,17976750440.0,105,35017,1382300,-54100,14215455970.0,0.742,0.875,2026-04-24
KEI,99,3893,703500,-110425,3395113172.5,102,5614,548100,-29575,4253857685.0,0.779,1.442,2026-04-24
KFINTECH,89,4466,2287500,125000,2244575875.0,89,4691,1387000,-54000,2208169125.0,0.606,1.05,2026-04-24
KOTAKBANK,131,19478,38874000,1700000,14879545700.0,129,10267,31296000,1438000,7729619700.0,0.805,0.527,2026-04-24
KPITTECH,74,8768,3464175,-200175,2809578525.0,79,7992,2001750,-136850,2402247687.5,0.578,0.911,2026-04-24
LAURUSLABS,98,13405,6141250,133450,13175762705.0,104,5976,4543250,-221000,5610096050.0,0.74,0.446,2026-04-24
LICHSGFIN,101,10715,8553000,159000,6016696850.0,104,5844,6592000,-355000,3130669400.0,0.771,0.545,2026-04-24
LICI,164,4931,6839700,23800,2973226550.0,166,2167,4767700,-15400,1221750075.0,0.697,0.439,2026-04-24
LODHA,121,19775,6397650,325350,7956026527.5,117,18227,5314950,85950,6807779640.0,0.831,0.922,2026-04-24
LT,175,48749,9845500,-156100,35565513103.75,187,30708,7776825,-284900,21498979810.0,0.79,0.63,2026-04-24
LTF,67,21018,23969250,3028500,14477176665.0,67,10902,19433250,1246500,6949919587.5,0.811,0.519,2026-04-24
LTM,94,49128,1487850,126150,33710319292.5,96,66486,1040250,-298200,42981400440.0,0.699,1.353,2026-04-24
LUPIN,88,18356,2880650,108375,18542832577.5,88,10906,1762900,-162350,10697928066.25,0.612,0.594,2026-04-24
M&M,147,54427,6317000,535400,34672150870.0,146,28348,3909600,188200,17642825280.0,0.619,0.521,2026-04-24
MANAPPURAM,72,5586,17130000,-585000,5074778400.0,72,3568,13314000,-2127000,3013669950.0,0.777,0.639,2026-04-24
MANKIND,108,6834,880875,22950,3624774063.75,111,5898,797175,-51975,2899833896.25,0.905,0.863,2026-04-24
MARICO,111,13363,3853200,-603600,12761901300.0,111,2832,3988800,-538800,2584948980.0,1.035,0.212,2026-04-24
MARUTI,130,67231,2189800,-68750,45937051617.5,129,34313,1074250,-61450,22363169332.5,0.491,0.51,2026-04-24
MAXHEALTH,94,15267,4087650,29925,8288704068.75,93,5950,2496375,-29925,3154336762.5,0.611,0.39,2026-04-24
MAZDOCK,138,55358,3755800,-66800,30811679270.0,144,22387,3214000,-27400,11850219310.0,0.856,0.404,2026-04-24
MCX,94,26166,9483125,-413125,47695305625.0,94,15170,6672500,-779375,25771995937.5,0.704,0.58,2026-04-24
MFSL,89,1835,885600,-58800,1221595180.0,84,1355,674800,-14000,862462220.0,0.762,0.738,2026-04-24
MIDCPNIFTY,502,343699,9173760,978840,582304939896.0,502,341974,10157040,1143120,556058921112.0,1.107,0.995,2026-04-24
MOTHERSON,149,5625,50417700,1063950,4611355977.0,149,4544,41660100,-3480900,3319057830.0,0.826,0.808,2026-04-24
MOTILALOFS,81,2779,1366325,-197625,1742830462.5,84,4280,1432975,-14725,2468798072.5,1.049,1.54,2026-04-24
MPHASIS,126,9186,1481150,-5775,5861874947.5,126,11037,1109900,94325,6660879596.25,0.749,1.202,2026-04-24
MUTHOOTFIN,71,12463,2288550,-93775,12636236800.0,72,8524,1354650,-64900,8138845426.25,0.592,0.684,2026-04-24
NAM-INDIA,66,3265,1177500,16875,2222763750.0,66,2469,719375,141250,1445136375.0,0.611,0.756,2026-04-24
NATIONALUM,98,21509,39060000,-521250,36473352937.5,107,10560,31136250,-1151250,17024294062.5,0.797,0.491,2026-04-24
NAUKRI,92,16350,3230250,-549000,6505300031.25,92,11491,2130750,93750,4306434468.75,0.66,0.703,2026-04-24
NBCC,89,2168,21755500,-838500,1381090360.0,92,1079,12642500,-1241500,631922330.0,0.581,0.498,2026-04-24
NESTLEIND,139,52950,9993000,-842000,38389129600.0,140,19073,6948000,-579000,13241114525.0,0.695,0.36,2026-04-24
NHPC,82,5491,37715200,-1926400,2980615488.0,84,4994,24889600,-7788800,2533645440.0,0.66,0.909,2026-04-24
NIFTY,1017,37358922,283249205,55821535,59660626734569.25,1039,37835360,222074585,12111955,58308252264892.5,0.784,1.013,2026-04-24
NIFTYNXT50,750,1698,23075,5300,3028543840.0,750,510,9750,375,881795373.75,0.423,0.3,2026-04-24
NMDC,87,24920,82849500,-3604500,15470321085.0,89,6641,53291250,1586250,3850696327.5,0.643,0.266,2026-04-24
NTPC,139,45448,77038500,919500,27807293400.0,139,23479,42927000,-297000,13978015050.0,0.557,0.517,2026-04-24
NUVAMA,75,2439,1146000,-17000,1782568800.0,76,1559,821500,-36500,938591575.0,0.717,0.639,2026-04-24
NYKAA,96,3010,11203125,-1037500,2558902468.75,96,1007,5331250,-240625,813466000.0,0.476,0.335,2026-04-24
OBEROIRLTY,85,2719,1744750,-14700,1683444017.5,85,1324,1034950,-44800,782931275.0,0.593,0.487,2026-04-24
OFSS,104,94220,1344750,-105675,65046693213.75,104,44464,1302675,-69375,28075896180.0,0.969,0.472,2026-04-24
OIL,81,31990,11403000,996800,22232079030.0,80,7055,4705400,-197400,4675840540.0,0.413,0.221,2026-04-24
ONGC,132,60816,96804000,639000,40082873850.0,132,20218,32085000,-5085000,12749848650.0,0.331,0.332,2026-04-24
PAGEIND,140,2701,62610,-5610,1583586921.0,140,6110,58215,-5580,3166834659.75,0.93,2.262,2026-04-24
PATANJALI,74,5777,5419800,-249300,2512476585.0,78,2090,3502800,-338400,878549130.0,0.646,0.362,2026-04-24
PAYTM,108,13322,6097250,-302325,11477909963.75,111,6841,4726275,-295075,5658035720.0,0.775,0.514,2026-04-24
PERSISTENT,105,83525,2961200,353600,43465794835.0,106,53013,1273200,-108700,25913258845.0,0.43,0.635,2026-04-24
PETRONET,113,4348,14210100,-1187500,2384658498.0,110,3576,10166900,-573800,1774289122.0,0.715,0.822,2026-04-24
PFC,108,22670,26529100,72800,14245560420.0,114,14545,19422000,-1072500,8736434785.0,0.732,0.642,2026-04-24
PGEL,72,10809,8743800,268850,5871997880.0,70,9809,7485050,-792300,4962662725.0,0.856,0.907,2026-04-24
PHOENIXLTD,89,2775,1214850,-132300,1806176470.0,93,2325,855050,-215250,1307893860.0,0.704,0.838,2026-04-24
PIDILITIND,128,2864,1582000,-155000,2050298275.0,129,2185,1209000,-156500,1516000700.0,0.764,0.763,2026-04-24
PIIND,136,38674,1241625,337925,21651523713.75,140,6738,757575,81200,3646349787.5,0.61,0.174,2026-04-24
PNB,108,12707,84192000,-3832000,11847252400.0,110,8998,75096000,-2656000,8058254000.0,0.892,0.708,2026-04-24
PNBHOUSING,115,53587,5562700,138450,36741821512.5,118,17707,5487950,-219050,11305059480.0,0.987,0.33,2026-04-24
POLICYBZR,81,17439,1994300,-150150,10537644092.5,85,7463,1887200,-53200,4297530527.5,0.946,0.428,2026-04-24
POLYCAB,85,27327,1413875,-44625,28253840312.5,84,19601,1100625,5500,18927262456.25,0.778,0.717,2026-04-24
POWERGRID,109,23326,38668800,-2705600,14289949495.0,110,12055,25724100,-174800,7221753035.0,0.665,0.517,2026-04-24
POWERINDIA,80,41384,368750,6550,68698596745.0,82,32585,452250,-60150,47937042535.0,1.226,0.787,2026-04-24
PPLPHARMA,27,10253,7630875,-1126125,4666820497.5,31,4746,6966750,0,2003314818.75,0.913,0.463,2026-04-24
PREMIERENE,94,24958,2749075,-18975,14943693083.75,95,11344,1969375,112125,6448635062.5,0.716,0.455,2026-04-24
PRESTIGE,79,4368,2108250,57600,2793503812.5,78,3301,1464300,-47250,1997584942.5,0.695,0.756,2026-04-24
RBLBANK,52,34655,32969200,2114550,36750061278.75,55,17027,31280100,4022725,16860622870.0,0.949,0.491,2026-04-24
RECLTD,95,16925,28267400,-702800,9222732750.0,98,12212,23058000,-968800,6289230430.0,0.816,0.722,2026-04-24
RELIANCE,112,209459,85063500,3854500,146004202325.0,109,151769,45261000,3879000,100860598050.0,0.532,0.725,2026-04-24
RVNL,69,15922,23939450,835700,7698172031.5,73,8966,17513100,402600,4024281919.75,0.732,0.563,2026-04-24
SAIL,73,148,9404700,-380700,124158960.0,69,68,8074600,-32900,52536506.0,0.859,0.459,2026-04-24
SAMMAANCAP,56,1782,19853100,-408500,1178119074.0,52,1107,15720800,-1204000,676437386.0,0.792,0.621,2026-04-24
SBICARD,74,14308,8031200,-466400,8051424080.0,74,11577,6288000,-1363200,6323446160.0,0.783,0.809,2026-04-24
SBILIFE,98,40300,8142000,697875,28464721781.25,95,26921,3196500,-211875,18185974087.5,0.393,0.668,2026-04-24
SBIN,136,141600,47592000,-2487750,119803840762.5,131,78364,38358750,-1452750,63566552662.5,0.806,0.553,2026-04-24
SHREECEM,87,1616,64675,-6475,1048346935.0,88,3632,50925,-2425,2078356535.0,0.787,2.248,2026-04-24
SHRIRAMFIN,109,94255,20204250,5007750,82901384981.25,111,41626,11166375,523875,34102740746.25,0.553,0.442,2026-04-24
SIEMENS,87,19862,1791475,-47600,13805594740.0,89,15040,1374450,-155225,9794557325.0,0.767,0.757,2026-04-24
SOLARINDS,104,34485,430900,81000,27896347460.0,99,41325,292400,-7050,28611904782.5,0.679,1.198,2026-04-24
SONACOMS,115,2777,4107425,-365050,2009528342.5,119,1668,3236450,129850,1162535841.25,0.788,0.601,2026-04-24
SRF,111,14224,2080400,-69400,7443655020.0,116,5330,1253800,-6000,2670110900.0,0.603,0.375,2026-04-24
SUNPHARMA,94,75129,9241400,1025500,44756483222.5,90,65941,6734000,732900,37803841425.0,0.729,0.878,2026-04-24
SUPREMEIND,75,8825,986650,103075,5971538685.0,74,3542,423675,-2800,2129077125.0,0.429,0.401,2026-04-24
SUZLON,70,31398,207836725,974700,16091865695.25,71,17082,168171850,-2039650,7876525881.25,0.809,0.544,2026-04-24
SWIGGY,61,15558,9558900,260000,6116523855.0,62,6127,6087900,-549900,2290782910.0,0.637,0.394,2026-04-24
TATACONSUM,113,14739,3185050,268950,9836033212.5,113,7895,3456750,-429000,5055687587.5,1.085,0.536,2026-04-24
TATAELXSI,86,36631,2818000,-44800,16528082230.0,87,20660,984900,4100,8655662655.0,0.35,0.564,2026-04-24
TATAPOWER,103,32806,34320050,-2573750,21174557712.5,105,19753,27415150,-743850,12227058010.0,0.799,0.602,2026-04-24
TATASTEEL,108,25286,118838500,-3184500,30126476325.0,121,15915,96041000,71500,17968760425.0,0.808,0.629,2026-04-24
TATATECH,44,5594,2653600,-59200,2597416000.0,44,3796,2160000,36800,1683917240.0,0.814,0.679,2026-04-24
TCS,123,259481,20681150,1705375,116487804956.25,128,190885,11659025,140000,80972733905.0,0.564,0.736,2026-04-24
TECHM,75,70117,14500200,1799400,61199251770.0,75,54501,6325800,273000,45099014040.0,0.436,0.777,2026-04-24
TIINDIA,156,14920,1067200,225600,9287881460.0,161,20071,689200,-12600,11701188050.0,0.646,1.345,2026-04-24
TITAN,115,23309,3814825,-2275,18472672653.75,112,20914,2673475,-210175,15912925682.5,0.701,0.897,2026-04-24
TMPV,79,52445,37361600,178400,15263848000.0,82,30187,26784800,-660800,8355681280.0,0.717,0.576,2026-04-24
TORNTPHARM,99,1937,614750,-45000,2061022650.0,94,601,444000,-30750,602248000.0,0.722,0.31,2026-04-24
TORNTPOWER,57,6191,1405050,-150875,4634864593.75,58,5255,1678325,-195075,3699296453.75,1.194,0.849,2026-04-24
TRENT,95,178727,6345600,-119000,79986505550.0,97,84358,3531700,-163500,35236272105.0,0.557,0.472,2026-04-24
TVSMOTOR,159,24954,2426025,-252700,16174615983.75,160,10448,1369725,66675,6449352096.25,0.565,0.419,2026-04-24
ULTRACEMCO,117,30854,1060700,54800,19487494562.5,115,12684,609800,1400,7382257752.5,0.575,0.411,2026-04-24
UNIONBANK,75,32186,66516600,-3283350,26636112889.5,77,20757,36231900,-4137375,16287855723.75,0.545,0.645,2026-04-24
UNITDSPR,128,24367,4806000,902400,14023479620.0,128,9997,3924400,279600,5544041440.0,0.817,0.41,2026-04-24
UNOMINDA,56,3727,1784750,97900,2396291700.0,58,2273,800250,-47850,1344670360.0,0.448,0.61,2026-04-24
UPL,117,5434,8505335,-1020315,4834690473.75,118,3079,6963345,-407855,2635735837.5,0.819,0.567,2026-04-24
VBL,103,26524,22366125,811125,15239624006.25,106,8737,13099500,412875,4716458043.75,0.586,0.329,2026-04-24
VEDL,104,93787,57667900,802700,82166249087.5,101,54327,34708150,-814200,44819499757.5,0.602,0.579,2026-04-24
VMM,124,723,8274100,-426800,456646269.5,124,347,3870300,-548050,194158692.0,0.468,0.48,2026-04-24
VOLTAS,92,18924,4419750,-157500,10657592718.75,91,10266,3760875,-278625,5421722775.0,0.851,0.542,2026-04-24
WAAREEENER,66,113930,2944025,909650,69538397153.75,69,63268,1797775,206325,36163312727.5,0.611,0.555,2026-04-24
WIPRO,77,67699,177981000,9525000,42527781930.0,80,52681,84453000,-2115000,31312548720.0,0.475,0.778,2026-04-24
YESBANK,31,17703,628842000,-28860800,11742033896.0,30,5528,346360700,-404300,3485143128.0,0.551,0.312,2026-04-24
ZYDUSLIFE,82,7179,3644100,84600,6254786070.0,82,2227,2628000,-186300,1863804150.0,0.721,0.31,2026-04-24
360ONE,53,1807,866000,109500,1017730500.0,53,635,416500,66000,328737450.0,0.481,0.351,2026-04-29
ABB,136,5449,581000,64375,5301039281.25,136,2765,376875,19750,2486537568.75,0.649,0.507,2026-04-29
ABCAPITAL,58,7449,6423200,2005700,8648598085.0,58,3430,6448000,1450800,3681185055.0,1.004,0.46,2026-04-29
ADANIENSOL,77,6432,3980475,521775,6711829425.0,77,6026,2516400,474525,5015323980.0,0.632,0.937,2026-04-29
ADANIENT,109,34436,5733804,882813,27472628593.35,109,15057,4313949,338046,11092641644.849998,0.752,0.437,2026-04-29
ADANIGREEN,114,9384,5045400,411600,7545747750.0,114,7188,3849600,559200,5312265720.0,0.763,0.766,2026-04-29
ADANIPORTS,68,18291,5073475,548625,15251426658.75,68,11562,4265975,766175,8922695070.0,0.841,0.632,2026-04-29
ADANIPOWER,84,10344,25077200,6059850,8908402163.0,84,5732,15012950,3922750,4424805590.5,0.599,0.554,2026-04-29
ALKEM,88,1128,104875,30875,808403412.5,88,1335,84375,33000,836513650.0,0.805,1.184,2026-04-29
AMBER,76,2951,268000,41800,2586797860.0,76,1210,140600,15000,956979980.0,0.525,0.41,2026-04-29
AMBUJACEM,68,7676,10548300,1657950,3978591592.5,68,4299,8818950,1642200,2104439977.5,0.836,0.56,2026-04-29
ANGELONE,64,4290,9702500,1070000,3673577950.0,64,3078,6960000,1125000,2380221900.0,0.717,0.717,2026-04-29
APLAPOLLO,92,1644,520450,155750,1229402300.0,91,1223,445900,144550,831393990.0,0.857,0.744,2026-04-29
APOLLOHOSP,105,5390,470625,152750,5508944481.25,105,3286,273000,124000,3117403500.0,0.58,0.61,2026-04-29
ASHOKLEY,68,11841,63755000,13600000,11025264950.0,66,5205,43265000,4240000,4314391850.0,0.679,0.44,2026-04-29
ASIANPAINT,100,9294,2108000,412000,6097068150.0,100,8567,2210250,355500,5200816662.5,1.049,0.922,2026-04-29
ASTRAL,66,8094,1148775,323425,5747729495.0,66,3324,923950,318750,2208635452.5,0.804,0.411,2026-04-29
AUBANK,88,9515,7055000,706000,10438816850.0,88,4305,3701000,286000,4352284700.0,0.525,0.452,2026-04-29
AUROPHARMA,59,6844,2346300,585750,5585820377.5,59,3985,1376100,538450,3066732707.5,0.586,0.582,2026-04-29
AXISBANK,107,38092,9903750,1810625,32474851156.25,106,23354,6414375,1415625,18790264562.5,0.648,0.613,2026-04-29
BAJAJ-AUTO,73,13590,569625,147150,10362710280.0,73,7438,497850,107250,5230104671.25,0.874,0.547,2026-04-29
BAJAJFINSV,72,10281,1763250,458250,4886365087.5,73,6477,2003500,398250,2843800037.5,1.136,0.63,2026-04-29
BAJAJHLDNG,86,716,22750,10550,398822710.0,86,531,16350,10650,257027272.5,0.719,0.742,2026-04-29
BAJFINANCE,74,40766,14516250,4608750,30426086362.5,74,22512,12369000,4192500,15509170387.5,0.852,0.552,2026-04-29
BANDHANBNK,88,78962,33278400,10479600,59635521144.0,88,45736,27248400,15260400,31698065448.0,0.819,0.579,2026-04-29
BANKBARODA,91,7780,26003250,3290625,6610414443.75,91,4639,23531625,3466125,3672555822.0,0.905,0.596,2026-04-29
BANKINDIA,51,2930,12350000,3322800,2403167832.0,51,1681,10951200,1419600,1255199400.0,0.887,0.574,2026-04-29
BANKNIFTY,573,973189,10742700,1901100,1709000565273.0,573,829836,10099410,1448040,1363417713915.0,0.94,0.853,2026-04-29
BDL,61,8451,1796900,575750,4515754950.0,61,2569,925400,118300,1254396990.0,0.515,0.304,2026-04-29
BEL,70,21408,29853750,3876000,14358383576.25,71,10951,19697775,2143200,6793015755.0,0.66,0.512,2026-04-29
BHARATFORG,75,10147,1542000,530000,10341492075.0,75,4092,1176500,368500,3845427650.0,0.763,0.403,2026-04-29
BHARTIARTL,69,47446,5907100,1063050,44266024083.75,68,22426,4873500,883500,19800673846.25,0.825,0.473,2026-04-29
BHEL,132,11777,22094625,2756250,11554515892.5,132,8613,18674250,2184000,7679993632.5,0.845,0.731,2026-04-29
BIOCON,62,17948,22037500,13162500,17826947250.0,62,4672,10660000,4510000,4223729875.0,0.484,0.26,2026-04-29
BLUESTARCO,93,2983,780650,231075,1947472296.25,93,1535,466700,241150,924887957.5,0.598,0.515,2026-04-29
BOSCHLTD,125,1443,27075,12950,1442915957.5,125,740,17850,7000,670816493.75,0.659,0.513,2026-04-29
BPCL,56,9147,15118625,3750525,6039340551.25,56,5685,9323975,2531950,3440195620.0,0.617,0.622,2026-04-29
BRITANNIA,89,5000,420750,141375,3793348893.75,89,3107,311000,106500,2172113287.5,0.739,0.621,2026-04-29
BSE,63,15909,3912000,575250,23115016837.5,64,12602,3496125,461625,16361823412.5,0.894,0.792,2026-04-29
CAMS,59,2155,1299750,427500,1314277312.5,59,1167,1044750,350250,669243600.0,0.804,0.542,2026-04-29
CANBK,109,7314,46541250,8133750,7295485320.0,109,4963,47459250,6966000,4580329342.5,1.02,0.679,2026-04-29
CDSL,53,13872,3820900,1106750,9304675535.0,53,6996,3277025,532950,4396891863.75,0.858,0.504,2026-04-29
CGPOWER,73,2972,2083350,119850,2243845045.0,73,2030,1523200,566100,1411196010.0,0.731,0.683,2026-04-29
CHOLAFIN,74,4101,1863125,350625,4236602156.25,74,2465,1055000,184375,2402560968.75,0.566,0.601,2026-04-29
CIPLA,105,9199,2932500,756000,4774310756.25,104,3568,2065875,299625,1731647456.25,0.704,0.388,2026-04-29
COALINDIA,73,72241,22808250,-1389150,48987952740.0,73,37481,17271900,2166750,23697074205.0,0.757,0.519,2026-04-29
COCHINSHIP,79,17645,1073200,317600,13281509520.0,79,3822,744800,365600,2614616400.0,0.694,0.217,2026-04-29
COFORGE,54,11337,5173500,531750,5568463237.5,53,6517,3376125,690750,3001936031.25,0.653,0.575,2026-04-29
COLPAL,92,7480,958725,174150,3807534870.0,91,2284,503325,63225,1095169173.75,0.525,0.305,2026-04-29
CONCOR,83,3057,4213750,671250,2109891375.0,83,980,3231250,286250,628499312.5,0.767,0.321,2026-04-29
CROMPTON,94,24844,11512800,5464800,13194718848.0,94,6392,4735800,1998000,3176944380.0,0.411,0.257,2026-04-29
CUMMINSIND,82,4668,457200,129600,5200814020.0,82,1935,338400,93600,2004621970.0,0.74,0.415,2026-04-29
DABUR,73,4381,3862500,1128750,2647234375.0,73,1538,2641250,663750,846349375.0,0.684,0.351,2026-04-29
DALBHARAT,76,5758,665275,58500,3877058737.5,76,2632,489775,116675,1625367883.75,0.736,0.457,2026-04-29
DELHIVERY,71,2396,4760050,346525,2475392311.25,71,1167,1842600,452350,1121746348.75,0.387,0.487,2026-04-29
DIVISLAB,100,6625,359100,75600,4532735950.0,100,2852,266200,72300,1838090960.0,0.741,0.43,2026-04-29
DIXON,96,20388,838150,87400,12565393970.0,96,13159,750950,72650,7290203717.5,0.896,0.645,2026-04-29
DLF,102,12903,5972175,1938750,6803537606.25,101,5256,4416225,719400,2576201182.5,0.739,0.407,2026-04-29
DMART,66,6441,501450,116400,4741989120.0,66,3674,355200,97050,2455687042.5,0.708,0.57,2026-04-29
DRREDDY,109,32349,6365625,2577500,28617679937.5,109,20928,3674375,1061875,17530752062.5,0.577,0.647,2026-04-29
EICHERMOT,107,20405,720700,203500,15674171915.0,107,7334,634800,124700,5235694440.0,0.881,0.359,2026-04-29
ETERNAL,83,135579,85789225,39714225,90857741919.75,83,61122,48058650,10463875,37703200339.0,0.56,0.451,2026-04-29
EXIDEIND,116,10485,9091800,1074600,7306044030.0,116,3542,6377400,739800,2305607670.0,0.701,0.338,2026-04-29
FEDERALBNK,89,75544,37442500,22757500,58923991875.0,89,38449,17425000,6930000,28163538250.0,0.465,0.509,2026-04-29
FINNIFTY,250,3711,75240,52320,6114175302.0,250,2580,36300,30120,3991595397.0,0.482,0.695,2026-04-29
FORCEMOT,40,8794,81700,47600,5275980108.75,40,2069,28100,14625,1013192846.25,0.344,0.235,2026-04-29
FORTIS,80,1118,1096625,225525,866366455.0,80,1325,578925,63550,953452856.25,0.528,1.185,2026-04-29
GAIL,128,6769,15280650,4072950,3750496596.0,129,4438,16950150,4617900,2284343743.5,1.109,0.656,2026-04-29
GLENMARK,104,7387,1400250,119625,7123029787.5,104,3284,820875,129000,2884564275.0,0.586,0.445,2026-04-29
GMRAIRPORT,78,4475,47032425,8028225,3265945123.5,78,2607,27697725,7170300,1739152986.75,0.589,0.583,2026-04-29
GODFRYPHLP,102,14336,484275,328625,9568453427.5,102,2582,228250,150700,1573814096.25,0.471,0.18,2026-04-29
GODREJCP,90,2058,727000,152000,1204988100.0,90,837,657500,77500,456836225.0,0.904,0.407,2026-04-29
GODREJPROP,78,7139,1240525,293975,3893888693.75,78,4796,978725,286550,2423220827.5,0.789,0.672,2026-04-29
GRASIM,103,5583,882250,90000,4163665000.0,103,2171,676000,67000,1492135300.0,0.766,0.389,2026-04-29
HAL,77,14121,1634400,218250,9822502117.5,78,5661,1454250,167400,3679145295.0,0.89,0.401,2026-04-29
HAVELLS,117,9978,4225500,591500,6796798400.0,117,6175,2203500,372500,3829507450.0,0.521,0.619,2026-04-29
HCLTECH,121,48537,20509300,1181950,22191163470.0,121,27399,10884300,472850,11363928712.5,0.531,0.564,2026-04-29
HDFCAMC,115,2599,653700,84000,2291997060.0,115,1190,463200,78600,959908560.0,0.709,0.458,2026-04-29
HDFCBANK,124,113717,54611150,7976650,52133831475.0,122,53378,31552950,4698100,22973102185.0,0.578,0.469,2026-04-29
HDFCLIFE,101,14482,11165000,2831400,10117328760.0,101,6883,7167600,1384900,4418865385.0,0.642,0.475,2026-04-29
HEROMOTOCO,84,14502,965100,120300,11950400670.0,84,6833,659250,164250,5180221462.5,0.683,0.471,2026-04-29
HINDALCO,87,11248,5064500,449400,8887865560.0,87,9044,4218900,541100,6730150350.0,0.833,0.804,2026-04-29
HINDPETRO,71,5128,7731450,1259550,4249918327.5,71,3770,8612325,1040850,2873029803.75,1.114,0.735,2026-04-29
HINDUNILVR,92,25481,3186600,909300,18921150795.0,92,10886,2391600,560100,7441841595.0,0.751,0.427,2026-04-29
HINDZINC,55,15387,13934375,1772575,12277073112.5,56,7102,9071125,932225,5188560265.0,0.651,0.462,2026-04-29
HYUNDAI,73,5413,722975,202400,2885960371.25,73,2846,656150,418825,1395777652.5,0.908,0.526,2026-04-29
ICICIBANK,107,48164,24313100,6463800,45881055955.0,107,26429,15918000,2858800,23841258035.0,0.655,0.549,2026-04-29
ICICIGI,75,2586,346450,104650,1568944211.25,75,809,261625,60775,465392183.75,0.755,0.313,2026-04-29
ICICIPRULI,98,3232,2829575,250675,1667263798.75,98,1530,2125650,211825,742980951.25,0.751,0.473,2026-04-29
IDEA,29,28249,1300845000,285757050,23599010106.75,27,11283,634054725,146452275,8042710080.0,0.487,0.399,2026-04-29
IDFCFIRSTB,60,15938,80228750,11250575,11111663603.25,59,12702,77177275,9015300,8070852256.25,0.962,0.797,2026-04-29
IEX,103,6874,36352500,3832500,3546403012.5,103,2490,23535000,1653750,1140318450.0,0.647,0.362,2026-04-29
INDHOTEL,105,3735,3291000,868000,2599128600.0,105,3303,4127000,1119000,2051130550.0,1.254,0.884,2026-04-29
INDIANB,74,25337,4440000,2823000,24564657950.0,74,19439,2648000,1394000,17364908000.0,0.596,0.767,2026-04-29
INDIGO,80,16670,1759650,476850,11926156027.5,82,21462,1575300,287100,13884308242.5,0.895,1.287,2026-04-29
INDUSINDBK,74,23593,5000100,625800,15852731650.0,74,17548,5057500,1256500,10939592790.0,1.011,0.744,2026-04-29
INDUSTOWER,68,20259,19842400,2017900,15288788245.0,68,10239,15410500,4788900,7317047350.0,0.777,0.505,2026-04-29
INFY,111,76178,32874400,546000,38507823680.0,111,41948,20124800,784800,19213759940.0,0.612,0.551,2026-04-29
INOXWIND,97,2769,12451725,1719575,1121341078.0,97,1408,10993125,2087800,523238322.75,0.883,0.508,2026-04-29
IOC,117,5312,30366375,5752500,4084607231.25,115,3182,24618750,2876250,2228493101.25,0.811,0.599,2026-04-29
IREDA,123,2553,13951800,1831950,1310053561.5,123,1393,10998600,1290300,634849611.0,0.788,0.546,2026-04-29
IRFC,86,4683,23056250,5427250,2263181737.5,86,2868,19069750,3162000,1220313422.5,0.827,0.612,2026-04-29
ITC,93,148323,59524800,15288000,78182740160.0,92,52928,39228800,6950400,26312184160.0,0.659,0.357,2026-04-29
JINDALSTEL,96,5256,1895000,656875,4374782906.25,96,4049,1702500,401875,3165005343.75,0.898,0.77,2026-04-29
JIOFIN,83,38218,49213700,4627150,24429570864.5,82,15695,33116200,3741200,9132072058.5,0.673,0.411,2026-04-29
JSWENERGY,100,5742,4813000,1069000,3493953050.0,100,3210,2758000,918000,1813086500.0,0.573,0.559,2026-04-29
JSWSTEEL,94,6055,3287925,342225,5524673512.5,94,4688,2640600,878175,3959893507.5,0.803,0.774,2026-04-29
JUBLFOOD,88,4518,4988750,242500,2895563187.5,89,2191,3905000,483750,1263860875.0,0.783,0.485,2026-04-29
KALYANKJIL,74,5840,4099575,1035175,3068344063.75,74,4332,2721300,1193800,2161414380.0,0.664,0.742,2026-04-29
KAYNES,81,13233,769900,169400,6037736865.0,81,6086,572600,156800,2455899655.0,0.744,0.46,2026-04-29
KEI,83,5400,266700,109375,5012659277.5,83,2217,248325,99750,1886781286.25,0.931,0.411,2026-04-29
KFINTECH,73,6331,1161000,821500,3325662075.0,73,2094,844500,491500,976870450.0,0.727,0.331,2026-04-29
KOTAKBANK,106,18154,25498000,4940000,14663665800.0,106,13464,24616000,5892000,10210314100.0,0.965,0.742,2026-04-29
KPITTECH,54,5986,1502375,393550,2047242233.75,54,2839,1048050,362100,870684282.5,0.698,0.474,2026-04-29
LAURUSLABS,82,4641,3588700,566950,4692657390.0,82,3596,2382550,332350,3368959700.0,0.664,0.775,2026-04-29
LICHSGFIN,83,9612,4731000,261000,5660118900.0,83,3124,3288000,400000,1724630200.0,0.695,0.325,2026-04-29
LICI,129,3785,4550700,570500,2273911395.0,129,1432,2860900,298200,793593395.0,0.629,0.378,2026-04-29
LODHA,88,23432,2094750,643500,10194044580.0,88,6600,1309050,457200,2634189997.5,0.625,0.282,2026-04-29
LT,132,32461,3312400,595175,24824282883.75,135,17651,3315900,335650,12110536007.5,1.001,0.544,2026-04-29
LTF,53,3855,11421000,666000,2666368710.0,53,2427,9778500,1089000,1556670195.0,0.856,0.63,2026-04-29
LTM,73,6441,777150,171000,4499521777.5,73,3214,567600,81300,2095034572.5,0.73,0.499,2026-04-29
LUPIN,83,4435,1581000,176800,4620637166.25,83,2693,1270325,192100,2612910731.25,0.803,0.607,2026-04-29
M&M,110,38891,3299600,622600,26030850430.0,111,16812,3167800,600600,10497049870.0,0.96,0.432,2026-04-29
MANAPPURAM,50,2645,9516000,1023000,2509884600.0,50,1251,5427000,1521000,1059698250.0,0.57,0.473,2026-04-29
MANKIND,92,1245,307125,68400,670321338.75,92,1550,375075,74925,687950268.75,1.221,1.245,2026-04-29
MARICO,103,2525,2304000,1130400,2548209660.0,103,1823,1789200,715200,1627202700.0,0.777,0.722,2026-04-29
MARUTI,114,170301,1551200,426750,120977086360.0,114,80358,746050,105700,52495026902.5,0.481,0.472,2026-04-29
MAXHEALTH,79,5214,1464225,449400,2962611277.5,79,2292,1000125,179550,1207117983.75,0.683,0.44,2026-04-29
MAZDOCK,110,66172,2399000,1307200,39162902260.0,111,15505,1169400,504800,8549822270.0,0.487,0.234,2026-04-29
MCX,52,16803,3466875,388125,33081687718.75,52,9152,2753750,489375,16190706562.5,0.794,0.545,2026-04-29
MFSL,70,610,210400,60000,421289840.0,70,625,244800,58800,405683660.0,1.163,1.025,2026-04-29
MIDCPNIFTY,443,66600,2540280,981480,117636375450.0,443,53123,2637840,1028880,86531634300.0,1.038,0.798,2026-04-29
MOTHERSON,115,2952,23616000,3241050,2470828920.0,115,1801,15614850,3290250,1376762677.5,0.661,0.61,2026-04-29
MOTILALOFS,63,4962,1501175,867225,3287425147.5,63,3958,1198925,768025,2216370536.25,0.799,0.798,2026-04-29
MPHASIS,97,10246,858550,458425,6930182586.25,97,7533,911350,521400,4656426541.25,1.061,0.735,2026-04-29
MUTHOOTFIN,60,2163,711975,104775,2245198106.25,60,2030,531025,57475,1875302330.0,0.746,0.939,2026-04-29
NAM-INDIA,54,3408,1189375,104375,2396865375.0,54,961,583125,113125,605073250.0,0.49,0.282,2026-04-29
NATIONALUM,64,11013,19935000,2508750,9698817468.75,64,8760,13492500,2887500,6996909562.5,0.677,0.795,2026-04-29
NAUKRI,81,7791,1972125,522750,3109002993.75,80,2752,779625,226500,1027943118.75,0.395,0.353,2026-04-29
NBCC,75,1333,10653500,3627000,880897030.0,75,930,7975500,2983500,568335820.0,0.749,0.698,2026-04-29
NESTLEIND,118,14285,2931000,141000,10849854600.0,118,9309,3161000,901000,6619391275.0,1.078,0.652,2026-04-29
NHPC,72,7241,29536000,10086400,4209931840.0,72,2764,16416000,4928000,1437422976.0,0.556,0.382,2026-04-29
NIFTY,940,24228982,169052265,24894645,38988304832486.75,962,21552481,176009810,35429625,33448876551519.0,1.041,0.89,2026-04-29
NIFTYNXT50,606,43,200,200,77789523.75,606,0,0,0,0.0,0.0,0.0,2026-04-29
NMDC,74,10199,54344250,4556250,6679282747.5,75,3550,28478250,3240000,2128330282.5,0.524,0.348,2026-04-29
NTPC,122,21564,21210000,7060500,13834836075.0,122,9154,11503500,1689000,5595914175.0,0.542,0.425,2026-04-29
NUVAMA,61,667,329000,100500,489198250.0,61,469,233500,80500,311047000.0,0.71,0.703,2026-04-29
NYKAA,84,1288,3725000,546875,1144733187.5,84,3996,3175000,993750,3295895562.5,0.852,3.102,2026-04-29
OBEROIRLTY,70,2055,777000,282100,1329938277.5,70,515,287700,51450,305186805.0,0.37,0.251,2026-04-29
OFSS,90,26662,626250,96600,20311029678.75,90,10242,528750,72150,7000944483.75,0.844,0.384,2026-04-29
OIL,81,11471,7018200,1302000,8482512570.0,81,3199,3711400,464800,2202201120.0,0.529,0.279,2026-04-29
ONGC,85,41954,26939250,4693500,30117265875.0,85,16682,18929250,2074500,11308175437.5,0.703,0.398,2026-04-29
PAGEIND,114,991,14310,6480,601618852.5,114,575,9795,3690,324079083.0,0.684,0.58,2026-04-29
PATANJALI,71,3410,3042000,587700,1528853265.0,71,1184,2889000,575100,509483970.0,0.95,0.347,2026-04-29
PAYTM,91,7228,3975175,685850,6361872245.0,91,9165,5161275,222575,7381579017.5,1.298,1.268,2026-04-29
PERSISTENT,86,17295,1294600,200800,9024753450.0,86,8228,810000,121900,3959451630.0,0.626,0.476,2026-04-29
PETRONET,94,5049,5494800,2433900,2950230700.0,93,2195,6914100,1381300,1136302771.0,1.258,0.435,2026-04-29
PFC,76,26234,15614300,2644200,17038717605.0,76,14836,9261200,2345200,9069548865.0,0.593,0.566,2026-04-29
PGEL,57,3644,2573550,819850,2109803937.5,57,3872,2583050,853100,1974675225.0,1.004,1.063,2026-04-29
PHOENIXLTD,73,9931,703150,190400,6648763992.5,73,3620,378000,154350,2291424782.5,0.538,0.365,2026-04-29
PIDILITIND,106,1386,666500,157000,1029008175.0,106,605,451500,130500,423497850.0,0.677,0.437,2026-04-29
PIIND,112,7713,598325,-15925,4468032826.25,112,4445,435925,69825,2430974945.0,0.729,0.576,2026-04-29
PNB,86,6993,52104000,7328000,6737995040.0,86,4094,45192000,6880000,3619554400.0,0.867,0.585,2026-04-29
PNBHOUSING,92,3306,1433250,297700,2395676562.5,92,1858,1074450,255450,1251183180.0,0.75,0.562,2026-04-29
POLICYBZR,68,2490,695100,98000,1572014167.5,68,1316,485100,58800,786840792.5,0.698,0.529,2026-04-29
POLYCAB,69,8053,607375,116375,8848460450.0,69,6826,910250,162125,6395002206.25,1.499,0.848,2026-04-29
POWERGRID,97,9594,13748400,554800,6126737815.0,97,4672,10531700,412300,2832060675.0,0.766,0.487,2026-04-29
POWERINDIA,61,6327,187775,15275,5568851535.0,61,3954,130225,17425,3143950192.5,0.694,0.625,2026-04-29
PREMIERENE,70,3566,1113775,148350,2255974032.5,70,1497,1064325,185150,864951253.75,0.956,0.42,2026-04-29
PRESTIGE,60,1840,526950,143100,1257513592.5,60,1000,490050,236250,620590792.5,0.93,0.543,2026-04-29
RBLBANK,57,35809,15151100,317500,40396073322.5,57,14431,14062075,3975100,14975591238.75,0.928,0.403,2026-04-29
RECLTD,64,48663,20718600,6787200,26769270430.0,63,35336,14140000,3427200,17868314940.0,0.682,0.726,2026-04-29
RELIANCE,99,183020,37561000,2015000,135333198875.0,97,134558,35238000,3771000,93182039200.0,0.938,0.735,2026-04-29
RVNL,54,5805,9636475,1166625,2902235628.25,54,1970,6363825,439200,880030621.5,0.66,0.339,2026-04-29
SAIL,58,17,446500,42300,15555872.0,58,0,75200,0,0.0,0.168,0.0,2026-04-29
SAMMAANCAP,40,3613,10702700,3891500,2396278802.0,40,2325,10328600,2713300,1418785903.0,0.965,0.644,2026-04-29
SBICARD,58,12100,7472800,1129600,6767049040.0,58,7242,5008000,454400,3723164960.0,0.67,0.599,2026-04-29
SBILIFE,82,6477,2403375,141750,4698951918.75,82,3321,1582500,249750,2200321893.75,0.658,0.513,2026-04-29
SBIN,85,51616,23966250,4066500,44676520350.0,85,31922,18866250,2758500,25639597012.5,0.787,0.618,2026-04-29
SHREECEM,76,2060,30325,18425,1352016088.75,76,1177,25325,10550,730348793.75,0.835,0.571,2026-04-29
SHRIRAMFIN,91,22576,16525575,1770450,19537977195.0,91,10919,7719525,1086525,8627318163.75,0.467,0.484,2026-04-29
SIEMENS,69,4492,666400,111825,3245348321.25,69,1931,402850,49000,1274698040.0,0.605,0.43,2026-04-29
SOLARINDS,57,2784,90900,12450,2325759925.0,57,4455,70000,11050,2619590430.0,0.77,1.6,2026-04-29
SONACOMS,97,3952,2100875,498575,3104507700.0,97,1487,1645175,377300,1089774026.25,0.783,0.376,2026-04-29
SRF,96,9265,896400,123800,5024003100.0,97,2688,759800,75000,1388034610.0,0.848,0.29,2026-04-29
SUNPHARMA,73,42353,6749750,1556100,27506948770.0,73,23221,5141500,836150,14121426865.0,0.762,0.548,2026-04-29
SUPREMEIND,63,8555,743225,-11550,5972272311.25,63,2810,333725,-20300,1809174500.0,0.449,0.328,2026-04-29
SUZLON,60,13709,114969475,18122200,7640868510.75,60,5959,50188025,8230800,2920408233.5,0.437,0.435,2026-04-29
SWIGGY,49,10080,6896500,2545400,3956851210.0,49,6115,4977700,2440100,2196557545.0,0.722,0.607,2026-04-29
TATACONSUM,93,5852,1845250,409750,3995312530.0,93,2177,1155000,365200,1359749022.5,0.626,0.372,2026-04-29
TATAELXSI,72,9098,1122500,102500,4118388015.0,72,3691,498800,56600,1522459105.0,0.444,0.406,2026-04-29
TATAPOWER,76,16298,18035100,2292450,11439472095.0,76,10602,13516900,1144050,6977404640.0,0.749,0.651,2026-04-29
TATASTEEL,64,34670,67875500,9476500,21590419015.0,63,28082,46747250,9528750,16426276707.5,0.689,0.81,2026-04-29
TCS,101,58074,9483250,858025,26379811517.5,102,30683,7793100,537600,12902929033.75,0.822,0.528,2026-04-29
TECHM,63,22403,5748600,846000,20582757450.0,63,11417,4090200,366600,9661979520.0,0.712,0.51,2026-04-29
TIINDIA,123,1714,194800,23400,1104500650.0,123,1121,197600,89000,663800430.0,1.014,0.654,2026-04-29
TITAN,68,8728,1132250,179025,7168815517.5,68,7387,937825,202300,5590860563.75,0.828,0.846,2026-04-29
TMPV,58,43038,15107200,4902400,13180137800.0,59,21493,13808800,3288000,6141471160.0,0.914,0.499,2026-04-29
TORNTPHARM,69,4139,243375,47375,2299768400.0,69,954,183875,24625,499133943.75,0.756,0.23,2026-04-29
TRENT,76,37394,2845900,540600,17041822835.0,75,15157,1254800,41700,6324072535.0,0.441,0.405,2026-04-29
TVSMOTOR,128,15494,1040725,188475,10259947398.75,128,4021,731325,125650,2492570937.5,0.703,0.26,2026-04-29
ULTRACEMCO,94,38868,1021850,-1750,24796573857.5,93,16780,457600,21900,9503848745.0,0.448,0.432,2026-04-29
UNIONBANK,65,14649,49396275,10735050,12087867327.75,65,10512,30505950,6314475,7696248731.25,0.618,0.718,2026-04-29
UNITDSPR,110,6297,2397600,-398800,3729117220.0,110,2244,1932800,165200,1251808420.0,0.806,0.356,2026-04-29
UNOMINDA,47,3863,745250,459250,2630779882.5,47,816,344300,209550,510578282.5,0.462,0.211,2026-04-29
UPL,102,2264,3867170,403790,2109550652.25,102,1308,3033845,387530,1150544930.75,0.785,0.578,2026-04-29
VBL,91,16037,10402875,0,9963793350.0,91,8418,6044625,874125,4914394593.75,0.581,0.525,2026-04-29
VEDL,71,96999,12252100,-5209500,87140764987.5,71,48559,10675450,1003950,41615649437.5,0.871,0.501,2026-04-29
VMM,103,414,1906050,552900,270472811.5,103,189,1270700,344350,118659324.0,0.667,0.457,2026-04-29
VOLTAS,76,11091,2206875,428250,6643030125.0,76,5074,1413750,326250,2825748056.25,0.641,0.457,2026-04-29
WAAREEENER,52,33878,1981175,690200,22482994695.0,52,9526,1066800,311325,5801151107.5,0.538,0.281,2026-04-29
WIPRO,64,33270,119982000,7806000,21123811320.0,65,15375,63924000,6093000,8862847410.0,0.533,0.462,2026-04-29
YESBANK,29,20290,309258400,40523300,13921837561.0,28,6793,161626700,13466300,4249287855.0,0.523,0.335,2026-04-29
ZYDUSLIFE,72,2043,2367000,249300,1808651745.0,72,1156,1971000,208800,939642255.0,0.833,0.566,2026-04-29
360ONE,43,1777,1023500,157500,1005637825.0,45,1260,505500,89000,638901825.0,0.494,0.709,2026-04-30
ABB,103,5896,633375,52375,5732434312.5,101,4414,411000,34125,3885950893.75,0.649,0.749,2026-04-30
ABCAPITAL,46,3052,6773500,350300,3510036690.0,51,1850,7173400,725400,1987400545.0,1.059,0.606,2026-04-30
ADANIENSOL,68,17125,5620725,1640250,17119364850.0,65,10716,3630825,1114425,9522402558.75,0.646,0.626,2026-04-30
ADANIENT,84,43335,6538131,804327,34127709697.05,95,22656,4901976,588027,16654402509.750004,0.75,0.523,2026-04-30
ADANIGREEN,77,7815,5634600,589200,6208668270.0,80,6365,4189800,340200,4669388550.0,0.744,0.814,2026-04-30
ADANIPORTS,55,57690,6005425,931950,47543873327.5,62,34323,4829800,563825,26324576023.75,0.804,0.595,2026-04-30
ADANIPOWER,57,23348,31431700,6354500,19924292320.5,60,10258,20171100,5158150,7827243344.0,0.642,0.439,2026-04-30
ALKEM,76,1468,130875,26000,1044879950.0,73,721,112875,28500,471983987.5,0.862,0.491,2026-04-30
AMBER,51,4201,375600,107600,3615165760.0,54,3092,198400,57800,2455435165.0,0.528,0.736,2026-04-30
AMBUJACEM,59,7265,11313750,765450,3699106845.0,62,3102,9138150,319200,1471526280.0,0.808,0.427,2026-04-30
ANGELONE,50,4017,10110000,407500,3375174500.0,43,2316,6885000,-75000,1776461000.0,0.681,0.577,2026-04-30
APLAPOLLO,74,3332,812350,291900,2417481972.5,70,2546,620200,174300,1731474115.0,0.763,0.764,2026-04-30
APOLLOHOSP,98,5047,559375,88750,5084827937.5,98,4122,365125,92125,3812601131.25,0.653,0.817,2026-04-30
ASHOKLEY,62,13923,70750000,6995000,12720978350.0,60,6485,45695000,2430000,5217146450.0,0.646,0.466,2026-04-30
ASIANPAINT,83,14527,2638000,530000,9418849275.0,87,16006,2747000,536750,9558675787.5,1.041,1.102,2026-04-30
ASTRAL,58,3414,1280950,132175,2384744126.25,62,1806,918425,-5525,1180775608.75,0.717,0.529,2026-04-30
AUBANK,73,8655,7683000,628000,9384835850.0,76,4764,4161000,460000,4826005200.0,0.542,0.55,2026-04-30
AUROPHARMA,53,2298,2444200,97900,1864453387.5,46,1368,1469050,92950,1037951860.0,0.601,0.595,2026-04-30
AXISBANK,89,39365,12561875,2658125,33137950781.25,88,27853,8807500,2393125,22054412875.0,0.701,0.708,2026-04-30
BAJAJ-AUTO,82,106808,1086525,516900,83999657760.0,81,44741,962625,464775,31714111008.75,0.886,0.419,2026-04-30
BAJAJFINSV,70,41143,2630000,866750,19275472850.0,70,25953,2651250,647750,11361598075.0,1.008,0.631,2026-04-30
BAJAJHLDNG,67,1175,36750,14000,651572440.0,71,278,16450,100,140661095.0,0.448,0.237,2026-04-30
BAJFINANCE,63,126019,17623500,3107250,95049311850.0,69,69836,12453750,84750,48878067375.0,0.707,0.554,2026-04-30
BANDHANBNK,60,23511,42300000,9021600,17947573200.0,64,13692,26312400,-936000,9678288852.0,0.622,0.582,2026-04-30
BANKBARODA,81,7635,29840850,3837600,6382493588.25,78,4504,25055550,1523925,3472805436.75,0.84,0.59,2026-04-30
BANKINDIA,48,2266,14778400,2428400,1802772036.0,47,1871,13208000,2256800,1380554604.0,0.894,0.826,2026-04-30
BANKNIFTY,584,840519,12047130,1304430,1458494713281.0,584,791953,10848960,749550,1283708796516.0,0.901,0.942,2026-04-30
BDL,50,4429,1788150,-8750,2312071177.5,55,3199,1010100,84700,1419949212.5,0.565,0.722,2026-04-30
BEL,68,25230,33574425,3720675,16767984547.5,68,11394,21986325,2288550,6951143160.0,0.655,0.452,2026-04-30
BHARATFORG,67,5732,1761000,219000,5738787550.0,64,4788,1378000,201500,4501321250.0,0.783,0.835,2026-04-30
BHARTIARTL,64,38171,6701300,794200,35670508063.75,66,18869,5547525,674025,16746461395.0,0.828,0.494,2026-04-30
BHEL,93,14513,24436125,2341500,14258342411.25,93,7836,22848000,4173750,6897252285.0,0.935,0.54,2026-04-30
BIOCON,56,5722,23175000,1137500,5601544875.0,59,1719,10867500,207500,1564338625.0,0.469,0.3,2026-04-30
BLUESTARCO,72,3442,927225,146575,2212485632.5,73,2177,611650,144950,1298702941.25,0.66,0.632,2026-04-30
BOSCHLTD,91,1275,32775,5700,1244880640.0,89,1484,26275,8425,1322656010.0,0.802,1.164,2026-04-30
BPCL,48,7645,16670975,1552350,4947054655.0,55,5189,9833525,509550,3081157407.5,0.59,0.679,2026-04-30
BRITANNIA,83,5412,536875,116125,4074579325.0,83,2876,409750,98750,2024552118.75,0.763,0.531,2026-04-30
BSE,54,16187,4190250,278250,23381922262.5,55,15841,3807750,311625,20943733162.5,0.909,0.979,2026-04-30
CAMS,47,4352,1596750,297000,2567967150.0,52,5743,1351500,306750,3093857175.0,0.846,1.32,2026-04-30
CANBK,94,7617,55073250,8532000,7512396030.0,98,6103,57084750,9625500,5573909767.5,1.037,0.801,2026-04-30
CDSL,48,12445,4484950,664050,8184626532.5,50,9808,4144850,867825,5870786725.0,0.924,0.788,2026-04-30
CGPOWER,57,3729,2266100,182750,2767042910.0,57,2610,1870850,347650,1794918735.0,0.826,0.7,2026-04-30
CHOLAFIN,61,29045,2616250,753125,29998765031.25,59,16535,1875000,820000,15602737093.75,0.717,0.569,2026-04-30
CIPLA,87,13288,3540000,607500,6900521606.25,92,4582,2442000,376125,2222586768.75,0.69,0.345,2026-04-30
COALINDIA,73,51053,25308450,2500200,34961989905.0,75,23260,18049500,777600,14988743887.5,0.713,0.456,2026-04-30
COCHINSHIP,54,2863,1110400,37200,2148773540.0,55,1691,760800,16000,1125176020.0,0.685,0.591,2026-04-30
COFORGE,50,7172,5484750,311250,3481664081.25,49,6057,3477750,101625,2675349281.25,0.634,0.845,2026-04-30
COLPAL,79,5724,1107450,148725,2891127723.75,76,4790,765900,262575,2199241845.0,0.692,0.837,2026-04-30
CONCOR,63,1802,4577500,363750,1238276687.5,68,768,3443750,212500,496212312.5,0.752,0.426,2026-04-30
CROMPTON,69,8883,12704400,1191600,4671422154.0,70,4332,5819400,1083600,2145029868.0,0.458,0.488,2026-04-30
CUMMINSIND,71,3040,461400,4200,3391674420.0,73,2503,399400,61000,2525911450.0,0.866,0.823,2026-04-30
DABUR,66,6220,5465000,1602500,3714194750.0,65,3066,3740000,1098750,1694595625.0,0.684,0.493,2026-04-30
DALBHARAT,63,3276,749125,83850,2172124223.75,68,2633,472550,-17225,1642295525.0,0.631,0.804,2026-04-30
DELHIVERY,60,2393,5214475,454425,2456046256.25,61,971,2031425,188825,925423958.75,0.39,0.406,2026-04-30
DIVISLAB,86,5533,452400,93300,3784689170.0,91,2599,337400,71200,1652428740.0,0.746,0.47,2026-04-30
DIXON,80,23466,926500,88350,14400226382.5,88,15708,849800,98850,8658312867.5,0.917,0.669,2026-04-30
DLF,80,6740,6162750,190575,3494207433.75,82,8884,5401275,985050,4355946168.75,0.876,1.318,2026-04-30
DMART,59,9063,716250,214800,6638993295.0,58,5069,496650,141450,3405845625.0,0.693,0.559,2026-04-30
DRREDDY,98,10782,6848750,483125,9423028687.5,93,7343,3970625,296250,6044772625.0,0.58,0.681,2026-04-30
EICHERMOT,87,10610,837800,117100,8026630120.0,93,9848,725700,90900,6745401245.0,0.866,0.928,2026-04-30
ETERNAL,70,59347,92571950,6782725,38524463424.75,76,32561,49443325,1384675,19470344375.75,0.534,0.549,2026-04-30
EXIDEIND,84,4288,9545400,453600,2971301400.0,95,1996,6440400,63000,1309838220.0,0.675,0.465,2026-04-30
FEDERALBNK,79,30607,38312500,870000,23489794500.0,77,12229,19575000,2150000,8643422750.0,0.511,0.4,2026-04-30
FINNIFTY,275,2955,107280,32040,4822122858.0,275,2249,47700,11400,3437410635.0,0.445,0.761,2026-04-30
FORCEMOT,41,12179,121425,39725,6983808890.0,38,6963,48275,20175,3351610601.25,0.398,0.572,2026-04-30
FORTIS,58,941,1143125,46500,717446523.75,59,994,644025,65100,701936875.0,0.563,1.056,2026-04-30
GAIL,96,3938,16420950,1140300,2153309571.0,104,2796,17548650,598500,1416685945.5,1.069,0.71,2026-04-30
GLENMARK,76,5865,1558125,157875,5633882043.75,84,2520,892875,72000,2256310987.5,0.573,0.43,2026-04-30
GMRAIRPORT,73,4026,50171175,3138750,2902322889.0,69,2237,30341250,2643525,1456295253.75,0.605,0.556,2026-04-30
GODFRYPHLP,69,3821,542025,57750,2572224146.25,72,1053,220000,-8250,635649822.5,0.406,0.276,2026-04-30
GODREJCP,73,2832,846500,119500,1612438425.0,75,3026,794500,137000,1624834250.0,0.939,1.069,2026-04-30
GODREJPROP,67,4483,1332375,91850,2432753180.0,71,4606,1085700,106975,2341851613.75,0.815,1.027,2026-04-30
GRASIM,86,3036,932000,49750,2231246525.0,88,1518,758000,82000,1024035800.0,0.813,0.5,2026-04-30
HAL,62,13208,1748400,114000,9099027427.5,68,9241,1529250,75000,5893972080.0,0.875,0.7,2026-04-30
HAVELLS,102,6387,4671500,446000,4318797525.0,97,2667,2297500,94000,1656645450.0,0.492,0.418,2026-04-30
HCLTECH,107,38496,20802600,293300,17356269612.5,105,19905,11207000,322700,8374337335.0,0.539,0.517,2026-04-30
HDFCAMC,86,2230,741000,87300,1947744645.0,88,1536,545100,81900,1237406355.0,0.736,0.689,2026-04-30
HDFCBANK,119,135816,61985900,7374750,61397410625.0,118,67458,34261300,2708350,28459025305.0,0.553,0.497,2026-04-30
HDFCLIFE,89,11692,12441000,1276000,8004160065.0,92,6268,7784700,617100,3981861070.0,0.626,0.536,2026-04-30
HEROMOTOCO,78,12870,1157850,192750,10565423062.5,77,5775,747300,88050,4385825280.0,0.645,0.449,2026-04-30
HINDALCO,76,13548,5434100,369600,10550281840.0,74,11533,4108300,-110600,8512646135.0,0.756,0.851,2026-04-30
HINDPETRO,58,4533,8581950,850500,3707558831.25,61,3871,8999100,386775,2935551881.25,1.049,0.854,2026-04-30
HINDUNILVR,79,147108,7194300,4007700,106817952825.0,83,74237,3871200,1479600,50632867830.0,0.538,0.505,2026-04-30
HINDZINC,48,16428,15974000,2039625,12914655845.0,52,10217,10054800,983675,7378312445.0,0.629,0.622,2026-04-30
HYUNDAI,66,1525,729850,6875,808307266.25,64,1028,722150,66000,493983256.25,0.989,0.674,2026-04-30
ICICIBANK,100,50602,29024100,4711000,47685095605.0,91,26288,18740400,2822400,23289589470.0,0.646,0.52,2026-04-30
ICICIGI,68,1626,428675,82225,979323913.75,65,872,264550,2925,497317762.5,0.617,0.536,2026-04-30
ICICIPRULI,81,3226,3166275,336700,1641038753.75,83,1438,2151550,25900,688471348.75,0.68,0.446,2026-04-30
IDEA,26,18543,1324574700,23729700,15529446869.25,22,5428,673723350,39668625,3832505224.5,0.509,0.293,2026-04-30
IDFCFIRSTB,52,7920,83308050,3079300,5490779873.25,52,5715,76917575,-259700,3663691501.75,0.923,0.722,2026-04-30
IEX,88,6777,39772500,3420000,3439517850.0,95,2397,24326250,791250,1092428850.0,0.612,0.354,2026-04-30
INDHOTEL,86,5031,3638000,347000,3453848250.0,94,4136,4753000,626000,2555174550.0,1.306,0.822,2026-04-30
INDIANB,86,26506,5821000,1381000,24307593950.0,82,18128,3405000,757000,15320619800.0,0.585,0.684,2026-04-30
INDIGO,68,24579,2368350,608700,17209359022.5,73,29531,1885050,309750,18818517825.0,0.796,1.201,2026-04-30
INDUSINDBK,65,13169,5188400,188300,8832784765.0,69,11673,5380900,323400,7368383855.0,1.037,0.886,2026-04-30
INDUSTOWER,63,12824,22713700,2871300,9553277840.0,63,7367,17744600,2334100,5192176890.0,0.781,0.574,2026-04-30
INFY,102,76551,32055600,-818800,38573930620.0,99,42127,19684000,-440800,19487191160.0,0.614,0.55,2026-04-30
INOXWIND,62,3691,15082925,2631200,1445879935.5,65,1796,10514075,-479050,690536775.5,0.697,0.487,2026-04-30
IOC,102,5955,34636875,4270500,4463189347.5,101,4219,27982500,3363750,2919425778.75,0.808,0.708,2026-04-30
IREDA,94,3205,14893650,941850,1620604897.5,90,1217,11229750,231150,567264732.0,0.754,0.38,2026-04-30
IRFC,68,2744,24709500,1653250,1315214562.5,74,1689,19477750,408000,719540300.0,0.788,0.616,2026-04-30
ITC,85,72195,68892800,9368000,38633575680.0,90,25530,38784000,-444800,12788968320.0,0.563,0.354,2026-04-30
JINDALSTEL,85,6477,2334375,439375,5270909531.25,84,5168,2228125,525625,3967823531.25,0.954,0.798,2026-04-30
JIOFIN,74,23175,54785550,5571850,14504463247.0,75,10105,36293400,3177200,5740320207.5,0.662,0.436,2026-04-30
JSWENERGY,73,4816,5122000,309000,2886898150.0,79,3057,3535000,777000,1687708850.0,0.69,0.635,2026-04-30
JSWSTEEL,78,5331,3869775,581850,4846005731.25,81,4311,3415500,774900,3575328558.75,0.883,0.809,2026-04-30
JUBLFOOD,77,2323,5032500,43750,1482990625.0,69,1272,3943750,38750,746157812.5,0.784,0.548,2026-04-30
KALYANKJIL,58,4080,4597775,498200,2119543137.5,58,3383,3067925,346625,1656296685.0,0.667,0.829,2026-04-30
KAYNES,66,9635,874600,104700,4291410825.0,66,4926,641200,68600,1934279100.0,0.733,0.511,2026-04-30
KEI,60,3414,317625,50925,3114658373.75,66,1608,259700,11375,1368290796.25,0.818,0.471,2026-04-30
KFINTECH,81,29766,4259500,3098500,14962024850.0,82,22304,2194500,1350000,10373126350.0,0.515,0.749,2026-04-30
KOTAKBANK,94,22812,30964000,5466000,18438426200.0,100,15241,30422000,5806000,11566000000.0,0.982,0.668,2026-04-30
KPITTECH,50,13370,1723375,221000,4577930786.25,52,4187,1398250,350200,1321261930.0,0.811,0.313,2026-04-30
LAURUSLABS,77,11475,5096600,1507900,11522922490.0,76,6777,2986050,603500,6326901262.5,0.586,0.591,2026-04-30
LICHSGFIN,69,3363,5000000,269000,1979710250.0,72,2522,3320000,32000,1338025800.0,0.664,0.75,2026-04-30
LICI,102,4614,5126800,576100,2745555400.0,101,2976,3357200,496300,1650467700.0,0.655,0.645,2026-04-30
LODHA,63,7790,2590650,495900,3409167645.0,71,4194,1542600,233550,1710757440.0,0.595,0.538,2026-04-30
LT,117,27041,3796100,483700,20381445350.0,123,17450,3709825,393925,12081027525.0,0.977,0.645,2026-04-30
LTF,40,2917,12375000,954000,2011045207.5,45,1522,10183500,405000,947330235.0,0.823,0.522,2026-04-30
LTM,66,4497,815400,38250,3109264312.5,67,2133,565050,-2550,1342610287.5,0.693,0.474,2026-04-30
LUPIN,79,4466,1827500,246500,4618533501.25,79,3070,1463700,193375,2959745517.5,0.801,0.687,2026-04-30
M&M,101,23240,3557000,257400,15332962330.0,104,17013,3168000,200,10592714730.0,0.891,0.732,2026-04-30
MANAPPURAM,41,2689,10122000,606000,2551389750.0,43,888,5433000,6000,779798400.0,0.537,0.33,2026-04-30
MANKIND,84,748,341550,34425,401486276.25,78,370,384525,9450,171340470.0,1.126,0.495,2026-04-30
MARICO,91,2093,2568000,264000,2077218180.0,91,1263,2017200,228000,1175922000.0,0.786,0.603,2026-04-30
MARUTI,90,71601,1620100,68900,50497915842.5,92,37140,765300,19250,23962803640.0,0.472,0.519,2026-04-30
MAXHEALTH,90,4277,1875825,411600,2392240541.25,89,2931,1042125,42000,1512769702.5,0.556,0.685,2026-04-30
MAZDOCK,87,20248,2737000,338000,11834932600.0,97,7304,1353600,184200,3978755220.0,0.495,0.361,2026-04-30
MCX,45,13283,4010625,543750,26438878750.0,47,9212,3040625,286875,16545225562.5,0.758,0.694,2026-04-30
MFSL,59,473,223600,13200,323224560.0,59,193,266000,21200,126779460.0,1.19,0.408,2026-04-30
MIDCPNIFTY,470,59639,3032880,492600,103753147788.0,470,47312,3110040,472200,77202650532.0,1.025,0.793,2026-04-30
MOTHERSON,89,4160,24071100,455100,3445839280.5,89,2352,17220000,1605150,1761729369.0,0.715,0.565,2026-04-30
MOTILALOFS,52,11872,1856900,355725,7905502703.75,50,4901,1370975,172050,2993605055.0,0.738,0.413,2026-04-30
MPHASIS,84,35526,1511400,652850,23807014082.5,82,16080,1026850,115500,10130381263.75,0.679,0.453,2026-04-30
MUTHOOTFIN,53,1872,771100,59125,1917591128.75,53,1383,592350,61325,1303059683.75,0.768,0.739,2026-04-30
NAM-INDIA,40,2795,990625,-198750,1951080937.5,37,1157,540000,-43125,720157812.5,0.545,0.414,2026-04-30
NATIONALUM,73,28739,26113125,6178125,24377214937.5,73,21630,15063750,1571250,16721471343.75,0.577,0.753,2026-04-30
NAUKRI,75,4480,2109750,137625,1765139887.5,75,2394,978375,198750,868176337.5,0.464,0.534,2026-04-30
NBCC,58,1600,12551500,1898000,1036553635.0,66,983,9886500,1911000,576555785.0,0.788,0.614,2026-04-30
NESTLEIND,93,9636,3407500,476500,7278310600.0,98,7960,3076500,-84500,5723792925.0,0.903,0.826,2026-04-30
NHPC,59,5072,33619200,4083200,2883908672.0,61,2124,19097600,2681600,1109805504.0,0.568,0.419,2026-04-30
NIFTY,990,26215117,202792520,33740255,41906171567780.0,1012,24039618,199342045,23332235,36791377394089.5,0.983,0.917,2026-04-30
NIFTYNXT50,638,17,325,125,30659517.5,638,10,75,75,17506325.0,0.231,0.588,2026-04-30
NMDC,61,6551,59784750,5440500,4245849562.5,64,2894,30732750,2254500,1736213670.0,0.514,0.442,2026-04-30
NTPC,101,28121,29782500,8572500,17833164675.0,98,8064,12984000,1480500,4764564150.0,0.436,0.287,2026-04-30
NUVAMA,46,539,436500,107500,397186750.0,45,379,251500,18000,229525650.0,0.576,0.703,2026-04-30
NYKAA,70,644,4000000,275000,569807531.25,71,712,3287500,112500,587294843.75,0.822,1.106,2026-04-30
OBEROIRLTY,51,1096,889000,112000,700740355.0,50,517,308000,20300,299734697.5,0.346,0.472,2026-04-30
OFSS,73,17729,608775,-17475,13598617875.0,72,8510,590625,61875,5915554582.5,0.97,0.48,2026-04-30
OIL,68,7728,7924000,905800,5667840780.0,71,2592,4153800,442400,1795887520.0,0.524,0.335,2026-04-30
ONGC,81,39706,37278000,10338750,28359685687.5,80,12212,19271250,342000,8343097875.0,0.517,0.308,2026-04-30
PAGEIND,89,1739,20535,6225,1019727416.25,84,514,11535,1740,283630698.75,0.562,0.296,2026-04-30
PATANJALI,66,2405,3560400,518400,1070699220.0,67,781,2863800,-25200,337314240.0,0.804,0.325,2026-04-30
PAYTM,73,5793,4626950,651775,5000385936.25,81,6476,5113425,-47850,5198513102.5,1.105,1.118,2026-04-30
PERSISTENT,80,9465,1408000,113400,4891980745.0,76,4703,866500,56500,2298758510.0,0.615,0.497,2026-04-30
PETRONET,79,2245,6066700,571900,1289675255.0,82,1480,7050900,136800,763100306.0,1.162,0.659,2026-04-30
PFC,64,20961,17845100,2230800,13241415460.0,63,12924,10052900,791700,7793719375.0,0.563,0.617,2026-04-30
PGEL,50,5547,3339250,765700,3116265050.0,52,4817,3254700,671650,2372553560.0,0.975,0.868,2026-04-30
PHOENIXLTD,59,4032,919450,216300,2640645525.0,58,4415,674100,296100,2730588962.5,0.733,1.095,2026-04-30
PIDILITIND,90,1424,735000,68500,1042187525.0,91,958,511000,59500,652162625.0,0.695,0.673,2026-04-30
PIIND,98,5867,827050,228725,3486040118.75,101,1281,461125,25200,675429335.0,0.558,0.218,2026-04-30
PNB,75,9352,62872000,10768000,8865060160.0,82,5950,52248000,7056000,5147673200.0,0.831,0.636,2026-04-30
PNBHOUSING,67,2082,1486550,53300,1487977400.0,69,1692,1153100,78650,1138895387.5,0.776,0.813,2026-04-30
POLICYBZR,58,2095,783300,88200,1303646400.0,62,1484,574000,88900,889383145.0,0.733,0.708,2026-04-30
POLYCAB,57,4739,664375,57000,5136633212.5,66,3798,960375,50125,3774210237.5,1.446,0.801,2026-04-30
POWERGRID,82,10828,16245000,2496600,6882847375.0,86,5310,11344900,813200,3235224335.0,0.698,0.49,2026-04-30
POWERINDIA,50,10110,208625,20850,9040468216.25,53,8443,181600,51375,6440719807.5,0.87,0.835,2026-04-30
PREMIERENE,59,4272,1328825,215050,2647902341.25,62,3225,1183350,119025,1811688150.0,0.891,0.755,2026-04-30
PRESTIGE,51,1124,629100,102150,760874085.0,51,1120,720450,230400,711484785.0,1.145,0.996,2026-04-30
RBLBANK,42,9801,16751300,1600200,11119963472.5,48,6896,13160375,-901700,7315333985.0,0.786,0.704,2026-04-30
RECLTD,60,25998,24659600,3941000,13983877040.0,56,14544,15243200,1103200,7308146160.0,0.618,0.559,2026-04-30
RELIANCE,101,164655,40413500,2852500,121896002525.0,102,111483,34506500,-731500,77808208325.0,0.854,0.677,2026-04-30
RVNL,49,4886,10720750,1084275,2396493991.75,50,2338,7374900,1011075,1026457720.75,0.688,0.479,2026-04-30
SAIL,44,2979,6641100,6194600,2785529542.0,43,1545,3684800,3609600,1303049526.0,0.555,0.519,2026-04-30
SAMMAANCAP,33,10471,19719800,9017100,7008944444.0,32,3507,13282700,2954100,2109083608.0,0.674,0.335,2026-04-30
SBICARD,55,9799,8273600,800800,5402485160.0,56,6628,5137600,129600,3407437760.0,0.621,0.676,2026-04-30
SBILIFE,73,4681,2560125,156750,3393366206.25,71,2547,1765500,183000,1670715281.25,0.69,0.544,2026-04-30
SBIN,79,48242,27549750,3583500,41143255912.5,82,34153,20792250,1926000,26996194500.0,0.755,0.708,2026-04-30
SHREECEM,65,2427,37200,6875,1542727782.5,66,1399,32050,6725,831035391.25,0.862,0.576,2026-04-30
SHRIRAMFIN,81,22876,18428850,1903275,19367521593.75,78,12305,8820900,1101375,9471577211.25,0.479,0.538,2026-04-30
SIEMENS,56,8580,741300,74900,6108227798.75,53,3242,453075,50225,2141896925.0,0.611,0.378,2026-04-30
SOLARINDS,46,2871,97850,6950,2408838052.5,46,1176,71500,1500,837024987.5,0.731,0.41,2026-04-30
SONACOMS,67,5560,2759925,659050,4335971535.0,74,2817,2104550,459375,2098237268.75,0.763,0.507,2026-04-30
SRF,81,3617,921800,25400,1933608160.0,89,1576,835800,76000,802181250.0,0.907,0.436,2026-04-30
SUNPHARMA,67,56800,8057700,1307950,37080210352.5,68,27389,6085800,944300,16897710655.0,0.755,0.482,2026-04-30
SUPREMEIND,60,4528,816025,72800,3107627066.25,60,2829,377650,43925,1774922117.5,0.463,0.625,2026-04-30
SUZLON,48,9760,120411550,5442075,5332956161.75,53,6177,54339525,4151500,3056066618.5,0.451,0.633,2026-04-30
SWIGGY,47,4973,7710300,813800,1911716885.0,46,3286,5365100,387400,1168269050.0,0.696,0.661,2026-04-30
TATACONSUM,75,3313,1984400,139150,2223852372.5,77,1403,1223200,68200,888286492.5,0.616,0.423,2026-04-30
TATAELXSI,68,8276,1208600,86100,3716767430.0,66,3822,549200,50400,1544328920.0,0.454,0.462,2026-04-30
TATAPOWER,67,16649,20102800,2067700,11437657275.0,65,9665,14020050,503150,6267385315.0,0.697,0.581,2026-04-30
TATASTEEL,58,28499,78028500,10153000,17636221762.5,58,21363,47833500,1086250,12340878550.0,0.613,0.75,2026-04-30
TCS,95,56506,10179775,696525,25597379466.25,95,27033,8218500,425400,11453412285.0,0.807,0.478,2026-04-30
TECHM,55,18605,5868600,120000,17239069500.0,58,8298,4551600,461400,7081457160.0,0.776,0.446,2026-04-30
TIINDIA,90,573,208000,13200,362306030.0,86,397,213200,15600,233255540.0,1.025,0.693,2026-04-30
TITAN,61,10950,1361150,228900,8878355710.0,60,7775,1062250,124425,5886869388.75,0.78,0.71,2026-04-30
TMPV,53,38655,17818400,2711200,11482488040.0,54,19008,15317600,1508800,5225346000.0,0.86,0.492,2026-04-30
TORNTPHARM,60,1431,243250,-125,785085062.5,62,884,191250,7375,473727112.5,0.786,0.618,2026-04-30
TRENT,66,27268,3151000,305100,12278920325.0,58,13124,1322200,67400,5440060800.0,0.42,0.481,2026-04-30
TVSMOTOR,108,11775,1197875,157150,7659908427.5,105,8502,822850,91525,5211597711.25,0.687,0.722,2026-04-30
ULTRACEMCO,79,32963,1101100,79250,20534130725.0,81,18077,465650,8050,10304996532.5,0.423,0.548,2026-04-30
UNIONBANK,58,12250,54573525,5177250,9861956922.75,58,6468,31165275,659325,4755671886.75,0.571,0.528,2026-04-30
UNITDSPR,88,3902,2683200,285600,2240309180.0,92,1556,1924000,-8800,846771080.0,0.717,0.399,2026-04-30
UNOMINDA,43,872,814000,68750,582542180.0,41,247,382250,37950,152009935.0,0.47,0.283,2026-04-30
UPL,85,1838,4043320,176150,1702019158.5,87,896,3181540,147695,779591120.0,0.787,0.487,2026-04-30
VBL,68,7881,10838250,435375,4834587712.5,71,5346,5829750,-214875,3085655568.75,0.538,0.678,2026-04-30
VEDL,37,42852,16281700,16281700,15325777162.5,37,24585,7010400,7010400,7599959862.5,0.431,0.574,2026-04-30
VMM,73,367,2337700,431650,231836353.5,70,118,1333750,63050,72216306.0,0.571,0.322,2026-04-30
VOLTAS,68,8602,2325000,118125,5025494325.0,66,4762,1687500,273750,2555762775.0,0.726,0.554,2026-04-30
WAAREEENER,66,96484,4033750,2052575,59926948182.5,66,53389,2023700,956900,29885505343.75,0.502,0.553,2026-04-30
WIPRO,62,29012,120318000,336000,18394840140.0,64,12022,66285000,2361000,7002716100.0,0.551,0.414,2026-04-30
YESBANK,25,12355,356561500,47303100,8429815165.0,24,3840,168157700,6531000,2371070220.0,0.472,0.311,2026-04-30
ZYDUSLIFE,64,1988,2664000,297000,1729430415.0,67,962,2071800,100800,773633655.0,0.778,0.484,2026-04-30
360ONE,43,3284,1117500,94000,1855515950.0,45,1805,557500,52000,949795850.0,0.499,0.55,2026-05-04
ABB,104,13296,936625,303250,13180226162.5,102,3926,482875,71875,3551922587.5,0.516,0.295,2026-05-04
ABCAPITAL,48,28719,15741800,8968300,33536893835.0,52,13498,11051500,3878100,14633024705.0,0.702,0.47,2026-05-04
ADANIENSOL,73,20150,5191425,-429300,20449673977.5,70,10526,4245750,614925,9473994157.5,0.818,0.522,2026-05-04
ADANIENT,86,80428,7337205,799074,64633044576.45,97,48164,5591355,689379,36169056458.85,0.762,0.599,2026-05-04
ADANIGREEN,108,28058,6364800,730200,22919741190.0,111,12143,4861200,671400,9132794490.0,0.764,0.433,2026-05-04
ADANIPORTS,72,92144,7983800,1978375,79040404225.0,79,45497,6502750,1672950,36209369771.25,0.814,0.494,2026-05-04
ADANIPOWER,79,23085,30643600,-788100,19961190878.5,83,9888,20323750,152650,7652754525.0,0.663,0.428,2026-05-04
ALKEM,79,1441,196375,65500,1034037006.25,78,556,128750,15875,370582912.5,0.656,0.386,2026-05-04
AMBER,51,2897,422200,46600,2519216215.0,54,1350,210000,11600,1057652685.0,0.497,0.466,2026-05-04
AMBUJACEM,63,74938,18998700,7684950,37779441472.5,65,34157,10534650,1396500,16258620787.5,0.554,0.456,2026-05-04
ANGELONE,51,5480,11672500,1562500,4555137125.0,44,3059,7155000,270000,2361042000.0,0.613,0.558,2026-05-04
APLAPOLLO,82,16710,1591800,779450,11754880882.5,76,7882,903700,283500,5230593917.5,0.568,0.472,2026-05-04
APOLLOHOSP,102,6090,644750,85375,6220519137.5,102,3787,416500,51375,3532866862.5,0.646,0.622,2026-05-04
ASHOKLEY,65,13519,80415000,9665000,12161946750.0,63,5773,48160000,2465000,4676166750.0,0.599,0.427,2026-05-04
ASIANPAINT,83,24459,3746500,1108500,16018516687.5,87,15769,3170000,423000,9555688887.5,0.846,0.645,2026-05-04
ASTRAL,61,3609,1356600,75650,2549346180.0,63,1655,927775,9350,1091776210.0,0.684,0.459,2026-05-04
AUBANK,73,5905,7492000,-191000,6409606600.0,76,3090,4161000,0,3147169750.0,0.555,0.523,2026-05-04
AUROPHARMA,53,3082,2778050,333850,2494678615.0,46,1620,1579600,110550,1243213125.0,0.569,0.526,2026-05-04
AXISBANK,97,31764,14793750,2231875,26816321593.75,94,15719,10312500,1505000,12419244718.75,0.697,0.495,2026-05-04
BAJAJ-AUTO,82,77943,1430700,344175,63990679395.0,81,43465,1137375,174750,31929588960.0,0.795,0.558,2026-05-04
BAJAJFINSV,70,20197,2778500,148500,9472809800.0,70,13246,2915500,264250,5733749675.0,1.049,0.656,2026-05-04
BAJAJHLDNG,69,4010,55750,19000,2264606690.0,73,640,24550,8100,324806795.0,0.44,0.16,2026-05-04
BAJFINANCE,64,38679,16751250,-872250,29041063012.5,70,24322,12618750,165000,17034607462.5,0.753,0.629,2026-05-04
BANDHANBNK,74,47480,46432800,4132800,37802983968.0,80,21079,34257600,7945200,15371398872.0,0.738,0.444,2026-05-04
BANKBARODA,87,8632,31677750,1836900,7262953863.75,82,4110,25520625,465075,3260530260.0,0.806,0.476,2026-05-04
BANKINDIA,50,3171,17196400,2418000,2497782352.0,49,1453,14274000,1066000,1051820016.0,0.83,0.458,2026-05-04
BANKNIFTY,585,964063,13339140,1292010,1678362843906.0,585,719276,11570880,721920,1169568821134.5,0.867,0.746,2026-05-04
BDL,55,8033,2024750,236600,4185830302.5,58,2476,1095150,85050,1183828397.5,0.541,0.308,2026-05-04
BEL,72,23488,37753950,4179525,15630179546.25,71,10227,23754750,1768425,6235266693.75,0.629,0.435,2026-05-04
BHARATFORG,69,8295,2401500,640500,8253165750.0,66,5797,1550500,172500,5472053550.0,0.646,0.699,2026-05-04
BHARTIARTL,64,48400,10427200,3725900,44842308618.75,66,27724,6569250,1021725,24343206030.0,0.63,0.573,2026-05-04
BHEL,146,125380,50869875,26433750,133512380793.75,150,82747,41847750,18999750,79551848381.25,0.823,0.66,2026-05-04
BIOCON,56,5277,23382500,207500,5157233000.0,59,1964,10977500,110000,1780424375.0,0.469,0.372,2026-05-04
BLUESTARCO,76,2429,970450,43225,1550689351.25,78,1200,674700,63050,668882873.75,0.695,0.494,2026-05-04
BOSCHLTD,93,1364,43375,10600,1317431873.75,91,960,34375,8100,869570816.25,0.793,0.704,2026-05-04
BPCL,48,6663,18792125,2121150,4315933135.0,55,4985,11994175,2160650,2964525165.0,0.638,0.748,2026-05-04
BRITANNIA,84,8965,648125,111250,6849705825.0,84,3573,471750,62000,2538317443.75,0.728,0.399,2026-05-04
BSE,54,31214,4845375,655125,45921974925.0,55,19484,4018500,210750,26306014762.5,0.829,0.624,2026-05-04
CAMS,52,6895,2742000,1145250,4023663375.0,56,5355,2324250,972750,2912241900.0,0.848,0.777,2026-05-04
CANBK,101,8455,63456750,8383500,8302118827.5,104,5183,62214750,5130000,4709679660.0,0.98,0.613,2026-05-04
CDSL,51,27082,6059575,1574625,17286257166.25,51,23892,4487800,342950,14053403960.0,0.741,0.882,2026-05-04
CGPOWER,59,6258,3305650,1039550,4648297122.5,59,2601,2103750,232900,1804512982.5,0.636,0.416,2026-05-04
CHOLAFIN,71,22771,2582500,-33750,24405331062.5,70,10923,2221875,346875,10796466531.25,0.86,0.48,2026-05-04
CIPLA,91,12875,3997500,457500,6724247400.0,95,4812,2763750,321750,2335243125.0,0.691,0.374,2026-05-04
COALINDIA,73,20826,26017200,708750,14221320525.0,75,14877,17752500,-297000,9434993670.0,0.682,0.714,2026-05-04
COCHINSHIP,57,3047,1179600,69200,2256483680.0,58,1170,788000,27200,787900520.0,0.668,0.384,2026-05-04
COFORGE,50,25097,6297000,812250,12110028900.0,49,14520,3843000,365250,6318986662.5,0.61,0.579,2026-05-04
COLPAL,83,11789,1210050,102600,6034342140.0,80,3660,794250,28350,1751433907.5,0.656,0.31,2026-05-04
CONCOR,66,2419,4861250,283750,1673750687.5,70,808,3438750,-5000,514344562.5,0.707,0.334,2026-05-04
CROMPTON,74,8262,14025600,1321200,4366985310.0,76,3681,6507000,687600,1852984080.0,0.464,0.446,2026-05-04
CUMMINSIND,71,4127,569400,108000,4605214470.0,73,1563,403800,4400,1619136060.0,0.709,0.379,2026-05-04
DABUR,74,4186,6370000,905000,2513730687.5,72,1761,4060000,320000,954877187.5,0.637,0.421,2026-05-04
DALBHARAT,78,6236,790075,40950,4232169548.75,84,3258,507000,34450,2052177725.0,0.642,0.522,2026-05-04
DELHIVERY,60,2333,5563075,348600,2443754475.0,61,764,2118575,87150,741192697.5,0.381,0.327,2026-05-04
DIVISLAB,86,11576,562100,109700,8008446010.0,91,4019,415000,77600,2603358990.0,0.738,0.347,2026-05-04
DIXON,83,18457,949650,23150,11296202077.5,90,13582,889250,39450,7324218277.5,0.936,0.736,2026-05-04
DLF,83,13999,7092525,929775,7393956116.25,84,5877,5711475,310200,2875757486.25,0.805,0.42,2026-05-04
DMART,74,54212,1853700,1137450,38288389065.0,73,26634,889350,392700,17445903862.5,0.48,0.491,2026-05-04
DRREDDY,98,17645,8417500,1568750,15230265156.25,93,10525,4275000,304375,8539396812.5,0.508,0.596,2026-05-04
EICHERMOT,92,22347,979500,141700,17132805195.0,97,7620,778200,52500,5433989565.0,0.794,0.341,2026-05-04
ETERNAL,76,39560,93343100,771150,25683110204.0,79,20105,50847400,1404075,12021109483.75,0.545,0.508,2026-05-04
EXIDEIND,116,34775,14580000,5034600,24385877640.0,126,16927,9021600,2581200,11061237150.0,0.619,0.487,2026-05-04
FEDERALBNK,80,15733,36250000,-2062500,12205788875.0,78,7181,19615000,40000,5097973250.0,0.541,0.456,2026-05-04
FINNIFTY,276,4766,145620,38340,7779041028.0,276,2971,88740,41040,4493219961.0,0.609,0.623,2026-05-04
FORCEMOT,41,8435,150225,28800,4704680566.25,38,2238,50350,2075,1061748345.0,0.335,0.265,2026-05-04
FORTIS,60,3862,1518225,375100,2992761118.75,61,1412,808325,164300,1035468781.25,0.532,0.366,2026-05-04
GAIL,101,5522,16855650,434700,3054449506.5,107,2596,17847900,299250,1340546728.5,1.059,0.47,2026-05-04
GLENMARK,78,3152,1700625,142500,3021339581.25,85,1779,925875,33000,1569496612.5,0.544,0.564,2026-05-04
GMRAIRPORT,73,10417,59524650,9353475,7670441328.75,69,4471,35174925,4833675,2996451978.75,0.591,0.429,2026-05-04
GODFRYPHLP,72,1781,562925,20900,1191010466.25,75,494,223025,3025,293654418.75,0.396,0.277,2026-05-04
GODREJCP,79,2838,1075500,229000,1623492200.0,80,993,819000,24500,534648900.0,0.762,0.35,2026-05-04
GODREJPROP,83,60102,2487700,1155325,33419998938.75,86,20816,1486650,400950,10781050252.5,0.598,0.346,2026-05-04
GRASIM,86,8019,1065500,133500,5981973287.5,88,2404,776750,18750,1672196712.5,0.729,0.3,2026-05-04
HAL,79,76315,2231100,482700,54896258055.0,85,29406,1924800,395550,19628787007.5,0.863,0.385,2026-05-04
HAVELLS,103,6112,4876500,205000,4128510325.0,98,2000,2320500,23000,1249350825.0,0.476,0.327,2026-05-04
HCLTECH,107,37346,22062550,1259950,16882214527.5,105,16825,11525500,318500,7027911607.5,0.522,0.451,2026-05-04
HDFCAMC,92,2315,840900,99900,2036797470.0,93,1285,584700,39600,1030832580.0,0.695,0.555,2026-05-04
HDFCBANK,122,108226,66805150,4819250,49022334692.5,121,63766,36439800,2178500,27020485117.5,0.545,0.589,2026-05-04
HDFCLIFE,92,7156,13722500,1281500,4937253255.0,94,3743,8415000,630300,2372232610.0,0.613,0.523,2026-05-04
HEROMOTOCO,79,23819,1510500,352650,19595581335.0,78,8087,892800,145500,6191334847.5,0.591,0.34,2026-05-04
HINDALCO,81,13271,6256600,822500,10300331055.0,79,7959,4745300,637000,5832449210.0,0.758,0.6,2026-05-04
HINDPETRO,60,3775,9851625,1269675,3096486022.5,63,3592,11325825,2326725,2647097516.25,1.15,0.952,2026-05-04
HINDUNILVR,96,101445,7050900,-143400,74494708245.0,99,47876,4223400,352200,32925149970.0,0.599,0.472,2026-05-04
HINDZINC,50,13783,16277800,303800,10939779628.75,53,7346,10275300,220500,5326062288.75,0.631,0.533,2026-05-04
HYUNDAI,66,4742,891275,161425,2538066657.5,64,1391,655325,-66825,679986958.75,0.735,0.293,2026-05-04
ICICIBANK,103,38981,32101300,3077200,36594710635.0,94,21774,19108600,368200,19355948745.0,0.595,0.559,2026-05-04
ICICIGI,70,1983,516425,87750,1196704827.5,66,1077,315900,51350,615431017.5,0.612,0.543,2026-05-04
ICICIPRULI,86,6938,3279125,112850,3603449563.75,88,2812,2140450,-11100,1359081132.5,0.653,0.405,2026-05-04
IDEA,26,42380,1592391525,267816825,36904806113.25,22,10218,771858525,98135175,7536909380.25,0.485,0.241,2026-05-04
IDFCFIRSTB,53,7226,86016350,2708300,5006660303.75,53,6521,79635150,2717575,4113496446.5,0.926,0.902,2026-05-04
IEX,91,8334,43470000,3697500,4274750550.0,98,3787,26235000,1908750,1734758250.0,0.604,0.454,2026-05-04
INDHOTEL,88,3085,4078000,440000,2107539650.0,95,2253,5012000,259000,1426910900.0,1.229,0.73,2026-05-04
INDIANB,86,8222,6767000,946000,7505920600.0,82,3264,3612000,207000,2748516300.0,0.534,0.397,2026-05-04
INDIGO,69,23580,3055650,687300,16526026957.5,74,17425,1936050,51000,11101891980.0,0.634,0.739,2026-05-04
INDUSINDBK,65,11831,5770100,581700,8098694345.0,69,10073,5426400,45500,6382046475.0,0.94,0.851,2026-05-04
INDUSTOWER,66,47196,29132900,6419200,34291610690.0,65,22541,21306100,3561500,15548988715.0,0.731,0.478,2026-05-04
INFY,105,51193,35053200,2997600,25972329340.0,102,26986,20548000,864000,12554979180.0,0.586,0.527,2026-05-04
INOXWIND,66,7363,16874000,1791075,2882266887.5,69,2728,11911900,1397825,995595565.25,0.706,0.371,2026-05-04
IOC,107,4805,38020125,3383250,3616456350.0,105,2668,30098250,2115750,1852493662.5,0.792,0.555,2026-05-04
IREDA,97,2764,16114950,1221300,1397486152.5,93,1150,11616150,386400,534342658.5,0.721,0.416,2026-05-04
IRFC,70,3071,25844250,1134750,1463620950.0,76,1581,20795250,1317500,687067665.0,0.805,0.515,2026-05-04
ITC,86,91502,87576250,18683450,48643373758.75,91,25151,37388800,-1395200,12595284160.0,0.427,0.275,2026-05-04
JINDALSTEL,87,19520,2906875,572500,16196261718.75,86,11269,2391875,163750,8819004812.5,0.823,0.577,2026-05-04
JIOFIN,75,21946,55779600,994050,13819305495.5,76,10511,37825600,1532200,6072921606.0,0.678,0.479,2026-05-04
JSWENERGY,73,5109,5342000,220000,3111437400.0,79,1654,3735000,200000,924202550.0,0.699,0.324,2026-05-04
JSWSTEEL,81,6690,4518450,648675,6067456436.25,84,4144,3464100,48600,3525532458.75,0.767,0.619,2026-05-04
JUBLFOOD,80,2719,5600000,567500,1728890000.0,72,1697,4140000,196250,997044687.5,0.739,0.624,2026-05-04
KALYANKJIL,59,4411,5463750,865975,2320572477.5,60,2204,3345225,277300,1088825911.25,0.612,0.5,2026-05-04
KAYNES,68,8942,971900,97300,3972911705.0,68,3404,671600,30400,1373676865.0,0.691,0.381,2026-05-04
KEI,63,10267,548975,231350,9645092686.25,68,4388,427350,167650,3662602448.75,0.778,0.427,2026-05-04
KFINTECH,85,12082,5272000,1012500,5786106825.0,85,5822,2469075,274575,2520316900.0,0.468,0.482,2026-05-04
KOTAKBANK,124,78609,48982000,18018000,61935915900.0,124,37448,31886000,1464000,27983910900.0,0.651,0.476,2026-05-04
KPITTECH,55,10031,2405075,681700,3518561931.25,57,2553,1551250,153000,841341878.75,0.645,0.255,2026-05-04
LAURUSLABS,94,31203,5701800,605200,32262840252.5,94,13951,3642250,656200,13329781005.0,0.639,0.447,2026-05-04
LICHSGFIN,72,3141,5221000,221000,1856859000.0,74,1289,3385000,65000,711777600.0,0.648,0.41,2026-05-04
LICI,106,4987,5843600,716800,2980142760.0,105,1737,3586800,229600,952416220.0,0.614,0.348,2026-05-04
LODHA,68,9739,2461950,-128700,4308557175.0,74,3427,1640700,98100,1396472647.5,0.666,0.352,2026-05-04
LT,126,55085,4955475,1159375,42018427465.0,129,20278,4115825,406000,14414776941.25,0.831,0.368,2026-05-04
LTF,43,3817,14175000,1800000,2643969825.0,48,1264,10680750,497250,799517812.5,0.753,0.331,2026-05-04
LTM,69,4909,919950,104550,3356032177.5,69,2368,618300,53250,1478241742.5,0.672,0.482,2026-05-04
LUPIN,81,15349,2872575,1045075,16189094878.75,80,4677,1813050,349350,4578287998.75,0.631,0.305,2026-05-04
M&M,109,45099,4595200,1038200,29959703970.0,108,16820,3698400,530400,10520545000.0,0.805,0.373,2026-05-04
MANAPPURAM,42,12175,12933000,2811000,11816484450.0,44,5350,8454000,3021000,4764403800.0,0.654,0.439,2026-05-04
MANKIND,86,3174,495000,153450,1718040791.25,80,722,404550,20025,357016241.25,0.817,0.227,2026-05-04
MARICO,93,2472,3210000,642000,2472279960.0,93,2035,2578800,561600,1803473640.0,0.803,0.823,2026-05-04
MARUTI,92,132276,1902100,282000,95932362000.0,94,66851,942300,177000,44354392315.0,0.495,0.505,2026-05-04
MAXHEALTH,90,5588,2087925,212100,3128797980.0,89,2791,1335075,292950,1486005570.0,0.639,0.499,2026-05-04
MAZDOCK,111,51081,4546000,1809000,29033811450.0,120,19831,1759400,405800,10519922350.0,0.387,0.388,2026-05-04
MCX,45,16914,4511250,500625,33753680062.5,47,12252,3265625,225000,22005882812.5,0.724,0.724,2026-05-04
MFSL,61,1327,358400,134800,902619160.0,60,427,305600,39600,275071880.0,0.853,0.322,2026-05-04
MIDCPNIFTY,497,55486,3415680,382800,96782807310.0,497,55589,3876600,766560,89982329826.0,1.135,1.002,2026-05-04
MOTHERSON,95,2285,27299850,3228750,1875192072.0,94,1014,17896500,676500,744021034.5,0.656,0.444,2026-05-04
MOTILALOFS,54,6740,2025075,168175,4585609628.75,53,1648,1366325,-4650,1017250352.5,0.675,0.245,2026-05-04
MPHASIS,85,4912,1411575,-99825,3306804132.5,84,2390,964700,-62150,1482887078.75,0.683,0.487,2026-05-04
MUTHOOTFIN,56,4760,994125,223025,4952323681.25,57,1462,674300,81950,1380331191.25,0.678,0.307,2026-05-04
NAM-INDIA,42,1351,1216250,225625,955648156.25,38,323,550625,10625,195789875.0,0.453,0.239,2026-05-04
NATIONALUM,75,28364,28505625,2392500,23243135906.25,75,12780,15856875,793125,9578406656.25,0.556,0.451,2026-05-04
NAUKRI,80,3255,2186625,76875,1298884068.75,79,806,957000,-21375,294964518.75,0.438,0.248,2026-05-04
NBCC,59,1350,14625000,2073500,874609060.0,66,778,11713000,1826500,458357770.0,0.801,0.576,2026-05-04
NESTLEIND,94,7199,3640500,233000,5473107475.0,99,4309,3171000,94500,3112408075.0,0.871,0.599,2026-05-04
NHPC,60,4697,37696000,4076800,2673072640.0,62,1741,21068800,1971200,911443904.0,0.559,0.371,2026-05-04
NIFTY,990,82873991,301435305,98642785,132291126935649.5,1012,90944705,241488940,42146895,141126410266809.5,0.801,1.097,2026-05-04
NIFTYNXT50,670,142,825,500,256482198.75,670,6,125,50,10457422.5,0.152,0.042,2026-05-04
NMDC,64,7481,66116250,6331500,4807324890.0,67,2846,32541750,1809000,1706744722.5,0.492,0.38,2026-05-04
NTPC,101,16760,31764000,1981500,10648919850.0,98,6502,13584000,600000,3917628675.0,0.428,0.388,2026-05-04
NUVAMA,48,1050,548000,111500,771087125.0,47,245,283000,31500,163154675.0,0.516,0.233,2026-05-04
NYKAA,73,1109,4765625,765625,984260781.25,73,348,3240625,-46875,288328593.75,0.68,0.314,2026-05-04
OBEROIRLTY,55,1565,989100,100100,996151957.5,54,476,347200,39200,281904105.0,0.351,0.304,2026-05-04
OFSS,75,13533,619575,10800,10413016185.0,74,8097,620025,29400,5737564642.5,1.001,0.598,2026-05-04
OIL,70,7965,8514800,590800,5720689870.0,72,3534,4401600,247800,2411320450.0,0.517,0.444,2026-05-04
ONGC,82,23377,43314750,6036750,16439905462.5,81,7949,17613000,-1658250,5286571537.5,0.407,0.34,2026-05-04
PAGEIND,89,885,20715,180,524719980.0,84,421,13470,1935,227627709.0,0.65,0.476,2026-05-04
PATANJALI,69,5347,4172400,612000,2356870815.0,69,915,2974500,110700,386374950.0,0.713,0.171,2026-05-04
PAYTM,74,5431,5204775,577825,4732102840.0,82,4667,5268575,155150,3699298362.5,1.012,0.859,2026-05-04
PERSISTENT,80,11209,1511400,103400,5828815285.0,76,5524,906400,39900,2623675735.0,0.6,0.493,2026-05-04
PETRONET,84,4930,7888800,1822100,2849387820.0,86,4161,9264400,2213500,2151722830.0,1.174,0.844,2026-05-04
PFC,69,10921,19344000,1498900,6876942150.0,67,5087,10749700,696800,3005883465.0,0.556,0.466,2026-05-04
PGEL,51,3276,3666050,326800,1843072247.5,53,1593,3504550,249850,797800025.0,0.956,0.486,2026-05-04
PHOENIXLTD,63,2801,914900,-4550,1858624845.0,61,1212,683550,9450,748322767.5,0.747,0.433,2026-05-04
PIDILITIND,91,2156,1002000,267000,1574495025.0,92,1093,656000,145000,746082325.0,0.655,0.507,2026-05-04
PIIND,103,4221,884450,57400,2476855867.5,103,1018,512225,51100,534875425.0,0.579,0.241,2026-05-04
PNB,81,7617,70592000,7720000,7190564880.0,87,4837,57592000,5344000,4192754880.0,0.816,0.635,2026-05-04
PNBHOUSING,68,1674,1641250,154700,1209917345.0,70,928,1286350,133250,621299640.0,0.784,0.554,2026-05-04
POLICYBZR,58,2866,968800,185500,1783455677.5,62,1175,632800,58800,703823382.5,0.653,0.41,2026-05-04
POLYCAB,57,12328,834500,170125,13599347337.5,66,14969,1164875,204500,14089618862.5,1.396,1.214,2026-05-04
POWERGRID,84,11438,19001900,2756900,7280348845.0,87,5466,12348100,1003200,3298970285.0,0.65,0.478,2026-05-04
POWERINDIA,54,10875,235900,27275,9831859970.0,57,6710,198575,16975,5302217135.0,0.842,0.617,2026-05-04
PREMIERENE,63,3818,1361025,32200,2387859683.75,66,1999,1444975,261625,1156111560.0,1.062,0.524,2026-05-04
PRESTIGE,55,2141,842850,213750,1495152630.0,53,581,733950,13500,372271455.0,0.871,0.271,2026-05-04
RBLBANK,43,10670,19186525,2435225,12109705905.0,49,6507,14208125,1047750,6751935950.0,0.741,0.61,2026-05-04
RECLTD,62,13821,26754000,2094400,7440459740.0,58,6139,15864800,621600,3043496470.0,0.593,0.444,2026-05-04
RELIANCE,102,189583,40771000,357500,143089107100.0,104,124989,37435500,2929000,88457840750.0,0.918,0.659,2026-05-04
RVNL,49,9006,12849650,2128900,4428423252.5,50,3366,7854150,479250,1533128966.25,0.611,0.374,2026-05-04
SAIL,45,1901,6702200,61100,1794981512.0,44,1346,4761100,1076300,1115319823.0,0.71,0.708,2026-05-04
SAMMAANCAP,36,4852,20214300,494500,3315908149.0,36,1850,13841700,559000,1112441089.0,0.685,0.381,2026-05-04
SBICARD,58,7017,8842400,568800,3880994320.0,58,3529,5264000,126400,1793377400.0,0.595,0.503,2026-05-04
SBILIFE,73,7878,3123375,563250,5714607056.25,71,3156,1788000,22500,2121596662.5,0.572,0.401,2026-05-04
SBIN,81,51486,31978500,4428750,43899097875.0,83,29231,23210250,2418000,23139274800.0,0.726,0.568,2026-05-04
SHREECEM,69,2137,40800,3600,1387304480.0,69,854,36450,4400,516482997.5,0.893,0.4,2026-05-04
SHRIRAMFIN,85,20126,18715125,286275,17148337965.0,81,7548,8768925,-51975,5875374697.5,0.469,0.375,2026-05-04
SIEMENS,56,20207,956375,215075,14560785295.0,53,5551,538125,85050,3736400640.0,0.563,0.275,2026-05-04
SOLARINDS,46,1826,102950,5100,1521995607.5,46,1131,71350,-150,803299150.0,0.693,0.619,2026-05-04
SONACOMS,95,11038,4474925,1715000,8446512077.5,97,6581,2545550,441000,4729378631.25,0.569,0.596,2026-05-04
SRF,85,5662,1062800,141000,3069687330.0,92,2236,885600,49800,1135000400.0,0.833,0.395,2026-05-04
SUNPHARMA,72,36969,9427600,1369900,24605184590.0,73,19504,6761300,675500,12175976487.5,0.717,0.528,2026-05-04
SUPREMEIND,62,4507,950425,134400,3121374392.5,61,1845,428400,50750,1169183890.0,0.451,0.409,2026-05-04
SUZLON,48,13638,137604175,17192625,7360092909.0,53,6205,58644450,4304925,3031570692.75,0.426,0.455,2026-05-04
SWIGGY,48,6890,9347000,1636700,2673515260.0,47,2806,6043700,678600,995838090.0,0.647,0.407,2026-05-04
TATACONSUM,80,6090,2390850,406450,4103146685.0,80,1565,1349150,125950,999246572.5,0.564,0.257,2026-05-04
TATAELXSI,68,7941,1354300,145700,3594282815.0,66,2603,603025,53825,1073981450.0,0.445,0.328,2026-05-04
TATAPOWER,70,15916,23160850,3058050,10921127182.5,68,5094,14836400,816350,3283481137.5,0.641,0.32,2026-05-04
TATASTEEL,60,21712,80286250,2257750,13468135147.5,60,12023,52580000,4746500,6933672735.0,0.655,0.554,2026-05-04
TCS,95,53636,11516350,1336575,24187864868.75,95,27898,8463425,244925,11787220301.25,0.735,0.52,2026-05-04
TECHM,57,7229,6375000,506400,6760526730.0,60,4576,4663800,112200,3936552810.0,0.732,0.633,2026-05-04
TIINDIA,91,1145,272200,64200,724702470.0,87,357,216000,2800,211112620.0,0.794,0.312,2026-05-04
TITAN,61,11927,1528975,167825,9690275428.75,60,8319,1281875,219625,6311815676.25,0.838,0.697,2026-05-04
TMPV,57,31512,23577600,5759200,9380830680.0,58,10793,16152800,835200,2944217520.0,0.685,0.343,2026-05-04
TORNTPHARM,62,3305,330625,87375,1856249693.75,63,763,185250,-6000,403365068.75,0.56,0.231,2026-05-04
TRENT,69,31229,3345300,194300,13996582345.0,61,10579,1347150,24950,4337829205.0,0.403,0.339,2026-05-04
TVSMOTOR,114,13921,1463700,265825,9046836023.75,109,5030,891450,68600,3062842370.0,0.609,0.361,2026-05-04
ULTRACEMCO,84,35418,1138500,37400,22184639312.5,85,14988,491800,26150,8692947827.5,0.432,0.423,2026-05-04
UNIONBANK,60,9564,62273025,7699500,7786753831.5,60,3030,31775925,610650,2211545748.75,0.51,0.317,2026-05-04
UNITDSPR,97,3240,2846800,163600,1865434340.0,100,926,1945600,21600,488529960.0,0.683,0.286,2026-05-04
UNOMINDA,44,1150,1019700,205700,773128510.0,42,360,465300,83050,218819947.5,0.456,0.313,2026-05-04
UPL,85,2016,4422720,379400,1879471245.75,87,894,3254710,73170,782578014.25,0.736,0.443,2026-05-04
VBL,71,9146,11112750,274500,5675093043.75,73,4043,6280875,451125,2293055212.5,0.565,0.442,2026-05-04
VEDL,49,133569,24973400,8691700,48736617452.5,49,40030,12556850,5546450,12905277747.5,0.503,0.3,2026-05-04
VMM,75,1054,3099150,761450,676017056.0,72,192,1493800,160050,116885097.0,0.482,0.182,2026-05-04
VOLTAS,69,8739,2436750,111750,5109321075.0,68,3228,1738500,51000,1727320387.5,0.713,0.369,2026-05-04
WAAREEENER,66,43699,4497150,463400,26642072397.5,66,11866,2242975,219275,6441357650.0,0.499,0.272,2026-05-04
WIPRO,62,21121,127791000,7473000,13432703340.0,64,9766,68178000,1893000,5720028240.0,0.534,0.462,2026-05-04
YESBANK,25,9538,357836600,1275100,6544796271.0,24,3491,174782000,6624300,2167529428.0,0.488,0.366,2026-05-04
ZYDUSLIFE,69,1697,2944800,280800,1476789975.0,70,533,2098800,27000,428039415.0,0.713,0.314,2026-05-04
360ONE,46,2058,1010000,-74500,1181898775.0,49,503,581500,-12000,263106925.0,0.576,0.244,2026-05-06
ABB,106,14885,1099250,78500,14453333581.25,105,5887,550500,39750,5323615081.25,0.501,0.395,2026-05-06
ABCAPITAL,60,14933,14024400,-1205900,17992676055.0,64,8308,12235700,365800,9183153250.0,0.872,0.556,2026-05-06
ADANIENSOL,73,11387,5528925,167400,11585303977.5,70,5058,4300425,108000,4703478941.25,0.778,0.444,2026-05-06
ADANIENT,92,49889,7301670,-286752,40561236626.55,103,28499,6136122,538896,21637712068.35,0.84,0.571,2026-05-06
ADANIGREEN,108,24774,7850400,655200,21061641060.0,111,10474,5628600,412200,8249926800.0,0.717,0.423,2026-05-06
ADANIPORTS,73,28567,8611750,-93575,24850555358.75,80,16595,6781575,138225,13403434741.25,0.787,0.581,2026-05-06
ADANIPOWER,79,10969,33100200,1405800,9518202525.5,83,4668,23334150,1775000,3629945680.5,0.705,0.426,2026-05-06
ALKEM,79,7986,245875,29875,5832682356.25,78,2310,160750,10500,1543286487.5,0.654,0.289,2026-05-06
AMBER,72,27596,849400,386400,25153913990.0,77,11166,429100,195800,9155269600.0,0.505,0.405,2026-05-06
AMBUJACEM,68,41733,21333900,-108150,20841748987.5,69,13978,12153900,554550,6478630005.0,0.57,0.335,2026-05-06
ANGELONE,51,12931,15965000,1147500,11000315750.0,44,4136,7890000,255000,3222413500.0,0.494,0.32,2026-05-06
APLAPOLLO,85,8165,1899100,107450,5741346117.5,78,2093,999600,14000,1378191675.0,0.526,0.256,2026-05-06
APOLLOHOSP,104,5426,770500,64000,5588978737.5,105,2199,460875,17875,2102688300.0,0.598,0.405,2026-05-06
ASHOKLEY,68,35057,91810000,3850000,31611974750.0,67,11643,51400000,930000,9365068200.0,0.56,0.332,2026-05-06
ASIANPAINT,84,36702,4351000,468250,23960074100.0,88,21985,3411000,99750,13340330712.5,0.784,0.599,2026-05-06
ASTRAL,61,13712,1773950,186575,9742830602.5,63,4260,1023825,64175,2780063103.75,0.577,0.311,2026-05-06
AUBANK,74,11605,8129000,-30000,12505749800.0,77,5019,4473000,197000,5076677850.0,0.55,0.432,2026-05-06
AUROPHARMA,58,22826,3065150,221650,19229544895.0,53,9438,2463450,769450,7415069282.5,0.804,0.413,2026-05-06
AXISBANK,98,56934,15970000,-891875,47689874687.5,95,31781,11578750,396250,25185368125.0,0.725,0.558,2026-05-06
BAJAJ-AUTO,84,82604,1755150,265125,67495348511.25,83,35509,1343625,169050,26185416033.75,0.766,0.43,2026-05-06
BAJAJFINSV,73,23764,2966250,-46250,11365754050.0,73,11925,2923250,1750,5302761225.0,0.986,0.502,2026-05-06
BAJAJHLDNG,71,3718,69150,6650,2108768770.0,75,427,30200,5050,218485905.0,0.437,0.115,2026-05-06
BAJFINANCE,69,52669,16050750,-566250,40153002112.5,75,26853,13792500,831750,19250747025.0,0.859,0.51,2026-05-06
BANDHANBNK,75,11602,43106400,-1911600,9231319728.0,81,7363,32623200,-1576800,5353497828.0,0.757,0.635,2026-05-06
BANKBARODA,87,16916,33684300,175500,14187638643.75,82,5991,26690625,643500,4717795387.5,0.792,0.354,2026-05-06
BANKINDIA,52,5096,21008000,2007200,4034215224.0,51,2377,14872000,31200,1732639636.0,0.708,0.466,2026-05-06
BANKNIFTY,589,1569979,13784910,-654150,2723307471886.5,589,1339378,13094130,846480,2171605207002.0,0.95,0.853,2026-05-06
BDL,55,8551,2464700,366450,4502738380.0,58,2174,1312150,74900,1050469630.0,0.532,0.254,2026-05-06
BEL,72,27279,44065275,3421425,18065526206.25,71,11768,25353600,-123975,7244086893.75,0.575,0.431,2026-05-06
BHARATFORG,72,13572,3197000,555500,13515927950.0,69,8233,1750500,171500,7768337375.0,0.548,0.607,2026-05-06
BHARTIARTL,73,38059,12585600,-246050,34535261103.75,72,20310,7138300,-15200,17594720883.75,0.567,0.534,2026-05-06
BHEL,146,39662,51725625,-3010875,42239945475.0,150,24831,46809000,5538750,24006016387.5,0.905,0.626,2026-05-06
BIOCON,59,22927,16950000,-5445000,22972817125.0,62,8877,11312500,157500,8235902625.0,0.667,0.387,2026-05-06
BLUESTARCO,76,8225,1571375,459875,5189048182.5,78,2791,953875,244075,1635088341.25,0.607,0.339,2026-05-06
BOSCHLTD,95,1657,54775,6225,1629610665.0,93,599,39200,725,528880003.75,0.716,0.361,2026-05-06
BPCL,52,28152,23050225,1502975,18530206128.75,59,11744,15470175,1009225,7173716166.25,0.671,0.417,2026-05-06
BRITANNIA,86,9504,855875,73125,7223946831.25,86,7081,667125,167125,5013031356.25,0.779,0.745,2026-05-06
BSE,59,33025,5690825,572075,49715689262.5,60,21392,5301750,953250,29365815225.0,0.932,0.648,2026-05-06
CAMS,65,21312,4407000,51750,13530795487.5,69,11865,4202250,-309750,6933066637.5,0.954,0.557,2026-05-06
CANBK,101,13819,70004250,2187000,13603310235.0,104,6118,66568500,2713500,5571820710.0,0.951,0.443,2026-05-06
CDSL,54,32838,6244350,105450,20922252372.5,54,11793,4684925,175275,7002643443.75,0.75,0.359,2026-05-06
CGPOWER,61,50292,7487650,2615450,37642609592.5,61,19157,4603600,2037450,13421070792.5,0.615,0.381,2026-05-06
CHOLAFIN,74,8462,3047500,308750,9449049687.5,73,5912,2681875,228750,5987527375.0,0.88,0.699,2026-05-06
CIPLA,95,25280,5029700,193325,13464033187.5,100,8896,3642375,447000,4422062137.5,0.724,0.352,2026-05-06
COALINDIA,74,29314,29600100,1440450,19722287700.0,75,18079,19187550,1275750,11487681630.0,0.648,0.617,2026-05-06
COCHINSHIP,58,6118,1327200,111600,4559148480.0,59,1368,897200,56400,928995860.0,0.676,0.224,2026-05-06
COFORGE,58,209193,9934125,2372625,106177218600.0,57,111398,7411975,2985475,51610550993.75,0.746,0.533,2026-05-06
COLPAL,86,4827,1327725,80550,2478367192.5,84,1747,909450,47925,850527742.5,0.685,0.362,2026-05-06
CONCOR,70,5146,5721250,530000,3561605562.5,74,1612,4202500,761250,1082315437.5,0.735,0.313,2026-05-06
CROMPTON,79,19260,15483600,1006200,10419295950.0,81,5077,7237800,369000,2584008000.0,0.467,0.264,2026-05-06
CUMMINSIND,71,6619,697400,76800,7391131130.0,73,3531,495800,59200,3634015120.0,0.711,0.533,2026-05-06
DABUR,75,16361,9717500,2322500,10132886562.5,74,4128,5433750,502500,2319041625.0,0.559,0.252,2026-05-06
DALBHARAT,78,4278,1021475,156000,2905322485.0,84,960,529425,4225,612067852.5,0.518,0.224,2026-05-06
DELHIVERY,61,3841,7142150,587225,3942013412.5,62,2155,4195650,-49800,2043236003.75,0.587,0.561,2026-05-06
DIVISLAB,93,11204,707500,65500,7911990595.0,98,5032,477200,63100,3255446145.0,0.674,0.449,2026-05-06
DIXON,84,21525,1186750,115200,13093557340.0,91,9549,1017900,29750,5223873035.0,0.858,0.444,2026-05-06
DLF,87,13539,8149350,19800,7144138938.75,89,5886,5960625,84975,2924198928.75,0.731,0.435,2026-05-06
DMART,74,21572,1631250,-273150,15122450452.5,73,8070,857400,5550,5244424147.5,0.526,0.374,2026-05-06
DRREDDY,107,38124,10065000,499375,32569781468.75,101,15063,5222500,832500,12225666656.25,0.519,0.395,2026-05-06
EICHERMOT,98,14378,1121600,78500,11060646410.0,103,7301,852600,-1000,5190040750.0,0.76,0.508,2026-05-06
ETERNAL,76,35509,89307900,-5415025,23235009775.25,79,20965,50946825,-887550,12632833872.75,0.57,0.59,2026-05-06
EXIDEIND,146,26929,17613000,2471400,18168147270.0,150,17545,10681200,1852200,11124379530.0,0.606,0.652,2026-05-06
FEDERALBNK,84,16773,35330000,902500,13062347875.0,83,7823,20190000,595000,5668886500.0,0.571,0.466,2026-05-06
FINNIFTY,296,6192,191340,24600,10065867078.0,296,5152,151980,35940,7889987988.0,0.794,0.832,2026-05-06
FORCEMOT,44,25045,156000,-4900,13912911326.25,41,7709,70125,15850,3650649002.5,0.45,0.308,2026-05-06
FORTIS,64,2120,1937500,285975,1650870590.0,66,662,775775,-45725,479801957.5,0.4,0.312,2026-05-06
GAIL,101,4187,19999350,2286900,2313558796.5,107,2007,19041750,733950,1031067009.0,0.952,0.479,2026-05-06
GLENMARK,78,9350,2174250,450000,8889612300.0,85,4227,1041375,52500,3764121187.5,0.479,0.452,2026-05-06
GMRAIRPORT,76,10736,63570150,2252925,7826701626.0,74,3603,38669400,2950425,2438578575.0,0.608,0.336,2026-05-06
GODFRYPHLP,75,5219,644325,66000,3515581836.25,78,1750,381975,148225,1075513395.0,0.593,0.335,2026-05-06
GODREJCP,80,13963,2926000,1566500,8143820575.0,81,5553,1529000,544000,2993952975.0,0.523,0.398,2026-05-06
GODREJPROP,88,16995,2878200,-554675,9203856901.25,89,6500,1693450,-127600,3242057761.25,0.588,0.382,2026-05-06
GRASIM,94,4963,1187750,16750,3740867962.5,98,4543,824000,40500,2998805950.0,0.694,0.915,2026-05-06
HAL,79,20838,2608050,61500,15268788975.0,85,11360,1989300,-69900,7703272297.5,0.763,0.545,2026-05-06
HAVELLS,103,6721,5577000,206000,4499548125.0,98,2666,2356500,-4000,1650674150.0,0.423,0.397,2026-05-06
HCLTECH,107,48392,24207100,2032150,21676985005.0,105,19641,11840900,127050,8241926542.5,0.489,0.406,2026-05-06
HDFCAMC,92,6476,1273200,-26100,5774804130.0,93,2754,781200,55800,2289447735.0,0.614,0.425,2026-05-06
HDFCBANK,122,245997,69743050,756650,111799397902.5,121,129575,41580250,3800400,55457632180.0,0.596,0.527,2026-05-06
HDFCLIFE,92,45294,17347000,1194600,31333937855.0,94,16314,9772400,838200,10708471015.0,0.563,0.36,2026-05-06
HEROMOTOCO,81,161718,2649900,437400,131822217120.0,79,75792,1460250,266100,57185723145.0,0.551,0.469,2026-05-06
HINDALCO,81,14584,7263900,754600,11350436930.0,79,8316,5224100,196000,6157720590.0,0.719,0.57,2026-05-06
HINDPETRO,67,22150,12429450,2373300,18693274972.5,70,12119,13190850,1620000,9356653642.5,1.061,0.547,2026-05-06
HINDUNILVR,96,32104,7978200,446400,23252120070.0,99,18430,4189500,-82500,12628574910.0,0.525,0.574,2026-05-06
HINDZINC,50,43160,16944200,530425,35138308598.75,53,20835,12436200,1632925,15570489900.0,0.734,0.483,2026-05-06
HYUNDAI,68,5016,1122000,-40150,2686827742.5,68,1875,972950,130625,917811413.75,0.867,0.374,2026-05-06
ICICIBANK,105,73023,35566300,-583800,67884234775.0,96,43082,21476700,447300,38107199760.0,0.604,0.59,2026-05-06
ICICIGI,70,4978,788450,114725,3036504867.5,66,1750,362375,26650,1014135167.5,0.46,0.352,2026-05-06
ICICIPRULI,92,5400,4421500,-224775,2851438670.0,95,3595,3703700,164650,1764279463.75,0.838,0.666,2026-05-06
IDEA,26,34179,1572235575,-22085775,30789432273.75,24,12496,870779925,36738150,9782329383.75,0.554,0.366,2026-05-06
IDFCFIRSTB,56,13587,104807500,10684800,9310419184.5,56,8425,86229675,2968000,5331998365.75,0.823,0.62,2026-05-06
IEX,94,9175,45120000,1286250,4734341062.5,100,4591,28790550,2311800,2113448590.5,0.638,0.5,2026-05-06
INDHOTEL,90,12240,5328000,590000,8492552300.0,97,6157,5264000,195000,3981274450.0,0.988,0.503,2026-05-06
INDIANB,86,16518,7008000,-110000,15195344500.0,82,7829,3832000,104000,6685795100.0,0.547,0.474,2026-05-06
INDIGO,76,93665,4299450,543000,66405032550.0,82,40898,2577600,494100,26686094250.0,0.6,0.437,2026-05-06
INDUSINDBK,65,13913,6580000,343700,9564087260.0,69,11277,5994100,529200,7249130665.0,0.911,0.811,2026-05-06
INDUSTOWER,69,19181,29255300,-1167900,13973341335.0,68,6471,20374500,-270300,4455639820.0,0.696,0.337,2026-05-06
INFY,105,79657,40464000,4522000,39744547060.0,102,40593,22896000,1874400,18861140040.0,0.566,0.51,2026-05-06
INOXWIND,69,11281,26494325,2216500,4567937016.5,72,2518,13502775,936650,936622115.0,0.51,0.223,2026-05-06
IOC,107,23866,47906625,6196125,18166456327.5,105,9353,32740500,1399125,6604743941.25,0.683,0.392,2026-05-06
IREDA,97,2525,17450100,679650,1269806482.5,93,1001,12050850,396750,458592975.0,0.691,0.396,2026-05-06
IRFC,70,8711,34637500,-212500,4160775712.5,76,2818,26172675,2279175,1256927402.5,0.756,0.323,2026-05-06
ITC,90,58627,109599400,7624375,30410256840.0,93,18073,38868800,8000,9002454400.0,0.355,0.308,2026-05-06
JINDALSTEL,94,8904,3606250,111875,7343739531.25,95,4786,2601875,122500,3796881281.25,0.721,0.538,2026-05-06
JIOFIN,75,22992,62439500,1475800,14492703682.5,76,10311,40119200,1142100,5984509694.5,0.643,0.448,2026-05-06
JSWENERGY,73,4321,5867000,304000,2594084300.0,79,1804,4036000,205000,1028391650.0,0.688,0.417,2026-05-06
JSWSTEEL,82,5519,4544775,-263250,4965959205.0,85,3120,3290625,-65475,2647140851.25,0.724,0.565,2026-05-06
JUBLFOOD,83,6127,7053750,358750,3828057687.5,75,1761,4433750,232500,997142437.5,0.629,0.287,2026-05-06
KALYANKJIL,62,7652,7072325,847175,4010001753.75,63,2580,4018500,492325,1257835678.75,0.568,0.337,2026-05-06
KAYNES,69,17985,1004900,-64000,8255294210.0,69,6910,704800,8100,2818276905.0,0.701,0.384,2026-05-06
KEI,81,16983,725550,-25200,16169257343.75,83,7608,586950,12950,6505212315.0,0.809,0.448,2026-05-06
KFINTECH,92,8383,3452500,-893000,4092080325.0,92,3581,2395075,-151500,1538716850.0,0.694,0.427,2026-05-06
KOTAKBANK,124,42754,47718000,-828000,33400740700.0,124,20565,29022000,-2446000,15309639700.0,0.608,0.481,2026-05-06
KPITTECH,63,141725,5533925,2866625,48694891035.0,65,78542,3013675,1447975,25165513355.0,0.545,0.554,2026-05-06
LAURUSLABS,94,18806,6482950,143650,19813490735.0,94,9930,3972050,121550,9802115085.0,0.613,0.528,2026-05-06
LICHSGFIN,72,29432,6181000,687000,17819047800.0,74,9158,4358000,832000,5180822650.0,0.705,0.311,2026-05-06
LICI,106,5045,6003200,-70700,3001618795.0,105,2353,3491600,-135800,1320702495.0,0.582,0.466,2026-05-06
LODHA,70,12063,2242350,-265500,5375096752.5,76,4099,1629900,-67050,1659734392.5,0.727,0.34,2026-05-06
LT,128,212302,8452500,2720200,155005118388.75,131,90297,5061000,557200,61602912980.0,0.599,0.425,2026-05-06
LTF,45,15507,14487750,-380250,10903759987.5,50,5315,10766250,126000,3476121187.5,0.743,0.343,2026-05-06
LTM,70,10867,1072500,134850,7405433820.0,69,3630,612750,-46350,2269120635.0,0.571,0.334,2026-05-06
LUPIN,84,43298,3519425,255425,46516196981.25,85,15780,2670700,631550,15730350410.0,0.759,0.364,2026-05-06
M&M,113,124452,5683600,-241400,85249940170.0,114,62823,5029000,412800,40294220770.0,0.885,0.505,2026-05-06
MANAPPURAM,45,5978,12201000,-387000,5861700600.0,48,3440,8811000,291000,3127643850.0,0.722,0.575,2026-05-06
MANKIND,94,20984,1055925,-43875,11665501560.0,88,2964,773775,86850,1543428112.5,0.733,0.141,2026-05-06
MARICO,106,33165,8059200,1231200,34195760220.0,108,21372,5737200,687600,20722710180.0,0.712,0.644,2026-05-06
MARUTI,95,72796,2050450,-216950,52061166445.0,97,33443,994100,78250,21968431505.0,0.485,0.459,2026-05-06
MAXHEALTH,91,3819,2504775,265125,2144902567.5,90,1703,1277325,-34650,909653508.75,0.51,0.446,2026-05-06
MAZDOCK,111,15634,4426000,10000,8862279230.0,120,4597,1853200,21000,2419164750.0,0.419,0.294,2026-05-06
MCX,47,12344,4812500,-106875,24465418812.5,49,7777,3738125,351250,13790372250.0,0.777,0.63,2026-05-06
MFSL,61,3317,762000,277200,2296105520.0,60,821,389600,65600,529777080.0,0.511,0.248,2026-05-06
MIDCPNIFTY,512,91694,4194000,551160,162074864598.0,512,123527,5417160,1252200,202594962642.0,1.292,1.347,2026-05-06
MOTHERSON,108,8435,27945600,-295200,6931853190.0,110,2891,22035450,1660500,2164527370.5,0.789,0.343,2026-05-06
MOTILALOFS,83,3854,2108000,-122450,2716309435.0,85,1932,1357800,-94550,1217138275.0,0.644,0.501,2026-05-06
MPHASIS,91,10235,1588400,-10725,6698611273.75,87,2941,947375,-5225,1797438885.0,0.596,0.287,2026-05-06
MUTHOOTFIN,57,5140,1275725,198275,5306220576.25,58,2608,846175,87175,2452519932.5,0.663,0.507,2026-05-06
NAM-INDIA,43,7440,1342500,-71250,5322669031.25,40,1437,535625,-15000,905274218.75,0.399,0.193,2026-05-06
NATIONALUM,75,16789,29827500,1207500,13906587750.0,75,8537,15761250,180000,6533171531.25,0.528,0.508,2026-05-06
NAUKRI,83,6175,2840250,228375,2420067525.0,82,2078,988125,-15000,764842668.75,0.348,0.337,2026-05-06
NBCC,59,4513,16451500,1228500,2970364670.0,66,1605,12941500,1807000,967941325.0,0.787,0.356,2026-05-06
NESTLEIND,96,9909,4218000,205000,7577630600.0,101,9402,4548000,808000,6805677025.0,1.078,0.949,2026-05-06
NHPC,60,5137,41305600,1792000,2869140032.0,62,1279,23942400,1459200,678682368.0,0.58,0.249,2026-05-06
NIFTY,931,30147570,179240005,31988245,48519660891588.25,953,30361471,212634745,53791275,46866568006869.0,1.186,1.007,2026-05-06
NIFTYNXT50,697,364,3625,1550,664382707.5,697,22,400,200,39280560.0,0.11,0.06,2026-05-06
NMDC,68,6330,72123750,1842750,4053148065.0,70,2076,35862750,1883250,1237689315.0,0.497,0.328,2026-05-06
NTPC,103,26055,42199500,3379500,16216338825.0,99,9124,15678000,876000,5466164925.0,0.372,0.35,2026-05-06
NUVAMA,61,2731,810500,114500,2000366400.0,60,1113,506500,156000,760549525.0,0.625,0.408,2026-05-06
NYKAA,73,2904,6940625,1268750,2604214531.25,73,602,3553125,456250,504122968.75,0.512,0.207,2026-05-06
OBEROIRLTY,55,2023,1107750,95200,1263500350.0,54,614,397250,36400,358077020.0,0.359,0.304,2026-05-06
OFSS,75,6932,637350,3075,5301275092.5,74,12184,698475,46125,7540889812.5,1.096,1.758,2026-05-06
OIL,90,9955,11859400,2549400,6954540600.0,86,5219,5335400,450800,3399952430.0,0.45,0.524,2026-05-06
ONGC,88,41792,57163500,10140750,28492116862.5,86,17336,18841500,1620000,11164142812.5,0.33,0.415,2026-05-06
PAGEIND,92,1008,20400,-345,601398791.25,87,2230,16905,1020,1003025265.0,0.829,2.212,2026-05-06
PATANJALI,71,4986,4652100,-38700,2183183775.0,71,1030,2890800,81900,431593560.0,0.621,0.207,2026-05-06
PAYTM,82,19836,6801225,1078075,17099796821.25,88,12620,5813775,429200,10083051868.75,0.855,0.636,2026-05-06
PERSISTENT,80,36754,1414700,-126100,19358649140.0,76,14835,919600,1800,7227627635.0,0.65,0.404,2026-05-06
PETRONET,88,13835,12557100,1748000,7980145350.0,91,3816,10721700,693500,2030152280.0,0.854,0.276,2026-05-06
PFC,69,12355,20449000,625300,7787532155.0,67,5434,11759800,182000,3249854660.0,0.575,0.44,2026-05-06
PGEL,51,6024,4479250,241300,3386014225.0,53,2644,3705950,33250,1328233380.0,0.827,0.439,2026-05-06
PHOENIXLTD,63,3874,1066800,40250,2619617735.0,61,1127,656250,-31500,708398460.0,0.615,0.291,2026-05-06
PIDILITIND,95,14435,1664000,404500,10682740550.0,95,5378,944500,182500,3757417825.0,0.568,0.373,2026-05-06
PIIND,106,5237,994350,10150,2990519612.5,107,1487,513275,-15575,805645373.75,0.516,0.284,2026-05-06
PNB,84,28532,105928000,4064000,26522803040.0,89,19143,72488000,3912000,16649382640.0,0.684,0.671,2026-05-06
PNBHOUSING,68,5002,2245750,243100,3639104787.5,70,1282,1314950,28600,876498642.5,0.586,0.256,2026-05-06
POLICYBZR,58,17418,1681400,457450,10995589045.0,62,10643,1064700,343350,6347978612.5,0.633,0.611,2026-05-06
POLYCAB,61,45590,1250875,354875,51080559125.0,70,28047,1362875,167625,28276120400.0,1.09,0.615,2026-05-06
POWERGRID,84,11396,24183200,1430700,7181426675.0,87,5130,12051700,5700,3114102660.0,0.498,0.45,2026-05-06
POWERINDIA,56,12512,244750,17850,11253229272.5,59,17573,211700,-6200,12694884071.25,0.865,1.404,2026-05-06
PREMIERENE,63,4678,2275850,263350,2911815582.5,66,2554,2036650,104650,1476411773.75,0.895,0.546,2026-05-06
PRESTIGE,57,1708,1062000,63900,1191752460.0,55,424,789750,-19800,270788782.5,0.744,0.248,2026-05-06
RBLBANK,45,11942,19926300,292100,13506675901.25,50,4789,15087600,669925,5097682051.25,0.757,0.401,2026-05-06
RECLTD,62,17852,28649600,464800,9552665360.0,58,8722,17333575,544775,4320022140.0,0.605,0.489,2026-05-06
RELIANCE,108,198227,48645000,8559000,149206636100.0,110,120725,35061500,-2022000,86265149550.0,0.721,0.609,2026-05-06
RVNL,49,10437,14223675,-611525,5167026960.0,50,1965,8691900,167000,890030336.25,0.611,0.188,2026-05-06
SAIL,47,1265,7792600,225600,1186956565.0,46,561,5405000,9400,483318578.0,0.694,0.443,2026-05-06
SAMMAANCAP,38,8342,21590300,288100,5705397853.0,38,1569,13256900,-172000,953654731.0,0.614,0.188,2026-05-06
SBICARD,58,9095,8828000,-126400,5019428520.0,58,5292,5696800,398400,2671680960.0,0.645,0.582,2026-05-06
SBILIFE,75,11870,4016625,-231000,8599421943.75,73,5558,2110500,141750,3798110531.25,0.525,0.468,2026-05-06
SBIN,83,104134,33020250,-1868250,88474413675.0,85,49931,25122750,1239750,39547997700.0,0.761,0.479,2026-05-06
SHREECEM,72,6408,57275,16900,4176610242.5,71,3054,49550,13900,1879513726.25,0.865,0.477,2026-05-06
SHRIRAMFIN,85,32945,16006650,-2696100,28589154990.0,81,17507,9428100,330825,13938322035.0,0.589,0.531,2026-05-06
SIEMENS,57,5704,1048600,14525,4052968683.75,55,2545,527450,-14175,1687922818.75,0.503,0.446,2026-05-06
SOLARINDS,51,4780,114300,6150,4008610100.0,52,2999,87150,800,2110802335.0,0.762,0.627,2026-05-06
SONACOMS,95,3954,4701550,-75950,2981024147.5,97,1526,2730525,-3675,1100928386.25,0.581,0.386,2026-05-06
SRF,104,134103,1921000,463400,75268860360.0,110,57759,1900200,790800,30648906020.0,0.989,0.431,2026-05-06
SUNPHARMA,75,49253,9716000,71400,32981665587.5,76,24905,7490350,623000,15810410542.5,0.771,0.506,2026-05-06
SUPREMEIND,62,5950,906500,-39900,4067889787.5,61,3783,385700,-13825,2143173226.25,0.425,0.636,2026-05-06
SUZLON,50,16207,160202775,7283175,8717778170.0,54,4688,61658800,1480100,2246480527.75,0.385,0.289,2026-05-06
SWIGGY,48,5898,10360225,121425,2303737380.0,47,2494,6158625,161200,886762630.0,0.594,0.423,2026-05-06
TATACONSUM,80,6964,3045350,476300,4653729300.0,80,1802,1425600,53900,1142640537.5,0.468,0.259,2026-05-06
TATAELXSI,70,19999,1374200,6600,9144148175.0,68,5950,618700,33475,2496464470.0,0.45,0.298,2026-05-06
TATAPOWER,70,15228,26865600,536500,10342554852.5,68,5492,16182000,-526350,3438565380.0,0.602,0.361,2026-05-06
TATASTEEL,60,26750,80638250,-2667500,16586263265.0,60,18509,57271500,3437500,10713458992.5,0.71,0.692,2026-05-06
TCS,100,89260,13320025,1392600,39702843746.25,100,44307,9109125,621975,18673021591.25,0.684,0.496,2026-05-06
TECHM,57,8841,6663600,85800,8162307720.0,60,4299,4504800,-128400,3701216550.0,0.676,0.486,2026-05-06
TIINDIA,97,2027,431600,96600,1268677830.0,92,580,238600,11800,346718700.0,0.553,0.286,2026-05-06
TITAN,63,27095,1934275,205450,21707842520.0,61,17279,1351525,-8925,13149737702.5,0.699,0.638,2026-05-06
TMPV,62,54276,26910400,986400,16342333200.0,63,24956,17364800,927200,6878630960.0,0.645,0.46,2026-05-06
TORNTPHARM,67,8244,424875,10375,4670843806.25,68,2089,216625,22500,1119233487.5,0.51,0.253,2026-05-06
TRENT,69,81270,3237200,-315200,36655541500.0,61,26915,1466500,91450,11200168985.0,0.453,0.331,2026-05-06
TVSMOTOR,114,21037,1594075,25375,13743724093.75,109,5701,962850,44975,3531706578.75,0.604,0.271,2026-05-06
ULTRACEMCO,86,32034,1155950,-42950,20171780907.5,90,15092,475050,-21750,8857412832.5,0.411,0.471,2026-05-06
UNIONBANK,61,14338,68096325,1269975,11600725361.25,61,5320,31652025,-964650,3892866138.0,0.465,0.371,2026-05-06
UNITDSPR,97,12982,3671200,704000,7122938760.0,100,7916,2468800,436800,4135604660.0,0.672,0.61,2026-05-06
UNOMINDA,46,3866,1270500,101200,2535679135.0,45,929,539550,53350,563451900.0,0.425,0.24,2026-05-06
UPL,85,4981,5196425,485090,4644982885.75,87,2258,3406470,82655,2007000932.5,0.656,0.453,2026-05-06
VBL,73,6313,11612250,380250,3820993256.25,75,3650,6458625,18000,2083286981.25,0.556,0.578,2026-05-06
VEDL,54,107555,30055250,2441450,41883511060.0,54,52240,22689500,4466600,18182070745.0,0.755,0.486,2026-05-06
VMM,79,792,3981850,809950,505820225.5,79,267,1775100,126100,165915978.0,0.446,0.337,2026-05-06
VOLTAS,76,13155,4331625,542625,7364600925.0,74,6092,2995500,466500,3170201981.25,0.692,0.463,2026-05-06
WAAREEENER,66,22256,4265100,-194775,13453988353.75,66,7799,2372125,17150,4256787972.5,0.556,0.35,2026-05-06
WIPRO,62,24869,131769000,429000,15794614080.0,64,11870,69540000,-663000,6896124960.0,0.528,0.477,2026-05-06
YESBANK,25,66008,404455500,63008600,47826368074.0,26,20477,246840700,51781500,13247910513.0,0.61,0.31,2026-05-06
ZYDUSLIFE,69,10079,3600000,549000,8916501240.0,70,2767,2247300,98100,2271045330.0,0.624,0.275,2026-05-06
360ONE,47,2626,804500,-205500,1528877225.0,50,998,633000,51500,528574425.0,0.787,0.38,2026-05-07
ABB,106,20995,1258250,159000,20092210150.0,105,9692,615750,65250,8658446587.5,0.489,0.462,2026-05-07
ABCAPITAL,62,8232,15097000,1072600,9974318975.0,66,4438,12068300,-167400,4971538975.0,0.799,0.539,2026-05-07
ADANIENSOL,73,12714,7122600,1593675,12992625416.25,70,4944,4627800,327375,4607090426.25,0.65,0.389,2026-05-07
ADANIENT,102,21333,7727781,426111,17450279734.8,113,13656,5960610,-175512,10577113028.25,0.771,0.64,2026-05-07
ADANIGREEN,111,12983,8332200,481800,11191996980.0,114,7301,5951400,322800,5764876530.0,0.714,0.562,2026-05-07
ADANIPORTS,73,18580,9357500,745750,16112514187.5,80,14126,6820525,38950,11342073203.75,0.729,0.76,2026-05-07
ADANIPOWER,79,7319,32482500,-617700,6425810270.0,83,4218,23298650,-35500,3273494156.5,0.717,0.576,2026-05-07
ALKEM,84,1092,245875,0,790663387.5,86,253,161375,625,171583512.5,0.656,0.232,2026-05-07
AMBER,72,19507,1050300,200900,18398891410.0,77,12032,542600,113500,9932551380.0,0.517,0.617,2026-05-07
AMBUJACEM,68,21231,20136900,-1197000,10727672130.0,69,7865,12981300,827400,3697752082.5,0.645,0.37,2026-05-07
ANGELONE,52,13748,18987500,3022500,11824120250.0,46,4166,9022500,1132500,3294462125.0,0.475,0.303,2026-05-07
APLAPOLLO,85,11942,1787450,-111650,8656994885.0,78,4077,1152900,153300,2695506992.5,0.645,0.341,2026-05-07
APOLLOHOSP,104,7309,817750,47250,7483879462.5,105,3740,552375,91500,3525538387.5,0.675,0.512,2026-05-07
ASHOKLEY,69,31094,89280000,-2530000,28497993300.0,68,10987,53370000,1970000,9233294650.0,0.598,0.353,2026-05-07
ASIANPAINT,88,29591,4908750,557750,19502003500.0,94,13160,3495750,84750,8148798575.0,0.712,0.445,2026-05-07
ASTRAL,63,8186,2057000,283050,5776842122.5,66,2065,1150050,126225,1384104703.75,0.559,0.252,2026-05-07
AUBANK,75,8376,8173000,44000,9044469200.0,78,4224,4547000,74000,4315639050.0,0.556,0.504,2026-05-07
AUROPHARMA,64,6062,3159200,94050,5164916212.5,60,4138,2547050,83600,3314394105.0,0.806,0.683,2026-05-07
AXISBANK,98,31151,16386875,416875,26220976687.5,95,21033,11269375,-309375,16918178937.5,0.688,0.675,2026-05-07
BAJAJ-AUTO,87,216196,2035425,280275,179274001368.75,86,87357,1643025,299400,67015743783.75,0.807,0.404,2026-05-07
BAJAJFINSV,76,10560,3192800,226550,5040342835.0,76,5966,2973250,50000,2686391400.0,0.931,0.565,2026-05-07
BAJAJHLDNG,74,12975,162800,93650,7367587100.0,78,2158,59800,29600,1133945372.5,0.367,0.166,2026-05-07
BAJFINANCE,75,17276,16557750,507000,13177193025.0,81,10952,13701000,-91500,7920084900.0,0.827,0.634,2026-05-07
BANDHANBNK,75,6955,44409600,1303200,5475027708.0,81,4761,31327200,-1296000,3477293352.0,0.705,0.685,2026-05-07
BANKBARODA,88,9513,36819900,3135600,7976953530.0,83,3210,27632475,941850,2524154782.5,0.75,0.337,2026-05-07
BANKINDIA,52,2412,22131200,1123200,1907393020.0,51,1472,16822000,1950000,1136166824.0,0.76,0.61,2026-05-07
BANKNIFTY,591,1111571,14373150,588240,1941173563878.0,591,863855,13298070,203940,1423300499415.0,0.925,0.777,2026-05-07
BDL,68,28842,2533025,68325,15501346032.5,71,6953,1619450,307300,3444191887.5,0.639,0.241,2026-05-07
BEL,72,29983,47047800,2982525,19959543438.75,71,11952,27740475,2386875,7450156642.5,0.59,0.399,2026-05-07
BHARATFORG,87,82233,5070500,1873500,85116153600.0,84,43528,3375500,1625000,41372648200.0,0.666,0.529,2026-05-07
BHARTIARTL,73,31577,14592475,2006875,28605860780.0,72,15412,7499775,361475,13229746692.5,0.514,0.488,2026-05-07
BHEL,171,76211,53699625,1974000,84384338587.5,175,45182,57983625,11174625,45410602387.5,1.08,0.593,2026-05-07
BIOCON,64,14793,19410000,2460000,14966178375.0,67,6652,12940000,1627500,6292087750.0,0.667,0.45,2026-05-07
BLUESTARCO,76,22616,2129400,558025,13981738923.75,78,10051,1186575,232700,5811058418.75,0.557,0.444,2026-05-07
BOSCHLTD,97,16174,85750,30975,16435825125.0,96,4203,59600,20400,3911855643.75,0.695,0.26,2026-05-07
BPCL,54,20181,25748075,2697850,13240769423.75,61,8928,18091000,2620825,5547908115.0,0.703,0.442,2026-05-07
BRITANNIA,86,32424,1132250,276375,24745157493.75,86,16783,829000,161875,11981099875.0,0.732,0.518,2026-05-07
BSE,66,68396,7506950,1816125,106533449193.75,67,34924,6644250,1342500,49494684375.0,0.885,0.511,2026-05-07
CAMS,67,16256,4511250,104250,10615562175.0,71,8408,4791750,589500,5003487112.5,1.062,0.517,2026-05-07
CANBK,102,8459,75856500,5852250,8284965525.0,105,3633,69005250,2436750,3295834110.0,0.91,0.429,2026-05-07
CDSL,54,12661,6612475,368125,8121323211.25,54,4862,4864475,179550,2922587766.25,0.736,0.384,2026-05-07
CGPOWER,76,75515,7522500,34850,57816678870.0,78,22594,5364350,760750,16120346262.5,0.713,0.299,2026-05-07
CHOLAFIN,79,4700,3076875,29375,5225516187.5,78,4535,2646875,-35000,4684939718.75,0.86,0.965,2026-05-07
CIPLA,99,12574,5369075,339375,6763168612.5,104,6392,3811125,168750,3238321687.5,0.71,0.508,2026-05-07
COALINDIA,75,96591,36049050,6448950,63747727245.0,76,62212,18337050,-850500,39294013342.5,0.509,0.644,2026-05-07
COCHINSHIP,58,7424,1208000,-119200,5619968460.0,59,1534,975600,78400,1054847340.0,0.808,0.207,2026-05-07
COFORGE,60,43508,9799500,-134625,22294879875.0,59,25732,7313725,-98250,12201438000.0,0.746,0.591,2026-05-07
COLPAL,86,3873,1338075,10350,1970887623.75,84,2222,896400,-13050,1070523461.25,0.67,0.574,2026-05-07
CONCOR,70,4355,5641250,-80000,3015797812.5,74,1717,3773750,-428750,1155699437.5,0.669,0.394,2026-05-07
CROMPTON,83,18794,16372800,889200,10331125560.0,85,5770,8355600,1117800,2967686460.0,0.51,0.307,2026-05-07
CUMMINSIND,72,7973,706800,9400,8949296590.0,74,2835,544600,48800,2976392280.0,0.771,0.356,2026-05-07
DABUR,77,22135,13412500,3695000,13828072875.0,76,6506,7095000,1661250,3602008312.5,0.529,0.294,2026-05-07
DALBHARAT,78,1801,1053650,32175,1213959565.0,84,566,555100,25675,357461325.0,0.527,0.314,2026-05-07
DELHIVERY,62,13589,9094725,1952575,14307412906.25,63,5273,4562925,367275,5134490805.0,0.502,0.388,2026-05-07
DIVISLAB,94,4998,751000,43500,3532868305.0,99,3132,514700,37500,2062728435.0,0.685,0.627,2026-05-07
DIXON,84,24723,1359550,172800,14961666767.5,91,11956,1101700,83800,6621072570.0,0.81,0.484,2026-05-07
DLF,88,14570,8123775,-25575,7746205128.75,91,4522,6053850,93225,2272706081.25,0.745,0.31,2026-05-07
DMART,74,10344,1706700,75450,7210902720.0,73,6609,824850,-32550,4318251127.5,0.483,0.639,2026-05-07
DRREDDY,107,19468,11363125,1298125,16592434781.25,101,9917,5722500,500000,8038739468.75,0.504,0.509,2026-05-07
EICHERMOT,98,28899,1255300,133700,22412300020.0,103,8645,879800,27200,6277918500.0,0.701,0.299,2026-05-07
ETERNAL,77,21184,87137525,-2170375,13994122439.5,80,13129,50874075,-72750,8040377893.75,0.584,0.62,2026-05-07
EXIDEIND,146,16863,15580800,-2032200,11429895780.0,150,8053,10198800,-482400,5165977770.0,0.655,0.478,2026-05-07
FEDERALBNK,84,14175,33155000,-2175000,10968192000.0,83,5887,19387500,-802500,4276433875.0,0.585,0.415,2026-05-07
FINNIFTY,297,9599,221340,30000,15791408832.0,297,4917,179940,27960,7619149416.0,0.813,0.512,2026-05-07
FORCEMOT,44,9893,129975,-26025,5656992798.75,41,3486,68400,-1725,1675731158.75,0.526,0.352,2026-05-07
FORTIS,64,1475,2083200,145700,1140468610.0,66,523,831575,55800,386093491.25,0.399,0.355,2026-05-07
GAIL,101,5616,21388500,1389150,3096408231.0,107,1895,19391400,349650,997843738.5,0.907,0.337,2026-05-07
GLENMARK,80,3254,2237625,63375,3081935756.25,86,1269,1024875,-16500,1132754906.25,0.458,0.39,2026-05-07
GMRAIRPORT,77,10588,58450500,-5119650,7792986568.5,75,2803,38585700,-83700,1916184973.5,0.66,0.265,2026-05-07
GODFRYPHLP,79,5937,682825,38500,4058045103.75,82,1591,410575,28600,998397867.5,0.601,0.268,2026-05-07
GODREJCP,93,36096,5954500,3028500,20083221025.0,93,19553,2933500,1404500,10178956425.0,0.493,0.542,2026-05-07
GODREJPROP,88,13423,2890850,12650,7280219182.5,89,6045,1733600,40150,3077250481.25,0.6,0.45,2026-05-07
GRASIM,99,10925,1469750,282000,8386492275.0,103,5542,883500,59500,3867967187.5,0.601,0.507,2026-05-07
HAL,79,56500,2837850,229800,41998000440.0,85,24354,2266950,277650,16996166152.5,0.799,0.431,2026-05-07
HAVELLS,103,10441,5731000,154000,6941087100.0,98,4280,2333500,-23000,2689510050.0,0.407,0.41,2026-05-07
HCLTECH,112,37823,25394300,1187200,16754907802.5,110,16440,11845100,4200,6879635525.0,0.466,0.435,2026-05-07
HDFCAMC,94,6704,1274400,1200,5984916360.0,95,1775,845400,64200,1474586295.0,0.663,0.265,2026-05-07
HDFCBANK,126,149471,74198750,4455700,68164613980.0,126,87140,44222100,2641850,37933049497.5,0.596,0.583,2026-05-07
HDFCLIFE,96,61416,18631800,1284800,43450704495.0,98,23457,12851300,3078900,15747896670.0,0.69,0.382,2026-05-07
HEROMOTOCO,95,109031,2384700,-265200,92022503745.0,96,55734,1834650,374400,43564881240.0,0.769,0.511,2026-05-07
HINDALCO,81,12649,7422800,158900,9783621855.0,79,7798,5490100,266000,5763393090.0,0.74,0.616,2026-05-07
HINDPETRO,72,18921,13804425,1374975,16202395575.0,75,9795,13909725,718875,7839718852.5,1.008,0.518,2026-05-07
HINDUNILVR,96,27749,8873100,894900,19972035495.0,99,15347,4729200,539700,10524839475.0,0.533,0.553,2026-05-07
HINDZINC,55,31286,18286800,1342600,25873158727.5,58,18729,13782475,1346275,14290650447.5,0.754,0.599,2026-05-07
HYUNDAI,68,4490,1273250,151250,2407837437.5,68,1242,958650,-14300,608399068.75,0.753,0.277,2026-05-07
ICICIBANK,105,63048,35914200,347900,58763578930.0,96,38237,21406700,-70000,34292164620.0,0.596,0.606,2026-05-07
ICICIGI,73,8847,832650,44200,5497555570.0,71,3545,494000,131625,2075520183.75,0.593,0.401,2026-05-07
ICICIPRULI,98,8899,4824800,403300,4818424668.75,100,6788,4818325,1114625,3479570326.25,0.999,0.763,2026-05-07
IDEA,27,13070,1609545525,37309950,11878105753.5,25,5631,877998900,7218975,4331344259.25,0.545,0.431,2026-05-07
IDFCFIRSTB,56,9507,104798225,-9275,6565386289.0,56,6478,89559400,3329725,4167888849.25,0.855,0.681,2026-05-07
IEX,97,16505,42618750,-2501250,8581170300.0,103,6148,26945550,-1845000,2908478287.5,0.632,0.372,2026-05-07
INDHOTEL,96,7876,5989000,661000,5506358300.0,104,3587,5351000,87000,2361014750.0,0.893,0.455,2026-05-07
INDIANB,86,5326,7192000,184000,4904037050.0,82,2918,3862000,30000,2514644050.0,0.537,0.548,2026-05-07
INDIGO,78,45557,4329000,29550,32750685187.5,84,23539,2545500,-32100,15693520057.5,0.588,0.517,2026-05-07
INDUSINDBK,73,10793,6572300,-7700,7447608420.0,77,10113,5970300,-23800,6585109195.0,0.908,0.937,2026-05-07
INDUSTOWER,69,11958,31509500,2254200,8660077440.0,68,4816,20779100,404600,3336088500.0,0.659,0.403,2026-05-07
INFY,105,51129,41089200,625200,25413874880.0,102,25335,23132000,236000,11772383260.0,0.563,0.496,2026-05-07
INOXWIND,75,3990,26594425,100100,1613171595.75,79,952,13781625,278850,356402653.75,0.518,0.239,2026-05-07
IOC,114,12180,49315500,1408875,9279836962.5,111,5187,35465625,2725125,3707460656.25,0.719,0.426,2026-05-07
IREDA,97,1776,18402300,952200,888352402.5,93,564,12347550,296700,262751724.0,0.671,0.318,2026-05-07
IRFC,73,8277,38543250,3905750,3964191537.5,79,1924,27868425,1695750,864336015.0,0.723,0.232,2026-05-07
ITC,90,44338,109971600,372200,22936056206.25,93,14560,38745600,-123200,7223919360.0,0.352,0.328,2026-05-07
JINDALSTEL,94,9042,3763750,157500,7472169750.0,95,4554,2662500,60625,3630556687.5,0.707,0.504,2026-05-07
JIOFIN,75,18921,67365100,4925600,11852175697.0,76,7890,41237800,1118600,4659649959.5,0.612,0.417,2026-05-07
JSWENERGY,76,6911,6096000,229000,4161669750.0,83,3238,4444000,408000,1861626850.0,0.729,0.469,2026-05-07
JSWSTEEL,82,6496,4578525,33750,5858267625.0,85,2323,3225150,-65475,1981907662.5,0.704,0.358,2026-05-07
JUBLFOOD,83,5300,7073750,20000,3315298875.0,75,2136,5160000,726250,1262496500.0,0.729,0.403,2026-05-07
KALYANKJIL,63,9583,8933525,1861200,4998183980.0,64,3878,4408600,390100,1875283902.5,0.493,0.405,2026-05-07
KAYNES,74,21763,1201500,196600,10097184475.0,76,6953,710500,5700,2928586850.0,0.591,0.319,2026-05-07
KEI,84,22514,757575,32025,21282254533.75,86,37026,958125,371175,31477929035.0,1.265,1.645,2026-05-07
KFINTECH,92,5123,3190000,-262500,2523617600.0,92,2957,2416075,21000,1309381325.0,0.757,0.577,2026-05-07
KOTAKBANK,124,31340,47512000,-206000,24611729100.0,124,16214,28106000,-916000,12248334700.0,0.592,0.517,2026-05-07
KPITTECH,67,56602,8225875,2691950,18654736055.0,68,28129,3869975,856300,8617116876.25,0.47,0.497,2026-05-07
LAURUSLABS,96,17906,6486350,3400,19168615242.5,96,8899,4519450,547400,8921622355.0,0.697,0.497,2026-05-07
LICHSGFIN,81,9138,6165000,-16000,5607857100.0,82,3200,4561000,203000,1854870550.0,0.74,0.35,2026-05-07
LICI,106,6699,6584200,581000,4010040860.0,105,2263,3431400,-60200,1247998115.0,0.521,0.338,2026-05-07
LODHA,76,7018,2268000,25650,3165414322.5,82,4825,1818900,189000,2028218040.0,0.802,0.688,2026-05-07
LT,128,77681,8620150,167650,57056660141.25,131,25788,4975425,-85575,17748506352.5,0.577,0.332,2026-05-07
LTF,49,8405,14829750,342000,6041331787.5,55,2923,11322000,555750,1934406900.0,0.763,0.348,2026-05-07
LTM,70,5940,1199550,127050,4001408377.5,69,1788,640200,27450,1137119692.5,0.534,0.301,2026-05-07
LUPIN,95,30380,4827575,1308150,33392533390.0,96,15418,3193025,522325,15701486343.75,0.661,0.508,2026-05-07
M&M,121,71079,5285800,-397800,49656593130.0,124,37628,5373000,344000,24558172470.0,1.016,0.529,2026-05-07
MANAPPURAM,46,5474,11088000,-1113000,5390277150.0,50,2326,8817000,6000,2118810600.0,0.795,0.425,2026-05-07
MANKIND,99,5810,1067400,11475,3250594316.25,93,1122,740250,-33525,577069121.25,0.694,0.193,2026-05-07
MARICO,109,9636,7298400,-760800,9894067080.0,111,5616,6231600,494400,5491345980.0,0.854,0.583,2026-05-07
MARUTI,98,54184,2120450,70000,39150779160.0,100,24539,1030650,36550,16428605860.0,0.486,0.453,2026-05-07
MAXHEALTH,91,2910,2678025,173250,1637778318.75,90,821,1309875,32550,435513671.25,0.489,0.282,2026-05-07
MAZDOCK,111,18430,4195600,-230400,10440511150.0,120,4092,1894000,40800,2157776610.0,0.451,0.222,2026-05-07
MCX,47,18737,5163125,350625,37787141468.75,49,8182,3998750,260625,14811183250.0,0.774,0.437,2026-05-07
MFSL,65,5834,1481200,719200,4117151620.0,66,3059,943600,554000,1992734460.0,0.637,0.524,2026-05-07
MIDCPNIFTY,560,96557,4692720,498720,173444050866.0,560,102073,6712080,1294920,171617400180.0,1.43,1.057,2026-05-07
MOTHERSON,109,8395,30602400,2656800,7101190672.5,112,3635,24981300,2945850,2837174395.5,0.816,0.433,2026-05-07
MOTILALOFS,83,3593,2132800,24800,2605771146.25,85,1539,1676325,318525,995053112.5,0.786,0.428,2026-05-07
MPHASIS,91,7207,1578225,-10175,4628403725.0,87,3299,1004300,56925,2004864193.75,0.636,0.458,2026-05-07
MUTHOOTFIN,58,9020,1443200,167475,9363315458.75,59,2504,925100,78925,2396149511.25,0.641,0.278,2026-05-07
NAM-INDIA,46,2696,1271250,-71250,1954849312.5,44,1166,716250,180625,742769937.5,0.563,0.432,2026-05-07
NATIONALUM,75,8699,31128750,1301250,7145951812.5,75,3689,15946875,185625,2813621156.25,0.512,0.424,2026-05-07
NAUKRI,83,4398,3013500,173250,1712102400.0,82,1505,1157250,169125,558169987.5,0.384,0.342,2026-05-07
NBCC,62,2972,16633500,182000,1958533590.0,69,1016,13572000,630500,618083050.0,0.816,0.342,2026-05-07
NESTLEIND,98,5178,4042000,-176000,3934655425.0,103,5314,4174500,-373500,3876240275.0,1.033,1.026,2026-05-07
NHPC,60,4824,48659200,7353600,2686239616.0,62,1440,24646400,704000,758291904.0,0.507,0.299,2026-05-07
NIFTY,940,26064320,213542115,34302110,42138256332857.75,962,24621486,230958725,18323980,38407744688794.0,1.082,0.945,2026-05-07
NIFTYNXT50,699,222,5800,2175,412722675.0,699,57,825,425,100786195.0,0.142,0.257,2026-05-07
NMDC,68,11180,75370500,3246750,7216721595.0,70,3097,40297500,4434750,1848552772.5,0.535,0.277,2026-05-07
NTPC,107,36522,42547500,348000,22901287050.0,103,13496,16644000,966000,8068413750.0,0.391,0.37,2026-05-07
NUVAMA,61,3940,1030500,220000,2962151875.0,60,2892,698500,192000,1995914975.0,0.678,0.734,2026-05-07
NYKAA,75,5118,8437500,1496875,4644717812.5,75,1404,3450000,-103125,1173565937.5,0.409,0.274,2026-05-07
OBEROIRLTY,55,1845,1231650,123900,1143465347.5,54,491,427700,30450,286587840.0,0.347,0.266,2026-05-07
OFSS,75,7664,618000,618000,5715522318.75,74,11858,730725,730725,6620861677.5,1.182,1.547,2026-05-07
OIL,93,7550,12541200,681800,5183752910.0,89,3319,5976600,641200,2124578960.0,0.477,0.44,2026-05-07
ONGC,96,28196,56353500,-810000,19136207700.0,93,7997,18375750,-465750,5114538900.0,0.326,0.284,2026-05-07
PAGEIND,93,374,20895,495,223181879.25,88,360,17130,225,167266249.5,0.82,0.963,2026-05-07
PATANJALI,71,5340,5404500,752400,2342466720.0,71,1298,3248100,357300,544233690.0,0.601,0.243,2026-05-07
PAYTM,98,105957,9028425,2227200,94963700440.0,105,46923,8400575,2586800,38688402468.75,0.93,0.443,2026-05-07
PERSISTENT,86,10678,1467900,53200,5633587935.0,82,8256,913900,-5700,4064817020.0,0.623,0.773,2026-05-07
PETRONET,88,10074,12997900,440800,5706847885.0,91,3084,11941500,1219800,1668447095.0,0.919,0.306,2026-05-07
PFC,69,10289,20586800,137800,6514311830.0,67,5628,11932700,172900,3366830285.0,0.58,0.547,2026-05-07
PGEL,51,4256,4715800,236550,2377012242.5,53,2100,3737300,31350,1069615070.0,0.793,0.493,2026-05-07
PHOENIXLTD,68,2006,1060500,-6300,1343379572.5,66,1347,636300,-19950,852627720.0,0.6,0.671,2026-05-07
PIDILITIND,101,18346,2486000,822000,13835114375.0,102,6166,1574500,630000,4360921475.0,0.633,0.336,2026-05-07
PIIND,106,5444,1033550,39200,3115784428.75,107,1508,575575,62300,809401792.5,0.557,0.277,2026-05-07
PNB,84,13434,114224000,8296000,12412745200.0,89,7547,76112000,3624000,6631897360.0,0.666,0.562,2026-05-07
PNBHOUSING,71,1333,2197650,-48100,967408877.5,73,639,1306500,-8450,434654772.5,0.594,0.479,2026-05-07
POLICYBZR,70,31883,2287600,606200,19865988782.5,73,14644,1312150,247450,8642489940.0,0.574,0.459,2026-05-07
POLYCAB,80,117866,1729375,478500,136562883562.5,89,81996,2039500,676625,86182378887.5,1.179,0.696,2026-05-07
POWERGRID,86,12422,25387800,1204600,7785053255.0,89,4709,12253100,201400,2835178005.0,0.483,0.379,2026-05-07
POWERINDIA,56,18138,244775,25,16587502983.75,59,17902,237975,26275,13531830780.0,0.972,0.987,2026-05-07
PREMIERENE,63,4392,2559325,283475,2705246056.25,66,3299,1844600,-192050,1921244596.25,0.721,0.751,2026-05-07
PRESTIGE,57,3422,1269450,207450,2402867497.5,55,808,793800,4050,518715225.0,0.625,0.236,2026-05-07
RBLBANK,45,16143,20316825,390525,18414905702.5,50,5985,17145000,2057400,6381165958.75,0.844,0.371,2026-05-07
RECLTD,62,23566,29191400,541800,12686013830.0,58,11308,17340575,7000,5673066490.0,0.594,0.48,2026-05-07
RELIANCE,108,115296,49246000,601000,86194778500.0,110,64038,34638500,-423000,45692435625.0,0.703,0.555,2026-05-07
RVNL,49,12304,15321675,1098000,6114081926.25,51,2913,9002600,310700,1334435255.0,0.588,0.237,2026-05-07
SAIL,47,1902,8892400,1099800,1783418149.0,46,824,6283900,878900,719862716.0,0.707,0.433,2026-05-07
SAMMAANCAP,39,4290,20515300,-1075000,2953372483.0,39,1114,12925800,-331100,699917622.0,0.63,0.26,2026-05-07
SBICARD,58,7078,9220000,392000,3890098440.0,58,3556,6057600,360800,1812124360.0,0.657,0.502,2026-05-07
SBILIFE,76,7175,3977250,-39375,5215225762.5,74,4309,2092500,-18000,2944466250.0,0.526,0.601,2026-05-07
SBIN,85,75315,38286750,5266500,64606500900.0,88,44218,26836500,1713750,35421141075.0,0.701,0.587,2026-05-07
SHREECEM,74,32029,106300,49025,21622682616.25,73,8546,54525,4975,5303023672.5,0.513,0.267,2026-05-07
SHRIRAMFIN,90,22418,15256725,-749925,19737622245.0,88,12007,8919075,-509025,9713851413.75,0.585,0.536,2026-05-07
SIEMENS,57,7782,1058575,9975,5520264715.0,55,2896,545475,18025,1918515252.5,0.515,0.372,2026-05-07
SOLARINDS,51,3600,114450,150,3026603387.5,52,3633,95550,8400,2284755002.5,0.835,1.009,2026-05-07
SONACOMS,95,6703,5185425,483875,5017570967.5,97,2919,2970625,240100,2114813846.25,0.573,0.435,2026-05-07
SRF,110,25064,1774400,-146600,14356659550.0,116,14200,1804600,-95600,7671695290.0,1.017,0.567,2026-05-07
SUNPHARMA,77,19981,10365600,649600,13357458170.0,78,14350,7013650,-476700,8832607157.5,0.677,0.718,2026-05-07
SUPREMEIND,63,6480,928550,22050,4710980408.75,62,3052,337050,-48650,1719233818.75,0.363,0.471,2026-05-07
SUZLON,50,14318,154914125,-5288650,7686474633.5,54,4158,64763400,3104600,2027264541.25,0.418,0.29,2026-05-07
SWIGGY,48,3549,10884125,523900,1389623495.0,47,1381,6265225,106600,493923040.0,0.576,0.389,2026-05-07
TATACONSUM,80,8499,3549150,503800,5653215342.5,80,3042,1601050,175450,1933314790.0,0.451,0.358,2026-05-07
TATAELXSI,73,6562,1388100,13900,2977552100.0,72,5093,610825,-7875,1977842365.0,0.44,0.776,2026-05-07
TATAPOWER,70,18305,28705650,1840050,12373979405.0,68,6499,17291250,1109250,4085641292.5,0.602,0.355,2026-05-07
TATASTEEL,60,32661,84411250,3773000,20403489150.0,60,21127,62488250,5216750,12331054972.5,0.74,0.647,2026-05-07
TCS,100,80379,15381975,2061950,35458720002.5,100,35922,9800175,691050,15023879243.75,0.637,0.447,2026-05-07
TECHM,57,7954,7007400,343800,7300375080.0,60,4729,4656600,151800,4059204120.0,0.665,0.595,2026-05-07
TIINDIA,97,8036,495000,63400,5124654490.0,92,1169,253200,14600,682892980.0,0.512,0.145,2026-05-07
TITAN,63,33529,2298975,364700,26578835211.25,61,21210,1496600,145075,15991489185.0,0.651,0.633,2026-05-07
TMPV,63,31589,29258400,2348000,9659628960.0,64,16615,18048800,684000,4687778440.0,0.617,0.526,2026-05-07
TORNTPHARM,70,3848,451125,26250,2212000487.5,71,939,223375,6750,496936087.5,0.495,0.244,2026-05-07
TRENT,72,23575,3262900,25700,10704614885.0,65,9540,1460200,-6300,4049242215.0,0.448,0.405,2026-05-07
TVSMOTOR,120,18359,1573950,-20125,12383701172.5,115,6572,1050175,87325,4118514785.0,0.667,0.358,2026-05-07
ULTRACEMCO,86,21908,1218900,62950,13891570620.0,90,11795,497300,22250,7023686197.5,0.408,0.538,2026-05-07
UNIONBANK,63,4053,70038900,1942575,3272950719.0,63,1477,31979475,327450,1077930663.75,0.457,0.364,2026-05-07
UNITDSPR,105,4171,4035200,364000,2283476560.0,105,1708,2620800,152000,874115980.0,0.649,0.409,2026-05-07
UNOMINDA,46,5406,1404150,133650,3562488270.0,45,3699,638000,98450,2032462575.0,0.454,0.684,2026-05-07
UPL,90,3881,5696420,499995,3639070858.25,93,2338,3485060,78590,2099808879.75,0.612,0.602,2026-05-07
VBL,73,3710,11578500,-33750,2245220212.5,75,2151,6675750,217125,1208807212.5,0.577,0.58,2026-05-07
VEDL,59,73377,43563150,13507900,28749635277.5,59,38789,23566950,877450,13709797795.0,0.541,0.529,2026-05-07
VMM,79,326,3807250,-174600,208575414.0,79,96,1910900,135800,57012768.5,0.502,0.294,2026-05-07
VOLTAS,76,14074,4663500,331875,7780324275.0,74,7715,3157500,162000,3981531675.0,0.677,0.548,2026-05-07
WAAREEENER,66,11937,4282250,17150,7245948377.5,66,4469,2396275,24150,2444563826.25,0.56,0.374,2026-05-07
WIPRO,62,19711,140634000,8865000,12426396750.0,64,8112,71310000,1770000,4803187890.0,0.507,0.412,2026-05-07
YESBANK,28,40279,348755400,-55700100,30213872987.0,29,12728,307952200,61111500,8396471611.0,0.883,0.316,2026-05-07
ZYDUSLIFE,72,3608,3717000,117000,3207027375.0,74,793,2225700,-21600,662299560.0,0.599,0.22,2026-05-07
360ONE,50,3689,901500,97000,2199867700.0,54,756,649000,16000,408746025.0,0.72,0.205,2026-05-08
ABB,106,30571,1719375,461125,29180537950.0,105,17307,838250,222500,15211714875.0,0.488,0.566,2026-05-08
ABCAPITAL,62,4237,16141700,1044700,5086509915.0,66,2742,11832700,-235600,3072782465.0,0.733,0.647,2026-05-08
ADANIENSOL,73,7973,7703775,581175,8176493936.25,70,3580,4472550,-155250,3236701376.25,0.581,0.449,2026-05-08
ADANIENT,102,22112,7896186,168405,18078032670.9,113,15329,5995527,34917,11837296465.2,0.759,0.693,2026-05-08
ADANIGREEN,111,8886,8841600,509400,7654693650.0,114,14962,6050400,99000,9904363650.0,0.684,1.684,2026-05-08
ADANIPORTS,73,56327,9305725,-51775,49607796563.75,80,28882,7519725,699200,23676544456.25,0.808,0.513,2026-05-08
ADANIPOWER,79,6621,35251500,2769000,5793213192.0,83,2865,23437100,138450,2250697195.5,0.665,0.433,2026-05-08
ALKEM,85,3661,311500,65625,2675189537.5,88,596,156000,-5375,402820618.75,0.501,0.163,2026-05-08
AMBER,72,11657,1097100,46800,11015851010.0,77,5473,593400,50800,4581465250.0,0.541,0.47,2026-05-08
AMBUJACEM,68,20937,19786200,-350700,10506516877.5,69,7431,13005450,24150,3571479817.5,0.657,0.355,2026-05-08
ANGELONE,53,41444,19307500,320000,36159219500.0,47,12831,11582500,2560000,10305969000.0,0.6,0.31,2026-05-08
APLAPOLLO,86,5291,1865150,77700,3845895060.0,80,1767,1192800,39900,1213078142.5,0.64,0.334,2026-05-08
APOLLOHOSP,105,66381,1017375,199625,69649814350.0,107,17817,802250,249875,17481014725.0,0.789,0.268,2026-05-08
ASHOKLEY,69,10172,91485000,2205000,9295952700.0,68,4878,53745000,375000,4039677200.0,0.587,0.48,2026-05-08
ASIANPAINT,89,80215,5418500,509750,53912892900.0,95,30165,3970250,474500,19041978312.5,0.733,0.376,2026-05-08
ASTRAL,63,5088,2076125,19125,3606021045.0,66,1689,1190000,39950,1132295986.25,0.573,0.332,2026-05-08
AUBANK,76,9185,7747000,-426000,10024252750.0,79,4822,4799000,252000,4962047200.0,0.619,0.525,2026-05-08
AUROPHARMA,64,7475,3281850,122650,6426188725.0,60,4238,2624050,77000,3427604977.5,0.8,0.567,2026-05-08
AXISBANK,98,27299,17484375,1097500,22683559625.0,95,18789,11776250,506875,14894344937.5,0.674,0.688,2026-05-08
BAJAJ-AUTO,92,62753,1940025,-95400,52386508155.0,91,33841,1818750,175725,26347409613.75,0.937,0.539,2026-05-08
BAJAJFINSV,76,11678,3726800,534000,5520072262.5,76,5554,2910000,-63250,2499454312.5,0.781,0.476,2026-05-08
BAJAJHLDNG,74,11354,132700,-30100,6400000505.0,78,3772,61050,1250,1932709465.0,0.46,0.332,2026-05-08
BAJFINANCE,75,21844,17553750,996000,16504134150.0,81,16052,14021250,320250,11487264562.5,0.799,0.735,2026-05-08
BANDHANBNK,75,8751,41659200,-2750400,6832925208.0,81,4861,30477600,-849600,3544674588.0,0.732,0.555,2026-05-08
BANKBARODA,88,29983,44313750,7493850,24857287942.5,83,17185,31537350,3904875,13383953212.5,0.712,0.573,2026-05-08
BANKINDIA,52,8450,26452400,4321200,6591149136.0,51,6625,19146400,2324400,4828684276.0,0.724,0.784,2026-05-08
BANKNIFTY,591,1026859,16632690,2259540,1784775128115.0,591,1114270,14231730,933660,1823618180817.0,0.856,1.085,2026-05-08
BDL,68,12296,2940075,407050,6649338850.0,71,4973,1730400,110950,2481152887.5,0.589,0.404,2026-05-08
BEL,72,33505,50345250,3297450,22378624222.5,71,10180,28591200,850725,6319647142.5,0.568,0.304,2026-05-08
BHARATFORG,87,31922,4354500,-716000,33617560550.0,84,20090,3207000,-168500,19693764875.0,0.736,0.629,2026-05-08
BHARTIARTL,73,30720,14886500,294025,27784059717.5,72,16415,7824200,324425,14149853992.5,0.526,0.534,2026-05-08
BHEL,171,28062,53437125,-262500,31616855550.0,175,21656,58364250,380625,22093488112.5,1.092,0.772,2026-05-08
BIOCON,64,34774,22410000,3000000,35627150500.0,67,16123,14162500,1222500,15296126500.0,0.632,0.464,2026-05-08
BLUESTARCO,81,10237,2389075,259675,6183792111.25,81,5767,1267825,81250,3252632760.0,0.531,0.563,2026-05-08
BOSCHLTD,104,9440,92650,6900,9730709187.5,106,1931,62425,2825,1785174406.25,0.674,0.205,2026-05-08
BPCL,54,6964,27343875,1595800,4506462175.0,61,3706,18134450,43450,2225145007.5,0.663,0.532,2026-05-08
BRITANNIA,97,119493,2902625,1770375,87714003806.25,97,82990,1363125,534125,57547791106.25,0.47,0.695,2026-05-08
BSE,72,146031,11132075,3625125,229315040325.0,73,80290,7402500,758250,115881579693.75,0.665,0.55,2026-05-08
CAMS,73,8339,4640250,129000,5519542537.5,77,4746,4827000,35250,2857728862.5,1.04,0.569,2026-05-08
CANBK,102,7707,81789750,5933250,7447713750.0,105,5196,72623250,3618000,4779229432.5,0.888,0.674,2026-05-08
CDSL,54,12873,6853300,240825,8224868152.5,54,5448,4884425,19950,3249953776.25,0.713,0.423,2026-05-08
CGPOWER,76,18930,7219900,-302600,14609430037.5,78,6104,5259800,-104550,4418802690.0,0.729,0.322,2026-05-08
CHOLAFIN,79,2644,3022500,-54375,2925958343.75,78,1822,2608125,-38750,1877469718.75,0.863,0.689,2026-05-08
CIPLA,99,15461,5746325,377250,8202317775.0,104,10698,4009125,198000,5442909206.25,0.698,0.692,2026-05-08
COALINDIA,76,33443,38684250,2635200,21813773715.0,77,21003,17566200,-770850,12998512867.5,0.454,0.628,2026-05-08
COCHINSHIP,63,6804,1567200,359200,5212229560.0,64,2029,1116400,140800,1420847480.0,0.712,0.298,2026-05-08
COFORGE,70,151882,10133625,334125,81064043568.75,70,65191,8243725,930000,31924913287.5,0.814,0.429,2026-05-08
COLPAL,86,8966,1443150,105075,4569321577.5,84,4660,977175,80775,2288130637.5,0.677,0.52,2026-05-08
CONCOR,72,4057,5340000,-301250,2828343500.0,76,1280,3663750,-110000,844083375.0,0.686,0.316,2026-05-08
CROMPTON,89,13960,17845200,1472400,7787746080.0,91,6206,10326600,1971000,3209764410.0,0.579,0.445,2026-05-08
CUMMINSIND,76,6793,700200,-6600,7672693390.0,79,3185,540200,-4400,3389158350.0,0.771,0.469,2026-05-08
DABUR,80,103311,12218750,-1193750,65007231375.0,79,36914,10882500,3787500,21645947312.5,0.891,0.357,2026-05-08
DALBHARAT,90,18341,1866475,812825,11891952198.75,92,22721,1263600,708500,13778211135.0,0.677,1.239,2026-05-08
DELHIVERY,65,8622,10991275,1896550,9129279145.0,67,2012,4923975,361050,2007432293.75,0.448,0.233,2026-05-08
DIVISLAB,94,4754,791800,40800,3325914570.0,99,2826,549500,34800,1887815155.0,0.694,0.594,2026-05-08
DIXON,87,58954,1644450,284900,35020517860.0,93,37157,1273150,171450,19873329745.0,0.774,0.63,2026-05-08
DLF,92,14011,8980125,856350,7454412735.0,97,5232,6395400,341550,2616875538.75,0.712,0.373,2026-05-08
DMART,74,11765,1662750,-43950,8193219622.5,73,5751,810300,-14550,3735405817.5,0.487,0.489,2026-05-08
DRREDDY,107,10167,12074375,711250,8634426218.75,101,5711,5711250,-11250,4630409750.0,0.473,0.562,2026-05-08
EICHERMOT,98,9581,1260200,4900,7412618180.0,103,3944,887700,7900,2854784180.0,0.704,0.412,2026-05-08
ETERNAL,77,18122,84959875,-2177650,11894983439.25,80,11957,50088375,-785700,7346066371.0,0.59,0.66,2026-05-08
EXIDEIND,146,4320,15453000,-127800,2966921730.0,150,2398,10256400,57600,1552542030.0,0.664,0.555,2026-05-08
FEDERALBNK,86,14020,34927500,1772500,10867857500.0,86,6887,19500000,112500,5064799500.0,0.558,0.491,2026-05-08
FINNIFTY,297,18264,516960,295620,30166092843.0,297,5774,239100,59160,8748849186.0,0.463,0.316,2026-05-08
FORCEMOT,44,6415,129725,-250,3740826156.25,41,1814,67125,-1275,884569348.75,0.517,0.283,2026-05-08
FORTIS,64,6510,2387000,303800,5076381130.0,66,1380,859475,27900,1020154432.5,0.36,0.212,2026-05-08
GAIL,106,3544,21861000,472500,1955613681.0,112,1437,19744200,352800,749374164.0,0.903,0.405,2026-05-08
GLENMARK,80,6832,2399250,161625,6391884375.0,86,3128,1065375,40500,2734962525.0,0.444,0.458,2026-05-08
GMRAIRPORT,78,6959,56560275,-1890225,5158129331.25,77,2608,39046050,460350,1774280970.0,0.69,0.375,2026-05-08
GODFRYPHLP,108,15601,858000,175175,10969394810.0,111,3632,522500,111925,2323375835.0,0.609,0.233,2026-05-08
GODREJCP,93,17629,5310500,-644000,9684553025.0,93,6223,2852000,-81500,3202768475.0,0.537,0.353,2026-05-08
GODREJPROP,88,10421,2848000,-42850,5666523560.0,89,5070,1667600,-66000,2604576576.25,0.586,0.487,2026-05-08
GRASIM,104,6360,1363250,-106500,4887204762.5,108,2207,928000,44500,1602083587.5,0.681,0.347,2026-05-08
HAL,84,34611,2979600,141750,26063512297.5,90,17730,2311800,44850,12554490097.5,0.776,0.512,2026-05-08
HAVELLS,104,5821,5873000,142000,3907644350.0,100,1823,2371000,37500,1151161400.0,0.404,0.313,2026-05-08
HCLTECH,112,44488,23940750,-1453550,19662589205.0,110,21062,11689350,-155750,8803482607.5,0.488,0.473,2026-05-08
HDFCAMC,97,7761,1236900,-37500,6938478675.0,98,2102,858300,12900,1766398485.0,0.694,0.271,2026-05-08
HDFCBANK,126,135709,83711950,9513200,61673072005.0,126,72182,45558950,1336850,30947794647.5,0.544,0.532,2026-05-08
HDFCLIFE,103,13619,18477800,-154000,9697935115.0,105,6998,12907400,56100,4789247265.0,0.699,0.514,2026-05-08
HEROMOTOCO,95,31585,2431500,46800,26694556725.0,96,16754,1741650,-93000,13195924492.5,0.716,0.53,2026-05-08
HINDALCO,81,15682,7409500,-13300,12050322620.0,79,9527,5378100,-112000,7041546225.0,0.726,0.608,2026-05-08
HINDPETRO,72,6090,14606325,801900,5134646497.5,75,3741,14432175,522450,2947800498.75,0.988,0.614,2026-05-08
HINDUNILVR,96,29772,9397200,524100,21417994485.0,99,10071,4800000,70800,6879969465.0,0.511,0.338,2026-05-08
HINDZINC,55,14240,18996075,709275,11771145662.5,58,8024,13411300,-371175,6151448668.75,0.706,0.563,2026-05-08
HYUNDAI,68,15473,2017950,744700,8345480618.75,68,6623,1350250,391600,3241674232.5,0.669,0.428,2026-05-08
ICICIBANK,105,43028,39057900,3143700,39861323600.0,96,29651,22564500,1157800,26212097555.0,0.578,0.689,2026-05-08
ICICIGI,78,6618,882050,49400,4075470441.25,76,7164,476125,-17875,4165056236.25,0.54,1.083,2026-05-08
ICICIPRULI,104,4558,4685125,-139675,2465163295.0,105,2280,4976500,158175,1183002896.25,1.062,0.5,2026-05-08
IDEA,27,18700,1644997125,35451600,16927889552.25,25,6902,886861800,8862900,5317035971.25,0.539,0.369,2026-05-08
IDFCFIRSTB,56,13039,107812600,3014375,9062338162.5,56,7687,93983575,4424175,4971738444.75,0.872,0.59,2026-05-08
IEX,103,14232,50418750,7800000,7575786562.5,110,3942,27016800,71250,1931795100.0,0.536,0.277,2026-05-08
INDHOTEL,96,8209,5865000,-124000,5791284250.0,104,4031,5510000,159000,2678907750.0,0.939,0.491,2026-05-08
INDIANB,86,9496,7119000,-73000,8680018050.0,82,6105,3947000,85000,5265901350.0,0.554,0.643,2026-05-08
INDIGO,78,21372,4323450,-5550,15302042055.0,84,13072,2578650,33150,8766220342.5,0.596,0.612,2026-05-08
INDUSINDBK,73,10925,6737500,165200,7574162715.0,77,7921,5968900,-1400,5229010430.0,0.886,0.725,2026-05-08
INDUSTOWER,69,15657,32249000,739500,11303805495.0,68,6686,19014500,-1764600,4616081910.0,0.59,0.427,2026-05-08
INFY,105,62587,40067200,-1022000,31049366600.0,102,34680,23550800,418800,16139787260.0,0.588,0.554,2026-05-08
INOXWIND,75,5157,28449100,1854675,2079249296.25,79,1808,13935350,153725,695109415.0,0.49,0.351,2026-05-08
IOC,114,5226,52372125,3056625,3965440635.0,111,2977,36859875,1394250,2110112745.0,0.704,0.57,2026-05-08
IREDA,97,2392,19209600,807300,1192459104.0,93,788,12747750,400200,368643954.0,0.664,0.329,2026-05-08
IRFC,73,3593,41379175,2835925,1713178058.75,79,1377,27802775,-65650,615263702.5,0.672,0.383,2026-05-08
ITC,94,56894,118696525,8724925,29343491900.0,96,16457,39238400,492800,8116155600.0,0.331,0.289,2026-05-08
JINDALSTEL,94,8601,3816250,52500,7021831656.25,95,4771,2594375,-68125,3765787468.75,0.68,0.555,2026-05-08
JIOFIN,75,13090,67430900,65800,8171601467.0,76,5326,40908800,-329000,3115283610.0,0.607,0.407,2026-05-08
JSWENERGY,81,4651,6633000,537000,2789754050.0,89,2322,4645000,201000,1319542350.0,0.7,0.499,2026-05-08
JSWSTEEL,82,2952,4676400,97875,2659586231.25,85,2005,3142125,-83025,1707176891.25,0.672,0.679,2026-05-08
JUBLFOOD,83,3568,7137500,63750,2233363875.0,75,1441,5080000,-80000,854374812.5,0.712,0.404,2026-05-08
KALYANKJIL,63,89009,17820050,8886525,47399419688.75,64,22794,8059325,3650725,11141196368.75,0.452,0.256,2026-05-08
KAYNES,76,39635,1321200,119700,18842900460.0,79,13756,813200,102700,5914921480.0,0.616,0.347,2026-05-08
KEI,84,5421,726775,-30800,5135626501.25,86,5751,898450,-59675,4912339083.75,1.236,1.061,2026-05-08
KFINTECH,92,2464,3210500,20500,1211358375.0,92,1314,2403650,-12425,599836225.0,0.749,0.533,2026-05-08
KOTAKBANK,124,18514,46340000,-1172000,14530110400.0,124,8459,28346000,240000,6428399400.0,0.612,0.457,2026-05-08
KPITTECH,67,38134,7693775,-532100,12459148168.75,68,13910,3518500,-351475,4220973392.5,0.457,0.365,2026-05-08
LAURUSLABS,99,15822,6932600,446250,17201577882.5,99,6247,4821200,301750,6389992470.0,0.695,0.395,2026-05-08
LICHSGFIN,85,3066,6366000,201000,1872947700.0,86,1803,4601000,40000,1053946150.0,0.723,0.588,2026-05-08
LICI,106,4107,7141400,557200,2433203570.0,105,1371,3528000,96600,778364650.0,0.494,0.334,2026-05-08
LODHA,80,7741,2928600,660600,3548301210.0,86,4319,1992150,173250,1825915882.5,0.68,0.558,2026-05-08
LT,128,38101,9391025,770875,27724928621.25,131,24395,5158475,183050,16813795390.0,0.549,0.64,2026-05-08
LTF,49,2785,14647500,-182250,2003113575.0,55,1191,11299500,-22500,779362987.5,0.771,0.428,2026-05-08
LTM,70,15576,1267500,67950,10547955982.5,69,2952,661800,21600,1884106207.5,0.522,0.19,2026-05-08
LUPIN,99,79083,8114950,3287375,85287329920.0,100,43868,3996275,803250,44585211712.5,0.492,0.555,2026-05-08
M&M,127,21756,5443200,157400,15184792960.0,131,19187,5254800,-118200,12601707830.0,0.965,0.882,2026-05-08
MANAPPURAM,50,3456,11181000,93000,3426321750.0,54,1877,8535000,-282000,1732554600.0,0.763,0.543,2026-05-08
MANKIND,99,21471,1041975,-25425,12295541823.75,93,4990,871425,131175,2630733716.25,0.836,0.232,2026-05-08
MARICO,117,5146,7203600,-94800,5312486220.0,119,3606,5922000,-309600,3542389860.0,0.822,0.701,2026-05-08
MARUTI,98,29265,2188500,68050,21041366770.0,100,15283,1027950,-2700,10291861547.5,0.47,0.522,2026-05-08
MAXHEALTH,91,4765,2820300,142275,2663165085.0,90,1306,1326675,16800,697364062.5,0.47,0.274,2026-05-08
MAZDOCK,111,14833,4360200,164600,8373803130.0,120,5610,1959400,65400,2983653900.0,0.449,0.378,2026-05-08
MCX,49,31347,5568750,405625,64653591312.5,51,17369,4943750,945000,32195514250.0,0.888,0.554,2026-05-08
MFSL,70,1993,1572400,91200,1426375220.0,73,1114,997200,53600,743701260.0,0.634,0.559,2026-05-08
MIDCPNIFTY,566,81365,5057400,364680,146671672962.0,566,84884,6489600,-222480,143477353278.0,1.283,1.043,2026-05-08
MOTHERSON,110,4797,35122650,4520250,4141993081.5,115,3566,30670050,5688750,2764119345.0,0.873,0.743,2026-05-08
MOTILALOFS,83,3389,2408700,275900,2484324228.75,85,1233,1716625,40300,807651990.0,0.713,0.364,2026-05-08
MPHASIS,92,4934,1620850,42625,3164859307.5,88,1394,990825,-13475,834808548.75,0.611,0.283,2026-05-08
MUTHOOTFIN,61,3584,1590325,147125,3747385303.75,63,2155,953150,28050,2055336057.5,0.599,0.601,2026-05-08
NAM-INDIA,49,1295,1216875,-54375,947679562.5,47,574,721250,5000,359016500.0,0.593,0.443,2026-05-08
NATIONALUM,75,8990,30961875,-166875,7359705843.75,75,3793,15988125,41250,2844846562.5,0.516,0.422,2026-05-08
NAUKRI,83,2392,3022125,8625,934939181.25,82,734,1183125,25875,273732581.25,0.391,0.307,2026-05-08
NBCC,88,17958,20800000,4166500,12294475245.0,95,4084,14846000,1274000,2622416420.0,0.714,0.227,2026-05-08
NESTLEIND,98,8355,4051000,9000,6386648300.0,103,5532,4191500,17000,4046715525.0,1.035,0.662,2026-05-08
NHPC,63,4616,52006400,3347200,2540529472.0,65,1455,23744000,-902400,769000128.0,0.457,0.315,2026-05-08
NIFTY,940,40142256,253798255,40256140,64355537255259.25,962,41666572,236808780,5850055,64995336505027.5,0.933,1.038,2026-05-08
NIFTYNXT50,702,371,5525,-275,683853860.0,702,239,925,100,428757828.75,0.167,0.644,2026-05-08
NMDC,68,5697,77625000,2254500,3646430932.5,70,1654,39777750,-519750,989584695.0,0.512,0.29,2026-05-08
NTPC,107,34266,49276500,6729000,21527763600.0,103,8707,17467500,823500,5254584225.0,0.354,0.254,2026-05-08
NUVAMA,89,40275,1973500,943000,33621858650.0,88,11780,1503500,805000,9090587700.0,0.762,0.292,2026-05-08
NYKAA,75,2389,9293750,856250,2140960468.75,75,530,3681250,231250,447828906.25,0.396,0.222,2026-05-08
OBEROIRLTY,55,11333,1683150,451500,7147108360.0,54,2642,619500,191800,1538849392.5,0.368,0.233,2026-05-08
OFSS,119,8279,680400,62400,6187700317.5,118,12402,744775,14050,8114657703.75,1.095,1.498,2026-05-08
OIL,93,4900,13199200,658000,3346555240.0,89,1892,6344800,368200,1210282570.0,0.481,0.386,2026-05-08
ONGC,96,26513,55656000,-697500,17956778175.0,93,5851,18209250,-166500,3741316200.0,0.327,0.221,2026-05-08
PAGEIND,93,1017,21840,945,594317524.5,88,545,17865,735,299570282.25,0.818,0.536,2026-05-08
PATANJALI,71,4035,5138100,-266400,1770822000.0,71,847,3319200,71100,353329740.0,0.646,0.21,2026-05-08
PAYTM,101,28515,8801500,-226925,26139744753.75,108,19043,8469450,68875,16036704598.75,0.962,0.668,2026-05-08
PERSISTENT,86,39914,1357900,-110000,21359135580.0,82,16887,846400,-67500,8431236815.0,0.623,0.423,2026-05-08
PETRONET,88,8926,12203700,-794200,5108565340.0,91,1760,11920600,-20900,943707770.0,0.977,0.197,2026-05-08
PFC,69,10575,21164000,577200,6695034905.0,67,4203,11917100,-15600,2536045200.0,0.563,0.397,2026-05-08
PGEL,51,3011,4966600,250800,1659467220.0,53,1724,3889300,152000,856430605.0,0.783,0.573,2026-05-08
PHOENIXLTD,68,1244,1108800,48300,831010040.0,66,844,676550,40250,540388415.0,0.61,0.678,2026-05-08
PIDILITIND,108,82882,6498500,4012500,64494297675.0,111,28451,3016500,1442000,20983184600.0,0.464,0.343,2026-05-08
PIIND,107,2706,1012550,-21000,1545783828.75,108,864,579250,3675,469348617.5,0.572,0.319,2026-05-08
PNB,84,14920,126272000,12048000,13707855840.0,89,8936,80904000,4792000,7771928960.0,0.641,0.599,2026-05-08
PNBHOUSING,71,17422,2299050,101400,12760022762.5,73,4242,1525550,219050,2933068060.0,0.664,0.243,2026-05-08
POLICYBZR,70,10598,2602950,315350,6534193137.5,73,4759,1305150,-7000,2786310380.0,0.501,0.449,2026-05-08
POLYCAB,81,38273,1794125,64750,45553187068.75,90,26118,2206375,166875,28423147843.75,1.23,0.682,2026-05-08
POWERGRID,87,11157,26733000,1345200,6969139485.0,90,4399,12975100,722000,2652850300.0,0.485,0.394,2026-05-08
POWERINDIA,60,14491,268375,23600,13168420893.75,63,13446,232900,-5075,10283697821.25,0.868,0.928,2026-05-08
PREMIERENE,63,8141,2765175,205850,5073974340.0,66,3540,2093000,248400,2056941721.25,0.757,0.435,2026-05-08
PRESTIGE,60,4620,1286550,17100,3264459052.5,58,2200,941850,148050,1411844040.0,0.732,0.476,2026-05-08
RBLBANK,48,29514,32438975,12122150,34689266886.25,54,7082,18056225,911225,7612060595.0,0.557,0.24,2026-05-08
RECLTD,62,16950,30584575,1393175,9091612381.25,58,7753,17372775,32200,3846875270.0,0.568,0.457,2026-05-08
RELIANCE,108,126759,51807000,2561000,94471105125.0,110,62761,34756000,117500,44359604825.0,0.671,0.495,2026-05-08
RVNL,50,6649,15898125,576450,3316339038.75,53,2888,9420850,418250,1296654766.25,0.593,0.434,2026-05-08
SAIL,47,2760,11284700,2392300,2549897627.0,46,918,6894900,611000,790962765.0,0.611,0.333,2026-05-08
SAMMAANCAP,41,2209,21237700,722400,1522094306.0,41,568,12852700,-73100,352075271.0,0.605,0.257,2026-05-08
SBICARD,58,4638,9462400,242400,2545943720.0,58,1729,6104800,47200,884081160.0,0.645,0.373,2026-05-08
SBILIFE,77,5029,4068750,91500,3651562481.25,76,2091,2095125,2625,1449076350.0,0.515,0.416,2026-05-08
SBIN,94,597159,115450500,77163750,498622101262.5,95,309728,50632500,23796000,238266528112.5,0.439,0.519,2026-05-08
SHREECEM,78,10440,110575,4275,7112250152.5,77,2871,55000,475,1797048131.25,0.497,0.275,2026-05-08
SHRIRAMFIN,92,9708,15388725,132000,8495532870.0,92,7027,8567625,-351450,5772842583.75,0.557,0.724,2026-05-08
SIEMENS,58,8762,1089550,30975,6240879015.0,56,9091,649775,104300,6090880337.5,0.596,1.038,2026-05-08
SOLARINDS,51,11980,143250,28800,10372063277.5,52,3776,103900,8350,2529906310.0,0.725,0.315,2026-05-08
SONACOMS,95,1645,5222175,36750,1229666637.5,97,483,3035550,64925,341188470.0,0.581,0.294,2026-05-08
SRF,113,13398,1696600,-77800,7765802050.0,118,8225,1750000,-54600,4462613420.0,1.031,0.614,2026-05-08
SUNPHARMA,77,29378,10875550,509950,19666674860.0,78,15594,7407050,393400,9901478265.0,0.681,0.531,2026-05-08
SUPREMEIND,63,3680,1038275,109725,2578950955.0,62,6203,345975,8925,3410714571.25,0.333,1.686,2026-05-08
SUZLON,50,8740,156412275,1498150,4724637769.25,54,3174,62579350,-2184050,1550917911.5,0.4,0.363,2026-05-08
SWIGGY,48,14623,13883225,2999100,5733029315.0,47,9032,8854825,2589600,3182429185.0,0.638,0.618,2026-05-08
TATACONSUM,80,45641,4722300,1173150,30973770355.0,80,13914,2357850,756800,8977547452.5,0.499,0.305,2026-05-08
TATAELXSI,73,13009,1374700,-13400,5984254165.0,72,4724,591325,-19500,1928900720.0,0.43,0.363,2026-05-08
TATAPOWER,70,17748,30970550,2264900,11972258355.0,68,5229,17678400,387150,3310715255.0,0.571,0.295,2026-05-08
TATASTEEL,60,22023,87881750,3470500,13654878737.5,60,16826,62925500,437250,9815535840.0,0.716,0.764,2026-05-08
TCS,101,98653,16550875,1168900,43196417015.0,101,40425,10083775,283600,16692453985.0,0.609,0.41,2026-05-08
TECHM,58,13916,6862200,-145200,12740443080.0,61,5206,4840800,184200,4520349990.0,0.705,0.374,2026-05-08
TIINDIA,103,4280,458000,-37000,2762456030.0,100,918,260200,7000,542717510.0,0.568,0.214,2026-05-08
TITAN,72,284819,4231850,1932875,234577275870.0,72,144678,3299975,1803375,110611521300.0,0.78,0.508,2026-05-08
TMPV,63,20061,29941600,683200,6089009080.0,64,12486,17882400,-166400,3515724000.0,0.597,0.622,2026-05-08
TORNTPHARM,70,3186,437250,-13875,1824545725.0,71,631,231875,8500,340237893.75,0.53,0.198,2026-05-08
TRENT,72,20272,3359400,96500,9138614780.0,65,12283,1352500,-107700,5212283550.0,0.403,0.606,2026-05-08
TVSMOTOR,131,8207,1636075,62125,5558529261.25,127,4726,1083600,33425,3015525196.25,0.662,0.576,2026-05-08
ULTRACEMCO,87,20627,1238300,19400,12995030800.0,91,11371,510300,13000,6747354232.5,0.412,0.551,2026-05-08
UNIONBANK,63,7512,73419600,3380700,6038986668.75,63,3058,32877750,898275,2260012685.25,0.448,0.407,2026-05-08
UNITDSPR,107,6071,4292400,257200,3296695100.0,107,1827,2692000,71200,936333420.0,0.627,0.301,2026-05-08
UNOMINDA,47,8593,1422850,18700,5865296305.0,46,6553,838200,200200,3602666677.5,0.589,0.763,2026-05-08
UPL,90,4024,6154410,457990,3756148075.0,93,2005,4083970,598910,1780933681.0,0.664,0.498,2026-05-08
VBL,73,3336,11554875,-23625,2016513843.75,75,1635,6494625,-181125,947429550.0,0.562,0.49,2026-05-08
VEDL,59,43544,49346500,5783350,16633635305.0,59,25469,23773950,207000,8569879005.0,0.482,0.585,2026-05-08
VMM,79,361,4074000,266750,228189396.0,79,406,2711150,800250,250282552.5,0.665,1.125,2026-05-08
VOLTAS,76,14301,5671125,1007625,7812504750.0,74,8226,3565500,408000,4087807743.75,0.629,0.575,2026-05-08
WAAREEENER,66,25934,4145050,-137200,15801434171.25,66,9990,2308950,-87325,5500394147.5,0.557,0.385,2026-05-08
WIPRO,65,25218,138168000,-2466000,15860440680.0,67,9438,71025000,-285000,5517068910.0,0.514,0.374,2026-05-08
YESBANK,29,37636,350248200,1492800,28685894222.0,31,14422,304469000,-3483200,9572071826.0,0.869,0.383,2026-05-08
ZYDUSLIFE,73,4901,3302100,-414900,4347360900.0,75,1133,2226600,900,949645710.0,0.674,0.231,2026-05-08
360ONE,50,2927,995500,94000,1732456850.0,54,847,668000,19000,465152150.0,0.671,0.289,2026-05-11
ABB,142,79872,2940500,1221125,71620001900.0,136,58967,1039750,201500,47703253456.25,0.354,0.738,2026-05-11
ABCAPITAL,62,6708,17251500,1109800,7882709915.0,66,4050,11200300,-632400,4475501930.0,0.649,0.604,2026-05-11
ADANIENSOL,73,15844,7930575,226800,15565691733.75,70,6852,4173525,-299025,6137906962.5,0.526,0.432,2026-05-11
ADANIENT,102,24809,7843038,-53148,20030057729.7,113,14796,6000162,4635,11383251818.849998,0.765,0.596,2026-05-11
ADANIGREEN,111,21613,8580000,-261600,18706569600.0,114,12630,6499200,448800,9386639460.0,0.757,0.584,2026-05-11
ADANIPORTS,73,33191,9521850,216125,29168771690.0,80,25719,7926325,406600,20869416768.75,0.832,0.775,2026-05-11
ADANIPOWER,79,11203,36600500,1349000,9541974390.5,83,4854,22347250,-1089850,3699401998.5,0.611,0.433,2026-05-11
ALKEM,85,4679,338000,26500,3425644918.75,88,883,154750,-1250,607094725.0,0.458,0.189,2026-05-11
AMBER,72,9135,1241600,144500,8489024880.0,77,8650,662600,69200,7300167940.0,0.534,0.947,2026-05-11
AMBUJACEM,68,14770,19667550,-118650,7221859785.0,69,5532,12992850,-12600,2580059632.5,0.661,0.375,2026-05-11
ANGELONE,53,8399,19490000,182500,7256954875.0,48,4713,11657500,75000,3779633250.0,0.598,0.561,2026-05-11
APLAPOLLO,86,4839,2130100,264950,3464274870.0,80,2290,1325450,132650,1571148565.0,0.622,0.473,2026-05-11
APOLLOHOSP,118,24097,1150875,133500,25483250606.25,120,8201,822000,19750,8223054968.75,0.714,0.34,2026-05-11
ASHOKLEY,69,22831,98235000,6750000,20524402600.0,68,12445,57210000,3465000,10136913650.0,0.582,0.545,2026-05-11
ASIANPAINT,96,36803,5645250,226750,24684672200.0,103,29927,3968750,-1500,19060979162.5,0.703,0.813,2026-05-11
ASTRAL,63,4843,2108850,32725,3431278682.5,66,1361,1172575,-17425,914761075.0,0.556,0.281,2026-05-11
AUBANK,79,6852,7879000,132000,7417269750.0,83,3941,4550000,-249000,4024756750.0,0.577,0.575,2026-05-11
AUROPHARMA,64,5523,3355550,73700,4734662790.0,60,3018,2532750,-91300,2421868405.0,0.755,0.546,2026-05-11
AXISBANK,98,37697,18636250,1151875,31208698875.0,95,23788,11610625,-165625,18763726093.75,0.623,0.631,2026-05-11
BAJAJ-AUTO,94,21618,1907025,-33000,17997099723.75,93,22671,1705200,-113550,17574003442.5,0.894,1.049,2026-05-11
BAJAJFINSV,76,13182,4347050,620250,6204863037.5,76,5500,2815500,-94500,2447704300.0,0.648,0.417,2026-05-11
BAJAJHLDNG,74,2471,127800,-4900,1388636395.0,78,562,58600,-2450,287792170.0,0.459,0.227,2026-05-11
BAJFINANCE,75,26409,17674500,120750,19811714962.5,81,15643,14196750,175500,11036272275.0,0.803,0.592,2026-05-11
BANDHANBNK,75,6996,40183200,-1476000,5426345196.0,81,4321,28796400,-1681200,3103165908.0,0.717,0.618,2026-05-11
BANKBARODA,88,40357,48189375,3875625,33304284146.25,83,23239,33804225,2266875,17939651096.25,0.701,0.576,2026-05-11
BANKINDIA,52,30115,30591600,4139200,23960955980.0,51,14667,19957600,811200,10902395660.0,0.652,0.487,2026-05-11
BANKNIFTY,591,1355179,17828430,1195740,2334156876363.0,591,1143828,14461950,230220,1843893939168.0,0.811,0.844,2026-05-11
BDL,68,9712,3069925,129850,5161546372.5,71,5291,1713600,-16800,2639981785.0,0.558,0.545,2026-05-11
BEL,72,24200,52716450,2371200,16065914906.25,71,10980,29226750,635550,6795217665.0,0.554,0.454,2026-05-11
BHARATFORG,87,12060,4357000,2500,12574379375.0,84,8455,3095500,-111500,8285930125.0,0.71,0.701,2026-05-11
BHARTIARTL,73,82188,19200925,4314425,73031188083.75,72,47118,9468650,1644450,40005518400.0,0.493,0.573,2026-05-11
BHEL,171,27991,54271875,834750,31216538850.0,175,22823,56306250,-2058000,23399560012.5,1.037,0.815,2026-05-11
BIOCON,64,40998,22362500,-47500,41795480625.0,67,16199,15520000,1357500,15420898500.0,0.694,0.395,2026-05-11
BLUESTARCO,89,7293,2481700,92625,4384986807.5,87,2742,1281150,13325,1516490251.25,0.516,0.376,2026-05-11
BOSCHLTD,106,2598,92775,125,2636104451.25,108,854,59375,-3050,789014796.25,0.64,0.329,2026-05-11
BPCL,54,11976,29609200,2265325,7619564812.5,61,8067,20186475,2052025,4699677215.0,0.682,0.674,2026-05-11
BRITANNIA,99,29994,3288750,386125,21709601743.75,99,10082,1330875,-32250,6797230975.0,0.405,0.336,2026-05-11
BSE,72,51490,10400075,-732000,79915686225.0,73,34649,7332750,-69750,49730752762.5,0.705,0.673,2026-05-11
CAMS,73,6279,4761750,121500,4095703387.5,77,5871,4349250,-477750,3511193550.0,0.913,0.935,2026-05-11
CANBK,102,68934,118030500,36240750,66109192065.0,105,47491,79359750,6736500,42534324517.5,0.672,0.689,2026-05-11
CDSL,54,14199,7445150,591850,9046301826.25,54,6911,5222150,337725,4062689796.25,0.701,0.487,2026-05-11
CGPOWER,77,18201,7566700,346800,14093262862.5,79,7275,5123800,-136000,5334274917.5,0.677,0.4,2026-05-11
CHOLAFIN,79,4224,3038750,16250,4617462062.5,78,3339,2378125,-230000,3345488656.25,0.783,0.79,2026-05-11
CIPLA,99,30281,6734825,988500,15778417912.5,104,24517,4833750,824625,12254723531.25,0.718,0.81,2026-05-11
COALINDIA,79,43992,40051800,1367550,28665927337.5,80,16894,17564850,-1350,10470957210.0,0.439,0.384,2026-05-11
COCHINSHIP,63,3328,1668000,100800,2498407320.0,64,1181,1117600,1200,808275680.0,0.67,0.355,2026-05-11
COFORGE,70,67194,11042625,909000,36559227468.75,70,34335,8370475,126750,17227711425.0,0.758,0.511,2026-05-11
COLPAL,88,7884,1598400,155250,4008661166.25,86,3609,1013625,36450,1764430031.25,0.634,0.458,2026-05-11
CONCOR,75,2680,5396250,56250,1881704937.5,79,1017,3577500,-86250,675444687.5,0.663,0.379,2026-05-11
CROMPTON,93,6348,18903600,1058400,3520977840.0,95,5751,10990800,664200,2969942580.0,0.581,0.906,2026-05-11
CUMMINSIND,76,6012,820200,120000,6717110220.0,79,4480,517800,-22400,4575650930.0,0.631,0.745,2026-05-11
DABUR,89,20621,14835000,2616250,12922656937.5,88,11038,9716250,-1166250,6448917937.5,0.655,0.535,2026-05-11
DALBHARAT,92,10061,2179775,313300,6310248636.25,93,7382,1290575,26975,4455258681.25,0.592,0.734,2026-05-11
DELHIVERY,65,7437,11920875,929600,7841473243.75,67,2196,5096200,172225,2166643308.75,0.428,0.295,2026-05-11
DIVISLAB,94,10662,886700,94900,7514487560.0,99,3178,570400,20900,2110588825.0,0.643,0.298,2026-05-11
DIXON,91,38060,1633400,-11050,22543561110.0,97,23766,1312650,39500,12676044962.5,0.804,0.624,2026-05-11
DLF,92,16404,10381800,1401675,8599719315.0,97,11500,7466250,1070850,5536795605.0,0.719,0.701,2026-05-11
DMART,74,10835,1616700,-46050,7537026090.0,73,5658,748500,-61800,3691761892.5,0.463,0.522,2026-05-11
DRREDDY,107,19609,12825000,750625,16592114343.75,101,11521,6153750,442500,9261947343.75,0.48,0.588,2026-05-11
EICHERMOT,98,8423,1272000,11800,6492753280.0,103,4826,882500,-5200,3498062530.0,0.694,0.573,2026-05-11
ETERNAL,77,31421,90420975,5461100,20427182833.75,80,21371,49140200,-948175,12841511452.0,0.543,0.68,2026-05-11
EXIDEIND,146,4383,16057800,604800,2970991710.0,150,2331,10056600,-199800,1500311610.0,0.626,0.532,2026-05-11
FEDERALBNK,86,13237,36432500,1505000,10227780125.0,86,6264,18785000,-715000,4571266125.0,0.516,0.473,2026-05-11
FINNIFTY,297,13250,434100,-82860,21881553138.0,297,4728,227160,-11940,7135007604.0,0.523,0.357,2026-05-11
FORCEMOT,44,3142,127225,-2500,1813999292.5,41,1474,60225,-6900,710130350.0,0.473,0.469,2026-05-11
FORTIS,64,16342,3615375,1228375,12825921593.75,66,2941,1393450,533975,2201176622.5,0.385,0.18,2026-05-11
GAIL,106,3438,22059450,198450,1881239346.0,112,1620,20128500,384300,831550954.5,0.912,0.471,2026-05-11
GLENMARK,81,5673,2557500,158250,5296372106.25,87,2149,1252500,187125,1897966125.0,0.49,0.379,2026-05-11
GMRAIRPORT,81,5842,58652775,2092500,4263409811.25,80,2806,38376450,-669600,1916048542.5,0.654,0.48,2026-05-11
GODFRYPHLP,108,3321,926475,68475,2349144270.0,111,1664,479050,-43450,994972701.25,0.517,0.501,2026-05-11
GODREJCP,93,18691,5949000,638500,10132314025.0,93,10233,2819500,-32500,5266581025.0,0.474,0.547,2026-05-11
GODREJPROP,88,15012,2831225,-16775,8041389097.5,89,9046,1668700,1100,4607872720.0,0.589,0.603,2026-05-11
GRASIM,104,14684,1672750,309500,11385897037.5,108,5217,1126500,198500,3809647087.5,0.673,0.355,2026-05-11
HAL,84,17337,3094800,115200,13102852080.0,90,9904,2294850,-16950,6921611280.0,0.742,0.571,2026-05-11
HAVELLS,104,8347,5891000,18000,5555888325.0,100,2120,2342500,-28500,1324307075.0,0.398,0.254,2026-05-11
HCLTECH,112,40395,23999200,58450,17929518582.5,110,17132,11650850,-38500,7153225240.0,0.485,0.424,2026-05-11
HDFCAMC,99,5108,1375500,138600,4513256700.0,101,3227,888600,30300,2631154155.0,0.646,0.632,2026-05-11
HDFCBANK,126,146428,89287200,5575250,65537284770.0,126,72861,47350100,1791150,30902028005.0,0.53,0.498,2026-05-11
HDFCLIFE,103,15334,19146600,668800,10857593945.0,105,8741,12652200,-255200,5926220795.0,0.661,0.57,2026-05-11
HEROMOTOCO,95,32309,2806950,375450,26973819510.0,96,20205,1789050,47400,15623458020.0,0.637,0.625,2026-05-11
HINDALCO,81,13693,7637000,227500,10444189455.0,79,10075,5434800,56700,7322925050.0,0.712,0.736,2026-05-11
HINDPETRO,72,6444,14314725,-291600,5326323783.75,75,4125,14782500,350325,3177675866.25,1.033,0.64,2026-05-11
HINDUNILVR,96,32402,9361500,-35700,23234992110.0,99,13535,4890000,90000,9284375325.0,0.522,0.418,2026-05-11
HINDZINC,55,19641,19253325,257250,16070156620.0,58,11034,12905375,-505925,8478034145.0,0.67,0.562,2026-05-11
HYUNDAI,68,46595,1689875,-328075,25650468373.75,68,16081,1078825,-271425,8097640100.0,0.638,0.345,2026-05-11
ICICIBANK,105,50263,38006500,-1051400,46421134900.0,96,31784,22738800,174300,28152802790.0,0.598,0.632,2026-05-11
ICICIGI,78,3400,983450,101400,2097258296.25,76,2067,478075,1950,1212566143.75,0.486,0.608,2026-05-11
ICICIPRULI,107,4316,4694375,9250,2366360298.75,108,1363,5046800,70300,699207361.25,1.075,0.316,2026-05-11
IDEA,27,77115,1700247300,55250175,73107371066.25,25,27465,1011371250,124509450,22727355327.75,0.595,0.356,2026-05-11
IDFCFIRSTB,60,12051,108396925,584325,8274965697.25,61,7283,94298925,315350,4647649168.75,0.87,0.604,2026-05-11
IEX,104,34569,55012500,4593750,18371882775.0,111,11615,28424550,1407750,5687897722.5,0.517,0.336,2026-05-11
INDHOTEL,99,24846,8456000,2591000,17406467350.0,107,17004,7679000,2169000,11210993650.0,0.908,0.684,2026-05-11
INDIANB,86,6730,8281000,1162000,6136327250.0,82,2882,4110000,163000,2448941050.0,0.496,0.428,2026-05-11
INDIGO,82,38846,4844550,521100,27049488922.5,88,46355,2718300,139650,30031660545.0,0.561,1.193,2026-05-11
INDUSINDBK,75,13474,7025900,288400,9185689485.0,79,9338,5901700,-67200,6074567485.0,0.84,0.693,2026-05-11
INDUSTOWER,69,30790,30938300,-1310700,22465823765.0,68,11008,18630300,-384200,7628276805.0,0.602,0.358,2026-05-11
INFY,105,61299,38858000,-1209200,30529846140.0,102,31717,23710800,160000,14779973260.0,0.61,0.517,2026-05-11
INOXWIND,75,4322,29360725,911625,1707958538.0,79,1677,13238225,-697125,617737620.5,0.451,0.388,2026-05-11
IOC,114,7334,55116750,2744625,5449899731.25,111,3884,37888500,1028625,2677773686.25,0.687,0.53,2026-05-11
IREDA,98,3248,21208225,1998625,1590305178.25,96,963,12755725,7975,436556236.0,0.601,0.296,2026-05-11
IRFC,73,5574,42515100,1135925,2621947556.25,79,2973,27190775,-612000,1328137750.0,0.64,0.533,2026-05-11
ITC,94,35591,121573600,2877075,18263542285.0,96,12506,39905600,667200,6176744000.0,0.328,0.351,2026-05-11
JINDALSTEL,94,6083,4038125,221875,4955708625.0,95,2941,2535625,-58750,2311007718.75,0.628,0.483,2026-05-11
JIOFIN,75,23596,73355250,5924350,14522962282.5,76,9390,40549250,-359550,5337844614.0,0.553,0.398,2026-05-11
JSWENERGY,81,24460,9274075,2641075,14515016431.25,89,10892,5860000,1215000,6071928150.0,0.632,0.445,2026-05-11
JSWSTEEL,82,5088,5262975,586575,4570658988.75,85,2922,3226500,84375,2516218391.25,0.613,0.574,2026-05-11
JUBLFOOD,83,3958,7571250,433750,2448503437.5,75,1472,5132500,52500,855329437.5,0.678,0.372,2026-05-11
KALYANKJIL,72,72717,25037425,7217375,36686266481.25,72,56833,11254500,3195175,26258967685.0,0.45,0.782,2026-05-11
KAYNES,80,19903,1486200,165000,9487121020.0,84,8762,846900,33700,3818164375.0,0.57,0.44,2026-05-11
KEI,84,7833,740250,13475,7447395445.0,86,5440,879375,-19075,4695018107.5,1.188,0.694,2026-05-11
KFINTECH,92,2450,3480500,270000,1192258550.0,92,1644,2314150,-89500,724480150.0,0.665,0.671,2026-05-11
KOTAKBANK,124,26974,44324000,-2016000,21331851100.0,124,11794,28410000,64000,8988459900.0,0.641,0.437,2026-05-11
KPITTECH,67,14440,7397125,-296650,4772397377.5,68,5926,3435200,-83300,1809429212.5,0.464,0.41,2026-05-11
LAURUSLABS,104,30747,7221600,289000,34159861837.5,104,13377,6396250,1575050,13954505930.0,0.886,0.435,2026-05-11
LICHSGFIN,85,12390,6971000,605000,7644622700.0,86,5248,5078000,477000,3005975700.0,0.728,0.424,2026-05-11
LICI,106,6346,7810600,669200,3728971645.0,105,2378,3647700,119700,1342579175.0,0.467,0.375,2026-05-11
LODHA,80,7315,3082950,154350,3281354932.5,86,5144,1951650,-40500,2149170075.0,0.633,0.703,2026-05-11
LT,131,48044,9438800,47775,34641602336.25,134,25238,5283950,125475,17214991150.0,0.56,0.525,2026-05-11
LTF,49,4666,15529500,882000,3328513762.5,55,2021,11124000,-175500,1327014675.0,0.716,0.433,2026-05-11
LTM,71,14259,1378800,111300,9725217675.0,70,3232,688200,26400,2051821920.0,0.499,0.227,2026-05-11
LUPIN,110,57437,11240825,3125875,59640412307.5,110,25802,4224075,227800,25057109667.5,0.376,0.449,2026-05-11
M&M,127,37406,5764200,321000,25632808110.0,131,30231,5189600,-65200,19569019090.0,0.9,0.808,2026-05-11
MANAPPURAM,50,4428,14646000,3465000,4313261550.0,54,4296,9615000,1080000,3858747000.0,0.656,0.97,2026-05-11
MANKIND,108,5366,1127250,85275,3101450613.75,102,1243,900675,29250,664706216.25,0.799,0.232,2026-05-11
MARICO,117,13880,7347600,144000,14477680080.0,119,6040,6452400,530400,5977781700.0,0.878,0.435,2026-05-11
MARUTI,98,33743,2273100,84600,24012820402.5,100,23784,1037500,9550,16007710592.5,0.456,0.705,2026-05-11
MAXHEALTH,91,28091,3201450,381150,15813622991.25,90,5425,1584975,258300,2926717998.75,0.495,0.193,2026-05-11
MAZDOCK,111,19154,4742000,381800,10712640750.0,120,8748,1942000,-17400,4573809980.0,0.41,0.457,2026-05-11
MCX,53,73149,6142725,573975,153781844733.75,55,35768,6030625,1086875,67908347125.0,0.982,0.489,2026-05-11
MFSL,70,2321,1676800,104400,1667443100.0,73,913,1057200,60000,606736620.0,0.63,0.393,2026-05-11
MIDCPNIFTY,566,94998,5066400,9000,169822204620.0,566,90986,6419160,-70440,153914149662.0,1.267,0.958,2026-05-11
MOTHERSON,111,2288,36364950,1242300,1954284700.5,117,3032,30614700,-55350,2344899490.5,0.842,1.325,2026-05-11
MOTILALOFS,83,1492,2549750,141050,1069546151.25,85,940,1638350,-78275,603166225.0,0.643,0.63,2026-05-11
MPHASIS,92,3282,1628275,7425,2125634857.5,88,760,984225,-6600,456644306.25,0.604,0.232,2026-05-11
MUTHOOTFIN,61,6877,1593350,3025,6990157556.25,63,3863,1030700,77550,3574369191.25,0.647,0.562,2026-05-11
NAM-INDIA,49,1963,1374375,157500,1409635906.25,47,1726,888750,167500,1131768250.0,0.647,0.879,2026-05-11
NATIONALUM,75,11967,31355625,393750,9838325250.0,75,3694,15652500,-335625,2768132343.75,0.499,0.309,2026-05-11
NAUKRI,83,4840,3375750,353625,1896200868.75,82,1348,1133250,-49875,495730725.0,0.336,0.279,2026-05-11
NBCC,93,4780,24069500,3269500,3241875975.0,98,1740,14521000,-325000,1117436320.0,0.603,0.364,2026-05-11
NESTLEIND,98,12053,4408000,357000,9250670750.0,103,5686,4299000,107500,4187485775.0,0.975,0.472,2026-05-11
NHPC,67,6661,55059200,3052800,3646916352.0,66,2681,24198400,454400,1368609600.0,0.439,0.402,2026-05-11
NIFTY,958,68415468,327763790,73965535,108416160571478.5,980,69448303,247928310,11119530,107166893294253.0,0.756,1.015,2026-05-11
NIFTYNXT50,702,408,6675,1150,736600351.25,702,10,1075,150,17670206.25,0.161,0.025,2026-05-11
NMDC,68,8291,78657750,1032750,5222270542.5,70,3545,41215500,1437750,2106469935.0,0.524,0.428,2026-05-11
NTPC,107,46851,57274500,7998000,29190241500.0,103,16683,16248000,-1219500,10039486425.0,0.284,0.356,2026-05-11
NUVAMA,89,8757,2475000,501500,7491067350.0,88,5372,1584500,81000,4175545275.0,0.64,0.613,2026-05-11
NYKAA,77,2056,9331250,37500,1831824687.5,77,747,3756250,75000,627593750.0,0.403,0.363,2026-05-11
OBEROIRLTY,55,13099,1848700,165550,8132972995.0,54,5939,740950,121450,3483338355.0,0.401,0.453,2026-05-11
OFSS,122,4445,645600,-34800,3286305330.0,121,10344,681175,-63600,6324001361.25,1.055,2.327,2026-05-11
OIL,93,9587,14119000,919800,6574429470.0,89,2883,6725600,380800,1847115270.0,0.476,0.301,2026-05-11
ONGC,96,28045,59199750,3543750,18784927350.0,93,8005,19323000,1113750,5039567550.0,0.326,0.285,2026-05-11
PAGEIND,93,897,22785,945,525601509.75,88,505,18270,405,275341280.25,0.802,0.563,2026-05-11
PATANJALI,71,3278,5012100,-126000,1428689565.0,71,726,3275100,-44100,303630165.0,0.653,0.221,2026-05-11
PAYTM,101,11488,9233600,432100,10482762530.0,108,7844,8312125,-157325,6588490388.75,0.9,0.683,2026-05-11
PERSISTENT,89,13338,1381500,23600,7187163520.0,85,7965,849900,3500,3985889835.0,0.615,0.597,2026-05-11
PETRONET,88,5589,12036500,-167200,3130560365.0,91,2086,11743900,-176700,1112532650.0,0.976,0.373,2026-05-11
PFC,69,10429,21357700,193700,6554294760.0,67,3745,12079600,162500,2214828980.0,0.566,0.359,2026-05-11
PGEL,51,3710,5431150,464550,2027710637.5,53,2024,3907350,18050,985481977.5,0.719,0.546,2026-05-11
PHOENIXLTD,68,1232,1141000,32200,831146732.5,66,483,669550,-7000,299788090.0,0.587,0.392,2026-05-11
PIDILITIND,113,16681,6413500,-85000,12769091175.0,115,9180,2649500,-367000,6615966075.0,0.413,0.55,2026-05-11
PIIND,107,2647,1017275,4725,1517944995.0,108,1213,570325,-8925,660183440.0,0.561,0.458,2026-05-11
PNB,84,16281,133912000,7640000,14771611440.0,89,10585,84504000,3600000,8971130880.0,0.631,0.65,2026-05-11
PNBHOUSING,78,4717,2412800,113750,3502998752.5,80,1388,1431300,-94250,948359425.0,0.593,0.294,2026-05-11
POLICYBZR,70,8756,2797900,194950,5354417372.5,73,3865,1536150,231000,2246480232.5,0.549,0.441,2026-05-11
POLYCAB,81,15560,1729500,-64625,18482094181.25,90,12967,2217875,11500,14156893637.5,1.282,0.833,2026-05-11
POWERGRID,87,11576,28885700,2152700,7181138160.0,90,5063,12939000,-36100,3038295320.0,0.448,0.437,2026-05-11
POWERINDIA,60,12931,258300,-10075,11578182045.0,63,13265,208800,-24100,9773366311.25,0.808,1.026,2026-05-11
PREMIERENE,65,4532,2741600,-23575,2785118386.25,67,2136,1971675,-121325,1257195812.5,0.719,0.471,2026-05-11
PRESTIGE,65,2465,1426950,140400,1714954162.5,63,1128,918900,-22950,740192287.5,0.644,0.458,2026-05-11
RBLBANK,48,8618,33251775,812800,9898570500.0,54,3581,16294100,-1762125,3814707096.25,0.49,0.416,2026-05-11
RECLTD,62,16191,31934175,1349600,8671950700.0,58,4130,17521175,148400,2051259770.0,0.549,0.255,2026-05-11
RELIANCE,108,147659,58577500,6770500,108948970925.0,110,111800,31717000,-3039000,77308717650.0,0.541,0.757,2026-05-11
RVNL,50,6050,17072375,1174250,2954214521.25,53,1564,9681625,260775,710127230.0,0.567,0.259,2026-05-11
SAIL,47,2017,11402200,117500,1835321048.0,46,1346,7270900,376000,1141526130.0,0.638,0.667,2026-05-11
SAMMAANCAP,41,2654,22291200,1053500,1765456934.0,41,578,12917200,64500,353559244.0,0.579,0.218,2026-05-11
SBICARD,58,9718,9390400,-72000,5291425360.0,58,5106,6128000,23200,2615111560.0,0.653,0.525,2026-05-11
SBILIFE,77,9110,4035000,-33750,6647178337.5,76,4227,2162250,67125,2961795225.0,0.536,0.464,2026-05-11
SBIN,97,467337,155638500,40188000,375701439075.0,97,176887,56786250,6153750,128776247212.5,0.365,0.378,2026-05-11
SHREECEM,78,6656,99800,-10775,4545066431.25,77,1249,54925,-75,772692680.0,0.55,0.188,2026-05-11
SHRIRAMFIN,92,18535,15547950,159225,16005317130.0,92,9102,8431500,-136125,7383378172.5,0.542,0.491,2026-05-11
SIEMENS,72,14650,1327025,237475,10071350537.5,69,12437,707175,57400,7841686527.5,0.533,0.849,2026-05-11
SOLARINDS,51,6951,139850,-3400,5976756460.0,52,4807,121950,18050,3238852760.0,0.872,0.692,2026-05-11
SONACOMS,95,12693,5530875,308700,9669649403.75,97,3902,3392025,356475,2799775475.0,0.613,0.307,2026-05-11
SRF,115,15895,1679000,-17600,9261771700.0,120,8213,1679000,-71000,4516101890.0,1.0,0.517,2026-05-11
SUNPHARMA,77,67940,12649000,1773450,45862414867.5,78,26928,8717800,1310750,17335707147.5,0.689,0.396,2026-05-11
SUPREMEIND,63,6799,1271025,232750,4717848878.75,62,1124,347725,1750,708408006.25,0.274,0.165,2026-05-11
SUZLON,50,9183,160843550,4431275,4877106299.75,54,3643,61009000,-1570350,1771044791.25,0.379,0.397,2026-05-11
SWIGGY,53,20994,15704525,1821300,7959187860.0,51,12934,7583425,-1271400,4548212890.0,0.483,0.616,2026-05-11
TATACONSUM,105,200367,6589000,1866700,142414422837.5,107,71111,5337750,2979900,47807844287.5,0.81,0.355,2026-05-11
TATAELXSI,74,7538,1443600,68900,3448898170.0,73,2623,591250,-75,1118611720.0,0.41,0.348,2026-05-11
TATAPOWER,71,26416,33138300,2167750,17702388292.5,69,7713,18271450,593050,4822410072.5,0.551,0.292,2026-05-11
TATASTEEL,60,29060,93073750,5192000,17952091905.0,60,13905,63299500,374000,8082507867.5,0.68,0.478,2026-05-11
TCS,101,74943,16346600,-204275,32892188631.25,101,33309,10673175,589400,13687862137.5,0.653,0.444,2026-05-11
TECHM,58,12110,7783200,921000,11044363410.0,61,4363,4656000,-184800,3796608360.0,0.598,0.36,2026-05-11
TIINDIA,104,1766,483200,25200,1130495450.0,102,381,266600,6400,226134010.0,0.552,0.216,2026-05-11
TITAN,79,220536,7294700,3062850,174701017968.75,80,230179,3691975,392000,167536121130.0,0.506,1.044,2026-05-11
TMPV,63,19009,30386400,444800,5711256080.0,64,13018,17839200,-43200,3609456720.0,0.587,0.685,2026-05-11
TORNTPHARM,72,45280,678750,241500,26546710781.25,73,7774,328750,96875,4227841868.75,0.484,0.172,2026-05-11
TRENT,72,25193,3537700,178300,11260891395.0,65,13941,1325750,-26750,5815055665.0,0.375,0.553,2026-05-11
TVSMOTOR,131,7721,1748425,112350,5186694887.5,127,3474,1125600,42000,2206686125.0,0.644,0.45,2026-05-11
ULTRACEMCO,87,16468,1261700,23400,10314231612.5,91,9867,473550,-36750,5589704552.5,0.375,0.599,2026-05-11
UNIONBANK,63,8818,74724975,1305375,7039373499.75,63,2918,33037050,159300,2137962689.25,0.442,0.331,2026-05-11
UNITDSPR,107,4431,4532400,240000,2426651480.0,107,1432,2801600,109600,724740360.0,0.618,0.323,2026-05-11
UNOMINDA,50,3925,1706100,283250,2686861622.5,49,2909,1011450,173250,1692087677.5,0.593,0.741,2026-05-11
UPL,109,75798,11222110,5067700,72155941780.25,112,30009,7559545,3475575,26907869943.0,0.674,0.396,2026-05-11
VBL,73,6710,11706750,151875,4020713156.25,75,2854,6418125,-76500,1647498712.5,0.548,0.425,2026-05-11
VEDL,59,34037,49555800,209300,12799875015.0,59,12560,24113200,339250,4244581402.5,0.487,0.369,2026-05-11
VMM,79,497,4719050,645050,313599739.0,79,359,2914850,203700,216525922.0,0.618,0.722,2026-05-11
VOLTAS,78,13078,6223125,552000,7076627493.75,77,5310,3714375,148875,2615086350.0,0.597,0.406,2026-05-11
WAAREEENER,66,22734,4443775,298725,13707343282.5,66,6968,2286200,-22750,3868176191.25,0.514,0.307,2026-05-11
WIPRO,65,17456,140238000,2070000,10915503570.0,67,9339,71154000,129000,5460639630.0,0.507,0.535,2026-05-11
YESBANK,29,21312,361910700,11662500,16261312669.0,31,13209,313985600,9516600,8985503123.0,0.868,0.62,2026-05-11
ZYDUSLIFE,73,8784,3776400,474300,7852856130.0,75,2299,2392200,165600,1928850030.0,0.633,0.262,2026-05-11
360ONE,50,1234,970000,-19000,716451700.0,54,516,642500,14000,279769250.0,0.662,0.418,2026-05-13
ABB,149,22489,2852750,-45750,19313385656.25,141,10534,994750,13000,8352035768.75,0.349,0.468,2026-05-13
ABCAPITAL,65,5511,20019800,1112900,6313260205.0,68,2308,11981500,186000,2457211280.0,0.598,0.419,2026-05-13
ADANIENSOL,79,20077,8914725,-598050,19278146340.0,75,6847,4758075,290250,5928566073.75,0.534,0.341,2026-05-13
ADANIENT,111,38511,7853853,-103206,30977696953.050003,122,19118,5811672,193743,14551419826.95,0.74,0.496,2026-05-13
ADANIGREEN,135,26619,9178200,56400,22983092190.0,138,15980,6924000,464400,12445825500.0,0.754,0.6,2026-05-13
ADANIPORTS,73,39612,9862425,-228475,34044486900.0,80,21952,7054700,229900,17531901540.0,0.715,0.554,2026-05-13
ADANIPOWER,92,17471,41357500,1175050,14235605044.5,97,7578,23319950,113600,5688324821.0,0.564,0.434,2026-05-13
ALKEM,85,2204,419000,78500,1613563275.0,88,698,167000,13750,474760212.5,0.399,0.317,2026-05-13
AMBER,77,10153,1420700,73700,9212109045.0,82,4633,746200,64800,3727006545.0,0.525,0.456,2026-05-13
AMBUJACEM,71,15806,20832000,411600,7686788497.5,71,6134,12687300,-349650,2849336017.5,0.609,0.388,2026-05-13
ANGELONE,60,5990,24050000,1327500,4901416125.0,57,2889,12332500,380000,2174563625.0,0.513,0.482,2026-05-13
APLAPOLLO,86,2842,2066750,4550,1989883175.0,80,1874,1251950,-34300,1262138587.5,0.606,0.659,2026-05-13
APOLLOHOSP,118,12187,1138750,7875,12751443387.5,120,5286,788500,6750,5291953056.25,0.692,0.434,2026-05-13
ASHOKLEY,72,22225,113115000,11565000,18933802200.0,70,19230,67970000,5845000,14834460850.0,0.601,0.865,2026-05-13
ASIANPAINT,111,115141,6425750,655500,77913389112.5,118,55880,4632000,777000,35650243150.0,0.721,0.485,2026-05-13
ASTRAL,63,8604,2210850,48875,6098773800.0,66,1823,1198075,15725,1206286170.0,0.542,0.212,2026-05-13
AUBANK,80,6356,8519000,366000,6722231100.0,84,3994,4781000,113000,3986130400.0,0.561,0.628,2026-05-13
AUROPHARMA,64,8866,3731750,404800,7617416840.0,60,3876,2668600,161700,3119471465.0,0.715,0.437,2026-05-13
AXISBANK,98,32203,20120625,84375,26548701906.25,95,19813,11255000,-31250,15561247250.0,0.559,0.615,2026-05-13
BAJAJ-AUTO,94,24767,2009100,40050,20177096313.75,93,19352,1579050,-20100,14742494898.75,0.786,0.781,2026-05-13
BAJAJFINSV,76,21132,5255050,186500,9682254725.0,76,10662,3074250,144250,4599017025.0,0.585,0.505,2026-05-13
BAJAJHLDNG,80,1031,132100,1350,564614347.5,84,694,61100,2600,333646340.0,0.463,0.673,2026-05-13
BAJFINANCE,80,25667,20121750,1035750,18368036737.5,85,17855,14846250,-4500,12302642962.5,0.738,0.696,2026-05-13
BANDHANBNK,78,11329,41414400,432000,8613556776.0,83,7482,26294400,32400,5353133076.0,0.635,0.66,2026-05-13
BANKBARODA,91,16066,46849725,-386100,12998616345.0,86,9628,34260525,1266525,7368271267.5,0.731,0.599,2026-05-13
BANKINDIA,52,5674,32463600,1892800,4401248332.0,51,3212,20030400,83200,2360725172.0,0.617,0.566,2026-05-13
BANKNIFTY,600,1590361,19860510,475980,2694364186258.5,600,1286733,14817600,514620,2044156293261.0,0.746,0.809,2026-05-13
BDL,75,8255,3108775,19950,4214649880.0,76,4303,1813350,-6650,2099021522.5,0.583,0.521,2026-05-13
BEL,75,40994,55301400,-118275,26480358900.0,74,19594,30643200,1356600,11825390002.5,0.554,0.478,2026-05-13
BHARATFORG,87,12759,4128000,-128000,13162962100.0,84,5940,2839500,-124000,5695448000.0,0.688,0.466,2026-05-13
BHARTIARTL,79,82939,20543750,-53675,73360641813.75,78,40730,10811000,821275,34186149118.75,0.526,0.491,2026-05-13
BHEL,171,39494,54768000,-1249500,43870069293.75,175,24883,54474000,4179000,25476860718.75,0.995,0.63,2026-05-13
BIOCON,74,40978,25130000,2260000,44205194625.0,77,20428,21690000,4555000,20523328125.0,0.863,0.499,2026-05-13
BLUESTARCO,96,5320,2700100,-21450,3128169216.25,92,1332,1282450,-2925,706307615.0,0.475,0.25,2026-05-13
BOSCHLTD,106,3138,93425,-575,3166950413.75,108,622,60900,2425,566686023.75,0.652,0.198,2026-05-13
BPCL,59,16804,32478875,1032925,10521454728.75,63,8685,20547900,106650,5023148047.5,0.633,0.517,2026-05-13
BRITANNIA,104,19741,3214375,-95875,14092974537.5,104,6180,1228625,-42000,4137086206.25,0.382,0.313,2026-05-13
BSE,72,36724,9705775,-679875,56451815737.5,73,25126,6594000,-445125,35857473000.0,0.679,0.684,2026-05-13
CAMS,73,5968,4582500,126000,3743602387.5,77,3996,3738750,-108000,2313978862.5,0.816,0.67,2026-05-13
CANBK,114,15035,117078750,60750,14104046430.0,115,8898,83963250,-553500,7891711132.5,0.717,0.592,2026-05-13
CDSL,59,16830,8756625,498275,10258008016.25,59,7584,5135225,21850,4337994191.25,0.586,0.451,2026-05-13
CGPOWER,77,11839,7417950,60350,8871826975.0,79,5129,5109350,81600,3654550137.5,0.689,0.433,2026-05-13
CHOLAFIN,79,4836,3138750,14375,5078276125.0,78,2753,2373750,52500,2664299468.75,0.756,0.569,2026-05-13
CIPLA,102,192705,8901200,1990500,100283021268.75,106,153522,8056500,2994375,75194507793.75,0.905,0.797,2026-05-13
COALINDIA,79,73896,44404200,3971700,48331629382.5,80,44942,23049900,5574150,27774479610.0,0.519,0.608,2026-05-13
COCHINSHIP,81,4695,1885600,133200,3384006080.0,79,1296,1198000,32400,850442400.0,0.635,0.276,2026-05-13
COFORGE,70,25337,10873875,-184125,13373911162.5,70,18608,7971475,56250,8968583943.75,0.733,0.734,2026-05-13
COLPAL,88,3879,1829250,97875,1951873267.5,86,2251,1072575,76275,1088814825.0,0.586,0.58,2026-05-13
CONCOR,75,1808,5516250,188750,1231702500.0,79,996,3553750,10000,653429875.0,0.644,0.551,2026-05-13
CROMPTON,93,19586,21389400,1458000,10603847250.0,95,14171,14648400,1387800,7216959420.0,0.685,0.724,2026-05-13
CUMMINSIND,79,5457,886000,-1000,5975105490.0,82,4100,552800,42800,4269359990.0,0.624,0.751,2026-05-13
DABUR,89,16989,14015000,130000,10435198250.0,88,9176,9491250,136250,5282253375.0,0.677,0.54,2026-05-13
DALBHARAT,98,4289,1998750,-88075,2666914055.0,98,3369,1123525,-143650,1966709663.75,0.562,0.785,2026-05-13
DELHIVERY,65,4652,13931550,921300,4775798005.0,67,2872,5085825,-153550,2784997666.25,0.365,0.617,2026-05-13
DIVISLAB,94,24714,972200,93900,17465358880.0,99,9031,626100,38100,5962951230.0,0.644,0.365,2026-05-13
DIXON,110,331296,2154250,2600,193061675672.5,113,158769,1790350,310500,82438365307.5,0.831,0.479,2026-05-13
DLF,100,21818,11521125,688875,11046853578.75,103,21178,9928875,1626900,9896311342.5,0.862,0.971,2026-05-13
DMART,74,8466,1660350,37650,5881900605.0,73,5627,725400,1200,3663709717.5,0.437,0.665,2026-05-13
DRREDDY,107,99920,14253750,-345625,83133337000.0,101,106098,9382500,1228125,83610153687.5,0.658,1.062,2026-05-13
EICHERMOT,98,32558,1449800,159600,24218697005.0,103,32548,1006000,134800,22523755460.0,0.694,1.0,2026-05-13
ETERNAL,82,34051,93134550,424375,21248742254.5,83,21647,49874975,1990925,12597991230.25,0.536,0.636,2026-05-13
EXIDEIND,146,4140,16797600,32400,2789104230.0,150,2252,9939600,-754200,1407136500.0,0.592,0.544,2026-05-13
FEDERALBNK,86,23062,39172500,1605000,17296232875.0,86,12160,20430000,2055000,8576808250.0,0.522,0.527,2026-05-13
FINNIFTY,302,7688,442380,-12480,12228014043.0,302,5632,231000,2100,8317207467.0,0.522,0.733,2026-05-13
FORCEMOT,44,3794,133075,3575,2172459922.5,41,1024,59975,-50,478757231.25,0.451,0.27,2026-05-13
FORTIS,69,5586,3695975,-225525,4349217850.0,71,1425,1351600,-38750,1067506932.5,0.366,0.255,2026-05-13
GAIL,113,11002,28085400,4743900,6001249117.5,119,3395,21231000,693000,1754760199.5,0.756,0.309,2026-05-13
GLENMARK,92,6929,2742375,-66375,6305571093.75,98,1746,1282875,31125,1513427643.75,0.468,0.252,2026-05-13
GMRAIRPORT,83,4619,57983175,-2176200,3291026874.75,82,2418,38976300,-20925,1598563561.5,0.672,0.523,2026-05-13
GODFRYPHLP,108,8970,880000,35475,6418418875.0,111,3782,476300,-8800,2182387102.5,0.541,0.422,2026-05-13
GODREJCP,96,11250,4809500,-564500,6146083075.0,96,5109,2657000,-134000,2616457675.0,0.552,0.454,2026-05-13
GODREJPROP,97,11940,2979175,73975,6103913530.0,96,7351,1926650,49775,3503389422.5,0.647,0.616,2026-05-13
GRASIM,109,7447,1585750,-13000,5693584725.0,113,4281,1188500,54000,3111329800.0,0.749,0.575,2026-05-13
HAL,84,31906,3225900,106350,23524847197.5,90,17923,2262300,59400,12263871787.5,0.701,0.562,2026-05-13
HAVELLS,114,8081,6126000,-130500,5238577275.0,109,2129,2321000,-9500,1281598525.0,0.379,0.263,2026-05-13
HCLTECH,122,47201,26718500,1382600,20455400127.5,120,22800,11427050,214400,9182174267.5,0.428,0.483,2026-05-13
HDFCAMC,109,4547,1491600,34500,3844977585.0,109,2177,876900,-2700,1722294795.0,0.588,0.479,2026-05-13
HDFCBANK,133,140056,93092850,1710500,61008283830.0,132,68705,50239800,510850,28510664525.0,0.54,0.491,2026-05-13
HDFCLIFE,103,10894,21214600,448800,7585510735.0,105,5765,11682000,-49500,3825938930.0,0.551,0.529,2026-05-13
HEROMOTOCO,95,29110,3274350,303450,23442107122.5,96,16903,1763550,62700,12707635237.5,0.539,0.581,2026-05-13
HINDALCO,83,58629,9309300,994000,45818603005.0,81,23405,6316800,504000,17410805335.0,0.679,0.399,2026-05-13
HINDPETRO,74,37135,19186875,3132675,30610763966.25,77,18543,17901000,832275,14058517747.5,0.933,0.499,2026-05-13
HINDUNILVR,96,23387,9880800,48600,16628860815.0,99,9965,4754400,-3900,6767547870.0,0.481,0.426,2026-05-13
HINDZINC,69,80676,23760100,2374050,69257857707.5,72,33437,19081825,3738700,26622133343.75,0.803,0.414,2026-05-13
HYUNDAI,74,9468,1703075,56650,5103364323.75,76,6207,1104400,19800,3070147217.5,0.648,0.656,2026-05-13
ICICIBANK,106,62759,40490100,569800,57088408825.0,98,36223,22427300,-485800,31526050780.0,0.554,0.577,2026-05-13
ICICIGI,78,3910,1184300,5850,2391682637.5,76,1440,498225,27625,840905471.25,0.421,0.368,2026-05-13
ICICIPRULI,107,3288,6485175,85100,1744883508.75,108,1303,4477000,6475,663263063.75,0.69,0.396,2026-05-13
IDEA,29,81332,1856920500,68187150,81839767722.75,27,23922,1064119800,94704375,20400388067.25,0.573,0.294,2026-05-13
IDFCFIRSTB,60,8761,115121300,343175,5946935688.75,61,7162,95588150,-2151800,4550352749.25,0.83,0.817,2026-05-13
IEX,104,10013,57525000,2580000,5077097025.0,111,2736,28151400,228750,1322605275.0,0.489,0.273,2026-05-13
INDHOTEL,102,14397,8793000,-544000,9665669950.0,109,10878,7440000,325000,6898941700.0,0.846,0.756,2026-05-13
INDIANB,88,7078,8722000,-96000,6290115250.0,84,8169,4840000,421000,6664492900.0,0.555,1.154,2026-05-13
INDIGO,82,27714,5302050,156000,18835234665.0,88,21455,2661750,56100,13535956357.5,0.502,0.774,2026-05-13
INDUSINDBK,79,12124,7537600,282800,8031082920.0,82,7653,6292300,317800,4824112125.0,0.835,0.631,2026-05-13
INDUSTOWER,69,24426,30758100,-841500,17870564390.0,68,8687,17688500,302600,6025541200.0,0.575,0.356,2026-05-13
INFY,109,89435,43632400,3325600,42993196780.0,106,43657,23116000,48800,19818690060.0,0.53,0.488,2026-05-13
INOXWIND,87,4224,29314250,100100,1602600034.75,88,1653,12970100,471900,596657990.5,0.442,0.391,2026-05-13
IOC,125,11000,57676125,1881750,8093393100.0,122,5263,41266875,1311375,3593682787.5,0.715,0.478,2026-05-13
IREDA,119,5411,25027375,2684100,2580097887.0,118,1546,13466425,465750,688113229.5,0.538,0.286,2026-05-13
IRFC,85,5275,43067600,-1398250,2438092017.5,87,1952,27178025,816000,831102035.0,0.631,0.37,2026-05-13
ITC,99,38906,128151825,2233850,19783028730.0,100,13823,42280000,1555200,6762975680.0,0.33,0.355,2026-05-13
JINDALSTEL,95,11308,4078750,-94375,9162051562.5,96,4269,2638125,122500,3302051781.25,0.647,0.378,2026-05-13
JIOFIN,91,21552,79150350,-63450,12722894007.5,89,9149,43785200,1069250,4986908680.0,0.553,0.425,2026-05-13
JSWENERGY,108,20189,13259075,-240000,11065715750.0,107,7745,6651650,-323350,4037001900.0,0.502,0.384,2026-05-13
JSWSTEEL,82,15563,6380100,707400,13966466208.75,85,5466,3734775,254475,4673219703.75,0.585,0.351,2026-05-13
JUBLFOOD,94,5107,7576250,67500,3068536750.0,89,2263,5030000,92500,1267965625.0,0.664,0.443,2026-05-13
KALYANKJIL,97,101088,30621375,4466525,45555365301.25,96,85773,16524550,5533250,35509014663.75,0.54,0.848,2026-05-13
KAYNES,84,71243,2734750,926500,32215015165.0,88,29925,1251300,190800,11592453685.0,0.458,0.42,2026-05-13
KEI,84,11189,877625,-71925,10460098950.0,86,14115,786275,16975,11966102960.0,0.896,1.262,2026-05-13
KFINTECH,93,5028,4192000,450500,2309233825.0,93,4550,2385650,115000,1897728550.0,0.569,0.905,2026-05-13
KOTAKBANK,124,19658,42586000,-858000,15557229200.0,124,8590,27942000,-348000,6555825100.0,0.656,0.437,2026-05-13
KPITTECH,67,11739,7352500,-405875,3838847583.75,68,5755,3324275,-400775,1716209245.0,0.452,0.49,2026-05-13
LAURUSLABS,114,16867,7480000,-5950,18984911967.5,114,10184,6753250,142800,10893356135.0,0.903,0.604,2026-05-13
LICHSGFIN,85,17137,7679000,426000,10460826850.0,86,9486,6361000,1091000,5456054700.0,0.828,0.554,2026-05-13
LICI,116,6400,8589700,646800,3720493035.0,113,2585,3714200,23100,1440257000.0,0.432,0.404,2026-05-13
LODHA,88,7323,3296250,142200,3134621407.5,92,13218,3625200,1650600,4837311022.5,1.1,1.805,2026-05-13
LT,142,47042,9157050,-336875,33858176765.0,143,27162,5396650,79800,18365349257.5,0.589,0.577,2026-05-13
LTF,51,5615,18168750,384750,3828863137.5,56,1870,13061250,938250,1227838837.5,0.719,0.333,2026-05-13
LTM,80,9522,1455000,-21450,6296864685.0,80,5099,690150,27300,3114035092.5,0.474,0.535,2026-05-13
LUPIN,112,22785,11553625,557175,23379472636.25,112,5029,4088925,-24650,4823643856.25,0.354,0.221,2026-05-13
M&M,127,35565,5997200,71200,23669379830.0,131,29341,5216400,87800,18474756270.0,0.87,0.825,2026-05-13
MANAPPURAM,52,14982,13974000,1782000,14434686450.0,56,9573,12237000,1398000,8617275450.0,0.876,0.639,2026-05-13
MANKIND,112,5504,1170450,67725,3118294181.25,106,1905,899775,40500,1031407683.75,0.769,0.346,2026-05-13
MARICO,123,3680,7118400,-60000,3809872320.0,125,3518,5860800,-104400,3408221940.0,0.823,0.956,2026-05-13
MARUTI,98,41794,2554250,38400,29110404495.0,100,23160,1053150,39450,15029222877.5,0.412,0.554,2026-05-13
MAXHEALTH,97,6289,3165750,-105525,3522974883.75,96,2538,1452150,-82425,1367206155.0,0.459,0.404,2026-05-13
MAZDOCK,128,24826,5174800,47200,13395505920.0,133,8245,2108200,49400,4112441070.0,0.407,0.332,2026-05-13
MCX,59,39030,7079600,169375,82586172312.5,61,23130,6102500,-24375,44858677375.0,0.862,0.593,2026-05-13
MFSL,70,30777,2879200,854800,21603389660.0,73,17687,1053200,-363200,11435961200.0,0.366,0.575,2026-05-13
MIDCPNIFTY,566,89155,5592840,322320,156570004650.0,566,93306,6760200,502080,154422137856.0,1.209,1.047,2026-05-13
MOTHERSON,115,2600,36531000,1279200,2158835053.5,120,1616,31973850,442800,1249848817.5,0.875,0.622,2026-05-13
MOTILALOFS,83,1615,2571450,11625,1115933001.25,85,411,1570150,-44175,253049047.5,0.611,0.254,2026-05-13
MPHASIS,97,3565,1711875,24475,2288290070.0,92,1201,985325,40975,708875860.0,0.576,0.337,2026-05-13
MUTHOOTFIN,61,16814,2010250,97625,17233014136.25,63,5786,1255925,139425,5371131631.25,0.625,0.344,2026-05-13
NAM-INDIA,49,3842,1640000,143750,2688217687.5,47,1375,1106875,93125,870595781.25,0.675,0.358,2026-05-13
NATIONALUM,77,26245,32086875,-401250,21161865843.75,77,8743,17347500,1183125,6579250125.0,0.541,0.333,2026-05-13
NAUKRI,90,4826,3634125,239625,1838831025.0,89,2434,1301625,118500,867215156.25,0.358,0.504,2026-05-13
NBCC,93,2422,24498500,-461500,1584118250.0,98,1112,16601000,1150500,693677725.0,0.678,0.459,2026-05-13
NESTLEIND,98,8198,4478000,10000,6208671650.0,103,7373,4225500,47000,5376582925.0,0.944,0.899,2026-05-13
NHPC,76,6389,64672000,3456000,3425188096.0,75,2094,27667750,1017600,1049758528.0,0.428,0.328,2026-05-13
NIFTY,945,25002345,208279665,34721780,39230010784724.5,967,25818103,194641540,34017885,38808954089792.25,0.935,1.033,2026-05-13
NIFTYNXT50,706,238,8350,125,428717877.5,706,68,1500,175,118983298.75,0.18,0.286,2026-05-13
NMDC,78,30501,85772250,1167750,19570411080.0,79,8243,46554750,4812750,4979359305.0,0.543,0.27,2026-05-13
NTPC,109,43613,68902500,-217500,26681416500.0,105,15548,16780500,-187500,9192969675.0,0.244,0.356,2026-05-13
NUVAMA,89,2816,2171500,-113000,2332419350.0,88,1985,1376000,-16000,1493069800.0,0.634,0.705,2026-05-13
NYKAA,81,2261,10265625,390625,1990171250.0,82,741,3506250,112500,605537968.75,0.342,0.328,2026-05-13
OBEROIRLTY,61,6149,1796900,-65800,3707403122.5,59,5234,828450,-47600,2969358140.0,0.461,0.851,2026-05-13
OFSS,131,6008,579750,-21750,4369560360.0,130,9499,604825,-12600,5011690533.75,1.043,1.581,2026-05-13
OIL,94,34303,11708200,-715400,25412034130.0,91,13277,8738800,1323000,9217568360.0,0.746,0.387,2026-05-13
ONGC,98,66214,74704500,1955250,46057099950.0,96,19819,27294750,2709000,13152220537.5,0.365,0.299,2026-05-13
PAGEIND,110,2093,30915,6240,1177971532.5,106,1306,25290,5760,700977999.75,0.818,0.624,2026-05-13
PATANJALI,79,3366,5327100,148500,1429510545.0,79,1412,3543300,207900,572634765.0,0.665,0.419,2026-05-13
PAYTM,101,16327,9509825,50025,14474748213.75,108,12516,8062000,3625,10020875216.25,0.848,0.767,2026-05-13
PERSISTENT,93,12489,1491100,31900,6473962215.0,88,8502,981000,21100,4141767670.0,0.658,0.681,2026-05-13
PETRONET,93,2319,12047900,-338200,1268056295.0,95,1529,12114400,-288800,795154560.0,1.006,0.659,2026-05-13
PFC,71,50553,25729600,3095300,30949712300.0,69,24941,13458900,1098500,14403017200.0,0.523,0.493,2026-05-13
PGEL,56,4205,6052450,67450,2211021212.5,56,1835,4386150,200450,849123015.0,0.725,0.436,2026-05-13
PHOENIXLTD,72,2715,1078000,2450,1789733067.5,70,680,634550,-8750,414931702.5,0.589,0.25,2026-05-13
PIDILITIND,113,8396,5737500,-13500,6386211100.0,115,3372,2480000,-24000,2423826275.0,0.432,0.402,2026-05-13
PIIND,108,5879,1115100,-18725,3325350980.0,109,1698,554050,35350,881990777.5,0.497,0.289,2026-05-13
PNB,97,12105,142888000,2976000,10732213680.0,97,8200,87096000,2272000,6745768640.0,0.61,0.677,2026-05-13
PNBHOUSING,78,1564,2494700,40300,1146627982.5,80,779,1342250,-42250,528368620.0,0.538,0.498,2026-05-13
POLICYBZR,71,9731,3012100,20650,5870494822.5,74,3843,1572900,-24500,2202525832.5,0.522,0.395,2026-05-13
POLYCAB,81,20929,1751375,-20500,24603849168.75,90,25700,1978125,-103000,27761219006.25,1.129,1.228,2026-05-13
POWERGRID,95,28641,32372200,1955100,17253368760.0,97,19537,13833900,959500,11313383655.0,0.427,0.682,2026-05-13
POWERINDIA,61,11299,267225,-275,9945440610.0,65,13451,194375,-8750,9221622893.75,0.727,1.19,2026-05-13
PREMIERENE,75,5088,3558675,19550,3035930453.75,76,2673,1772150,78775,1513950361.25,0.498,0.525,2026-05-13
PRESTIGE,71,3455,2020050,120150,2315726842.5,69,1994,1085400,51300,1239876967.5,0.537,0.577,2026-05-13
RBLBANK,51,6151,33318450,-1117600,6905482760.0,56,1796,13633450,-425450,1839851698.75,0.409,0.292,2026-05-13
RECLTD,66,15882,30457175,-130200,8211445760.0,63,6794,17661175,260400,3315996687.5,0.58,0.428,2026-05-13
RELIANCE,116,125644,63677500,1587000,89995144150.0,117,68710,33607500,796000,46707909375.0,0.528,0.547,2026-05-13
RVNL,56,7849,17665600,594750,3685887485.0,56,2454,10346275,90450,1065544698.75,0.586,0.313,2026-05-13
SAIL,67,974,9837100,-1038700,909613701.0,67,710,6706900,-310200,614079064.0,0.682,0.729,2026-05-13
SAMMAANCAP,41,1938,24669100,197800,1253265960.0,41,661,13175200,399900,399336657.0,0.534,0.341,2026-05-13
SBICARD,60,11100,9887200,-145600,6005150880.0,60,4701,6090400,-238400,2376859800.0,0.616,0.424,2026-05-13
SBILIFE,78,6747,4224375,90375,4873767918.75,77,3869,1986375,-60750,2660137893.75,0.47,0.573,2026-05-13
SBIN,104,224132,154330500,-8250,175075151475.0,103,80937,56337000,649500,57964914450.0,0.365,0.361,2026-05-13
SHREECEM,78,4047,94725,-4850,2699022913.75,77,3183,49875,1975,1807681458.75,0.527,0.787,2026-05-13
SHRIRAMFIN,99,22394,17894250,541200,18492946395.0,97,10786,9139350,579150,8273277210.0,0.511,0.482,2026-05-13
SIEMENS,72,11833,1316525,-7175,7959954598.75,69,6058,797475,108325,3794465106.25,0.606,0.512,2026-05-13
SOLARINDS,55,6206,153750,4450,5307427790.0,56,2986,123850,8000,1965147060.0,0.806,0.481,2026-05-13
SONACOMS,95,4506,5592125,-379750,3436295948.75,97,1565,3539025,-35525,1130894642.5,0.633,0.347,2026-05-13
SRF,115,6373,1685800,28800,3629411380.0,120,4761,1435600,-75400,2569108680.0,0.852,0.747,2026-05-13
SUNPHARMA,81,29524,14722050,-143500,19661547535.0,82,19937,8176350,-742000,12753576902.5,0.555,0.675,2026-05-13
SUPREMEIND,67,4352,1343475,73675,2951619518.75,66,964,336175,-13125,596045380.0,0.25,0.222,2026-05-13
SUZLON,54,12712,171953325,2906050,6561801786.25,57,8129,71676550,2517975,3765651918.75,0.417,0.639,2026-05-13
SWIGGY,55,9324,15737025,139100,3485443390.0,53,4793,7546250,189800,1613188755.0,0.48,0.514,2026-05-13
TATACONSUM,110,16296,5953750,100650,11606591150.0,112,11712,3849450,-787600,7940557130.0,0.647,0.719,2026-05-13
TATAELXSI,77,10047,1522800,15200,4475396740.0,76,6129,568075,-26075,2509932565.0,0.373,0.61,2026-05-13
TATAPOWER,92,103071,45321200,5879750,65653972320.0,89,58562,22857800,1164350,34451798160.0,0.504,0.568,2026-05-13
TATASTEEL,60,95565,99992750,5956500,59692244590.0,60,41853,70372500,6792500,24621045515.0,0.704,0.438,2026-05-13
TCS,110,95900,20930800,1886050,40511319035.0,110,48716,11889475,405050,19225643353.75,0.568,0.508,2026-05-13
TECHM,61,9844,8316600,343200,8658591180.0,63,9740,4929600,-161400,8101465650.0,0.593,0.989,2026-05-13
TIINDIA,104,18206,821600,318400,11614777540.0,102,7941,393600,94800,4658373220.0,0.479,0.436,2026-05-13
TITAN,84,105543,8142050,106575,79998291992.5,84,92244,3807825,348600,64324262931.25,0.468,0.874,2026-05-13
TMPV,64,25002,35204000,3249600,7270660600.0,65,13276,18974400,960000,3546688920.0,0.539,0.531,2026-05-13
TORNTPHARM,78,6864,726875,36625,3950849037.5,79,4070,327250,-16500,2192834912.5,0.45,0.593,2026-05-13
TRENT,74,23485,3840300,-4400,10276042440.0,67,13147,1346350,-200,4916402360.0,0.351,0.56,2026-05-13
TVSMOTOR,131,79328,2993550,1146600,52235649760.0,127,35395,1609475,447300,21844594808.75,0.538,0.446,2026-05-13
ULTRACEMCO,87,35514,1330750,28600,22283444692.5,91,21186,499150,13350,11532380082.5,0.375,0.597,2026-05-13
UNIONBANK,65,10522,81605850,1730175,8252572785.0,65,3696,35461950,300900,2666368134.75,0.435,0.351,2026-05-13
UNITDSPR,117,6692,5230000,384800,3584889320.0,116,2028,3016400,88000,1022582600.0,0.577,0.303,2026-05-13
UNOMINDA,50,2066,1982200,174350,1381246157.5,49,1669,1080200,18150,1012262405.0,0.545,0.808,2026-05-13
UPL,124,10031,12785780,-634140,9085114568.0,126,4970,7692335,-226285,4267285172.25,0.602,0.495,2026-05-13
VBL,78,5657,11994750,-138375,3363978262.5,80,2286,6287625,42750,1289429831.25,0.524,0.404,2026-05-13
VEDL,59,149674,40080950,-7567000,58622421965.0,59,53703,27537900,3553500,19092165162.5,0.687,0.359,2026-05-13
VMM,85,406,5325300,334650,251414639.5,85,115,3482300,174600,68152539.5,0.654,0.283,2026-05-13
VOLTAS,81,18187,7461375,290250,9503161087.5,80,8953,4117500,168750,4301881556.25,0.552,0.492,2026-05-13
WAAREEENER,66,20262,4630325,127050,11987608806.25,66,5674,2296700,7000,3071216575.0,0.496,0.28,2026-05-13
WIPRO,68,36440,161742000,5673000,21918505230.0,69,20682,75918000,1584000,11598990270.0,0.469,0.568,2026-05-13
YESBANK,29,17785,399261800,11786900,13433073071.0,31,7111,278904800,-3421000,4763220331.0,0.699,0.4,2026-05-13
ZYDUSLIFE,78,3578,4311900,-347400,3180317580.0,80,1033,2389500,12600,848297610.0,0.554,0.289,2026-05-13
360ONE,50,2474,927500,-42500,1423498675.0,54,1335,672500,30000,711115925.0,0.725,0.54,2026-05-14
ABB,149,29011,2649250,-203500,25064637831.25,141,10786,991125,-3625,8536661456.25,0.374,0.372,2026-05-14
ABCAPITAL,65,6757,19582700,-437100,7716212480.0,68,3601,11395600,-585900,3856362335.0,0.582,0.533,2026-05-14
ADANIENSOL,79,13973,8669025,-245700,13517628435.0,75,4561,4490100,-267975,3912472293.75,0.518,0.326,2026-05-14
ADANIENT,123,186427,10273632,2419779,159434815268.55,134,73491,6946938,1135266,58817042930.25,0.676,0.394,2026-05-14
ADANIGREEN,135,28154,9756600,578400,25026116040.0,138,16872,7611600,687600,13289457090.0,0.78,0.599,2026-05-14
ADANIPORTS,73,44561,10445725,583300,39094695758.75,80,25811,7583850,529150,20859640793.75,0.726,0.579,2026-05-14
ADANIPOWER,92,26280,42894650,1537150,22148031064.5,97,9881,23344800,24850,7392725651.5,0.544,0.376,2026-05-14
ALKEM,85,7451,444750,25750,5483440956.25,88,963,175500,8500,661148218.75,0.395,0.129,2026-05-14
AMBER,77,16916,1370100,-50600,15118286900.0,82,11323,854700,108500,8986063550.0,0.624,0.669,2026-05-14
AMBUJACEM,71,16541,20480250,-351750,8127552037.5,71,4625,12025800,-661500,2175433050.0,0.587,0.28,2026-05-14
ANGELONE,60,15984,23557500,-492500,12825634750.0,57,6959,11772500,-560000,5236095500.0,0.5,0.435,2026-05-14
APLAPOLLO,86,6092,1932350,-134400,4256390127.5,80,2082,1286950,35000,1358232277.5,0.666,0.342,2026-05-14
APOLLOHOSP,118,23852,1264750,126000,25248537675.0,120,6891,830500,42000,6904694668.75,0.657,0.289,2026-05-14
ASHOKLEY,73,36032,115990000,2875000,30112967350.0,71,19187,71480000,3510000,14499582000.0,0.616,0.532,2026-05-14
ASIANPAINT,111,43101,7119500,693750,29451969875.0,118,25322,4749500,117500,16312727125.0,0.667,0.588,2026-05-14
ASTRAL,63,4883,2130525,-80325,3407198055.0,66,1112,1184900,-13175,732784341.25,0.556,0.228,2026-05-14
AUBANK,80,7348,8477000,-42000,7725349350.0,84,3243,4672000,-109000,3243715200.0,0.551,0.441,2026-05-14
AUROPHARMA,64,12363,4162950,431200,10641410917.5,60,4812,2759350,90750,3875932252.5,0.663,0.389,2026-05-14
AXISBANK,98,41162,21126875,1006250,33687055343.75,95,24766,10918125,-336875,19390398218.75,0.517,0.602,2026-05-14
BAJAJ-AUTO,94,29664,1940550,-68550,24162391683.75,93,16123,1593600,14550,12322888608.75,0.821,0.544,2026-05-14
BAJAJFINSV,80,26737,5807050,552000,12108722362.5,79,12036,3114500,40250,5215622525.0,0.536,0.45,2026-05-14
BAJAJHLDNG,80,3112,125900,-6200,1700779042.5,84,1058,58800,-2300,515315707.5,0.467,0.34,2026-05-14
BAJFINANCE,81,35644,20848500,726750,25409634975.0,86,20442,15273000,426750,13920686812.5,0.733,0.574,2026-05-14
BANDHANBNK,79,10824,41320800,-93600,8150865804.0,84,4987,25995600,-298800,3530985264.0,0.629,0.461,2026-05-14
BANKBARODA,91,18402,44612100,-2237625,15055845626.25,86,10169,34959600,699075,7835434571.25,0.784,0.553,2026-05-14
BANKINDIA,52,6158,33430800,967200,4815669248.0,51,2513,20649200,618800,1845648324.0,0.618,0.408,2026-05-14
BANKNIFTY,600,1723123,18620340,-1240170,2918932987599.0,600,1338369,15264540,446940,2129456851435.5,0.82,0.777,2026-05-14
BDL,75,8675,3176325,67550,4400336832.5,76,3034,1899100,85750,1481987150.0,0.598,0.35,2026-05-14
BEL,75,31450,56669400,1368000,20459509676.25,74,16733,30472200,-171000,10151684681.25,0.538,0.532,2026-05-14
BHARATFORG,87,6522,4290000,162000,6711963725.0,84,3188,2779500,-60000,3057028200.0,0.648,0.489,2026-05-14
BHARTIARTL,84,225429,18688400,-1855350,203840843075.0,83,124541,13497125,2686125,106748338708.75,0.722,0.552,2026-05-14
BHEL,171,45878,51568125,-3199875,51673499062.5,175,28716,55668375,1194375,29717609512.5,1.08,0.626,2026-05-14
BIOCON,84,16957,24915000,-215000,18525789750.0,87,11010,22007500,317500,11342499625.0,0.883,0.649,2026-05-14
BLUESTARCO,96,11368,2591550,-108550,6592534178.75,92,4557,1361750,79300,2342224348.75,0.525,0.401,2026-05-14
BOSCHLTD,106,4000,95600,2175,3977238435.0,108,883,60900,0,788044383.75,0.637,0.221,2026-05-14
BPCL,59,15235,32812650,333775,9502118420.0,63,7713,20135125,-412775,4485205151.25,0.614,0.506,2026-05-14
BRITANNIA,104,15114,2912250,-302125,10827156287.5,104,5219,1140625,-88000,3499407362.5,0.392,0.345,2026-05-14
BSE,72,89581,8579650,-1126125,140433819018.75,73,49692,6944250,350250,72279660375.0,0.809,0.555,2026-05-14
CAMS,73,8334,4623750,41250,5219266575.0,77,3714,3645000,-93750,2184734100.0,0.788,0.446,2026-05-14
CANBK,114,18121,111820500,-5258250,16889611117.5,115,9813,81378000,-2585250,8741789662.5,0.728,0.542,2026-05-14
CDSL,59,35749,8756625,0,22949838298.75,59,9340,5187950,52725,5343798925.0,0.592,0.261,2026-05-14
CGPOWER,77,14292,7511450,93500,10719586130.0,79,4601,4918100,-191250,3285421912.5,0.655,0.322,2026-05-14
CHOLAFIN,79,7033,3128750,-10000,7349512687.5,78,3708,2375000,1250,3623038781.25,0.759,0.527,2026-05-14
CIPLA,119,218266,10162000,1260800,119935610950.0,123,130666,13038000,4981500,66687156881.25,1.283,0.599,2026-05-14
COALINDIA,79,77190,46585800,2181600,50207165752.5,80,57296,21505500,-1544400,35295655432.5,0.462,0.742,2026-05-14
COCHINSHIP,81,5302,2006800,121200,3828177520.0,79,2086,1167200,-30800,1362651060.0,0.582,0.393,2026-05-14
COFORGE,70,43480,11197500,323625,22163152293.75,70,31621,8040950,69475,14832267676.25,0.718,0.727,2026-05-14
COLPAL,88,5974,2003175,173925,3014201497.5,86,2082,1105200,32625,1008140343.75,0.552,0.349,2026-05-14
CONCOR,75,2186,5601250,85000,1493283312.5,79,1063,3520000,-33750,694374125.0,0.628,0.486,2026-05-14
CROMPTON,93,32856,21040200,-349200,17850713760.0,95,16793,13483800,-1164600,8581027320.0,0.641,0.511,2026-05-14
CUMMINSIND,79,6257,895200,9200,6927486800.0,82,2823,606200,53400,2966772120.0,0.677,0.451,2026-05-14
DABUR,89,12764,13815000,-200000,7787723125.0,88,4446,9510000,18750,2551897812.5,0.688,0.348,2026-05-14
DALBHARAT,98,6484,1962350,-36400,3999641230.0,98,6053,1647750,524225,3540628113.75,0.84,0.934,2026-05-14
DELHIVERY,65,2251,14124525,192975,2326053835.0,67,846,5119025,33200,822776821.25,0.362,0.376,2026-05-14
DIVISLAB,98,28700,1104700,132500,20435473500.0,103,9480,734000,107900,6328673500.0,0.664,0.33,2026-05-14
DIXON,110,87857,2108850,-45400,51993655377.5,113,62389,1719500,-70850,33384443885.0,0.815,0.71,2026-05-14
DLF,100,49152,10393350,-1127775,24648190503.75,103,44237,9043650,-885225,20515255530.0,0.87,0.9,2026-05-14
DMART,74,14629,1729350,69000,10082128260.0,73,10388,743400,18000,6715106452.5,0.43,0.71,2026-05-14
DRREDDY,109,40122,13643750,-610000,33560315437.5,103,26242,8460625,-921875,20712775250.0,0.62,0.654,2026-05-14
EICHERMOT,104,22596,1456900,7100,16699357335.0,107,13986,989100,-16900,9565715725.0,0.679,0.619,2026-05-14
ETERNAL,82,34607,90942350,-2192200,21628368535.5,83,20853,50529725,654750,12193322653.25,0.556,0.603,2026-05-14
EXIDEIND,146,4711,17463600,666000,3171184470.0,150,1663,9743400,-196200,1055231190.0,0.558,0.353,2026-05-14
FEDERALBNK,90,11812,39667500,495000,8746830375.0,90,5091,20095000,-335000,3572127750.0,0.507,0.431,2026-05-14
FINNIFTY,302,12320,509940,67560,19599249282.0,302,7874,242400,11400,11767806483.0,0.475,0.639,2026-05-14
FORCEMOT,44,6752,128850,-4225,3811351518.75,41,1274,56650,-3325,618966278.75,0.44,0.189,2026-05-14
FORTIS,69,4930,3678150,-17825,3850797060.0,71,1192,1289600,-62000,895451778.75,0.351,0.242,2026-05-14
GAIL,113,10168,25518150,-2567250,5523121107.0,119,4407,21265650,34650,2255251446.0,0.833,0.433,2026-05-14
GLENMARK,92,11699,2838375,96000,10756650412.5,98,2737,1436250,153375,2395499981.25,0.506,0.234,2026-05-14
GMRAIRPORT,83,3976,59643225,1660050,2833466177.25,82,1832,38397375,-578925,1217764622.25,0.644,0.461,2026-05-14
GODFRYPHLP,108,5182,938025,58025,3700676003.75,111,3934,496650,20350,2253166066.25,0.529,0.759,2026-05-14
GODREJCP,96,8474,4397500,-412000,4655786225.0,96,3862,2640500,-16500,1982529575.0,0.6,0.456,2026-05-14
GODREJPROP,97,14302,3170025,190850,7236865198.75,96,7803,1872200,-54450,3743410907.5,0.591,0.546,2026-05-14
GRASIM,109,6012,1668000,82250,4616341137.5,113,3035,1220000,31500,2196897425.0,0.731,0.505,2026-05-14
HAL,84,130509,4257600,1031700,96773921055.0,90,73765,2607900,345600,50540781810.0,0.613,0.565,2026-05-14
HAVELLS,114,9527,6015000,-111000,6095719300.0,109,2695,2369000,48000,1627567650.0,0.394,0.283,2026-05-14
HCLTECH,122,92975,27549800,831300,39233517570.0,120,46715,11259800,-167250,18574437887.5,0.409,0.502,2026-05-14
HDFCAMC,109,6293,1559100,67500,5332340190.0,109,2112,855300,-21600,1686214050.0,0.549,0.336,2026-05-14
HDFCBANK,134,285249,85718200,-7374650,125681908815.0,133,130479,47806250,-2433550,54614698425.0,0.558,0.457,2026-05-14
HDFCLIFE,103,14776,20421500,-793100,10291761205.0,105,5434,11915200,233200,3620209615.0,0.583,0.368,2026-05-14
HEROMOTOCO,97,48759,3317850,43500,38942635170.0,98,24416,1808850,45300,18099498112.5,0.545,0.501,2026-05-14
HINDALCO,85,42829,9323300,14000,34167346990.0,84,23448,8064700,1747900,17780180215.0,0.865,0.547,2026-05-14
HINDPETRO,74,20487,20462625,1275750,16642408533.75,77,12806,16602975,-1298025,9786251418.75,0.811,0.625,2026-05-14
HINDUNILVR,96,21549,10262400,381600,15262955250.0,99,7644,4798800,44400,5182734720.0,0.468,0.355,2026-05-14
HINDZINC,69,28151,23724575,-35525,24165367913.75,72,16228,18993625,-88200,12980522931.25,0.801,0.576,2026-05-14
HYUNDAI,74,6257,1655225,-47850,3316113941.25,76,2655,1073050,-31350,1330876758.75,0.648,0.424,2026-05-14
ICICIBANK,106,65651,39627000,-863100,59722660025.0,98,32947,22456700,29400,28841344070.0,0.567,0.502,2026-05-14
ICICIGI,78,9247,1596400,412100,5712830597.5,76,2879,659750,161525,1688236355.0,0.413,0.311,2026-05-14
ICICIPRULI,107,4201,6533275,48100,2227106821.25,108,1746,4423350,-53650,873644277.5,0.677,0.416,2026-05-14
IDEA,29,35797,1893587175,36666675,37011671244.75,29,11427,1048109400,-16010400,9944480427.75,0.554,0.319,2026-05-14
IDFCFIRSTB,60,15842,116206475,1085175,10598915076.75,61,11460,98927150,3339000,7174301447.25,0.851,0.723,2026-05-14
IEX,104,10924,54873750,-2651250,5519309137.5,111,4250,28837650,686250,2058815737.5,0.526,0.389,2026-05-14
INDHOTEL,102,12824,7962000,-831000,8643130400.0,109,7777,6802000,-638000,5017970550.0,0.854,0.606,2026-05-14
INDIANB,89,10582,8472000,-250000,9331972250.0,85,3972,4878000,38000,3284139600.0,0.576,0.375,2026-05-14
INDIGO,82,34228,5458800,156750,23204413687.5,88,19774,2678250,16500,12589439400.0,0.491,0.578,2026-05-14
INDUSINDBK,79,15482,7288400,-249200,10253436620.0,82,8657,6349000,56700,5498096205.0,0.871,0.559,2026-05-14
INDUSTOWER,69,27714,27936100,-2822000,20534761295.0,68,11775,20104200,2415700,8301240080.0,0.72,0.425,2026-05-14
INFY,114,159074,47359600,3727200,74853374460.0,110,80366,25107600,1991600,35448560860.0,0.53,0.505,2026-05-14
INOXWIND,87,3507,29775425,461175,1326345413.25,88,887,12977250,7150,328376727.25,0.436,0.253,2026-05-14
IOC,125,6921,60498750,2822625,5057255677.5,122,3670,41262000,-4875,2530791510.0,0.682,0.53,2026-05-14
IREDA,119,6288,26296975,1269600,2998943688.0,118,2679,14311675,845250,1279798752.0,0.544,0.426,2026-05-14
IRFC,85,18508,51452850,8385250,8545227905.0,87,9272,31470525,4292500,3986396937.5,0.612,0.501,2026-05-14
ITC,99,53641,126922575,-1229250,27552158040.0,100,15532,42697600,417600,7644118800.0,0.336,0.29,2026-05-14
JINDALSTEL,95,14640,4439375,360625,11865119062.5,96,5615,2570000,-68125,4386329125.0,0.579,0.384,2026-05-14
JIOFIN,91,27828,75324550,-3825800,16453360547.0,89,9715,42922750,-862450,5354934895.0,0.57,0.349,2026-05-14
JSWENERGY,111,13896,12480075,-779000,7598549100.0,110,3417,6697650,46000,1779910350.0,0.537,0.246,2026-05-14
JSWSTEEL,82,36498,8163450,1783350,33359999512.5,85,11389,4608900,874125,9848254286.25,0.565,0.312,2026-05-14
JUBLFOOD,94,6054,7347500,-228750,3683606625.0,89,2451,5077500,47500,1379398687.5,0.691,0.405,2026-05-14
KALYANKJIL,97,35281,30189150,-432225,16141677895.0,96,17712,15625675,-898875,7379829667.5,0.518,0.502,2026-05-14
KAYNES,110,329823,6284250,3549500,128766976025.0,108,157600,2556700,1305400,54067549105.0,0.407,0.478,2026-05-14
KEI,96,10446,819000,-58625,9765334118.75,98,5902,753200,-33075,5000131447.5,0.92,0.565,2026-05-14
KFINTECH,97,8120,4553500,361500,3703162950.0,97,3211,2413650,28000,1335595800.0,0.53,0.395,2026-05-14
KOTAKBANK,124,24445,44338000,1752000,19324181000.0,124,9726,28272000,330000,7426472000.0,0.638,0.398,2026-05-14
KPITTECH,67,21035,8415000,1062500,6852819403.75,68,8730,3300900,-23375,2608386160.0,0.392,0.415,2026-05-14
LAURUSLABS,117,21287,7926250,446250,24357384780.0,117,13301,7559900,806650,14288357965.0,0.954,0.625,2026-05-14
LICHSGFIN,93,52065,8684000,1005000,30979341500.0,94,31667,5468000,-893000,17853017400.0,0.63,0.608,2026-05-14
LICI,116,12547,8540000,-49700,7359759085.0,113,3925,3747100,32900,2198061635.0,0.439,0.313,2026-05-14
LODHA,88,9733,2974500,-321750,4161210097.5,92,11792,3674250,49050,4333098937.5,1.235,1.212,2026-05-14
LT,142,52870,9248750,91700,37740465525.0,143,33397,5668425,271775,22754668798.75,0.613,0.632,2026-05-14
LTF,51,12034,18677250,508500,8150238450.0,56,3668,12885750,-175500,2414106450.0,0.69,0.305,2026-05-14
LTM,81,20448,1762200,307200,13068847020.0,81,10465,799650,109500,6274600732.5,0.454,0.512,2026-05-14
LUPIN,114,25348,10965000,-588625,25722433333.75,114,7669,3980975,-107950,7336119331.25,0.363,0.303,2026-05-14
M&M,127,35045,5736000,-261200,23017069080.0,131,20925,5111000,-105400,13188084200.0,0.891,0.597,2026-05-14
MANAPPURAM,52,5743,13659000,-315000,5572666200.0,56,2841,11826000,-411000,2609044350.0,0.866,0.495,2026-05-14
MANKIND,112,5187,1058400,-112050,2951688678.75,106,1181,921375,21600,627891097.5,0.871,0.228,2026-05-14
MARICO,123,2982,7173600,55200,3099308100.0,125,2195,5835600,-25200,2159797560.0,0.813,0.736,2026-05-14
MARUTI,100,55731,2658100,103850,38360426620.0,101,22778,1057650,4500,14738019815.0,0.398,0.409,2026-05-14
MAXHEALTH,97,17134,3465525,299775,9722044920.0,96,5087,1625400,173250,2785271028.75,0.469,0.297,2026-05-14
MAZDOCK,128,22353,5198600,23800,12140828270.0,133,8641,2137000,28800,4351024330.0,0.411,0.387,2026-05-14
MCX,59,54696,6497950,-581650,118003509466.25,61,28201,7176350,1073850,55459454660.0,1.104,0.516,2026-05-14
MFSL,70,10111,2613600,-265600,6990497440.0,73,4911,1004400,-48800,3143764480.0,0.384,0.486,2026-05-14
MIDCPNIFTY,566,104728,5548560,-44280,184363899762.0,566,90952,7041720,281520,151076369850.0,1.269,0.868,2026-05-14
MOTHERSON,115,1882,37459650,928650,1562879143.5,120,858,31955400,-18450,656979715.5,0.853,0.456,2026-05-14
MOTILALOFS,83,2120,2454425,-117025,1460337227.5,85,475,1533725,-36425,301763377.5,0.625,0.224,2026-05-14
MPHASIS,97,8703,1793825,81950,5393863708.75,92,3830,983125,-2200,2236806288.75,0.548,0.44,2026-05-14
MUTHOOTFIN,61,26361,2792075,781825,27589211842.5,63,11662,1714075,458150,10938994866.25,0.614,0.442,2026-05-14
NAM-INDIA,49,6337,1651250,11250,4489276718.75,47,4848,1250000,143125,3051857343.75,0.757,0.765,2026-05-14
NATIONALUM,77,26168,31520625,-566250,21458379187.5,77,10217,17581875,234375,7818445687.5,0.558,0.39,2026-05-14
NAUKRI,93,8833,3473625,-160500,3363412237.5,92,3450,1137000,-164625,1210462293.75,0.327,0.391,2026-05-14
NBCC,93,3595,24401000,-97500,2358156060.0,98,1133,16724500,123500,700833185.0,0.685,0.315,2026-05-14
NESTLEIND,98,9808,4322000,-156000,7427095325.0,103,7019,4177500,-48000,5089440625.0,0.967,0.716,2026-05-14
NHPC,76,7498,70252800,5580800,4032748352.0,75,2175,29222950,1555200,1089696960.0,0.416,0.29,2026-05-14
NIFTY,964,25931470,209797710,1518045,40808836819403.25,986,24631984,244540545,49899005,37152022086104.25,1.166,0.95,2026-05-14
NIFTYNXT50,706,306,7925,-425,551940652.5,706,27,1725,225,47004105.0,0.218,0.088,2026-05-14
NMDC,78,34877,87939000,2166750,22812133005.0,79,11882,50739750,4185000,7302387262.5,0.577,0.341,2026-05-14
NTPC,110,39182,68815500,-87000,24095958075.0,107,11945,18490500,1710000,7072468725.0,0.269,0.305,2026-05-14
NUVAMA,89,4605,2148500,-23000,3729363525.0,88,2962,1312000,-64000,2149177900.0,0.611,0.643,2026-05-14
NYKAA,81,4624,10159375,-106250,4122357812.5,82,1743,4337500,831250,1470001250.0,0.427,0.377,2026-05-14
OBEROIRLTY,63,4905,1757700,-39200,2941187025.0,60,4468,932050,103600,2509221925.0,0.53,0.911,2026-05-14
OFSS,132,10211,626025,46275,7160756021.25,131,14744,554875,-49950,8514544353.75,0.886,1.444,2026-05-14
OIL,98,40250,13004600,1296400,30712001670.0,96,17135,9542400,803600,12184790100.0,0.734,0.426,2026-05-14
ONGC,98,56312,70645500,-4059000,39627514012.5,96,20339,29594250,2299500,13552320375.0,0.419,0.361,2026-05-14
PAGEIND,110,2144,31995,1080,1224331585.5,106,651,24930,-360,347503923.75,0.779,0.304,2026-05-14
PATANJALI,79,3594,5595300,268200,1533285090.0,79,1495,3414600,-128700,611378460.0,0.61,0.416,2026-05-14
PAYTM,101,16481,8507150,-1002675,14298939846.25,108,10144,7798825,-263175,8060120256.25,0.917,0.615,2026-05-14
PERSISTENT,102,41843,1810900,319800,20910315000.0,97,33128,1122625,141625,15581170850.0,0.62,0.792,2026-05-14
PETRONET,93,2549,11865500,-182400,1396790605.0,95,1089,11916800,-197600,557165975.0,1.004,0.427,2026-05-14
PFC,71,27948,26967200,1237600,17063827170.0,69,13337,13330200,-128700,7788865500.0,0.494,0.477,2026-05-14
PGEL,56,7661,6272850,220400,3910994865.0,56,5316,4686350,300200,2408827647.5,0.747,0.694,2026-05-14
PHOENIXLTD,72,5596,1144850,66850,3618308855.0,70,1757,632450,-2100,1083046755.0,0.552,0.314,2026-05-14
PIDILITIND,113,19220,5296000,-441500,14748062500.0,115,6894,2368500,-111500,4980314175.0,0.447,0.359,2026-05-14
PIIND,108,16369,1035475,-79625,9362132990.0,109,9467,602175,48125,5234911298.75,0.582,0.578,2026-05-14
PNB,97,15251,138480000,-4408000,13526847840.0,97,9298,88064000,968000,7747963840.0,0.636,0.61,2026-05-14
PNBHOUSING,78,3016,2511600,16900,2208491057.5,80,878,1409200,66950,593776950.0,0.561,0.291,2026-05-14
POLICYBZR,71,11720,3026800,14700,7161882507.5,74,4083,1411900,-161000,2344596940.0,0.466,0.348,2026-05-14
POLYCAB,81,26482,1686500,-64875,31323088306.25,90,34454,2024125,46000,37468310518.75,1.2,1.301,2026-05-14
POWERGRID,100,17229,34416600,2044400,10415162550.0,101,6575,13795900,-38000,3817535195.0,0.401,0.382,2026-05-14
POWERINDIA,63,11590,251050,-16175,10176338866.25,66,13761,205325,10950,9755607560.0,0.818,1.187,2026-05-14
PREMIERENE,75,5468,3380425,-178250,3247930711.25,76,2417,1873925,101775,1344190322.5,0.554,0.442,2026-05-14
PRESTIGE,72,3533,1915200,-104850,2371074885.0,70,1562,1120950,35550,971918887.5,0.585,0.442,2026-05-14
RBLBANK,51,13194,31911925,-1406525,14836758331.25,56,4011,14671675,1038225,4152945243.75,0.46,0.304,2026-05-14
RECLTD,66,20885,29533175,-924000,10930807230.0,63,8378,17619175,-42000,4119752700.0,0.597,0.401,2026-05-14
RELIANCE,116,141017,66794000,3116500,100700524200.0,117,65297,34985500,1378000,44550341275.0,0.524,0.463,2026-05-14
RVNL,56,8218,18312200,646600,3848574637.5,56,2583,10310075,-36200,1133614832.5,0.563,0.314,2026-05-14
SAIL,69,158,9700800,-136300,154501690.0,69,86,6641100,-65800,76608449.0,0.685,0.544,2026-05-14
SAMMAANCAP,41,8439,23353300,-1315800,5512143297.0,41,1843,13127900,-47300,1132272904.0,0.562,0.218,2026-05-14
SBICARD,60,12837,10390400,503200,6783127880.0,60,5823,5998400,-92000,2965843600.0,0.577,0.454,2026-05-14
SBILIFE,78,8373,4099125,-125250,6016980075.0,77,4815,1870875,-115500,3286954856.25,0.456,0.575,2026-05-14
SBIN,104,269858,142585500,-11745000,210305242912.5,103,96649,56166000,-171000,68915105137.5,0.394,0.358,2026-05-14
SHREECEM,78,3477,81525,-13200,2307082741.25,77,2869,45225,-4650,1607519928.75,0.555,0.825,2026-05-14
SHRIRAMFIN,101,29136,18128550,234300,23670873517.5,99,12869,8991675,-147675,9854289101.25,0.496,0.442,2026-05-14
SIEMENS,73,35424,1273650,-42875,23893945985.0,70,11718,828975,31500,7383345173.75,0.651,0.331,2026-05-14
SOLARINDS,60,35403,188050,34300,31029939097.5,61,7114,130350,6500,5571087247.5,0.693,0.201,2026-05-14
SONACOMS,95,3688,5522300,-69825,2785180641.25,97,1338,3431225,-107800,965550390.0,0.621,0.363,2026-05-14
SRF,115,7047,1732200,46400,3985634900.0,120,3731,1430000,-5600,1993351190.0,0.826,0.529,2026-05-14
SUNPHARMA,81,41197,15594950,872900,27508090277.5,82,22782,9504250,1327900,14496559630.0,0.609,0.553,2026-05-14
SUPREMEIND,67,5815,1334550,-8925,3938033995.0,66,2625,345800,9625,1484901355.0,0.259,0.451,2026-05-14
SUZLON,54,16092,175825050,3871725,8260933211.5,57,6303,76947150,5270600,2982799953.75,0.438,0.392,2026-05-14
SWIGGY,57,8227,15870925,133900,2994813900.0,55,2791,7709800,163550,949830385.0,0.486,0.339,2026-05-14
TATACONSUM,110,17696,6398700,444950,12531407955.0,112,8597,3875300,25850,5735311037.5,0.606,0.486,2026-05-14
TATAELXSI,79,16611,1569500,46700,7240723780.0,78,5880,533175,-34900,2361752520.0,0.34,0.354,2026-05-14
TATAPOWER,92,39523,45564800,243600,24842262242.5,89,14542,22583750,-274050,8542204692.5,0.496,0.368,2026-05-14
TATASTEEL,64,72802,103815250,3822500,46160673900.0,64,38111,73438750,3066250,22803601452.5,0.707,0.523,2026-05-14
TCS,114,190654,21699400,768600,79052063432.5,114,73538,12044275,154800,28752399625.0,0.555,0.386,2026-05-14
TECHM,64,22933,9553800,1237200,19726305270.0,65,14375,5007000,77400,11694637710.0,0.524,0.627,2026-05-14
TIINDIA,132,15378,971800,150200,9393050570.0,128,10705,428400,34800,6078328140.0,0.441,0.696,2026-05-14
TITAN,84,55272,7623175,-518875,42270720047.5,84,26991,3716650,-91175,18993666186.25,0.488,0.488,2026-05-14
TMPV,64,50413,36867200,1663200,14704725960.0,65,24048,20342400,1368000,6449193280.0,0.552,0.477,2026-05-14
TORNTPHARM,78,7733,710000,-16875,4480685062.5,79,1449,346875,19625,781367868.75,0.489,0.187,2026-05-14
TRENT,74,28405,3770500,-69800,12429403640.0,67,12160,1320150,-26200,4681166070.0,0.35,0.428,2026-05-14
TVSMOTOR,131,54784,3377675,384125,35028228550.0,127,26079,1625225,15750,15744823053.75,0.481,0.476,2026-05-14
ULTRACEMCO,87,21803,1300500,-30250,13509181030.0,91,35231,503200,4050,17560992322.5,0.387,1.616,2026-05-14
UNIONBANK,65,16646,77822475,-3783375,12982070752.5,65,6059,34227375,-1234575,4429149853.5,0.44,0.364,2026-05-14
UNITDSPR,117,10121,5333200,103200,5467585080.0,116,4237,3225600,209200,2146113700.0,0.605,0.419,2026-05-14
UNOMINDA,50,4163,2086700,104500,2771598280.0,49,1280,1088450,8250,782409045.0,0.522,0.307,2026-05-14
UPL,124,9156,12205840,-579940,8283623125.0,126,4414,7380685,-311650,3780745796.5,0.605,0.482,2026-05-14
VBL,78,13550,13583250,1588500,8019258300.0,80,3591,6294375,6750,2016225393.75,0.463,0.265,2026-05-14
VEDL,59,139338,35955900,-4125050,56791052140.0,59,58221,31798650,4260750,21510739535.0,0.884,0.418,2026-05-14
VMM,110,7793,8157700,2832400,4729833781.0,110,3591,4801500,1319200,2048179201.5,0.589,0.461,2026-05-14
VOLTAS,83,32261,7691625,230250,16961160506.25,82,15863,4892250,774750,7496320612.5,0.636,0.492,2026-05-14
WAAREEENER,66,29862,4805675,175350,17601664928.75,66,5679,2283750,-12950,3046415190.0,0.475,0.19,2026-05-14
WIPRO,70,43981,164562000,2820000,26188400430.0,71,18264,75366000,-552000,10249731240.0,0.458,0.415,2026-05-14
YESBANK,29,14651,403678000,4416200,11042268346.0,31,6501,285093700,6188900,4312648196.0,0.706,0.444,2026-05-14
ZYDUSLIFE,88,35545,4660200,348300,32679465075.0,90,10740,3417300,1027800,9278000910.0,0.733,0.302,2026-05-14
360ONE,50,2713,1022500,95000,1560686375.0,54,600,666000,-6500,323828425.0,0.651,0.221,2026-05-15
ABB,149,19356,2595000,-54250,16756323687.5,141,8152,984750,-6375,6436088531.25,0.379,0.421,2026-05-15
ABCAPITAL,65,13956,20943600,1360900,16338123595.0,68,7401,15444200,4048600,8050056440.0,0.737,0.53,2026-05-15
ADANIENSOL,79,26912,8317350,-351675,25916571843.75,75,8318,4324050,-166050,7343482308.75,0.52,0.309,2026-05-15
ADANIENT,126,162878,11914731,1641099,144958839645.6,137,72725,7849527,902589,60427563815.55,0.659,0.446,2026-05-15
ADANIGREEN,135,51161,12263400,2506800,45885754230.0,138,25782,8096400,484800,21297974910.0,0.66,0.504,2026-05-15
ADANIPORTS,73,81118,10695100,249375,72323314797.5,80,49912,8324375,740525,41553599260.0,0.778,0.615,2026-05-15
ADANIPOWER,92,36062,47761700,4867050,30431071333.5,97,13862,24452400,1107600,10529834204.0,0.512,0.384,2026-05-15
ALKEM,85,3365,452250,7500,2457226150.0,88,768,166375,-9125,531311856.25,0.368,0.228,2026-05-15
AMBER,77,31179,1602800,232700,28405436070.0,82,15219,965900,111200,12298214990.0,0.603,0.488,2026-05-15
AMBUJACEM,71,16908,20806800,326550,8288312812.5,71,4231,12067800,42000,1980500340.0,0.58,0.25,2026-05-15
ANGELONE,60,12369,23935000,377500,10092562000.0,57,5146,11897500,125000,3919154750.0,0.497,0.416,2026-05-15
APLAPOLLO,86,3152,1901200,-31150,2230297352.5,80,813,1248450,-38500,535819112.5,0.657,0.258,2026-05-15
APOLLOHOSP,119,13759,1214250,-50500,14486693100.0,121,6327,800875,-29625,6365051693.75,0.66,0.46,2026-05-15
ASHOKLEY,73,30456,126585000,10595000,25750667150.0,71,8816,73735000,2255000,6757920100.0,0.582,0.289,2026-05-15
ASIANPAINT,111,17160,7159000,39500,11616554912.5,118,16969,4725750,-23750,10994860637.5,0.66,0.989,2026-05-15
ASTRAL,63,9938,2370225,239700,6982646597.5,66,2317,1212100,27200,1545576590.0,0.511,0.233,2026-05-15
AUBANK,80,16913,9198000,721000,17637253900.0,84,16133,5465000,793000,15820961050.0,0.594,0.954,2026-05-15
AUROPHARMA,69,5655,3735600,-427350,4880253675.0,65,2612,2726900,-32450,2126010397.5,0.73,0.462,2026-05-15
AXISBANK,100,39940,21973750,846875,32565203062.5,96,22830,10951250,33125,17921503281.25,0.498,0.572,2026-05-15
BAJAJ-AUTO,94,25253,1937475,-3075,20649953523.75,93,16711,1548075,-45525,12809267973.75,0.799,0.662,2026-05-15
BAJAJFINSV,80,19360,5944300,137250,8778999575.0,79,8576,3164250,49750,3739679650.0,0.532,0.443,2026-05-15
BAJAJHLDNG,80,774,120800,-5100,424780542.5,84,364,59100,300,177114840.0,0.489,0.47,2026-05-15
BAJFINANCE,81,32261,22714500,1866000,23312901675.0,86,15114,15723000,450000,10360793625.0,0.692,0.468,2026-05-15
BANDHANBNK,79,8187,41238000,-82800,6150249576.0,84,3702,26528400,532800,2649783384.0,0.643,0.452,2026-05-15
BANKBARODA,91,14206,46653750,2041650,11597802401.25,86,6482,34555950,-403650,5038711031.25,0.741,0.456,2026-05-15
BANKINDIA,52,7370,34039200,608400,5786085448.0,51,3391,20446400,-202800,2552988828.0,0.601,0.46,2026-05-15
BANKNIFTY,600,1682728,20825070,2204730,2864034475572.0,600,1391881,16061550,797010,2232364793305.5,0.771,0.827,2026-05-15
BDL,75,14648,3762300,585975,7488758272.5,76,3336,1932700,33600,1580650400.0,0.514,0.228,2026-05-15
BEL,75,25385,59285700,2616300,16487663463.75,74,11228,30894000,421800,6782392593.75,0.521,0.442,2026-05-15
BHARATFORG,87,8182,4389500,99500,8364213125.0,84,6564,3122500,343000,6098491425.0,0.711,0.802,2026-05-15
BHARTIARTL,84,172644,22058525,3370125,160906295220.0,83,83966,15505425,2008300,74552214107.5,0.703,0.486,2026-05-15
BHEL,171,31420,58356375,6788250,35260245562.5,175,24103,55148625,-519750,24710762081.25,0.945,0.767,2026-05-15
BIOCON,84,35084,25310000,395000,39071175875.0,87,15477,21395000,-612500,15999411625.0,0.845,0.441,2026-05-15
BLUESTARCO,96,5107,2679300,87750,3012400348.75,92,1701,1329250,-32500,904920428.75,0.496,0.333,2026-05-15
BOSCHLTD,106,8668,91050,-4550,8638084935.0,108,1917,62850,1950,1771614637.5,0.69,0.221,2026-05-15
BPCL,59,19616,37933825,5121175,12113376322.5,63,14811,22532775,2397650,8433717482.5,0.594,0.755,2026-05-15
BRITANNIA,104,12473,2849750,-62500,8878775356.25,104,5026,1152625,12000,3395005087.5,0.404,0.403,2026-05-15
BSE,74,45531,9046900,467250,71529880800.0,75,33334,6732375,-211875,49375529681.25,0.744,0.732,2026-05-15
CAMS,73,9079,4449000,-174750,5719584487.5,77,3196,3549000,-96000,1869735000.0,0.798,0.352,2026-05-15
CANBK,114,13810,115998750,4178250,12913709175.0,115,8020,80109000,-1269000,7085702677.5,0.691,0.581,2026-05-15
CDSL,59,19656,9185550,428925,12358950401.25,59,5110,5225475,37525,2868395087.5,0.569,0.26,2026-05-15
CGPOWER,77,8868,7390750,-120700,6625898112.5,79,3432,4854350,-63750,2447738030.0,0.657,0.387,2026-05-15
CHOLAFIN,79,5029,3380000,251250,5197159468.75,78,2950,2381250,6250,2886762750.0,0.705,0.587,2026-05-15
CIPLA,126,33095,9737875,-424125,18326363812.5,131,34804,11638875,-1399125,17705925318.75,1.195,1.052,2026-05-15
COALINDIA,80,75750,45366750,-1219050,49362054142.5,81,34631,24912900,3407400,21458746327.5,0.549,0.457,2026-05-15
COCHINSHIP,81,7515,2404000,397200,5285104500.0,79,4615,1372000,204800,2886641000.0,0.571,0.614,2026-05-15
COFORGE,70,51193,11794500,597000,26138868562.5,70,23027,8187200,146250,10853850750.0,0.694,0.45,2026-05-15
COLPAL,88,5337,2042325,39150,2723187678.75,86,1834,1176075,70875,892200566.25,0.576,0.344,2026-05-15
CONCOR,75,1942,5712500,111250,1344172000.0,79,804,3558750,38750,525135937.5,0.623,0.414,2026-05-15
CROMPTON,113,79125,23274000,2233800,44573182830.0,115,34486,17659800,4176000,18348008490.0,0.759,0.436,2026-05-15
CUMMINSIND,79,8519,918000,22800,9495785330.0,82,4814,634000,27800,5068472410.0,0.691,0.565,2026-05-15
DABUR,89,10090,13062500,-752500,6179578812.5,88,3630,8838750,-671250,2098153062.5,0.677,0.36,2026-05-15
DALBHARAT,98,5387,1968200,5850,3353010878.75,98,3019,1677000,29250,1727409320.0,0.852,0.56,2026-05-15
DELHIVERY,65,12370,16010700,1886175,13015874080.0,67,3293,5660600,541575,3251249232.5,0.354,0.266,2026-05-15
DIVISLAB,104,14322,1085100,-19600,10227294060.0,109,6334,709700,-24300,4269218700.0,0.654,0.442,2026-05-15
DIXON,110,83300,2163300,54450,49512617682.5,113,44715,1680600,-38900,24245168892.5,0.777,0.537,2026-05-15
DLF,100,26013,11252175,858825,13082438943.75,103,17282,8865450,-178200,8041407577.5,0.788,0.664,2026-05-15
DMART,74,9962,1692900,-36450,6895612470.0,73,5026,715950,-27450,3247320420.0,0.423,0.505,2026-05-15
DRREDDY,109,43846,12812500,-831250,37407014406.25,103,23613,8436875,-23750,19035466375.0,0.658,0.539,2026-05-15
EICHERMOT,104,17734,1434900,-22000,13280080375.0,107,9566,1004800,15700,6726671860.0,0.7,0.539,2026-05-15
ETERNAL,82,28017,92026325,1083975,17590439949.75,83,19325,50241150,-288575,11357291681.25,0.546,0.69,2026-05-15
EXIDEIND,146,3915,18061200,597600,2650806450.0,150,984,9507600,-235800,617782230.0,0.526,0.251,2026-05-15
FEDERALBNK,90,12645,38847500,-820000,9396221000.0,90,4950,21167500,1072500,3491072000.0,0.545,0.391,2026-05-15
FINNIFTY,302,17223,566700,56760,27476306550.0,302,5998,246720,4320,9060723348.0,0.435,0.348,2026-05-15
FORCEMOT,44,21208,148825,19975,12018029828.75,41,5423,61200,4550,2647343383.75,0.411,0.256,2026-05-15
FORTIS,69,3188,3611500,-66650,2494733680.0,71,596,1280300,-9300,444745646.25,0.355,0.187,2026-05-15
GAIL,113,3743,25511850,-6300,2009512638.0,119,2239,20695500,-570150,1152786222.0,0.811,0.598,2026-05-15
GLENMARK,92,6484,2937375,99000,6037990875.0,98,1352,1429875,-6375,1168996575.0,0.487,0.209,2026-05-15
GMRAIRPORT,83,4096,59127075,-516150,2948273282.25,82,2098,38690325,292950,1410730508.25,0.654,0.512,2026-05-15
GODFRYPHLP,108,6756,1257300,319275,4876310725.0,111,2735,623150,126500,1686595130.0,0.496,0.405,2026-05-15
GODREJCP,96,7894,4297000,-100500,4284783675.0,96,2111,2629000,-11500,1090670825.0,0.612,0.267,2026-05-15
GODREJPROP,97,7971,3222000,51975,4060936673.75,96,4523,1879075,6875,2151641813.75,0.583,0.567,2026-05-15
GRASIM,109,4513,1649000,-19000,3456177250.0,113,2358,1223000,3000,1726555387.5,0.742,0.522,2026-05-15
HAL,87,118578,5830800,1573200,84398524042.5,94,72390,2810700,202800,48125759820.0,0.482,0.61,2026-05-15
HAVELLS,114,8473,5925000,-90000,5434763000.0,109,2736,2350000,-19000,1645181275.0,0.397,0.323,2026-05-15
HCLTECH,127,59035,27531750,-18050,25008375392.5,125,27464,11317250,57450,10898316905.0,0.411,0.465,2026-05-15
HDFCAMC,109,7200,1464000,-95100,6174768270.0,109,1662,908400,53100,1327509570.0,0.62,0.231,2026-05-15
HDFCBANK,134,153700,82589150,-3129050,67942108337.5,133,105067,46364350,-1441900,44428583350.0,0.561,0.684,2026-05-15
HDFCLIFE,103,10865,20587600,166100,7554141925.0,105,5340,12151700,236500,3582375665.0,0.59,0.491,2026-05-15
HEROMOTOCO,97,29122,3174600,-143250,23603927490.0,98,12830,1759800,-49050,9734286412.5,0.554,0.441,2026-05-15
HINDALCO,91,38190,9554300,231000,30052212260.0,91,28826,8426600,361900,21811547555.0,0.882,0.755,2026-05-15
HINDPETRO,74,18334,21094425,631800,14625123277.5,77,10875,16795350,192375,8200198113.75,0.796,0.593,2026-05-15
HINDUNILVR,98,32841,10003500,-258900,23253975525.0,100,13005,4770900,-27900,8782084290.0,0.477,0.396,2026-05-15
HINDZINC,69,57096,26985525,3260950,47777285421.25,72,42973,18094475,-899150,33542774947.5,0.671,0.753,2026-05-15
HYUNDAI,74,7315,1606000,-49225,3927546012.5,76,2447,1021350,-51700,1199382222.5,0.636,0.335,2026-05-15
ICICIBANK,106,53351,38771600,-855400,48442149070.0,98,30448,22591100,134400,26679836400.0,0.583,0.571,2026-05-15
ICICIGI,78,4107,1424475,-171925,2536291517.5,76,1788,593125,-66625,1054221918.75,0.416,0.435,2026-05-15
ICICIPRULI,107,6688,5161500,-1371775,3532734053.75,108,1944,4438150,14800,975664100.0,0.86,0.291,2026-05-15
IDEA,29,54447,2019883500,126296325,56507846241.0,29,19778,1103859900,55750500,17483634837.75,0.546,0.363,2026-05-15
IDFCFIRSTB,60,20197,127132425,10925950,13389331660.25,61,22057,104186075,5258925,13581349110.0,0.82,1.092,2026-05-15
IEX,104,6249,54626250,-247500,3176368612.5,111,2312,28402650,-435000,1101946125.0,0.52,0.37,2026-05-15
INDHOTEL,102,9268,7617000,-345000,6301573050.0,109,3881,6636000,-166000,2537965150.0,0.871,0.419,2026-05-15
INDIANB,89,8432,8180000,-292000,7486692850.0,85,3233,4968000,90000,2685758950.0,0.607,0.383,2026-05-15
INDIGO,82,30841,5417250,-41550,20985068662.5,88,20339,2746050,67800,13133085735.0,0.507,0.659,2026-05-15
INDUSINDBK,79,16310,7422800,134400,10743175170.0,82,12901,6334300,-14700,8055828515.0,0.853,0.791,2026-05-15
INDUSTOWER,71,31954,26632200,-1303900,24073766470.0,71,15231,21860300,1756100,10901043620.0,0.821,0.477,2026-05-15
INFY,120,182405,44836000,-2523600,85811630380.0,116,99460,26050000,942400,43840723200.0,0.581,0.545,2026-05-15
INOXWIND,87,4313,27848500,-1926925,1625271290.5,88,931,13291850,314600,329527162.25,0.477,0.216,2026-05-15
IOC,125,15092,66373125,5874375,10813728461.25,122,11764,45288750,4026750,7875128771.25,0.682,0.779,2026-05-15
IREDA,119,3277,27083575,786600,1557033369.0,118,1901,14777425,465750,902531523.0,0.546,0.58,2026-05-15
IRFC,85,17984,57761025,6308175,8182676092.5,87,6618,32630775,1160250,3016182712.5,0.565,0.368,2026-05-15
ITC,99,62167,124957425,-1965150,31874465888.75,100,20408,42296000,-401600,10064948560.0,0.338,0.328,2026-05-15
JINDALSTEL,95,12213,4455625,16250,9875293093.75,96,5947,2450625,-119375,4645602750.0,0.55,0.487,2026-05-15
JIOFIN,91,23580,78114000,2789450,14029877316.0,89,6535,43108400,185650,3629843229.0,0.552,0.277,2026-05-15
JSWENERGY,111,24922,13009075,529000,13639544650.0,110,8125,6809650,112000,4268746350.0,0.523,0.326,2026-05-15
JSWSTEEL,87,56620,10270125,2106675,51491014773.75,90,17753,4759425,150525,15446505903.75,0.463,0.314,2026-05-15
JUBLFOOD,94,4390,7288750,-58750,2698232500.0,89,1939,5067500,-10000,1103916750.0,0.695,0.442,2026-05-15
KALYANKJIL,97,20592,30249075,59925,9707529988.75,96,9911,14736900,-888775,4164780510.0,0.487,0.481,2026-05-15
KAYNES,110,12592,5416350,-867900,4724335530.0,108,4260,2291800,-264900,1433872690.0,0.423,0.338,2026-05-15
KEI,96,8419,878150,59150,7908356680.0,98,4699,715050,-38150,3799628253.75,0.814,0.558,2026-05-15
KFINTECH,102,9008,4784000,230500,4133047750.0,102,2023,2486150,72500,845805975.0,0.52,0.225,2026-05-15
KOTAKBANK,124,59420,42962000,-1376000,47577572800.0,124,20047,30020000,1748000,15554735400.0,0.699,0.337,2026-05-15
KPITTECH,67,15807,8797925,382925,5180982071.25,68,3461,3233750,-67150,1021416397.5,0.368,0.219,2026-05-15
LAURUSLABS,127,11350,8126000,199750,13114987365.0,127,8816,7993400,433500,9741411017.5,0.984,0.777,2026-05-15
LICHSGFIN,93,12196,9328000,644000,7194688550.0,94,5730,5233000,-235000,3149563800.0,0.561,0.47,2026-05-15
LICI,116,6412,8407700,-132300,3791226390.0,113,2320,3692500,-54600,1301022835.0,0.439,0.362,2026-05-15
LODHA,88,11542,3302100,327600,4926639690.0,92,7038,3628800,-45450,2595196305.0,1.099,0.61,2026-05-15
LT,142,39028,9421475,172725,27807524955.0,143,21331,5797750,129325,14982235861.25,0.615,0.547,2026-05-15
LTF,51,9149,19422000,744750,6229482637.5,56,1327,12946500,60750,851337450.0,0.667,0.145,2026-05-15
LTM,85,34373,1929450,167250,21828395722.5,85,4541,785100,-14550,2664926227.5,0.407,0.132,2026-05-15
LUPIN,114,25267,10945450,-19550,25811005012.5,114,6663,3857300,-123675,6408706495.0,0.352,0.264,2026-05-15
M&M,127,36783,6110800,374800,24282636130.0,131,18712,5004800,-106200,11837938040.0,0.819,0.509,2026-05-15
MANAPPURAM,52,4330,13353000,-306000,4233631050.0,56,2578,11745000,-81000,2377052850.0,0.88,0.595,2026-05-15
MANKIND,112,16728,1199025,140625,9747761343.75,106,4029,963000,41625,2170979538.75,0.803,0.241,2026-05-15
MARICO,123,3770,7270800,97200,3912225240.0,125,3186,5839200,3600,3123534480.0,0.803,0.845,2026-05-15
MARUTI,102,74067,2616000,-42100,51171926302.5,104,39299,1024200,-33450,25727864377.5,0.392,0.531,2026-05-15
MAXHEALTH,99,7951,3541125,75600,4527530385.0,98,3454,1734600,109200,1902984956.25,0.49,0.434,2026-05-15
MAZDOCK,128,21494,5429800,231200,11725897720.0,133,7238,2194800,57800,3655414890.0,0.404,0.337,2026-05-15
MCX,64,36427,6920225,422275,80421612531.25,66,24680,7703675,527325,49999350326.25,1.113,0.678,2026-05-15
MFSL,70,7096,2385200,-228400,4934881860.0,73,2519,964800,-39600,1619658220.0,0.404,0.355,2026-05-15
MIDCPNIFTY,566,97213,5842320,293760,171381253794.0,566,98571,7167360,125640,166116202296.0,1.227,1.014,2026-05-15
MOTHERSON,115,13229,40694550,3234900,11154436978.5,120,3765,34753650,2798250,2976427615.5,0.854,0.285,2026-05-15
MOTILALOFS,83,2071,2360650,-93775,1458426697.5,85,572,1462425,-71300,356328570.0,0.62,0.276,2026-05-15
MPHASIS,101,12717,2025100,231275,7942145406.25,95,3974,1113475,130350,2307127886.25,0.55,0.312,2026-05-15
MUTHOOTFIN,66,130347,5305575,2513500,128842413218.75,66,95833,2493425,779350,86533580801.25,0.47,0.735,2026-05-15
NAM-INDIA,49,2298,1626250,-25000,1643437250.0,47,985,1206875,-43125,639581781.25,0.742,0.429,2026-05-15
NATIONALUM,77,18399,32686875,1166250,15002989218.75,77,9127,17748750,166875,6903772312.5,0.543,0.496,2026-05-15
NAUKRI,93,6054,3515250,41625,2315013356.25,92,1226,1148625,11625,431225868.75,0.327,0.203,2026-05-15
NBCC,93,2716,26825500,2424500,1770590380.0,98,796,16529500,-195000,496195635.0,0.616,0.293,2026-05-15
NESTLEIND,98,11715,4493500,171500,8732161675.0,103,10554,3830000,-347500,7646505775.0,0.852,0.901,2026-05-15
NHPC,76,12784,84537600,14284800,6838894848.0,75,4267,31302950,2080000,2124276288.0,0.37,0.334,2026-05-15
NIFTY,964,46127287,256947145,47149435,72505972829615.0,986,50980332,258627645,14087100,77649322730599.75,1.007,1.105,2026-05-15
NIFTYNXT50,706,268,8500,575,482703126.25,706,180,2250,525,319444078.75,0.265,0.672,2026-05-15
NMDC,80,14407,91266750,3327750,9452578162.5,81,6465,48114000,-2625750,3966926062.5,0.527,0.449,2026-05-15
NTPC,110,22312,67887000,-928500,13765242300.0,107,6216,18505500,15000,3698635800.0,0.273,0.279,2026-05-15
NUVAMA,89,3495,2205000,56500,2811587550.0,88,876,1312000,0,631554025.0,0.595,0.251,2026-05-15
NYKAA,81,3632,9950000,-209375,3240633437.5,82,1014,4081250,-256250,863390781.25,0.41,0.279,2026-05-15
OBEROIRLTY,63,2446,1698900,-58800,1467621890.0,60,2373,972300,40250,1318230427.5,0.572,0.97,2026-05-15
OFSS,132,34571,829275,203250,24715302881.25,131,9723,582250,27375,6343638468.75,0.702,0.281,2026-05-15
OIL,104,10055,12163200,-841400,7627492600.0,104,6309,9220400,-322000,4523574930.0,0.758,0.627,2026-05-15
ONGC,98,35734,70362000,-283500,25092510862.5,96,14108,30057750,463500,9460490512.5,0.427,0.395,2026-05-15
PAGEIND,110,4622,37455,5460,2648309679.75,106,3070,29445,4515,1521040626.75,0.786,0.664,2026-05-15
PATANJALI,79,24263,5218200,-377100,10566444510.0,79,6577,3614400,199800,2718404910.0,0.693,0.271,2026-05-15
PAYTM,101,9163,8425225,-81925,7967725567.5,108,4526,7687175,-111650,3684968447.5,0.912,0.494,2026-05-15
PERSISTENT,102,46812,1802700,-8200,23417107005.0,97,20942,1198125,75500,9767237750.0,0.665,0.447,2026-05-15
PETRONET,93,4437,11658400,-207100,2397990475.0,95,2792,11952900,36100,1433669225.0,1.025,0.629,2026-05-15
PFC,71,19127,27251900,284700,11732680180.0,69,7152,13746200,416000,4168788130.0,0.504,0.374,2026-05-15
PGEL,56,5889,6785850,513000,3093571402.5,56,2303,4783250,96900,1053287705.0,0.705,0.391,2026-05-15
PHOENIXLTD,72,4137,1153250,8400,2666232852.5,70,731,652400,19950,448364472.5,0.566,0.177,2026-05-15
PIDILITIND,113,6718,4782000,-514000,5149198500.0,115,3581,2231000,-137500,2632239175.0,0.467,0.533,2026-05-15
PIIND,108,4856,1057000,21525,2784105948.75,109,1860,659925,57750,1018314911.25,0.624,0.383,2026-05-15
PNB,97,12904,145352000,6872000,11331837520.0,97,8382,93512000,5448000,6959347840.0,0.643,0.65,2026-05-15
PNBHOUSING,78,2109,2481050,-30550,1575008630.0,80,588,1456000,46800,395455775.0,0.587,0.279,2026-05-15
POLICYBZR,71,10277,2993900,-32900,6330440217.5,74,4090,1442350,30450,2411225652.5,0.482,0.398,2026-05-15
POLYCAB,83,17010,1673625,-12875,20216363300.0,92,14352,1945125,-79000,15658472237.5,1.162,0.844,2026-05-15
POWERGRID,100,30027,37131700,2715100,18240825740.0,101,11905,15599000,1803100,6872066395.0,0.42,0.396,2026-05-15
POWERINDIA,63,14312,239250,-11800,12642722430.0,66,15364,194275,-11050,10620508816.25,0.812,1.074,2026-05-15
PREMIERENE,75,6754,3559825,179400,4041232250.0,76,5919,2262625,388700,3209733892.5,0.636,0.876,2026-05-15
PRESTIGE,72,4333,1977750,62550,2900726325.0,70,1057,1158750,37800,656137237.5,0.586,0.244,2026-05-15
RBLBANK,51,13945,34229675,2317750,15711133170.0,56,3556,16192500,1520825,3800158293.75,0.473,0.255,2026-05-15
RECLTD,66,13079,29685775,152600,6790351190.0,63,5232,17859975,240800,2558963540.0,0.602,0.4,2026-05-15
RELIANCE,116,240181,74137000,7343000,170515572050.0,117,124406,37408500,2423000,83150781350.0,0.505,0.518,2026-05-15
RVNL,56,8789,18719375,407175,4157370286.25,56,3036,11483200,1173125,1358102913.75,0.613,0.345,2026-05-15
SAIL,69,20,9677300,-23500,18731709.0,69,15,6580000,-61100,12582934.0,0.68,0.75,2026-05-15
SAMMAANCAP,41,7465,24927100,1573800,4917879556.0,41,1757,14770500,1642600,1090948786.0,0.593,0.235,2026-05-15
SBICARD,60,7689,10706400,316000,4131820480.0,60,1860,6076000,77600,943444520.0,0.568,0.242,2026-05-15
SBILIFE,78,6001,4017000,-82125,4325864381.25,77,3289,1806000,-64875,2269796456.25,0.45,0.548,2026-05-15
SBIN,104,180990,137786250,-4799250,141475496475.0,103,71124,54860250,-1305750,51241837650.0,0.398,0.393,2026-05-15
SHREECEM,78,2046,80400,-1125,1344029360.0,77,2400,44650,-575,1377702130.0,0.555,1.173,2026-05-15
SHRIRAMFIN,101,26381,18787725,659175,21602643232.5,99,8703,9278775,287100,6720312018.75,0.494,0.33,2026-05-15
SIEMENS,73,11801,1316525,42875,8089024168.75,70,5675,819000,-9975,3595073221.25,0.622,0.481,2026-05-15
SOLARINDS,61,68319,307150,119100,61742479112.5,62,32384,255350,125000,25665906102.5,0.831,0.474,2026-05-15
SONACOMS,95,5451,5639900,117600,4140388647.5,97,1468,3347925,-83300,1047718551.25,0.594,0.269,2026-05-15
SRF,115,5141,1744600,12400,2910026710.0,120,1991,1404200,-25800,1069333260.0,0.805,0.387,2026-05-15
SUNPHARMA,81,43853,16258200,663250,29527226907.5,82,24505,10097500,593250,15585547582.5,0.621,0.559,2026-05-15
SUPREMEIND,67,7278,1323350,-11200,4857024217.5,66,876,332850,-12950,544868633.75,0.252,0.12,2026-05-15
SUZLON,54,14753,175743825,-81225,7705292029.25,57,4352,78959725,2012575,2070199715.25,0.449,0.295,2026-05-15
SWIGGY,57,7985,16293425,422500,2930839795.0,55,2570,7744900,35100,871955825.0,0.475,0.322,2026-05-15
TATACONSUM,110,20465,6325550,-73150,14370993065.0,112,7712,3692700,-182600,5189166097.5,0.584,0.377,2026-05-15
TATAELXSI,79,31355,1532675,-36825,13721026535.0,78,5825,579175,46000,2330567235.0,0.378,0.186,2026-05-15
TATAPOWER,92,29039,46034600,469800,18357492130.0,89,10052,22340150,-243600,5973822012.5,0.485,0.346,2026-05-15
TATASTEEL,64,93429,120733250,16918000,59143937297.5,64,61781,75509500,2070750,36640434187.5,0.625,0.661,2026-05-15
TCS,117,147673,20679300,-1020100,61655625738.75,117,53689,12114950,70675,21090928312.5,0.586,0.364,2026-05-15
TECHM,66,30653,10248000,694200,26366050920.0,66,10195,5353200,346200,8361823920.0,0.522,0.333,2026-05-15
TIINDIA,132,14002,936000,-35800,8416811420.0,128,5505,410400,-18000,3089929610.0,0.438,0.393,2026-05-15
TITAN,84,52612,7301175,-322000,40252155545.0,84,30908,3827600,110950,22198248870.0,0.524,0.587,2026-05-15
TMPV,64,346264,45214400,8347200,103903348600.0,65,176400,23766400,3424000,49382672280.0,0.526,0.509,2026-05-15
TORNTPHARM,78,4288,716750,6750,2453978062.5,79,908,349250,2375,492539843.75,0.487,0.212,2026-05-15
TRENT,74,40656,3863100,92600,17843521760.0,67,19684,1376550,56400,7697357175.0,0.356,0.484,2026-05-15
TVSMOTOR,134,26077,3256400,-121275,16690204667.5,129,9541,1614725,-10500,5733963882.5,0.496,0.366,2026-05-15
ULTRACEMCO,87,21517,1373100,72600,13239058107.5,91,27844,521300,18100,14292772385.0,0.38,1.294,2026-05-15
UNIONBANK,65,9564,79694250,1871775,7555456338.0,65,2168,34484025,256650,1584509973.75,0.433,0.227,2026-05-15
UNITDSPR,120,92497,5887200,554000,50987304380.0,121,25030,3515600,290000,13189826500.0,0.597,0.271,2026-05-15
UNOMINDA,50,6487,2097150,10450,4324381572.5,49,1494,1136300,47850,912939472.5,0.542,0.23,2026-05-15
UPL,124,7239,11741075,-464765,6567973208.5,126,3130,7207245,-173440,2720781125.25,0.614,0.432,2026-05-15
VBL,78,9730,13318875,-264375,5794258106.25,80,3172,6111000,-183375,1796252962.5,0.459,0.326,2026-05-15
VEDL,63,75615,40041850,4085950,30606870040.0,63,54049,28737350,-3061300,19858570702.5,0.718,0.715,2026-05-15
VMM,110,4756,8055850,-101850,2925067543.5,110,1028,4534750,-266750,582149234.5,0.563,0.216,2026-05-15
VOLTAS,85,58645,8943750,1252125,30313301606.25,84,30173,4770750,-121500,14177991787.5,0.533,0.515,2026-05-15
WAAREEENER,66,26890,4728500,-77175,15780367023.75,66,4672,2279375,-4375,2489505777.5,0.482,0.174,2026-05-15
WIPRO,70,40594,166434000,1872000,24165499710.0,71,15510,78348000,2982000,8729691750.0,0.471,0.382,2026-05-15
YESBANK,29,14788,418108400,14430400,11105851985.0,31,5270,285093700,0,3560833375.0,0.682,0.356,2026-05-15
ZYDUSLIFE,90,13092,4673700,13500,12342684735.0,92,5249,3504600,87300,4604597055.0,0.75,0.401,2026-05-15
360ONE,50,3092,940500,-82000,1792783700.0,54,1001,665000,-1000,542560800.0,0.707,0.324,2026-05-18
ABB,149,25597,2422875,-172125,21937509262.5,141,8396,1014750,30000,6606523568.75,0.419,0.328,2026-05-18
ABCAPITAL,65,6640,21641100,697500,7642836720.0,68,3511,14845900,-598300,3790453855.0,0.686,0.529,2026-05-18
ADANIENSOL,79,15224,8417925,100575,14495760472.5,75,5061,4239000,-85050,4429149930.0,0.504,0.332,2026-05-18
ADANIENT,126,48788,12512337,597606,42551542181.25001,137,32157,7912254,62727,26421959331.0,0.632,0.659,2026-05-18
ADANIGREEN,135,28230,12711600,448200,24381699720.0,138,15127,8059200,-37200,12118344300.0,0.634,0.536,2026-05-18
ADANIPORTS,75,28348,10665650,-29450,24772631395.0,82,26578,8411300,86925,21889682165.0,0.789,0.938,2026-05-18
ADANIPOWER,92,9761,50470350,2708650,8169373422.5,97,4083,24377850,-74550,3112406658.5,0.483,0.418,2026-05-18
ALKEM,85,3347,419750,-32500,2407224925.0,88,1735,178250,11875,1159592906.25,0.425,0.518,2026-05-18
AMBER,90,160583,3027800,1425000,130707739405.0,93,168335,1710600,744700,122199696715.0,0.565,1.048,2026-05-18
AMBUJACEM,71,15862,21091350,284550,7542726975.0,71,5582,12403800,336000,2540057677.5,0.588,0.352,2026-05-18
ANGELONE,60,9539,23082500,-852500,7709021125.0,57,4784,11532500,-365000,3630653750.0,0.5,0.502,2026-05-18
APLAPOLLO,86,5501,1856050,-45150,3804169005.0,80,1364,1232700,-15750,905453850.0,0.664,0.248,2026-05-18
APOLLOHOSP,119,10929,1300000,85750,11463927987.5,121,6124,817625,16750,6115174093.75,0.629,0.56,2026-05-18
ASHOKLEY,73,22612,124310000,-2275000,18826996550.0,71,10217,77040000,3305000,7730555550.0,0.62,0.452,2026-05-18
ASIANPAINT,111,17352,7124250,-34750,11654888662.5,118,20521,4651750,-74000,13155261100.0,0.653,1.183,2026-05-18
ASTRAL,63,26941,3241900,871675,18724935557.5,66,14003,1979650,767550,9032970060.0,0.611,0.52,2026-05-18
AUBANK,80,9428,8644000,-554000,9807443950.0,84,5627,5855000,390000,5544445400.0,0.677,0.597,2026-05-18
AUROPHARMA,69,5098,3725700,-9900,4392948725.0,65,2972,2670250,-56650,2424428985.0,0.717,0.583,2026-05-18
AXISBANK,102,43310,22576250,602500,34815933593.75,98,25205,11144375,193125,19597558906.25,0.494,0.582,2026-05-18
BAJAJ-AUTO,94,28217,1911600,-25875,22629682980.0,93,19993,1527375,-20700,15097499032.5,0.799,0.709,2026-05-18
BAJAJFINSV,80,42503,6754300,810000,19264822375.0,79,14106,3461000,296750,6075942150.0,0.512,0.332,2026-05-18
BAJAJHLDNG,80,1905,117700,-3100,1054650142.5,84,643,61300,2200,325255840.0,0.521,0.338,2026-05-18
BAJFINANCE,81,40826,22238250,-476250,29187551737.5,86,25337,15453000,-270000,17307147412.5,0.695,0.621,2026-05-18
BANDHANBNK,79,11068,41223600,-14400,8090772444.0,84,7091,25369200,-1159200,4888504620.0,0.615,0.641,2026-05-18
BANKBARODA,91,17913,46820475,166725,14267043911.25,86,10825,35848800,1292850,8251136448.75,0.766,0.604,2026-05-18
BANKINDIA,52,8457,33540000,-499200,6485638224.0,51,4677,20488000,41600,3435771144.0,0.611,0.553,2026-05-18
BANKNIFTY,605,2196817,21003240,178170,3691547207313.0,605,1540827,16780440,718890,2440894932349.5,0.799,0.701,2026-05-18
BDL,75,14818,3814450,52150,7309058610.0,76,10001,2064650,131950,4613045255.0,0.541,0.675,2026-05-18
BEL,75,53943,62761275,3475575,34682483482.5,74,23340,33141225,2247225,13971821332.5,0.528,0.433,2026-05-18
BHARATFORG,87,8531,4078500,-311000,8646566050.0,84,4681,2925500,-197000,4345053925.0,0.717,0.549,2026-05-18
BHARTIARTL,86,192012,25835725,3777200,180734391671.25,85,87823,17823900,2318475,79207312527.5,0.69,0.457,2026-05-18
BHEL,171,39478,60288375,1932000,43276928362.5,175,28788,53221875,-1926750,28690743375.0,0.883,0.729,2026-05-18
BIOCON,90,11466,24915000,-395000,12750247500.0,93,7220,22467500,1072500,7585821500.0,0.902,0.63,2026-05-18
BLUESTARCO,96,8402,2813525,134225,4741544193.75,92,8044,1435525,106275,4028829951.25,0.51,0.957,2026-05-18
BOSCHLTD,106,3705,97850,6800,3658098386.25,108,2191,64000,1150,1968387920.0,0.654,0.591,2026-05-18
BPCL,64,15478,36596750,-1337075,9394819533.75,66,10175,23301050,768275,5650311173.75,0.637,0.657,2026-05-18
BRITANNIA,104,15464,2772125,-77625,10947470293.75,104,5363,1168875,16250,3598411806.25,0.422,0.347,2026-05-18
BSE,74,76476,8916025,-130875,120394848656.25,75,47058,8181375,1449000,69957555675.0,0.918,0.615,2026-05-18
CAMS,73,5593,4251000,-198000,3443094337.5,77,4059,3370500,-178500,2350120687.5,0.793,0.726,2026-05-18
CANBK,116,19734,120798000,4799250,17970426652.5,116,14667,83976750,3867750,12778890210.0,0.695,0.743,2026-05-18
CDSL,59,24007,8917175,-268375,14383264788.75,59,7817,5246375,20900,4408379358.75,0.588,0.326,2026-05-18
CGPOWER,77,15200,7043950,-346800,11090460510.0,79,8688,4731100,-123250,6080332710.0,0.672,0.572,2026-05-18
CHOLAFIN,81,6617,3632500,252500,6697020781.25,80,3741,2488125,106875,3581051562.5,0.685,0.565,2026-05-18
CIPLA,126,27022,9464550,-273325,14835952635.0,131,30758,10404000,-1234875,16025198250.0,1.099,1.138,2026-05-18
COALINDIA,80,55966,45130500,-236250,36394579260.0,81,30436,26493750,1580850,18855549630.0,0.587,0.544,2026-05-18
COCHINSHIP,94,14940,2616400,212400,9915153820.0,91,16215,1542800,170800,9877131120.0,0.59,1.085,2026-05-18
COFORGE,70,95535,12567375,772875,49592767968.75,70,47452,8576450,389250,22385967581.25,0.682,0.497,2026-05-18
COLPAL,88,4387,2111175,68850,2201821177.5,86,1459,1162350,-13725,694591998.75,0.551,0.333,2026-05-18
CONCOR,75,2860,5881250,168750,1922042250.0,79,1632,3493750,-65000,1049933312.5,0.594,0.571,2026-05-18
CROMPTON,113,19409,25147800,1873800,10803727800.0,115,13095,14265000,-3394800,6932168010.0,0.567,0.675,2026-05-18
CUMMINSIND,79,5450,920400,2400,6068472080.0,82,9188,616600,-17400,8555626450.0,0.67,1.686,2026-05-18
DABUR,89,11108,13568750,506250,6691301687.5,88,4061,8812500,-26250,2341500250.0,0.649,0.366,2026-05-18
DALBHARAT,102,5059,1833650,-134550,3021359640.0,102,5924,1461200,-215800,3362996715.0,0.797,1.171,2026-05-18
DELHIVERY,77,23576,17075175,1064475,23841489587.5,76,8564,5751900,91300,8125261345.0,0.337,0.363,2026-05-18
DIVISLAB,104,13680,1061600,-23500,9649203995.0,109,7248,723500,13800,4775156890.0,0.682,0.53,2026-05-18
DIXON,110,76946,2332150,168850,44672891357.5,113,60735,1705750,25150,32228296800.0,0.731,0.789,2026-05-18
DLF,100,24519,10518750,-733425,12032476871.25,103,19215,8865450,0,8772553515.0,0.843,0.784,2026-05-18
DMART,74,11484,1685400,-7500,7812532740.0,73,7657,713700,-2250,4947248647.5,0.423,0.667,2026-05-18
DRREDDY,111,20972,12838750,26250,18002888062.5,106,14759,7705000,-731875,11990765843.75,0.6,0.704,2026-05-18
EICHERMOT,104,21912,1485300,50400,16176443825.0,107,16388,1053400,48600,11347148815.0,0.709,0.748,2026-05-18
ETERNAL,82,56727,97783275,5756950,34988376609.5,83,28584,46652150,-3589000,16455724831.75,0.477,0.504,2026-05-18
EXIDEIND,146,7943,17863200,-198000,5201705520.0,150,3663,9432000,-75600,2276237340.0,0.528,0.461,2026-05-18
FEDERALBNK,90,11620,38487500,-360000,8608905000.0,90,6870,21287500,120000,4821109750.0,0.553,0.591,2026-05-18
FINNIFTY,307,17992,610080,43380,28389028449.0,307,8712,295200,48480,12903822513.0,0.484,0.484,2026-05-18
FORCEMOT,44,12226,165575,16750,6897733098.75,41,6530,64575,3375,2933710285.0,0.39,0.534,2026-05-18
FORTIS,69,2416,3560350,-51150,1863955290.0,71,1132,1363225,82925,833985908.75,0.383,0.469,2026-05-18
GAIL,113,5641,24399900,-1111950,2984027476.5,119,2817,20881350,185850,1429154590.5,0.856,0.499,2026-05-18
GLENMARK,92,6020,2905875,-31500,5516379131.25,98,1821,1415250,-14625,1586543493.75,0.487,0.302,2026-05-18
GMRAIRPORT,83,8491,57041550,-2085525,5997252381.75,82,4953,38467125,-223200,3290894210.25,0.674,0.583,2026-05-18
GODFRYPHLP,115,42683,2294050,1036750,29868971137.5,118,15579,943525,320375,9874473042.5,0.411,0.365,2026-05-18
GODREJCP,96,8300,4270000,-27000,4434220325.0,96,3548,2535000,-94000,1800338525.0,0.594,0.427,2026-05-18
GODREJPROP,97,18554,3574375,352375,9265080175.0,96,10044,2054250,175175,4638929405.0,0.575,0.541,2026-05-18
GRASIM,109,5512,1650500,1500,4159686787.5,113,3802,1294250,71250,2749769100.0,0.784,0.69,2026-05-18
HAL,87,102421,6037500,206700,70570752360.0,94,60930,2899200,88500,38725286872.5,0.48,0.595,2026-05-18
HAVELLS,114,8034,5664500,-260500,5149982025.0,109,2444,2262000,-88000,1483922875.0,0.399,0.304,2026-05-18
HCLTECH,127,56789,27025200,-506550,23931263142.5,125,25586,11359950,42700,10231605510.0,0.42,0.451,2026-05-18
HDFCAMC,109,6698,1646400,182400,5648212035.0,109,4448,936900,28500,3531398730.0,0.569,0.664,2026-05-18
HDFCBANK,134,201270,82108000,-481150,88242009337.5,133,111325,47407900,1043550,46831628202.5,0.577,0.553,2026-05-18
HDFCLIFE,103,11558,21181600,594000,7942155925.0,105,5403,12123100,-28600,3564054340.0,0.572,0.467,2026-05-18
HEROMOTOCO,97,36638,3299550,124950,29361831600.0,98,12503,1789200,29400,9325455052.5,0.542,0.341,2026-05-18
HINDALCO,91,24341,9951200,396900,18805703140.0,91,13931,8440600,14000,10316529300.0,0.848,0.572,2026-05-18
HINDPETRO,74,10251,20551725,-542700,7946384715.0,77,5862,16428825,-366525,4331180970.0,0.799,0.572,2026-05-18
HINDUNILVR,98,27673,10419300,415800,19451292705.0,100,12053,4859100,88200,8127997350.0,0.466,0.436,2026-05-18
HINDZINC,69,42990,27270950,285425,35096622277.5,72,21086,17829875,-264600,16121211067.5,0.654,0.49,2026-05-18
HYUNDAI,74,5894,1642300,36300,3081478290.0,76,3191,989175,-32175,1548321802.5,0.602,0.541,2026-05-18
ICICIBANK,106,63500,36843800,-1927800,57496883640.0,98,34150,22924300,333200,29808417695.0,0.622,0.538,2026-05-18
ICICIGI,78,4852,1245400,-179075,2949015371.25,76,1911,569400,-23725,1122581866.25,0.457,0.394,2026-05-18
ICICIPRULI,112,37650,7688600,2527100,18571580246.25,113,33796,6763600,2325450,15763929735.0,0.88,0.898,2026-05-18
IDEA,29,50015,2177271450,157387950,51028732130.25,29,19869,1125516825,21656925,17017711470.0,0.517,0.397,2026-05-18
IDFCFIRSTB,60,8552,125685525,-1446900,5619830832.0,61,7370,105391825,1205750,4526732848.75,0.839,0.862,2026-05-18
IEX,104,8203,52537500,-2088750,4141548787.5,111,2469,26947950,-1454700,1160677957.5,0.513,0.301,2026-05-18
INDHOTEL,102,7614,7328000,-289000,5117165950.0,109,4094,6479000,-157000,2618072850.0,0.884,0.538,2026-05-18
INDIANB,89,6564,7860000,-320000,5743515550.0,85,2811,4677000,-291000,2327431600.0,0.595,0.428,2026-05-18
INDIGO,82,30478,5697450,280200,20504668575.0,88,21872,2872650,126600,13908296025.0,0.504,0.718,2026-05-18
INDUSINDBK,81,13473,7688800,266000,8712662980.0,82,10754,6422500,88200,6657318535.0,0.835,0.798,2026-05-18
INDUSTOWER,75,21802,28014300,1382100,16451569885.0,75,12211,22258100,397800,8778640030.0,0.795,0.56,2026-05-18
INFY,120,169693,44020800,-815200,80375368840.0,116,109689,26671600,621600,49169461360.0,0.606,0.646,2026-05-18
INOXWIND,105,6290,29317825,1469325,2278587775.75,106,3550,14864850,1573000,1230986685.5,0.507,0.564,2026-05-18
IOC,132,20844,80403375,14030250,14442162345.0,129,16215,56662125,11373375,10423712032.5,0.705,0.778,2026-05-18
IREDA,119,4790,27632125,548550,2262162171.0,118,2046,15222475,445050,907613028.0,0.551,0.427,2026-05-18
IRFC,87,17082,64008525,6247500,7616757477.5,88,4949,33166275,535500,2066534492.5,0.518,0.29,2026-05-18
ITC,99,86748,128797325,3839900,44385004605.0,100,32441,43924800,1628800,16047843520.0,0.341,0.374,2026-05-18
JINDALSTEL,95,18640,4207500,-248125,14817999812.5,96,8099,2501250,50625,6237453031.25,0.594,0.434,2026-05-18
JIOFIN,91,23601,78262050,148050,13736630498.0,89,9512,42727700,-380700,5224480755.0,0.546,0.403,2026-05-18
JSWENERGY,111,42578,12742075,-267000,23050649550.0,110,13681,6920700,111050,7154518821.25,0.543,0.321,2026-05-18
JSWSTEEL,87,34081,9037575,-1232550,30563929462.5,90,15950,4519800,-239625,13798099608.75,0.5,0.468,2026-05-18
JUBLFOOD,94,3675,7485000,196250,2219396687.5,89,1762,5050000,-17500,999762937.5,0.675,0.479,2026-05-18
KALYANKJIL,97,29101,29631025,-618050,13042107197.5,96,17568,14370300,-366600,7118662115.0,0.485,0.604,2026-05-18
KAYNES,122,7090,4907950,-508400,2776074080.0,120,1001,2241700,-50100,353745440.0,0.457,0.141,2026-05-18
KEI,96,4902,832825,-45325,4550722907.5,98,3747,693175,-21875,3117127343.75,0.832,0.764,2026-05-18
KFINTECH,105,7913,4855500,71500,3491935625.0,105,3689,2684650,198500,1496699200.0,0.553,0.466,2026-05-18
KOTAKBANK,127,33667,41316000,-1646000,26890125000.0,127,12837,30478000,458000,9955135600.0,0.738,0.381,2026-05-18
KPITTECH,67,15523,8742250,-55675,5028697473.75,68,4293,3040800,-192950,1270553607.5,0.348,0.277,2026-05-18
LAURUSLABS,127,11587,7729900,-396100,13387410835.0,127,9585,8193150,199750,10642322617.5,1.06,0.827,2026-05-18
LICHSGFIN,94,7940,9358000,30000,4550226600.0,95,5286,5835000,602000,2814331700.0,0.624,0.666,2026-05-18
LICI,116,6802,8788500,380800,3960993400.0,113,2531,3766700,74200,1398049800.0,0.429,0.372,2026-05-18
LODHA,92,8192,3307050,4950,3340334632.5,95,9756,3223800,-405000,3567866017.5,0.975,1.191,2026-05-18
LT,142,51765,9261875,-159600,36670549571.25,143,24702,5727225,-70525,16762607233.75,0.618,0.477,2026-05-18
LTF,51,9345,20245500,823500,6196048312.5,56,2681,12984750,38250,1697573025.0,0.641,0.287,2026-05-18
LTM,85,25054,1797900,-131550,15864824002.5,85,5684,759750,-25350,3382459740.0,0.423,0.227,2026-05-18
LUPIN,114,24003,10794575,-150875,24198316906.25,114,6284,3825850,-31450,6019415207.5,0.354,0.262,2026-05-18
M&M,127,35523,6008800,-102000,23064471320.0,131,20522,5155400,150600,12743674270.0,0.858,0.578,2026-05-18
MANAPPURAM,52,5710,12810000,-543000,5462239500.0,56,5472,11607000,-138000,4977473400.0,0.906,0.958,2026-05-18
MANKIND,116,8094,1261125,62100,4716999123.75,110,3644,964800,1800,1971250177.5,0.765,0.45,2026-05-18
MARICO,123,2383,7120800,-150000,2458380360.0,125,2471,5779200,-60000,2369462820.0,0.812,1.037,2026-05-18
MARUTI,102,77272,2835000,219000,52737135782.5,104,42457,971500,-52700,27382387035.0,0.343,0.549,2026-05-18
MAXHEALTH,100,10024,3677625,136500,5703661477.5,100,4716,1969800,235200,2588732895.0,0.536,0.47,2026-05-18
MAZDOCK,128,28391,5519200,89400,15128860280.0,133,11337,2211200,16400,5531774350.0,0.401,0.399,2026-05-18
MCX,69,23413,7237725,317500,51164912000.0,71,17738,7135150,-568525,35544183538.75,0.986,0.758,2026-05-18
MFSL,70,3217,2255600,-129600,2180366420.0,73,2553,950400,-14400,1622649980.0,0.421,0.794,2026-05-18
MIDCPNIFTY,566,122629,5906040,63720,213929357592.0,566,120192,7277040,109680,200258468136.0,1.232,0.98,2026-05-18
MOTHERSON,115,10059,42816300,2121750,8339828962.5,120,5763,37102950,2349300,4545486402.0,0.867,0.573,2026-05-18
MOTILALOFS,83,1808,2117300,-243350,1245254422.5,85,2694,1403525,-58900,1584847720.0,0.663,1.49,2026-05-18
MPHASIS,106,9929,1950300,-74800,6079323813.75,100,3535,1201200,87725,2069924766.25,0.616,0.356,2026-05-18
MUTHOOTFIN,67,30056,4937075,-368500,29173947068.75,67,17050,2361700,-131725,15162035817.5,0.478,0.567,2026-05-18
NAM-INDIA,49,3732,1740625,114375,2656071625.0,47,2287,1132500,-74375,1535628375.0,0.651,0.613,2026-05-18
NATIONALUM,77,15076,32347500,-339375,12064434468.75,77,6610,17784375,35625,4938403781.25,0.55,0.438,2026-05-18
NAUKRI,93,8958,3530625,15375,3359327793.75,92,2468,1217425,68800,865866042.5,0.345,0.276,2026-05-18
NBCC,93,3183,28294500,1469000,2029377805.0,98,1178,16438500,-91000,716783275.0,0.581,0.37,2026-05-18
NESTLEIND,101,8246,4638000,144500,6085411175.0,106,6035,3724000,-106000,4301106300.0,0.803,0.732,2026-05-18
NHPC,76,22517,86252800,1715200,11922132224.0,75,6091,30810150,-492800,3000257856.0,0.357,0.271,2026-05-18
NIFTY,964,88034914,267392460,10445315,136983808988091.0,986,76044246,331461190,72833545,114949622200812.77,1.24,0.864,2026-05-18
NIFTYNXT50,713,624,12575,4075,1096660316.25,713,70,2925,675,118039710.0,0.233,0.112,2026-05-18
NMDC,80,12294,91293750,27000,7882139835.0,81,4292,46507500,-1606500,2569795672.5,0.509,0.349,2026-05-18
NTPC,110,45595,78280500,10393500,27563472825.0,107,12162,18159000,-346500,7185589575.0,0.232,0.267,2026-05-18
NUVAMA,89,3135,2224500,19500,2439748050.0,88,1584,1375000,63000,1145874775.0,0.618,0.505,2026-05-18
NYKAA,81,3255,10718750,768750,2878804531.25,82,1106,4012500,-68750,923276093.75,0.374,0.34,2026-05-18
OBEROIRLTY,63,3399,1630650,-68250,1996192730.0,60,3015,929600,-42700,1665300437.5,0.57,0.887,2026-05-18
OFSS,132,47108,781125,-48150,34043154656.25,131,19201,662125,79875,12224778502.5,0.848,0.408,2026-05-18
OIL,104,7166,12023200,-140000,5384239910.0,104,5154,8317400,-903000,3630669560.0,0.692,0.719,2026-05-18
ONGC,98,34742,73413000,3051000,24137379675.0,96,13793,28552500,-1505250,9222205950.0,0.389,0.397,2026-05-18
PAGEIND,110,3509,40875,3420,2054040780.75,106,1941,36450,7005,1068974415.0,0.892,0.553,2026-05-18
PATANJALI,79,3901,5645700,427500,1689314715.0,79,1228,3546900,-67500,505091835.0,0.628,0.315,2026-05-18
PAYTM,101,16555,8665925,240700,14046239718.75,108,10254,7250000,-437175,8122576396.25,0.837,0.619,2026-05-18
PERSISTENT,102,46353,1667400,-135300,23589470860.0,97,21791,1246425,48300,10272191380.0,0.748,0.47,2026-05-18
PETRONET,101,4046,11987100,328700,2156735600.0,101,1870,11780000,-172900,946059875.0,0.983,0.462,2026-05-18
PFC,71,20978,24941800,-2310100,12697957350.0,69,7724,13494000,-252200,4390796930.0,0.541,0.368,2026-05-18
PGEL,64,17268,8790350,2004500,8395055807.5,64,26147,6839050,2055800,11159124317.5,0.778,1.514,2026-05-18
PHOENIXLTD,72,3711,1126650,-26600,2356050567.5,70,1523,680750,28350,921406517.5,0.604,0.41,2026-05-18
PIDILITIND,113,8013,4892500,110500,6054843525.0,115,3634,2163500,-67500,2627441900.0,0.442,0.454,2026-05-18
PIIND,108,7312,1200325,143325,4190444510.0,109,3611,731325,71400,1952352036.25,0.609,0.494,2026-05-18
PNB,99,24846,155168000,9816000,21099593280.0,99,15445,95256000,1744000,12555303280.0,0.614,0.622,2026-05-18
PNBHOUSING,78,3873,2314000,-167050,2830561077.5,80,1634,1417650,-38350,1103653687.5,0.613,0.422,2026-05-18
POLICYBZR,71,26074,3529050,535150,16316865372.5,74,6207,1667050,224700,3647651647.5,0.472,0.238,2026-05-18
POLYCAB,83,21880,1935000,261375,25831277650.0,92,17848,1867375,-77750,19650417743.75,0.965,0.816,2026-05-18
POWERGRID,116,54382,38628900,1497200,32141969590.0,116,27299,16754200,1155200,15377057105.0,0.434,0.502,2026-05-18
POWERINDIA,63,12306,237450,-1800,10856100322.5,66,11114,187975,-6300,7553204435.0,0.792,0.903,2026-05-18
PREMIERENE,75,54276,5898350,2338525,32718321617.5,76,17257,2481700,219075,9732738908.75,0.421,0.318,2026-05-18
PRESTIGE,72,11108,2012400,34650,7254533250.0,70,4224,1338750,180000,2522687445.0,0.665,0.38,2026-05-18
RBLBANK,51,10706,34921825,692150,11849482905.0,56,3641,13989050,-2203450,3836501248.75,0.401,0.34,2026-05-18
RECLTD,66,24894,29572375,-113400,12717035380.0,63,10359,17879575,19600,4951244550.0,0.605,0.416,2026-05-18
RELIANCE,120,199671,75079000,942000,140108157750.0,121,109937,38679000,1270500,72973117725.0,0.515,0.551,2026-05-18
RVNL,56,11480,19138750,419375,5246666958.75,56,4416,11692125,208925,1900519507.5,0.611,0.385,2026-05-18
SAIL,69,59,9541000,-136300,58388194.0,69,9,6580000,0,7669883.0,0.69,0.153,2026-05-18
SAMMAANCAP,41,4767,25146400,219300,3087388046.0,41,1028,15050000,279500,612036673.0,0.598,0.216,2026-05-18
SBICARD,60,11909,9096800,-1609600,6371399880.0,60,3891,6079200,3200,1918290760.0,0.668,0.327,2026-05-18
SBILIFE,78,6103,4135875,118875,4388137218.75,77,3309,1763250,-42750,2286593812.5,0.426,0.542,2026-05-18
SBIN,109,306911,139176000,1389750,234858315862.5,108,110644,54751500,-108750,77727558300.0,0.393,0.361,2026-05-18
SHREECEM,78,5656,83325,2925,3760698188.75,77,1659,45775,1125,1016342223.75,0.549,0.293,2026-05-18
SHRIRAMFIN,101,23481,17807625,-980100,19179828442.5,99,11818,9311775,33000,9035752935.0,0.523,0.503,2026-05-18
SIEMENS,73,10288,1303050,-13475,6784499286.25,70,5247,840350,21350,3223574296.25,0.645,0.51,2026-05-18
SOLARINDS,65,101691,347150,40000,95001973320.0,66,48469,400200,144850,41103107837.5,1.153,0.477,2026-05-18
SONACOMS,95,3458,5390000,-249900,2579562492.5,97,1834,3192350,-155575,1288884178.75,0.592,0.53,2026-05-18
SRF,115,9460,1674800,-69800,5285328060.0,120,4241,1323400,-80800,2229592250.0,0.79,0.448,2026-05-18
SUNPHARMA,81,79012,18336150,2077950,53554117802.5,82,31818,11342450,1244950,20787742885.0,0.619,0.403,2026-05-18
SUPREMEIND,67,3994,1292375,-30975,2630214317.5,66,1736,350175,17325,988341795.0,0.271,0.435,2026-05-18
SUZLON,54,15553,170680800,-5063025,8156047910.5,57,6602,75385825,-3573900,3141505300.75,0.442,0.424,2026-05-18
SWIGGY,57,13566,17189125,895700,4819302605.0,55,7145,7422500,-322400,2429096750.0,0.432,0.527,2026-05-18
TATACONSUM,110,16708,5504950,-820600,11758009147.5,112,6905,3536500,-156200,4530668395.0,0.642,0.413,2026-05-18
TATAELXSI,79,17758,1487375,-45300,7743933680.0,78,5654,575275,-3900,2299022375.0,0.387,0.318,2026-05-18
TATAPOWER,92,42797,45582200,-452400,26713681107.5,89,13788,22428600,88450,8033721302.5,0.492,0.322,2026-05-18
TATASTEEL,73,184232,149248000,28514750,111583706465.0,73,124702,77698500,2189000,71177933777.5,0.521,0.677,2026-05-18
TCS,117,136905,20751100,71800,56594924620.0,117,51243,12198225,83275,20189389481.25,0.588,0.374,2026-05-18
TECHM,66,55079,9922200,-325800,48252692130.0,66,21265,6532800,1179600,17823046830.0,0.658,0.386,2026-05-18
TIINDIA,132,5574,964400,28400,3331826310.0,128,2072,390000,-20400,1150692160.0,0.404,0.372,2026-05-18
TITAN,84,57109,6897100,-404075,43637725477.5,84,35719,3652950,-174650,25418978541.25,0.53,0.625,2026-05-18
TMPV,64,93988,43661600,-1552800,27992367720.0,65,55927,22386400,-1380000,15675563920.0,0.513,0.595,2026-05-18
TORNTPHARM,78,5617,719625,2875,3232420875.0,79,1258,346750,-2500,678577225.0,0.482,0.224,2026-05-18
TRENT,74,56010,4060200,197100,24234205225.0,67,28653,1355950,-20600,10814399450.0,0.334,0.512,2026-05-18
TVSMOTOR,172,50944,4080650,824250,31817955233.75,166,29816,1830675,215950,17573969735.0,0.449,0.585,2026-05-18
ULTRACEMCO,89,27395,1368050,-5050,16589733097.5,93,22044,552500,31200,11817230347.5,0.404,0.805,2026-05-18
UNIONBANK,65,12985,77561400,-2132850,10052072799.75,65,5316,33094575,-1389450,3899663424.75,0.427,0.409,2026-05-18
UNITDSPR,120,20021,5301600,-585600,10892825280.0,121,11445,3466000,-49600,6010304980.0,0.654,0.572,2026-05-18
UNOMINDA,54,40185,3860450,1763300,26369159465.0,54,18599,1801250,664950,11075398785.0,0.467,0.463,2026-05-18
UPL,124,8770,10972790,-768285,7861968059.75,126,4228,7243830,36585,3646453033.75,0.66,0.482,2026-05-18
VBL,78,13272,13518000,199125,7825277306.25,80,5160,5800500,-310500,2931129393.75,0.429,0.389,2026-05-18
VEDL,63,44287,41161950,1120100,17687168360.0,63,26216,28539550,-197800,9592028330.0,0.693,0.592,2026-05-18
VMM,110,4271,9345950,1290100,2623278912.5,110,915,5092500,557750,528313992.0,0.545,0.214,2026-05-18
VOLTAS,86,45276,8608125,-335625,22692987112.5,85,22747,5091000,320250,10424787206.25,0.591,0.502,2026-05-18
WAAREEENER,66,23977,4625250,-103250,13626926783.75,66,6486,2208850,-70525,3504654536.25,0.478,0.271,2026-05-18
WIPRO,70,47370,154878000,-11556000,28486263570.0,71,17878,79704000,1356000,10082404800.0,0.515,0.377,2026-05-18
YESBANK,29,19529,412883600,-5224800,14366003407.0,31,7317,278811500,-6282200,4808338345.0,0.675,0.375,2026-05-18
ZYDUSLIFE,92,6112,4891500,217800,5729305050.0,94,4872,3414600,-90000,4250326230.0,0.698,0.797,2026-05-18
360ONE,50,1741,927500,-13000,1002347425.0,54,808,634500,-30500,436406800.0,0.684,0.464,2026-05-19
ABB,149,17531,2389000,-33875,14883977543.75,141,8528,995375,-19375,6639210350.0,0.417,0.486,2026-05-19
ABCAPITAL,65,4852,21045900,-595200,5548977060.0,68,2414,15090800,244900,2602390325.0,0.717,0.498,2026-05-19
ADANIENSOL,79,16043,8152650,-265275,15398756167.5,75,4836,4085775,-153225,4270296813.75,0.501,0.301,2026-05-19
ADANIENT,126,88754,12566721,54384,78207451965.45,137,34337,7968183,55929,28361109472.200005,0.634,0.387,2026-05-19
ADANIGREEN,153,57063,12160800,-550800,50556832110.0,156,22979,8221800,162600,18550657680.0,0.676,0.403,2026-05-19
ADANIPORTS,75,39430,11240875,575225,34655896806.25,82,23593,8010875,-400425,19614599935.0,0.713,0.598,2026-05-19
ADANIPOWER,92,22972,55639150,5168800,19297696943.5,97,5785,24296200,-81650,4418484460.5,0.437,0.252,2026-05-19
ALKEM,85,6354,448250,28500,4568931075.0,88,2177,211500,33250,1496816787.5,0.472,0.343,2026-05-19
AMBER,92,76930,3169600,141800,59636154305.0,95,48947,1707000,-3600,34213545630.0,0.539,0.636,2026-05-19
AMBUJACEM,71,8012,21200550,109200,3828762945.0,71,2699,12598050,194250,1225458255.0,0.594,0.337,2026-05-19
ANGELONE,61,55051,26132500,3050000,46559021500.0,59,26747,17295000,5762500,20785648625.0,0.662,0.486,2026-05-19
APLAPOLLO,86,3072,1923600,67550,2134415132.5,80,2209,1215550,-17150,1408880357.5,0.632,0.719,2026-05-19
APOLLOHOSP,119,12278,1364500,64500,12847157518.75,121,4703,839875,22250,4695875706.25,0.616,0.383,2026-05-19
ASHOKLEY,76,26122,127235000,2925000,21255421000.0,74,14282,77915000,875000,10729628150.0,0.612,0.547,2026-05-19
ASIANPAINT,111,17346,7447000,322750,11742392725.0,118,13143,4568500,-83250,8461056875.0,0.613,0.758,2026-05-19
ASTRAL,73,53839,5312500,2070600,35748122750.0,73,55839,3278875,1299225,34388892552.5,0.617,1.037,2026-05-19
AUBANK,85,5822,8701000,57000,5987906950.0,88,2981,5821000,-34000,2922612500.0,0.669,0.512,2026-05-19
AUROPHARMA,69,6836,3849450,123750,5930577647.5,65,7074,3157000,486750,5666704532.5,0.82,1.035,2026-05-19
AXISBANK,102,64997,23840625,1264375,52049260250.0,98,37027,11895000,750625,28766272812.5,0.499,0.57,2026-05-19
BAJAJ-AUTO,94,26225,1883475,-28125,20964473561.25,93,14155,1482375,-45000,10641091593.75,0.787,0.54,2026-05-19
BAJAJFINSV,80,25900,6794050,39750,11767831637.5,79,7356,3473500,12500,3193602375.0,0.511,0.284,2026-05-19
BAJAJHLDNG,80,896,114600,-3100,499296722.5,84,799,55150,-6150,376425497.5,0.481,0.892,2026-05-19
BAJFINANCE,81,27609,22433250,195000,19851108787.5,86,16355,15327000,-126000,11193346312.5,0.683,0.592,2026-05-19
BANDHANBNK,81,7401,39596400,-1627200,5446193220.0,86,3088,25444800,75600,2112802596.0,0.643,0.417,2026-05-19
BANKBARODA,91,14909,48145500,1325025,11903643765.0,86,8180,36296325,447525,6195559353.75,0.754,0.549,2026-05-19
BANKINDIA,52,4681,32962800,-577200,3592063332.0,51,1649,20144800,-343200,1198288156.0,0.611,0.352,2026-05-19
BANKNIFTY,605,1612184,22658580,1655340,2707568422482.0,605,1342576,17526360,745920,2129016055212.0,0.773,0.833,2026-05-19
BDL,76,11780,3875700,61250,5764690907.5,77,3466,2000950,-63700,1627719800.0,0.516,0.294,2026-05-19
BEL,75,102045,75761550,13000275,65757425850.0,74,44300,36532725,3391500,26649195037.5,0.482,0.434,2026-05-19
BHARATFORG,87,10089,4398500,320000,10119456500.0,84,4492,2932500,7000,4191278525.0,0.667,0.445,2026-05-19
BHARTIARTL,86,80117,27691075,1855350,75126827877.5,85,44757,16168050,-1655850,40331859336.25,0.584,0.559,2026-05-19
BHEL,171,36555,60802875,514500,40090761900.0,175,22384,48893250,-4328625,22313329500.0,0.804,0.612,2026-05-19
BIOCON,90,13532,25712500,797500,15092286500.0,93,6111,23602500,1135000,6404724750.0,0.918,0.452,2026-05-19
BLUESTARCO,96,7587,2730650,-82875,4360945728.75,92,3009,1468025,32500,1582877660.0,0.538,0.397,2026-05-19
BOSCHLTD,106,9784,146250,48400,9893791291.25,108,4281,71950,7950,3672523355.0,0.492,0.438,2026-05-19
BPCL,64,23796,39065500,2468750,14385791572.5,66,14244,25343200,2042150,7896780651.25,0.649,0.599,2026-05-19
BRITANNIA,104,17580,2611000,-161125,12469932550.0,104,5851,1199875,31000,3927750212.5,0.46,0.333,2026-05-19
BSE,77,139844,9565150,649125,228428198137.5,78,95306,9033750,852375,145903685175.0,0.944,0.682,2026-05-19
CAMS,73,4550,4467000,216000,2768338837.5,77,1577,3456750,86250,910907962.5,0.774,0.347,2026-05-19
CANBK,126,9932,119522250,-1275750,9078366397.5,125,5992,85090500,1113750,5218042342.5,0.712,0.603,2026-05-19
CDSL,59,26808,8950900,33725,16299032390.0,59,9248,5299575,53200,5267445216.25,0.592,0.345,2026-05-19
CGPOWER,77,11141,6953000,-90950,8135114337.5,79,4293,4567900,-163200,2981817935.0,0.657,0.385,2026-05-19
CHOLAFIN,83,7594,4066875,434375,7612493500.0,82,4309,3040000,551875,4135367781.25,0.748,0.567,2026-05-19
CIPLA,126,26338,9631050,166500,14652612375.0,131,20602,9619125,-784875,10745232112.5,0.999,0.782,2026-05-19
COALINDIA,80,38146,45775800,645300,24533862862.5,81,21369,26134650,-359100,13139190090.0,0.571,0.56,2026-05-19
COCHINSHIP,94,6433,2900400,284000,4242648180.0,91,2263,1416000,-126800,1369188180.0,0.488,0.352,2026-05-19
COFORGE,78,176258,12342000,-225375,97359655818.75,78,96382,10128950,1552500,49447918200.0,0.821,0.547,2026-05-19
COLPAL,88,13668,2152350,41175,6991266195.0,86,4041,1188900,26550,1965662336.25,0.552,0.296,2026-05-19
CONCOR,79,1648,5631250,-250000,1103975750.0,82,739,3658750,165000,475470687.5,0.65,0.448,2026-05-19
CROMPTON,113,11911,24307200,-840600,6609615120.0,115,3727,13741200,-523800,1979166330.0,0.565,0.313,2026-05-19
CUMMINSIND,79,7467,970200,49800,8211328170.0,82,3657,644800,28200,3732191240.0,0.665,0.49,2026-05-19
DABUR,89,11646,14246250,677500,7032104187.5,88,3042,9010000,197500,1736637437.5,0.632,0.261,2026-05-19
DALBHARAT,103,4201,1924000,90350,2495625405.0,103,4289,1144325,-316875,2460113305.0,0.595,1.021,2026-05-19
DELHIVERY,77,8369,15147500,-1927675,8429016133.75,76,2477,5465550,-286350,2331369258.75,0.361,0.296,2026-05-19
DIVISLAB,104,10553,1101400,39800,7508521200.0,109,3855,741200,17700,2588930415.0,0.673,0.365,2026-05-19
DIXON,110,76404,2273950,-58200,44256041927.5,113,40774,1650400,-55350,21800804795.0,0.726,0.534,2026-05-19
DLF,100,22751,10704375,185625,11369330981.25,103,16255,8713650,-151800,7501128153.75,0.814,0.714,2026-05-19
DMART,74,21176,2058600,373200,14177509582.5,73,14346,793350,79650,9108103102.5,0.385,0.677,2026-05-19
DRREDDY,111,25542,12873125,34375,21862865250.0,106,15504,6883750,-821250,12638949562.5,0.535,0.607,2026-05-19
EICHERMOT,107,18009,1616900,131600,13379904225.0,110,8191,1060000,6600,5702122890.0,0.656,0.455,2026-05-19
ETERNAL,82,64901,97460750,-322525,40582594583.75,83,35060,47030450,378300,20617503793.5,0.483,0.54,2026-05-19
EXIDEIND,146,3504,17690400,-172800,2286549720.0,150,1519,9606600,174600,929717010.0,0.543,0.434,2026-05-19
FEDERALBNK,90,12848,37662500,-825000,9586517000.0,90,7332,21222500,-65000,5217511250.0,0.563,0.571,2026-05-19
FINNIFTY,307,21671,726660,116580,34332060792.0,307,10131,382320,87120,14823845535.0,0.526,0.467,2026-05-19
FORCEMOT,44,14016,181275,15700,7673120333.75,41,6070,64825,250,2696707666.25,0.358,0.433,2026-05-19
FORTIS,69,2480,3584375,24025,1922052855.0,71,1277,1436075,72850,944205052.5,0.401,0.515,2026-05-19
GAIL,113,8979,27934200,3534300,4731969406.5,119,5567,23287950,2406600,2787180984.0,0.834,0.62,2026-05-19
GLENMARK,92,13768,2803125,-102750,12711488775.0,98,4653,1669125,253875,4053033168.75,0.595,0.338,2026-05-19
GMRAIRPORT,83,3144,58025025,983475,2204405156.25,82,2075,37860300,-606825,1367955902.25,0.652,0.66,2026-05-19
GODFRYPHLP,115,20504,1840850,-453200,14228647812.5,118,8748,934450,-9075,5318745616.25,0.508,0.427,2026-05-19
GODREJCP,96,4857,3985000,-285000,2606286900.0,96,1997,2482500,-52500,1011936875.0,0.623,0.411,2026-05-19
GODREJPROP,99,14133,3481475,-92900,7084540671.25,98,6670,2119150,64900,3121333820.0,0.609,0.472,2026-05-19
GRASIM,109,9213,1864500,214000,7051743725.0,113,7825,1321500,27250,5299051875.0,0.709,0.849,2026-05-19
HAL,87,58806,5436450,-601050,40689252375.0,94,25479,2900550,1350,16274034697.5,0.534,0.433,2026-05-19
HAVELLS,114,6023,5507500,-157000,3865858850.0,109,2237,2096500,-165500,1352885300.0,0.381,0.371,2026-05-19
HCLTECH,127,127334,25522100,-1503100,54951564687.5,125,58653,11690100,330150,24045800055.0,0.458,0.461,2026-05-19
HDFCAMC,111,8377,1623300,-23100,6940021170.0,111,3367,956100,19200,2669829480.0,0.589,0.402,2026-05-19
HDFCBANK,134,128987,86813350,4705350,56477889740.0,133,77173,48499950,1092050,32519099100.0,0.559,0.598,2026-05-19
HDFCLIFE,103,14496,21750300,568700,10083590110.0,105,5848,12885400,762300,3890546825.0,0.592,0.403,2026-05-19
HEROMOTOCO,99,33421,3392700,93150,26303274285.0,99,12980,1754100,-35100,9596520810.0,0.517,0.388,2026-05-19
HINDALCO,91,23705,10268300,317100,18105954160.0,91,17044,8781500,340900,12587751750.0,0.855,0.719,2026-05-19
HINDPETRO,76,15260,20318850,-232875,11903768606.25,79,4967,16710300,281475,3676883422.5,0.822,0.325,2026-05-19
HINDUNILVR,98,32214,11154300,735000,22687890585.0,100,11729,4944000,84900,7893845055.0,0.443,0.364,2026-05-19
HINDZINC,69,35003,27023500,-247450,28776575327.5,72,13632,17337425,-492450,10507805245.0,0.642,0.389,2026-05-19
HYUNDAI,77,7719,1825175,182875,4065367556.25,78,1606,967450,-21725,773588942.5,0.53,0.208,2026-05-19
ICICIBANK,106,101955,38079300,1235500,92393419965.0,98,63883,23968000,1043700,55457847515.0,0.629,0.627,2026-05-19
ICICIGI,78,2892,1277900,32500,1761853356.25,76,1477,584025,14625,870076675.0,0.457,0.511,2026-05-19
ICICIPRULI,112,9603,7897650,209050,4827595118.75,113,6287,6716425,-47175,2982354243.75,0.85,0.655,2026-05-19
IDEA,29,68528,2157258450,-20013000,71604278976.75,29,25160,1224438225,98921400,22547677899.0,0.568,0.367,2026-05-19
IDFCFIRSTB,60,6854,128922500,3236975,4548025744.5,61,5515,105595875,204050,3417074909.5,0.819,0.805,2026-05-19
IEX,106,5081,50910000,-1627500,2570010150.0,112,1735,26409150,-538800,833638980.0,0.519,0.341,2026-05-19
INDHOTEL,102,6276,6957000,-371000,4271946300.0,109,4181,6001000,-478000,2663721450.0,0.863,0.666,2026-05-19
INDIANB,89,4869,7928000,68000,4200929100.0,85,2021,4716000,39000,1652048200.0,0.595,0.415,2026-05-19
INDIGO,82,28651,5787600,90150,19325480737.5,88,17771,2743350,-129300,11261029807.5,0.474,0.62,2026-05-19
INDUSINDBK,81,14472,8024100,335300,9387004375.0,82,14041,6580000,157500,8688655955.0,0.82,0.97,2026-05-19
INDUSTOWER,75,27610,28245500,231200,21009415830.0,75,15674,22584500,326400,11356357680.0,0.8,0.568,2026-05-19
INFY,120,256666,40958800,-3062000,126616855240.0,116,164830,27214800,543200,76523099240.0,0.664,0.642,2026-05-19
INOXWIND,105,4374,29575225,257400,1600409489.25,106,2469,15872300,1007450,851284315.75,0.537,0.564,2026-05-19
IOC,137,33721,81266250,862875,23323624106.25,134,16515,52328250,-4333875,10656316612.5,0.644,0.49,2026-05-19
IREDA,119,3062,26773075,-859050,1470358915.5,118,922,15840025,617550,404029293.0,0.592,0.301,2026-05-19
IRFC,88,11525,64068025,59500,5210867625.0,89,1982,32868775,-297500,822249540.0,0.513,0.172,2026-05-19
ITC,99,106720,130054450,1257125,54947585600.0,100,45465,44251325,326525,22548622840.0,0.34,0.426,2026-05-19
JINDALSTEL,95,7096,4223750,16250,5667266500.0,96,3367,2483750,-17500,2577683781.25,0.588,0.474,2026-05-19
JIOFIN,91,20184,80203150,1941100,11786864849.5,89,8973,43651250,923550,4999210295.5,0.544,0.445,2026-05-19
JSWENERGY,111,24863,12717075,-25000,13777269850.0,110,8898,7397700,477000,4727265322.5,0.582,0.358,2026-05-19
JSWSTEEL,87,14162,8740575,-297000,12725550933.75,90,6826,4632525,112725,5947071603.75,0.53,0.482,2026-05-19
JUBLFOOD,94,12133,7775000,290000,7512644250.0,89,4010,4915000,-135000,2322257000.0,0.632,0.331,2026-05-19
KALYANKJIL,98,19263,29396025,-235000,8692316358.75,97,7734,13952000,-418300,3212939211.25,0.475,0.401,2026-05-19
KAYNES,124,4774,4564150,-343800,1891392215.0,122,908,2188000,-53700,325076625.0,0.479,0.19,2026-05-19
KEI,96,5440,811825,-21000,5096649582.5,98,3656,645575,-47600,2962002951.25,0.795,0.672,2026-05-19
KFINTECH,105,7378,4905500,50000,3217906275.0,105,2322,2839150,154500,955119725.0,0.579,0.315,2026-05-19
KOTAKBANK,131,28584,46980000,5664000,22766007000.0,131,13112,29998000,-480000,10155973200.0,0.639,0.459,2026-05-19
KPITTECH,67,63703,7476600,-1265650,20880641318.75,68,18668,3455600,414800,5679752381.25,0.462,0.293,2026-05-19
LAURUSLABS,129,12214,7929650,199750,14264098497.5,129,10850,8540800,347650,12054126462.5,1.077,0.888,2026-05-19
LICHSGFIN,94,5368,9631000,273000,3091894150.0,95,1376,6001000,166000,752183450.0,0.623,0.256,2026-05-19
LICI,116,7105,8915200,126700,4172924630.0,113,2620,3780000,13300,1454517540.0,0.424,0.369,2026-05-19
LODHA,92,23068,3477150,170100,9636677752.5,95,14298,3558600,334800,5489056350.0,1.023,0.62,2026-05-19
LT,142,44930,9199225,-62650,31770735307.5,143,23786,5713225,-14000,16316340232.5,0.621,0.529,2026-05-19
LTF,51,6895,21208500,963000,4566309525.0,56,1602,13275000,290250,1020808687.5,0.626,0.232,2026-05-19
LTM,86,47086,1658250,-139650,31064524545.0,86,15273,915600,155850,9445173645.0,0.552,0.324,2026-05-19
LUPIN,114,20057,10406550,-388025,20204570932.5,114,6931,3856875,31025,6694946481.25,0.371,0.346,2026-05-19
M&M,127,53705,6142800,134000,34781846280.0,131,29112,5002800,-152600,18056058200.0,0.814,0.542,2026-05-19
MANAPPURAM,52,8393,14316000,1506000,8204124450.0,56,3968,12495000,888000,3630410250.0,0.873,0.473,2026-05-19
MANKIND,116,16686,1548000,286875,9876669446.25,110,8230,1291725,326925,4531848198.75,0.834,0.493,2026-05-19
MARICO,123,4470,7658400,537600,4685408520.0,125,2433,5770800,-8400,2393443500.0,0.754,0.544,2026-05-19
MARUTI,102,59065,2963500,128500,40065159615.0,104,24451,1019750,48250,15789764055.0,0.344,0.414,2026-05-19
MAXHEALTH,100,11890,3399900,-277725,6883141020.0,100,5126,2050650,80850,2845101840.0,0.603,0.431,2026-05-19
MAZDOCK,128,22034,5574400,55200,11595539780.0,133,8309,2279400,68200,4054061320.0,0.409,0.377,2026-05-19
MCX,69,37288,7606475,368750,82515225062.5,71,23497,7407475,272325,46518159406.25,0.974,0.63,2026-05-19
MFSL,70,4132,2317600,62000,2803190240.0,73,1070,906400,-44000,690513020.0,0.391,0.259,2026-05-19
MIDCPNIFTY,566,122001,6718080,812040,215632211616.0,566,179727,8255400,978360,299545885914.0,1.229,1.473,2026-05-19
MOTHERSON,115,11147,50682150,7865850,9440168328.0,120,4736,44372250,7269300,3677973613.5,0.876,0.425,2026-05-19
MOTILALOFS,83,8451,3076750,959450,5840304985.0,85,2097,1555425,151900,1307143946.25,0.506,0.248,2026-05-19
MPHASIS,108,24906,2014375,64075,15912745901.25,103,10127,1455575,254375,6038139648.75,0.723,0.407,2026-05-19
MUTHOOTFIN,68,22033,4637875,-299200,21349893881.25,68,8070,2295150,-66550,7132142146.25,0.495,0.366,2026-05-19
NAM-INDIA,49,4232,1656875,-83750,2982782781.25,47,2347,1176250,43750,1557747781.25,0.71,0.555,2026-05-19
NATIONALUM,77,17208,32701875,354375,13552378781.25,77,6938,18358125,573750,5202701343.75,0.561,0.403,2026-05-19
NAUKRI,93,10841,3679125,148500,4042504837.5,92,2186,1187800,-29625,775864593.75,0.323,0.202,2026-05-19
NBCC,93,1984,27625000,-669500,1280229665.0,98,533,15912000,-526500,322347090.0,0.576,0.269,2026-05-19
NESTLEIND,101,9436,4873000,235000,7000034675.0,106,4327,3578000,-146000,3103272650.0,0.734,0.459,2026-05-19
NHPC,76,10803,78054400,-8198400,5756086336.0,75,3288,30259750,-550400,1646056128.0,0.388,0.304,2026-05-19
NIFTY,964,196751289,363552240,96159780,305178486735388.5,986,220270038,350450040,18988850,337238027907514.5,0.964,1.12,2026-05-19
NIFTYNXT50,713,423,12525,-50,746589681.25,713,178,3700,775,306414365.0,0.295,0.421,2026-05-19
NMDC,80,10109,95107500,3813750,6427654897.5,81,3650,48006000,1498500,2222241817.5,0.505,0.361,2026-05-19
NTPC,112,39163,82443000,4162500,23686904625.0,109,9416,19123500,964500,5529557700.0,0.232,0.24,2026-05-19
NUVAMA,89,6796,2383000,158500,5212389725.0,88,2557,1296500,-78500,1876776150.0,0.544,0.376,2026-05-19
NYKAA,81,2123,11362500,643750,1883681875.0,82,686,4278125,265625,575495781.25,0.377,0.323,2026-05-19
OBEROIRLTY,65,3027,1595300,-35350,1775392745.0,62,1543,878850,-50750,849436315.0,0.551,0.51,2026-05-19
OFSS,155,61663,869775,88650,46819716221.25,154,32625,702625,40500,22368027120.0,0.808,0.529,2026-05-19
OIL,104,6501,11853800,-169400,4817703590.0,104,3461,7953400,-364000,2419467330.0,0.671,0.532,2026-05-19
ONGC,98,37332,72947250,-465750,25735465462.5,96,14906,27225000,-1327500,9908014050.0,0.373,0.399,2026-05-19
PAGEIND,110,6194,39525,-1350,3714852517.5,106,8840,41445,4995,4374337401.0,1.049,1.427,2026-05-19
PATANJALI,79,16151,5078700,-567000,7102910610.0,79,5157,3943800,396900,2173261860.0,0.777,0.319,2026-05-19
PAYTM,101,15555,8597050,-68875,13157724487.5,108,8558,7063675,-186325,6903418100.0,0.822,0.55,2026-05-19
PERSISTENT,102,73514,1669600,2200,39423305335.0,97,42191,1403225,156800,21029486035.0,0.84,0.574,2026-05-19
PETRONET,101,2291,11493100,-494000,1214810125.0,101,1054,11508300,-271700,533879195.0,1.001,0.46,2026-05-19
PFC,76,11963,24492000,-449800,7146063340.0,75,4074,13401700,-92300,2301299715.0,0.547,0.341,2026-05-19
PGEL,66,25391,11427550,2637200,12124241192.5,66,12330,7727300,888250,5401835137.5,0.676,0.486,2026-05-19
PHOENIXLTD,72,2593,1101100,-25550,1642236627.5,70,1151,669200,-11550,711408652.5,0.608,0.444,2026-05-19
PIDILITIND,113,8368,4704500,-188000,6346870350.0,115,2226,2125500,-38000,1603888975.0,0.452,0.266,2026-05-19
PIIND,108,28098,1459850,259525,16289643300.0,109,15719,1082725,351400,8505191485.0,0.742,0.559,2026-05-19
PNB,104,14661,148240000,-6928000,12523790000.0,104,10103,96112000,856000,8173293040.0,0.648,0.689,2026-05-19
PNBHOUSING,78,2152,2364050,50050,1552806482.5,80,867,1565850,148200,578653562.5,0.662,0.403,2026-05-19
POLICYBZR,75,33050,3613400,84350,21486265325.0,78,14080,2299500,632450,8534597225.0,0.636,0.426,2026-05-19
POLYCAB,83,31754,2061000,126000,37755465281.25,92,15147,1803875,-63500,16784907025.0,0.875,0.477,2026-05-19
POWERGRID,116,29596,39413600,784700,17421769180.0,116,13031,16767500,13300,7372575510.0,0.425,0.44,2026-05-19
POWERINDIA,63,15754,241050,3600,14104837278.75,66,18903,191725,3750,11500965477.5,0.795,1.2,2026-05-19
PREMIERENE,75,12299,4904750,-993600,7330497727.5,76,3918,2242500,-239200,2188745003.75,0.457,0.319,2026-05-19
PRESTIGE,72,9005,2086650,74250,5817620880.0,70,2852,1403100,64350,1731681090.0,0.672,0.317,2026-05-19
RBLBANK,51,6407,34871025,-50800,7046996320.0,56,2375,14452600,463550,2438596691.25,0.414,0.371,2026-05-19
RECLTD,68,15248,30766575,1194200,7704173960.0,65,5427,18047575,168000,2584461460.0,0.587,0.356,2026-05-19
RELIANCE,120,232982,78695500,3616500,162216613150.0,121,262372,40586000,1907000,171546748475.0,0.516,1.126,2026-05-19
RVNL,57,9436,19802125,663375,4288448458.75,57,3047,12236950,544825,1333286781.25,0.618,0.323,2026-05-19
SAIL,69,32,9465800,-75200,30778185.0,69,35,6500100,-79900,29257735.0,0.687,1.094,2026-05-19
SAMMAANCAP,41,2580,26531000,1384600,1688993775.0,41,1132,15376800,326800,685392652.0,0.58,0.439,2026-05-19
SBICARD,62,6606,9383200,286400,3512504280.0,62,6030,5933600,-145600,3066081800.0,0.632,0.913,2026-05-19
SBILIFE,78,9888,4483125,347250,7156060443.75,77,3301,1971750,208500,2316043556.25,0.44,0.334,2026-05-19
SBIN,114,214115,132585750,-6590250,162425176012.5,113,87610,55563000,811500,61596123187.5,0.419,0.409,2026-05-19
SHREECEM,78,3517,86225,2900,2259200157.5,77,2707,45375,-400,1543260716.25,0.526,0.77,2026-05-19
SHRIRAMFIN,101,14246,17763900,-43725,11573870715.0,99,4567,9263100,-48675,3509028971.25,0.521,0.321,2026-05-19
SIEMENS,73,10566,1315125,12075,6951116908.75,70,3032,881475,41125,1879193741.25,0.67,0.287,2026-05-19
SOLARINDS,71,46894,395100,47950,44890905042.5,72,21569,381650,-18550,18811179895.0,0.966,0.46,2026-05-19
SONACOMS,96,2064,5421850,31850,1515848810.0,98,929,3209500,17150,650800605.0,0.592,0.45,2026-05-19
SRF,115,5181,1689400,14600,2875575220.0,120,2084,1313200,-10200,1096806850.0,0.777,0.402,2026-05-19
SUNPHARMA,85,44805,19059250,723100,30542842295.0,86,25510,11019750,-322700,16629910570.0,0.578,0.569,2026-05-19
SUPREMEIND,67,6147,1382150,89775,3989255200.0,66,4858,348950,-1225,2665057298.75,0.252,0.79,2026-05-19
SUZLON,54,10498,167305450,-3375350,5455506095.25,57,4684,80710575,5324750,2245539310.5,0.482,0.446,2026-05-19
SWIGGY,57,10340,15822825,-1366300,3721844620.0,55,4319,6714525,-707975,1424909335.0,0.424,0.418,2026-05-19
TATACONSUM,110,21219,5744200,239250,14695377097.5,112,6670,3478200,-58300,4447408405.0,0.606,0.314,2026-05-19
TATAELXSI,79,20833,1414550,-72825,9280378810.0,78,5271,563500,-11775,2167645936.25,0.398,0.253,2026-05-19
TATAPOWER,92,68094,44349700,-1232500,42789340645.0,89,24634,22827350,398750,14666340592.5,0.515,0.362,2026-05-19
TATASTEEL,73,109520,145037750,-4210250,66466303557.5,73,48668,74263750,-3434750,27781998062.5,0.512,0.444,2026-05-19
TCS,117,295608,19793375,-957725,125450136053.75,117,114905,12541500,343275,46331437111.25,0.634,0.389,2026-05-19
TECHM,70,62290,10619400,697200,57125958810.0,70,36144,7320000,787200,31285795920.0,0.689,0.58,2026-05-19
TIINDIA,132,9620,968400,4000,5754752240.0,128,2039,388400,-1600,1142047220.0,0.401,0.212,2026-05-19
TITAN,84,33171,7292250,395150,25176147377.5,84,19424,3737825,84875,13838439098.75,0.513,0.586,2026-05-19
TMPV,64,130453,47432000,3770400,39216029120.0,65,65825,24620800,2234400,18679771840.0,0.519,0.505,2026-05-19
TORNTPHARM,78,17690,777750,58125,10196779700.0,79,2188,380750,34000,1199689793.75,0.49,0.124,2026-05-19
TRENT,74,51114,4231600,171400,22003286880.0,68,21476,1479850,123900,8203153125.0,0.35,0.42,2026-05-19
TVSMOTOR,172,61786,4021150,-59500,37937815938.75,166,21067,1968750,138075,12082950836.25,0.49,0.341,2026-05-19
ULTRACEMCO,89,25391,1428950,60900,15303441330.0,93,15780,588800,36300,8552841647.5,0.412,0.621,2026-05-19
UNIONBANK,67,10900,67255575,-10305825,8605332501.75,67,2267,33236175,141600,1610399232.75,0.494,0.208,2026-05-19
UNITDSPR,120,11962,5341200,39600,6590183660.0,121,3608,3402000,-64000,1884215240.0,0.637,0.302,2026-05-19
UNOMINDA,58,27347,4384600,524150,17069259075.0,58,14621,1892550,91300,8171130082.5,0.432,0.535,2026-05-19
UPL,124,6185,11440265,467475,5570147617.75,126,2991,7138140,-105690,2598150034.5,0.624,0.484,2026-05-19
VBL,78,9834,12712500,-805500,5877745312.5,80,4767,5613750,-186750,2708126268.75,0.442,0.485,2026-05-19
VEDL,63,62728,39325400,-1836550,25212737712.5,63,27289,29523950,984400,10037820425.0,0.751,0.435,2026-05-19
VMM,110,2675,10931900,1585950,1644983521.0,110,445,5179800,87300,264195117.0,0.474,0.166,2026-05-19
VOLTAS,86,54950,7916250,-691875,28075866393.75,85,21574,4727625,-363375,10170990581.25,0.597,0.393,2026-05-19
WAAREEENER,66,18519,4737075,111825,10371233792.5,66,5301,2148825,-60025,2750383273.75,0.454,0.286,2026-05-19
WIPRO,70,71905,145557000,-9321000,43913674410.0,71,29133,82917000,3213000,16842891060.0,0.57,0.405,2026-05-19
YESBANK,29,11736,399106300,-13777300,8569536580.0,31,5977,283507600,4696100,3925803382.0,0.71,0.509,2026-05-19
ZYDUSLIFE,105,72755,8794800,3903300,70180824555.0,107,30320,5005800,1591200,27440775180.0,0.569,0.417,2026-05-19
360ONE,50,2363,916500,-11000,1347678500.0,54,578,594000,-40500,315625325.0,0.648,0.245,2026-05-20
ABB,149,67350,2296375,-92625,57501754243.75,141,20246,1175875,180500,16066020431.25,0.512,0.301,2026-05-20
ABCAPITAL,65,13702,20283300,-762600,15538182545.0,68,7838,13884900,-1205900,8407365230.0,0.685,0.572,2026-05-20
ADANIENSOL,79,10659,8048025,-104625,10170310353.75,75,4047,4083750,-2025,3535079422.5,0.507,0.38,2026-05-20
ADANIENT,126,32258,12279660,-287061,28104949646.4,137,17481,7918743,-49440,14305318260.149998,0.645,0.542,2026-05-20
ADANIGREEN,153,19216,12091800,-69000,16667076900.0,156,10004,8053800,-168000,7487733390.0,0.666,0.521,2026-05-20
ADANIPORTS,75,26197,10752100,-488775,22849442536.25,82,15714,7970500,-40375,12915498686.25,0.741,0.6,2026-05-20
ADANIPOWER,92,17303,54048750,-1590400,14423476192.0,97,4988,23550700,-745500,3755190674.5,0.436,0.288,2026-05-20
ALKEM,85,4033,432375,-15875,2895140837.5,88,1258,230000,18500,850668556.25,0.532,0.312,2026-05-20
AMBER,92,47486,3160200,-9400,36228086520.0,95,29898,1680600,-26400,20804725160.0,0.532,0.63,2026-05-20
AMBUJACEM,71,10123,21674100,473550,4819758615.0,71,3479,12935100,337050,1655351565.0,0.597,0.344,2026-05-20
ANGELONE,61,24059,24710000,-1422500,20484397125.0,59,12912,16022500,-1272500,10190678875.0,0.648,0.537,2026-05-20
APLAPOLLO,87,5571,1917300,-6300,3871940100.0,82,4019,1333500,117950,2555695765.0,0.696,0.721,2026-05-20
APOLLOHOSP,119,51837,1765500,401000,54959096950.0,121,20054,1087875,248000,19743208025.0,0.616,0.387,2026-05-20
ASHOKLEY,76,27076,118705000,-8530000,21996583950.0,74,13104,76585000,-1330000,9987071200.0,0.645,0.484,2026-05-20
ASIANPAINT,111,21901,7422250,-24750,14677535462.5,118,19179,4503500,-65000,12260270487.5,0.607,0.876,2026-05-20
ASTRAL,76,26549,5003950,-308550,17368313733.75,76,21853,2996250,-282625,13120475092.5,0.599,0.823,2026-05-20
AUBANK,85,12209,8520000,-181000,12392885350.0,88,6175,6250000,429000,5915253850.0,0.734,0.506,2026-05-20
AUROPHARMA,69,11370,4115650,266200,9897051340.0,65,6054,2952950,-204050,4857476552.5,0.717,0.532,2026-05-20
AXISBANK,102,63298,22966250,-874375,50754847656.25,98,30837,12283750,388750,23916822843.75,0.535,0.487,2026-05-20
BAJAJ-AUTO,94,80332,2031375,147900,64573092322.5,93,41065,1673025,190650,30943428322.5,0.824,0.511,2026-05-20
BAJAJFINSV,80,34044,6689750,-104300,15419010535.0,79,12310,3603750,130250,5473421462.5,0.539,0.362,2026-05-20
BAJAJHLDNG,80,1357,112150,-2450,740510632.5,84,1549,52100,-3050,717825765.0,0.465,1.141,2026-05-20
BAJFINANCE,81,28362,20984250,-1449000,20336427375.0,86,17114,14895750,-431250,11779765312.5,0.71,0.603,2026-05-20
BANDHANBNK,81,9689,39474000,-122400,7057505448.0,86,4532,24480000,-964800,3086930052.0,0.62,0.468,2026-05-20
BANKBARODA,91,19440,49154625,1009125,15460894946.25,86,11072,35968725,-327600,8414008053.75,0.732,0.57,2026-05-20
BANKINDIA,52,4288,33326800,364000,3254926948.0,51,2805,20087600,-57200,2091793184.0,0.603,0.654,2026-05-20
BANKNIFTY,605,2890074,22913490,254910,4803544322737.5,605,2099919,18413010,886650,3314965905574.5,0.804,0.727,2026-05-20
BDL,76,13627,3806400,-69300,6556933967.5,77,5296,2082850,81900,2420843740.0,0.547,0.389,2026-05-20
BEL,75,166995,82399200,6637650,105464625915.0,74,67738,37232400,699675,39832403700.0,0.452,0.406,2026-05-20
BHARATFORG,87,19722,4325000,-73500,19431391600.0,84,8622,2981500,49000,7962418375.0,0.689,0.437,2026-05-20
BHARTIARTL,86,59522,28187925,496850,55445419406.25,85,39392,15665500,-502550,34942794930.0,0.556,0.662,2026-05-20
BHEL,171,40761,61091625,288750,45137276231.25,175,23788,50615250,1722000,24450699000.0,0.829,0.584,2026-05-20
BIOCON,90,13263,25535000,-177500,14811654875.0,93,9741,21762500,-1840000,10073136750.0,0.852,0.734,2026-05-20
BLUESTARCO,96,10115,3009825,279175,5865281630.0,92,1563,1473225,5200,841090396.25,0.489,0.155,2026-05-20
BOSCHLTD,106,24306,192650,46400,24090889185.0,108,9503,99425,27475,8429594601.25,0.516,0.391,2026-05-20
BPCL,64,41017,33790275,-5275225,24791724601.25,66,25744,23672350,-1670850,14312517492.5,0.701,0.628,2026-05-20
BRITANNIA,104,15569,2594875,-16125,10868486825.0,104,6018,1122500,-77375,4028290731.25,0.433,0.387,2026-05-20
BSE,82,65689,8965525,-599625,107167370490.0,83,48711,8892000,-141750,74361781425.0,0.992,0.742,2026-05-20
CAMS,73,4430,4404750,-62250,2678323162.5,77,1933,3428250,-28500,1110118987.5,0.778,0.436,2026-05-20
CANBK,126,15529,114061500,-5460750,14064905947.5,125,9569,84307500,-783000,8315063167.5,0.739,0.616,2026-05-20
CDSL,59,36010,9566500,615600,21822579081.25,59,11936,5710925,411350,6889752426.25,0.597,0.331,2026-05-20
CGPOWER,77,38932,7625350,672350,28812829100.0,79,13670,5234300,666400,9514975437.5,0.686,0.351,2026-05-20
CHOLAFIN,83,5991,3897500,-169375,5916362625.0,82,3335,2825000,-215000,3207152312.5,0.725,0.557,2026-05-20
CIPLA,126,32322,9738675,107625,17597107218.75,131,22755,8838000,-781125,11807993418.75,0.908,0.704,2026-05-20
COALINDIA,80,26896,42954300,-2821500,17424399037.5,81,17097,25693200,-441450,10437336742.5,0.598,0.636,2026-05-20
COCHINSHIP,94,7731,2884400,-16000,4951781300.0,91,3169,1357200,-58800,1919385100.0,0.471,0.41,2026-05-20
COFORGE,78,83368,12839250,497250,46354115306.25,78,42588,10616450,487500,22009697531.25,0.827,0.511,2026-05-20
COLPAL,88,6398,2146950,-5400,3276691987.5,86,2562,1169550,-19350,1248821707.5,0.545,0.4,2026-05-20
CONCOR,79,3664,5060000,-571250,2475594500.0,82,1676,3656250,-2500,1064446875.0,0.723,0.457,2026-05-20
CROMPTON,113,9426,22339800,-1967400,5160986820.0,115,2369,13354200,-387000,1236606120.0,0.598,0.251,2026-05-20
CUMMINSIND,79,17656,1003000,32800,19504553860.0,82,9050,725600,80800,9522388570.0,0.723,0.513,2026-05-20
DABUR,89,13136,13790000,-456250,7798169812.5,88,7055,8755000,-255000,3919428062.5,0.635,0.537,2026-05-20
DALBHARAT,103,3654,1852500,-71500,2212300122.5,103,4468,1373450,229125,2428987145.0,0.741,1.223,2026-05-20
DELHIVERY,77,7549,13721975,-1425525,7593249293.75,76,2611,5395000,-70550,2490292782.5,0.393,0.346,2026-05-20
DIVISLAB,104,37785,1052500,-48900,26815658000.0,109,17384,770500,29300,11914898665.0,0.732,0.46,2026-05-20
DIXON,110,60384,2229450,-44500,35022651655.0,113,35346,1606550,-43850,19059483787.5,0.721,0.585,2026-05-20
DLF,100,28381,10611975,-92400,14087762122.5,103,25581,9316725,603075,11781195607.5,0.878,0.901,2026-05-20
DMART,77,25718,2240700,182100,16930794757.5,76,20417,873300,79950,12632183827.5,0.39,0.794,2026-05-20
DRREDDY,111,16337,12483750,-389375,13940373906.25,106,9866,6725625,-158125,8016777281.25,0.539,0.604,2026-05-20
EICHERMOT,108,24513,1613000,-3900,18347964675.0,111,8815,1083800,23800,6073121800.0,0.672,0.36,2026-05-20
ETERNAL,82,36554,97067900,-392850,22809942534.75,83,19941,46761275,-269175,11799207870.25,0.482,0.546,2026-05-20
EXIDEIND,146,5156,17346600,-343800,3389376420.0,150,2218,9963000,356400,1408243860.0,0.574,0.43,2026-05-20
FEDERALBNK,90,17597,35500000,-2162500,13102640750.0,90,6616,21065000,-157500,4693508375.0,0.593,0.376,2026-05-20
FINNIFTY,307,24556,742920,16260,38709409761.0,307,15239,479280,96960,22667642565.0,0.645,0.621,2026-05-20
FORCEMOT,44,9505,180600,-675,5009152867.5,41,3152,62250,-2575,1424010236.25,0.345,0.332,2026-05-20
FORTIS,69,6461,3414650,-169725,5019910987.5,71,1810,1684075,248000,1338296931.25,0.493,0.28,2026-05-20
GAIL,122,10669,29449350,1515150,5521759897.5,127,7613,25552800,2264850,3709762686.0,0.868,0.714,2026-05-20
GLENMARK,92,10457,2739750,-63375,9741904912.5,98,4208,1721250,52125,3707298975.0,0.628,0.402,2026-05-20
GMRAIRPORT,84,6127,57411225,-613800,4233903120.0,83,3307,37532475,-327825,2174005874.25,0.654,0.54,2026-05-20
GODFRYPHLP,115,21338,1797950,-42900,14410273322.5,118,7914,845625,-88825,4840764060.0,0.47,0.371,2026-05-20
GODREJCP,96,4398,3840500,-144500,2340193800.0,96,2578,2655500,173000,1304200400.0,0.691,0.586,2026-05-20
GODREJPROP,99,12302,3614025,132550,6091815303.75,98,6944,2186250,67100,3229250571.25,0.605,0.564,2026-05-20
GRASIM,109,66231,2604250,739750,50551020625.0,113,36459,2062750,741250,26160101212.5,0.792,0.55,2026-05-20
HAL,87,41395,5295000,-141450,28180478947.5,94,23539,2832750,-67800,15079052595.0,0.535,0.569,2026-05-20
HAVELLS,114,6672,5194500,-313000,4269742325.0,109,2117,2135500,39000,1271026750.0,0.411,0.317,2026-05-20
HCLTECH,127,48034,25703700,181600,20811575417.5,125,23409,11334550,-355550,9639666875.0,0.441,0.487,2026-05-20
HDFCAMC,111,8531,1659600,36300,7200018090.0,111,2865,1000800,44700,2255366190.0,0.603,0.336,2026-05-20
HDFCBANK,134,154979,88039550,1226200,67397085687.5,133,84753,49794250,1294300,35533290507.5,0.566,0.547,2026-05-20
HDFCLIFE,103,12405,21844900,94600,8538851530.0,105,4529,13147200,261800,3022017955.0,0.602,0.365,2026-05-20
HEROMOTOCO,99,34350,3303300,-89400,26789837632.5,99,14749,1721850,-32250,10876763947.5,0.521,0.429,2026-05-20
HINDALCO,91,104319,11382000,1113700,81681915700.0,91,62896,9893800,1112300,46737694955.0,0.869,0.603,2026-05-20
HINDPETRO,76,21609,20661075,342225,17233560506.25,79,10394,17202375,492075,7943377893.75,0.833,0.481,2026-05-20
HINDUNILVR,98,38994,11611500,457200,27058560225.0,100,16004,5233500,289500,10634273865.0,0.451,0.41,2026-05-20
HINDZINC,69,54496,25525325,-1498175,44362659661.25,72,18616,17228400,-109025,14245732147.5,0.675,0.342,2026-05-20
HYUNDAI,77,5312,1683000,-142175,2765533705.0,78,3792,986425,18975,1816223530.0,0.586,0.714,2026-05-20
ICICIBANK,106,94896,39020100,940800,84753972310.0,98,58451,23927400,-40600,50523647615.0,0.613,0.616,2026-05-20
ICICIGI,78,3750,1469650,191750,2267637888.75,76,2800,571350,-12675,1638518358.75,0.389,0.747,2026-05-20
ICICIPRULI,112,4479,7948525,50875,2214683655.0,113,4521,6375100,-341325,2119648230.0,0.802,1.009,2026-05-20
IDEA,32,31599,2201715900,44457450,33216639648.0,32,13552,1197706575,-26731650,12238095309.0,0.544,0.429,2026-05-20
IDFCFIRSTB,60,9510,129423350,500850,6272336913.5,61,7027,105521675,-74200,4342242061.5,0.815,0.739,2026-05-20
IEX,106,5516,48820500,-2089500,2762834380.5,112,2237,25047900,-1361250,1098263025.0,0.513,0.406,2026-05-20
INDHOTEL,102,7308,6828000,-129000,4930025850.0,109,3718,6042000,41000,2430145800.0,0.885,0.509,2026-05-20
INDIANB,89,6164,7580000,-348000,5309750300.0,85,2706,4846000,130000,2280280000.0,0.639,0.439,2026-05-20
INDIGO,82,34659,5637600,-150000,23294429017.5,88,25239,2747700,4350,16013835585.0,0.487,0.728,2026-05-20
INDUSINDBK,81,15255,7904400,-119700,9824626945.0,82,11581,6469400,-110600,7264989060.0,0.818,0.759,2026-05-20
INDUSTOWER,75,18334,31290200,3044700,13830870285.0,75,6673,22944900,360400,4833987230.0,0.733,0.364,2026-05-20
INFY,122,166485,39668000,-1290800,82218044620.0,118,108574,27576000,361200,50887136080.0,0.695,0.652,2026-05-20
INOXWIND,105,3336,30047125,471900,1242944953.25,106,1247,15854425,-17875,431259864.75,0.528,0.374,2026-05-20
IOC,137,37173,75270000,-5996250,25719740377.5,134,19090,53556750,1228500,12549442376.25,0.712,0.514,2026-05-20
IREDA,119,5070,25697300,-1075775,2358307798.25,118,2587,15943525,103500,1155556386.0,0.62,0.51,2026-05-20
IRFC,90,8169,60940025,-3128000,3662423347.5,91,2309,32239775,-629000,949745120.0,0.529,0.283,2026-05-20
ITC,99,55982,130264925,210475,28649750791.25,100,21190,44742525,491200,10484024960.0,0.343,0.379,2026-05-20
JINDALSTEL,95,16229,4164375,-59375,12741432937.5,96,10193,2659375,175625,7764540218.75,0.639,0.628,2026-05-20
JIOFIN,91,29086,80757750,554600,16916195585.0,89,10360,43829850,178600,5789827305.0,0.543,0.356,2026-05-20
JSWENERGY,111,19797,12284075,-433000,10889755600.0,110,8524,7204700,-193000,4525013400.0,0.587,0.431,2026-05-20
JSWSTEEL,87,15379,8083800,-656775,13671799346.25,90,8246,4482675,-149850,7105795503.75,0.555,0.536,2026-05-20
JUBLFOOD,94,16117,9988750,2213750,10039388375.0,89,8049,6915000,2000000,4623973437.5,0.692,0.499,2026-05-20
KALYANKJIL,100,26427,28891950,-504075,11589912771.25,99,12654,14103575,151575,5124409001.25,0.488,0.479,2026-05-20
KAYNES,125,3632,4313150,-251000,1425977450.0,123,964,2132600,-55400,336172335.0,0.494,0.265,2026-05-20
KEI,96,6013,772800,-39025,5663978530.0,98,2746,609350,-36225,2340784713.75,0.788,0.457,2026-05-20
KFINTECH,105,5923,4878500,-27000,2565018525.0,105,1750,2960650,121500,729530825.0,0.607,0.295,2026-05-20
KOTAKBANK,131,23608,46056000,-924000,18588661400.0,131,11244,29256000,-742000,8605165900.0,0.635,0.476,2026-05-20
KPITTECH,67,50461,7645325,168725,16746842651.25,68,11385,3567800,112200,3537696982.5,0.467,0.226,2026-05-20
LAURUSLABS,132,18131,8205900,276250,21364128905.0,132,12332,8697200,156400,13791133040.0,1.06,0.68,2026-05-20
LICHSGFIN,94,5683,9819000,188000,3230227950.0,95,2212,5947000,-54000,1188024600.0,0.606,0.389,2026-05-20
LICI,116,8077,9030000,114800,4789590855.0,113,3047,4064900,284900,1685475435.0,0.45,0.377,2026-05-20
LODHA,92,19742,3734550,257400,8138505082.5,95,22435,3394800,-163800,8646155415.0,0.909,1.136,2026-05-20
LT,142,42460,9170875,-28350,29938243580.0,143,19177,5759250,46025,13199085646.25,0.628,0.452,2026-05-20
LTF,51,8127,21476250,267750,5325340950.0,56,2435,13506750,231750,1509392137.5,0.629,0.3,2026-05-20
LTM,86,20925,1701300,43050,13706849062.5,86,12451,895350,-20250,7651894717.5,0.526,0.595,2026-05-20
LUPIN,114,25666,10296475,-110075,25991592272.5,114,6963,3794825,-62050,6723049415.0,0.369,0.271,2026-05-20
M&M,127,53810,5712000,-430800,34514540110.0,131,34513,5148600,145800,21260533400.0,0.901,0.641,2026-05-20
MANAPPURAM,52,22382,17262000,2946000,22377914850.0,56,7201,14232000,1737000,6731766900.0,0.824,0.322,2026-05-20
MANKIND,141,127530,2094750,546750,76255889760.0,135,41598,1283625,-8100,23474700618.75,0.613,0.326,2026-05-20
MARICO,123,5778,6798000,-860400,5944359000.0,125,4966,5596800,-174000,4851580080.0,0.823,0.859,2026-05-20
MARUTI,103,84264,2922300,-41200,56740978960.0,105,48048,1160600,140850,30847590095.0,0.397,0.57,2026-05-20
MAXHEALTH,103,7129,3513825,113925,4142395215.0,103,3623,2055900,5250,1995985818.75,0.585,0.508,2026-05-20
MAZDOCK,128,22781,5325200,-249200,11963554930.0,133,8843,2219200,-60200,4242062260.0,0.417,0.388,2026-05-20
MCX,69,21637,7551475,-55000,47906051656.25,71,15814,7359975,-47500,31988445625.0,0.975,0.731,2026-05-20
MFSL,70,4181,2158400,-159200,2863575720.0,73,973,863600,-42800,629995740.0,0.4,0.233,2026-05-20
MIDCPNIFTY,566,194468,6859320,141240,341613224844.0,566,191857,8196600,-58800,320608749882.0,1.195,0.987,2026-05-20
MOTHERSON,115,62117,80798700,30116550,53528851606.5,120,20935,53203650,8831400,16672333521.0,0.658,0.337,2026-05-20
MOTILALOFS,83,4748,3024050,-52700,3286450623.75,85,1038,1543800,-11625,668460633.75,0.511,0.219,2026-05-20
MPHASIS,108,8121,1968450,-45925,5166728971.25,103,2740,1430275,-25300,1643127090.0,0.727,0.337,2026-05-20
MUTHOOTFIN,68,26400,4145075,-492800,25205378591.25,68,12186,2339150,44000,10809681300.0,0.564,0.462,2026-05-20
NAM-INDIA,49,6665,1635000,-21875,4734541937.5,47,2104,1230000,53750,1386153812.5,0.752,0.316,2026-05-20
NATIONALUM,77,19232,32810625,108750,15109135593.75,77,8145,17690625,-667500,6103093593.75,0.539,0.424,2026-05-20
NAUKRI,93,9594,3717750,38625,3613262043.75,92,2043,1260550,72750,717448987.5,0.339,0.213,2026-05-20
NBCC,93,2350,27566500,-58500,1499602715.0,98,583,16003000,91000,351825565.0,0.581,0.248,2026-05-20
NESTLEIND,101,8522,4877500,4500,6263354875.0,106,5389,3497500,-80500,3785693350.0,0.717,0.632,2026-05-20
NHPC,76,14588,69971200,-8083200,7780641728.0,75,3802,29120550,-1139200,1907410496.0,0.416,0.261,2026-05-20
NIFTY,925,24285487,177130825,19347980,38081560138648.0,947,20189895,219393060,46451390,30454217099588.75,1.239,0.831,2026-05-20
NIFTYNXT50,713,493,13450,925,876068147.5,713,239,3725,25,408696433.75,0.277,0.485,2026-05-20
NMDC,80,15253,98617500,3510000,9550065375.0,81,4431,48093750,87750,2615081895.0,0.488,0.291,2026-05-20
NTPC,112,53130,81813000,-630000,32119980525.0,109,14435,21198000,2074500,8458976100.0,0.259,0.272,2026-05-20
NUVAMA,89,3313,2182500,-200500,2569826475.0,88,1267,1254000,-42500,876422825.0,0.575,0.382,2026-05-20
NYKAA,81,3659,12909375,1546875,3252763750.0,82,1037,5431250,1153125,875045156.25,0.421,0.283,2026-05-20
OBEROIRLTY,65,3920,1515850,-79450,2309021452.5,62,1596,858550,-20300,894502000.0,0.566,0.407,2026-05-20
OFSS,155,47517,1003875,134100,36092924328.75,154,18345,754225,51600,12513804386.25,0.751,0.386,2026-05-20
OIL,104,16666,11492600,-361200,12232851260.0,104,4833,7761600,-191800,3383549330.0,0.675,0.29,2026-05-20
ONGC,98,68536,75291750,2344500,47355012225.0,96,23169,28179000,954000,15476481225.0,0.374,0.338,2026-05-20
PAGEIND,118,2662,41745,2220,1600857115.5,118,6690,41190,-255,3229605028.5,0.987,2.513,2026-05-20
PATANJALI,80,4391,5435100,356400,1923455925.0,80,2271,3992400,48600,946016910.0,0.735,0.517,2026-05-20
PAYTM,101,21667,8085925,-511125,18612650297.5,108,11168,6847625,-216050,8956464327.5,0.847,0.515,2026-05-20
PERSISTENT,102,25850,1590800,-78800,13729532095.0,97,16093,1316925,-86300,8024657725.0,0.828,0.623,2026-05-20
PETRONET,101,2268,11491200,-1900,1191958350.0,101,1356,11514000,5700,689586855.0,1.002,0.598,2026-05-20
PFC,76,13888,23766600,-725400,8205968615.0,75,5632,13642200,240500,3169579075.0,0.574,0.406,2026-05-20
PGEL,66,20377,11666950,239400,9590528207.5,66,12136,6846650,-880650,5250488500.0,0.587,0.596,2026-05-20
PHOENIXLTD,72,3374,1091650,-9450,2127530230.0,70,3137,732550,63350,1914546707.5,0.671,0.93,2026-05-20
PIDILITIND,113,4039,4416500,-288000,3062259225.0,115,1708,2112000,-13500,1224721175.0,0.478,0.423,2026-05-20
PIIND,125,62121,2016000,556150,33574705456.25,123,66312,1185625,102900,34044434095.0,0.588,1.067,2026-05-20
PNB,104,20373,141944000,-6296000,17402155920.0,104,12298,94896000,-1216000,10039754400.0,0.669,0.604,2026-05-20
PNBHOUSING,78,1862,2407600,43550,1334252725.0,80,1144,1623050,57200,768838135.0,0.674,0.614,2026-05-20
POLICYBZR,83,22067,3700550,87150,14515516855.0,86,9941,2330650,31150,6169312590.0,0.63,0.45,2026-05-20
POLYCAB,83,31122,2157625,96625,36887969100.0,92,16963,1849500,45625,18897478281.25,0.857,0.545,2026-05-20
POWERGRID,116,23631,38437000,-976600,13841706150.0,116,7964,16670600,-96900,4486483585.0,0.434,0.337,2026-05-20
POWERINDIA,71,89293,244200,3150,83637120225.0,74,30789,265200,73475,24309123045.0,1.086,0.345,2026-05-20
PREMIERENE,75,10736,4512600,-392150,6364990272.5,76,2916,2006175,-236325,1633192165.0,0.445,0.272,2026-05-20
PRESTIGE,72,3991,2069100,-17550,2616346597.5,70,2701,1394100,-9000,1633729432.5,0.674,0.677,2026-05-20
RBLBANK,54,10255,32343725,-2527300,11182903878.75,57,3357,14404975,-47625,3422822561.25,0.445,0.327,2026-05-20
RECLTD,68,18007,31148775,382200,8988434700.0,65,6765,18642575,595000,3176165790.0,0.599,0.376,2026-05-20
RELIANCE,122,451051,74636500,-4059000,314189299975.0,122,380157,44264000,3678000,250537425975.0,0.593,0.843,2026-05-20
RVNL,59,12604,20009275,207150,5562031176.25,59,5729,13030025,793075,2423397661.25,0.651,0.455,2026-05-20
SAIL,69,44,9400000,-65800,40759622.0,69,64,6246300,-253800,51737459.0,0.664,1.455,2026-05-20
SAMMAANCAP,43,13826,29351800,2820800,8991986925.0,43,7134,19913300,4536500,4200496624.0,0.678,0.516,2026-05-20
SBICARD,62,8825,9824000,440800,4616965960.0,62,3050,6050400,116800,1531569280.0,0.616,0.346,2026-05-20
SBILIFE,78,5265,4557000,73875,3803995875.0,77,2292,1932750,-39000,1608596475.0,0.424,0.435,2026-05-20
SBIN,114,270700,123958500,-8627250,203681804062.5,113,121096,55876500,313500,84550599900.0,0.451,0.447,2026-05-20
SHREECEM,78,6520,83775,-2450,4342310138.75,77,20200,53250,7875,10175579931.25,0.636,3.098,2026-05-20
SHRIRAMFIN,101,18559,17541150,-222750,14965731453.75,99,7218,9259800,-3300,5509486290.0,0.528,0.389,2026-05-20
SIEMENS,73,32371,1400700,85575,21680926251.25,70,10108,1004500,123025,6314558040.0,0.717,0.312,2026-05-20
SOLARINDS,71,22586,378000,-17100,21441318590.0,72,15725,368900,-12750,13628269577.5,0.976,0.696,2026-05-20
SONACOMS,96,4912,5545575,123725,3640956392.5,98,2106,3529225,319725,1519394082.5,0.636,0.429,2026-05-20
SRF,115,6570,1727800,38400,3564518490.0,120,3216,1291400,-21800,1679666890.0,0.747,0.489,2026-05-20
SUNPHARMA,85,41802,19363400,304150,28354914682.5,86,19777,11026750,7000,12731597812.5,0.569,0.473,2026-05-20
SUPREMEIND,72,6469,1422925,40775,4262593536.25,71,1569,336000,-12950,922202715.0,0.236,0.243,2026-05-20
SUZLON,54,10778,158190200,-9115250,5637141801.25,57,3337,80051750,-658825,1568178765.5,0.506,0.31,2026-05-20
SWIGGY,57,7386,15805925,-16900,2662512255.0,55,2561,6542925,-171600,862114500.0,0.414,0.347,2026-05-20
TATACONSUM,110,18339,5614950,-129250,12563165312.5,112,8211,3463350,-14850,5381479152.5,0.617,0.448,2026-05-20
TATAELXSI,79,11576,1375350,-39200,5117762925.0,78,3281,585625,22125,1370722915.0,0.426,0.283,2026-05-20
TATAPOWER,92,32632,45387900,1038200,20471652957.5,89,12434,22925950,98600,7451571605.0,0.505,0.381,2026-05-20
TATASTEEL,73,134634,145442000,404250,79345728687.5,73,82589,76430750,2167000,46248961247.5,0.526,0.613,2026-05-20
TCS,117,116321,20783575,990200,49136793545.0,117,49390,12704425,162925,19889907077.5,0.611,0.425,2026-05-20
TECHM,70,23516,10579800,-39600,21254946930.0,70,15857,6719400,-600600,13694637000.0,0.635,0.674,2026-05-20
TIINDIA,132,19606,890800,-77600,11959571030.0,128,5286,458800,70400,3019300360.0,0.515,0.27,2026-05-20
TITAN,84,44720,7051450,-240800,33499034371.25,84,19888,3564400,-173425,14145260193.75,0.505,0.445,2026-05-20
TMPV,64,90315,48431200,999200,27093479520.0,65,44544,25216800,596000,12700813280.0,0.521,0.493,2026-05-20
TORNTPHARM,78,13627,786375,8625,7937592950.0,79,2157,351125,-29625,1173367068.75,0.447,0.158,2026-05-20
TRENT,74,41481,3983200,-248400,17907415905.0,68,17758,1534550,54700,6877393290.0,0.385,0.428,2026-05-20
TVSMOTOR,172,64471,3545150,-476000,39257675870.0,166,20856,2037875,69125,12124553533.75,0.575,0.323,2026-05-20
ULTRACEMCO,92,22884,1422600,-6350,13570415925.0,95,14192,585450,-3350,7828431557.5,0.412,0.62,2026-05-20
UNIONBANK,67,9720,60560550,-6695025,7402668654.75,67,3153,33479550,243375,2249327726.25,0.553,0.324,2026-05-20
UNITDSPR,120,12185,5036800,-304400,6618382440.0,121,3264,3288000,-114000,1706455480.0,0.653,0.268,2026-05-20
UNOMINDA,58,16212,4134350,-250250,9997345627.5,58,4077,1827650,-64900,2313108600.0,0.442,0.251,2026-05-20
UPL,124,6617,11077125,-363140,5855544289.5,126,2777,7001285,-136855,2393779788.25,0.632,0.42,2026-05-20
VBL,78,8916,12687750,-24750,5322534243.75,80,3281,5529375,-84375,1874237287.5,0.436,0.368,2026-05-20
VEDL,63,57219,42559200,3233800,23388881930.0,63,27885,29981650,457700,10322089097.5,0.704,0.487,2026-05-20
VMM,110,2560,10044350,-887550,1565555313.5,110,538,5189500,9700,316074160.5,0.517,0.21,2026-05-20
VOLTAS,86,27967,8128125,211875,14274729731.25,85,9816,4630125,-97500,4702383300.0,0.57,0.351,2026-05-20
WAAREEENER,66,26568,4656225,-80850,14887705411.25,66,5643,2150925,2100,2968193970.0,0.462,0.212,2026-05-20
WIPRO,70,39387,141612000,-3945000,24095112690.0,71,21795,85857000,2940000,12706667430.0,0.606,0.553,2026-05-20
YESBANK,29,10752,405201900,6095600,7825590059.0,31,7282,273959900,-9547700,4768969477.0,0.676,0.677,2026-05-20
ZYDUSLIFE,113,145832,16363800,7569000,145481246190.0,115,60005,6470100,1464300,56430972990.0,0.395,0.411,2026-05-20
360ONE,50,6804,954000,37500,3917528050.0,54,2191,744000,150000,1215869675.0,0.78,0.322,2026-05-21
ABB,149,41456,2286875,-9500,35880328556.25,141,13974,1146000,-29875,11238763700.0,0.501,0.337,2026-05-21
ABCAPITAL,65,10409,20252300,-31000,11877572035.0,68,5975,13671000,-213900,6434922960.0,0.675,0.574,2026-05-21
ADANIENSOL,79,19525,8411850,363825,18961724193.75,75,6683,4028400,-55350,6052284225.0,0.479,0.342,2026-05-21
ADANIENT,126,49042,11374290,-905370,42877819854.450005,137,26230,7576062,-342681,21381709925.25,0.666,0.535,2026-05-21
ADANIGREEN,153,25090,11668800,-423000,21775845660.0,156,16909,7700400,-353400,12965663130.0,0.66,0.674,2026-05-21
ADANIPORTS,75,34388,10417700,-334400,30125298403.75,82,23090,8200400,229900,18962580426.25,0.787,0.671,2026-05-21
ADANIPOWER,92,23223,48613700,-5435050,19405687020.5,97,8849,22045500,-1505200,6777318419.0,0.453,0.381,2026-05-21
ALKEM,85,10962,445375,13000,7823431506.25,88,4958,228500,-1500,3361654412.5,0.513,0.452,2026-05-21
AMBER,94,171745,3295500,135300,135612903130.0,96,77313,1932200,251600,55810429920.0,0.586,0.45,2026-05-21
AMBUJACEM,71,11305,21121800,-552300,5391036262.5,71,4502,12462600,-472500,2101385527.5,0.59,0.398,2026-05-21
ANGELONE,76,69043,24200000,-510000,60574377375.0,74,30314,19712500,3690000,24661531625.0,0.815,0.439,2026-05-21
APLAPOLLO,90,4050,1913450,-3850,2746831237.5,85,2184,1261400,-72100,1390646145.0,0.659,0.539,2026-05-21
APOLLOHOSP,119,161230,1762250,-3250,171992330181.25,121,81604,1765250,677375,82468388631.25,1.002,0.506,2026-05-21
ASHOKLEY,76,30925,125915000,7210000,25351573750.0,74,12480,76785000,200000,9563778000.0,0.61,0.404,2026-05-21
ASIANPAINT,111,37489,6677000,-745250,25392066262.5,118,19466,4506250,2750,12582320150.0,0.675,0.519,2026-05-21
ASTRAL,76,29180,4214300,-789650,19309925468.75,76,14157,2680050,-316200,8630154698.75,0.636,0.485,2026-05-21
AUBANK,85,9388,8602000,82000,9435297400.0,88,4445,6125000,-125000,4304057300.0,0.712,0.473,2026-05-21
AUROPHARMA,69,22429,5215100,1099450,19847018125.0,65,10623,3463900,510950,8731122152.5,0.664,0.474,2026-05-21
AXISBANK,102,51270,21791250,-1175000,41206638937.5,98,32527,11818750,-465000,25336447156.25,0.542,0.634,2026-05-21
BAJAJ-AUTO,94,78503,2071050,39675,64044116692.5,93,49141,1674525,1500,37995497193.75,0.809,0.626,2026-05-21
BAJAJFINSV,80,21584,6772500,82750,9809918800.0,79,10323,3534250,-69500,4568308737.5,0.522,0.478,2026-05-21
BAJAJHLDNG,80,1987,106450,-5700,1086185332.5,84,1972,53650,1550,917814737.5,0.504,0.992,2026-05-21
BAJFINANCE,81,44115,21776250,792000,31405554375.0,86,26973,15000000,104250,18559886550.0,0.689,0.611,2026-05-21
BANDHANBNK,81,10923,40453200,979200,8013116412.0,86,6470,25210800,730800,4461168744.0,0.623,0.592,2026-05-21
BANKBARODA,91,13035,49324275,169650,10500250995.0,86,8753,37445850,1477125,7060203686.25,0.759,0.671,2026-05-21
BANKINDIA,52,3937,32052800,-1274000,2992025660.0,51,1807,20779200,691600,1361933820.0,0.648,0.459,2026-05-21
BANKNIFTY,605,2978893,26036160,3122670,4963267161036.0,605,2655395,18710640,297630,4210931323138.5,0.719,0.891,2026-05-21
BDL,76,16633,3914900,108500,8019141970.0,77,5698,2063950,-18900,2662108592.5,0.527,0.343,2026-05-21
BEL,78,137239,71867025,-10532175,86236398390.0,76,51879,35619300,-1613100,30807647636.25,0.496,0.378,2026-05-21
BHARATFORG,87,10476,4221000,-104000,10447959800.0,84,4133,2885000,-96500,3846179300.0,0.683,0.395,2026-05-21
BHARTIARTL,86,86279,27795100,-392825,79839228088.75,85,53110,14731175,-934325,47344366701.25,0.53,0.616,2026-05-21
BHEL,171,31958,59164875,-1926750,35567963943.75,175,20727,46312875,-4302375,21571278225.0,0.783,0.649,2026-05-21
BIOCON,92,11030,25445000,-90000,12316217000.0,95,6700,21122500,-640000,7101750750.0,0.83,0.607,2026-05-21
BLUESTARCO,96,5151,2931825,-78000,2985960428.75,92,1679,1485250,12025,911462776.25,0.507,0.326,2026-05-21
BOSCHLTD,129,84648,393900,201250,80593908872.5,129,40204,129775,30350,34924658635.0,0.329,0.475,2026-05-21
BPCL,64,25443,31959450,-1830825,15497994455.0,66,15096,22325400,-1346950,8629681920.0,0.699,0.593,2026-05-21
BRITANNIA,104,22923,2470125,-124750,16003010125.0,104,8688,1129375,6875,5765669056.25,0.457,0.379,2026-05-21
BSE,82,47813,9399025,433500,78330712837.5,83,39559,8359125,-532875,60955727981.25,0.889,0.827,2026-05-21
CAMS,73,4063,4411500,6750,2460383775.0,77,2693,3498000,69750,1564844512.5,0.793,0.663,2026-05-21
CANBK,126,11845,110295000,-3766500,10768981252.5,125,6342,82842750,-1464750,5508982260.0,0.751,0.535,2026-05-21
CDSL,59,35204,10611500,1045000,21291862958.75,59,13617,6269050,558125,7867613646.25,0.591,0.387,2026-05-21
CGPOWER,77,20009,7092400,-532950,15128815737.5,79,8930,5170550,-63750,6379344350.0,0.729,0.446,2026-05-21
CHOLAFIN,83,9515,4398750,501250,9344310718.75,82,4798,2881250,56250,4612990250.0,0.655,0.504,2026-05-21
CIPLA,126,20594,9395925,-342750,11119489818.75,131,14494,8471625,-366375,7530032250.0,0.902,0.704,2026-05-21
COALINDIA,80,39534,40425750,-2528550,25450729267.5,81,25431,24719850,-973350,15764404815.0,0.611,0.643,2026-05-21
COCHINSHIP,94,10199,2661600,-222800,6610123640.0,91,2721,1363600,6400,1680733180.0,0.512,0.267,2026-05-21
COFORGE,78,53120,12297375,-541875,28984151737.5,78,41729,9754700,-861750,21297021562.5,0.793,0.786,2026-05-21
COLPAL,88,13615,2050425,-96525,6940237736.25,86,8382,1083150,-86400,3989418952.5,0.528,0.616,2026-05-21
CONCOR,79,4297,4733750,-326250,2920027625.0,82,1679,3652500,-3750,1107336687.5,0.772,0.391,2026-05-21
CROMPTON,113,7960,21922200,-417600,4351352040.0,115,2613,13077000,-277200,1363935060.0,0.597,0.328,2026-05-21
CUMMINSIND,79,7285,995600,-7400,8064219590.0,82,3682,674200,-51400,3928113390.0,0.677,0.505,2026-05-21
DABUR,89,14641,13688750,-101250,8568577125.0,88,5339,8925000,170000,2980365375.0,0.652,0.365,2026-05-21
DALBHARAT,103,7571,1847625,-4875,4468233688.75,103,3727,1261325,-112125,2052935105.0,0.683,0.492,2026-05-21
DELHIVERY,77,5702,13715750,-6225,5628125005.0,76,1978,5243525,-151475,1877360815.0,0.382,0.347,2026-05-21
DIVISLAB,104,8603,1036900,-15600,6105195095.0,109,4560,788300,17800,3097869595.0,0.76,0.53,2026-05-21
DIXON,110,134804,1996550,-232900,78789547400.0,113,70562,1477400,-129150,38480758860.0,0.74,0.523,2026-05-21
DLF,100,15305,10838025,226050,7709508427.5,103,12433,8558550,-758175,5849097746.25,0.79,0.812,2026-05-21
DMART,79,34185,2244750,4050,22300357695.0,78,16980,892800,19500,10582019677.5,0.398,0.497,2026-05-21
DRREDDY,111,24643,11401875,-1081875,20995304000.0,106,13609,6518750,-206875,11100727156.25,0.572,0.552,2026-05-21
EICHERMOT,112,25054,1671400,58400,18638381730.0,113,9066,1129300,45500,6274217860.0,0.676,0.362,2026-05-21
ETERNAL,82,43140,94802950,-2264950,26810793719.25,83,25972,47416025,654750,15358951336.5,0.5,0.602,2026-05-21
EXIDEIND,146,4555,17060400,-286200,2969200710.0,150,2160,10171800,208800,1350578610.0,0.596,0.474,2026-05-21
FEDERALBNK,90,20883,37587500,2087500,15434286250.0,90,10404,20665000,-400000,7461625250.0,0.55,0.498,2026-05-21
FINNIFTY,307,29733,773520,30600,46853168799.0,307,18461,486900,7620,27499645464.0,0.629,0.621,2026-05-21
FORCEMOT,44,24849,199275,18675,12955214741.25,41,10111,63275,1025,4543743181.25,0.318,0.407,2026-05-21
FORTIS,69,10824,3757975,343325,8457126120.0,71,2684,1787925,103850,2007652418.75,0.476,0.248,2026-05-21
GAIL,122,12518,32634000,3184650,6467143410.0,127,10547,29118600,3565800,5193247468.5,0.892,0.843,2026-05-21
GLENMARK,92,11483,2814000,74250,10666767543.75,98,2685,1681500,-39750,2377538812.5,0.598,0.234,2026-05-21
GMRAIRPORT,84,9026,56288250,-1122975,6291286296.75,83,3053,35509725,-2022750,2033919555.75,0.631,0.338,2026-05-21
GODFRYPHLP,115,16448,1772650,-25300,11190478227.5,118,7997,904475,58850,4933645846.25,0.51,0.486,2026-05-21
GODREJCP,96,4021,3607000,-233500,2137881050.0,96,1826,2568500,-87000,940583950.0,0.712,0.454,2026-05-21
GODREJPROP,99,16691,3731175,117150,8335638795.0,98,9739,2272875,86625,4617815015.0,0.609,0.583,2026-05-21
GRASIM,139,200804,3316500,712250,159693046387.5,143,81838,3805000,1742250,62390268687.5,1.147,0.408,2026-05-21
HAL,87,57642,5159100,-135900,39578284222.5,94,31082,2884200,51450,20272092772.5,0.559,0.539,2026-05-21
HAVELLS,114,8573,4937500,-257000,5432835475.0,109,2836,2087000,-48500,1723567000.0,0.423,0.331,2026-05-21
HCLTECH,127,51217,24480850,-1222850,22082110395.0,125,25507,11328700,-5850,10471787715.0,0.463,0.498,2026-05-21
HDFCAMC,111,14930,1603800,-55800,12716608275.0,111,6501,1035300,34500,5183244270.0,0.646,0.435,2026-05-21
HDFCBANK,134,196201,87150950,-888600,85358211777.5,133,127668,50143100,348850,53267263367.5,0.575,0.651,2026-05-21
HDFCLIFE,103,16622,21811900,-33000,11486064975.0,105,5842,14000800,853600,3924961535.0,0.642,0.351,2026-05-21
HEROMOTOCO,99,25339,3118950,-184350,19848570510.0,99,10420,1713900,-7950,7733765745.0,0.55,0.411,2026-05-21
HINDALCO,91,64382,10845100,-536900,51167805990.0,91,42321,10192000,298200,32145547420.0,0.94,0.657,2026-05-21
HINDPETRO,76,17610,18727200,-1933875,14310452047.5,79,10277,15946875,-1255500,7900163887.5,0.852,0.584,2026-05-21
HINDUNILVR,102,33851,11765400,153900,23471953875.0,102,17885,5569200,335700,11782311030.0,0.473,0.528,2026-05-21
HINDZINC,69,29459,24512250,-1013075,24106936087.5,72,16715,17640000,411600,12645736862.5,0.72,0.567,2026-05-21
HYUNDAI,77,13547,1604900,-78100,7083494687.5,78,5692,976250,-10175,2774925230.0,0.608,0.42,2026-05-21
ICICIBANK,106,90104,39284700,264600,80542315875.0,98,71617,24086300,158900,61825629285.0,0.613,0.795,2026-05-21
ICICIGI,78,5633,1582100,112450,3399761625.0,76,1847,537225,-34125,1076031710.0,0.34,0.328,2026-05-21
ICICIPRULI,113,4735,7768150,-180375,2327054412.5,114,2742,6371400,-3700,1291925531.25,0.82,0.579,2026-05-21
IDEA,32,27087,2031962775,-169753125,28417074099.75,32,11489,1110721500,-86985075,10694205289.5,0.547,0.424,2026-05-21
IDFCFIRSTB,60,7568,128551500,-871850,5006982517.25,61,6057,102933950,-2587725,3852148742.75,0.801,0.8,2026-05-21
IEX,106,6428,45517350,-3303150,3273242287.5,112,2760,24624150,-423750,1350492450.0,0.541,0.429,2026-05-21
INDHOTEL,102,7916,6742000,-86000,5358055800.0,109,5146,5732000,-310000,3372189550.0,0.85,0.65,2026-05-21
INDIANB,89,5535,7265000,-315000,4740773850.0,85,2220,4667000,-179000,1849902450.0,0.642,0.401,2026-05-21
INDIGO,82,124233,5796000,158400,84882255885.0,88,55045,3068550,320850,35693008140.0,0.529,0.443,2026-05-21
INDUSINDBK,81,18874,7833700,-70700,12220667655.0,82,11850,6129200,-340200,7447604850.0,0.782,0.628,2026-05-21
INDUSTOWER,75,22374,32005900,715700,16978203790.0,75,14293,26081400,3136500,10387968660.0,0.815,0.639,2026-05-21
INFY,122,146315,40194000,526000,71720840060.0,118,86301,27554800,-21200,40594596120.0,0.686,0.59,2026-05-21
INOXWIND,105,2601,28252475,-1794650,973496309.5,106,929,16118975,264550,324927853.25,0.571,0.357,2026-05-21
IOC,137,32158,69366375,-5903625,22588801998.75,134,17759,52464750,-1092000,11950557986.25,0.756,0.552,2026-05-21
IREDA,119,3892,25947225,249925,1822255071.75,118,1915,16119475,175950,844851421.5,0.621,0.492,2026-05-21
IRFC,90,9355,57030025,-3910000,4135861532.5,91,3392,33000525,760750,1429547765.0,0.579,0.363,2026-05-21
ITC,99,109954,137786700,7521775,56174284183.75,100,56484,52104250,7361725,27788312312.5,0.378,0.514,2026-05-21
JINDALSTEL,95,11175,4553750,389375,8790355218.75,96,6139,2817500,158125,4678063125.0,0.619,0.549,2026-05-21
JIOFIN,91,26049,79895300,-862450,15292715381.0,89,12412,44133000,303150,6950134188.5,0.552,0.476,2026-05-21
JSWENERGY,111,27416,12291075,7000,15418702500.0,110,14225,7848700,644000,7672405858.75,0.639,0.519,2026-05-21
JSWSTEEL,87,16772,7636275,-447525,14895192498.75,90,7558,4470525,-12150,6529519991.25,0.585,0.451,2026-05-21
JUBLFOOD,96,65454,16341250,6352500,38144916500.0,92,39518,9432500,2517500,21925247187.5,0.577,0.604,2026-05-21
KALYANKJIL,100,34121,26869950,-2022000,14944029417.5,99,16129,14278650,175075,6521264863.75,0.531,0.473,2026-05-21
KAYNES,127,4578,4050150,-263000,1732771010.0,125,1994,2016900,-115700,692436685.0,0.498,0.436,2026-05-21
KEI,96,20185,858375,85575,19057137321.25,98,7133,646800,37450,6273818775.0,0.754,0.353,2026-05-21
KFINTECH,105,8503,4589500,-289000,3707640050.0,105,3635,2807650,-153000,1523464925.0,0.612,0.427,2026-05-21
KOTAKBANK,131,19943,45994000,-62000,15663844600.0,131,8302,29338000,82000,6384002800.0,0.638,0.416,2026-05-21
KPITTECH,67,20294,7499550,-145775,6714020438.75,68,4833,3337025,-230775,1509714027.5,0.445,0.238,2026-05-21
LAURUSLABS,137,13359,8144700,-61200,15717583962.5,137,10626,8210150,-487050,12001337085.0,1.008,0.795,2026-05-21
LICHSGFIN,94,4600,9717000,-102000,2624074250.0,95,2241,5961000,14000,1227471500.0,0.613,0.487,2026-05-21
LICI,116,26182,11151700,2121700,15463505785.0,113,11984,5058200,993300,6691861960.0,0.454,0.458,2026-05-21
LODHA,92,13243,3670650,-63900,5532676785.0,95,9655,3324600,-70200,3725187705.0,0.906,0.729,2026-05-21
LT,142,58445,9153375,-17500,41550642280.0,143,25812,5942650,183400,17701478138.75,0.649,0.442,2026-05-21
LTF,51,8944,23517000,2040750,5782678200.0,56,3906,14638500,1131750,2408483700.0,0.622,0.437,2026-05-21
LTM,86,12627,1707300,6000,8172350085.0,86,6590,921750,26400,4027742167.5,0.54,0.522,2026-05-21
LUPIN,114,24710,9842575,-453900,24979205042.5,114,8635,3862400,67575,8415627448.75,0.392,0.349,2026-05-21
M&M,127,36212,5769200,57200,23377565720.0,131,19136,5067000,-81600,11917252010.0,0.878,0.528,2026-05-21
MANAPPURAM,52,9929,14679000,-2583000,9935681850.0,56,5397,12513000,-1719000,5096420250.0,0.852,0.544,2026-05-21
MANKIND,141,39170,1576575,-518175,23597766157.5,135,18579,1118625,-165000,10607807940.0,0.71,0.474,2026-05-21
MARICO,123,3356,6793200,-4800,3442943820.0,125,2632,4975200,-621600,2559208620.0,0.732,0.784,2026-05-21
MARUTI,103,61468,2743450,-178850,41687336727.5,105,32510,1066000,-94600,20948368510.0,0.389,0.529,2026-05-21
MAXHEALTH,106,47699,5206950,1693125,28407703222.5,106,21658,3255000,1199100,12236794237.5,0.625,0.454,2026-05-21
MAZDOCK,128,27525,5353600,28400,14518413290.0,133,9265,2255600,36400,4593392490.0,0.421,0.337,2026-05-21
MCX,69,32884,8323975,772500,72342428593.75,71,25456,7072075,-287900,52050375062.5,0.85,0.774,2026-05-21
MFSL,70,3766,2001600,-156800,2558097120.0,73,2300,769600,-94000,1469024960.0,0.384,0.611,2026-05-21
MIDCPNIFTY,566,176181,7903680,1044360,311349883650.0,566,222701,8327760,131160,375783360732.0,1.054,1.264,2026-05-21
MOTHERSON,115,55736,68086650,-12712050,48313212127.5,120,21184,51223350,-1980300,17333180664.0,0.752,0.38,2026-05-21
MOTILALOFS,83,9998,2783800,-240250,6987332536.25,85,1289,1516675,-27125,829288168.75,0.545,0.129,2026-05-21
MPHASIS,108,4825,1860375,-108075,3073206427.5,103,2270,1417625,-12650,1388063668.75,0.762,0.47,2026-05-21
MUTHOOTFIN,68,16326,3997675,-147400,15624505352.5,68,10327,2248950,-90200,9206909635.0,0.563,0.633,2026-05-21
NAM-INDIA,49,9376,1904375,269375,6706867343.75,47,1830,1177500,-52500,1228579218.75,0.618,0.195,2026-05-21
NATIONALUM,77,19549,31295625,-1515000,15671042812.5,77,9136,18108750,418125,6927930375.0,0.579,0.467,2026-05-21
NAUKRI,93,10263,3871125,153375,3871911825.0,92,3951,1315675,55125,1402944468.75,0.34,0.385,2026-05-21
NBCC,93,2459,26065000,-1501500,1584540360.0,98,1162,15288000,-715000,709974525.0,0.587,0.473,2026-05-21
NESTLEIND,103,6742,4757000,-120500,4906502575.0,108,4079,3398000,-99500,2878587275.0,0.714,0.605,2026-05-21
NHPC,76,9200,66067200,-3904000,4913054144.0,75,3010,29427750,307200,1532178304.0,0.445,0.327,2026-05-21
NIFTY,926,23694417,234823285,57692460,37298774357926.25,948,24863383,234803885,15410825,37620464167786.5,1.0,1.049,2026-05-21
NIFTYNXT50,713,623,13325,-125,1106044805.0,713,394,7950,4225,667932226.25,0.597,0.632,2026-05-21
NMDC,80,9685,98941500,324000,6092430322.5,81,2770,45792000,-2301750,1632587130.0,0.463,0.286,2026-05-21
NTPC,112,40576,81574500,-238500,24401525400.0,109,17021,19401000,-1797000,10002500925.0,0.238,0.419,2026-05-21
NUVAMA,89,5107,1986000,-196500,3990851700.0,88,1298,1196500,-57500,942138500.0,0.602,0.254,2026-05-21
NYKAA,81,11701,19668750,6759375,10561439531.25,82,3790,8084375,2653125,3207454062.5,0.411,0.324,2026-05-21
OBEROIRLTY,65,14758,1551900,36050,8815875757.5,62,4867,866250,7700,2818941860.0,0.558,0.33,2026-05-21
OFSS,155,11375,911025,-92850,8662923975.0,154,14260,722650,-31575,8881216027.5,0.793,1.254,2026-05-21
OIL,104,6771,11247600,-245000,4981402580.0,104,2696,7863800,102200,1872141040.0,0.699,0.398,2026-05-21
ONGC,98,38627,76961250,1669500,26417733412.5,96,16018,27861750,-317250,10656060412.5,0.362,0.415,2026-05-21
PAGEIND,118,46087,89595,47850,27916457485.5,118,29809,60990,19800,16438564935.75,0.681,0.647,2026-05-21
PATANJALI,80,3585,5293800,-141300,1564518285.0,80,1112,4088700,96300,467166915.0,0.772,0.31,2026-05-21
PAYTM,101,13928,7550875,-535050,12020269377.5,108,8982,6528625,-319000,7400680846.25,0.865,0.645,2026-05-21
PERSISTENT,102,16006,1576200,-14600,8484929910.0,97,13875,1259225,-57700,6883338040.0,0.799,0.867,2026-05-21
PETRONET,101,5088,10605800,-885400,2687098560.0,101,2653,11189100,-324900,1370488525.0,1.055,0.521,2026-05-21
PFC,76,23313,23968100,201500,13783724760.0,75,9611,13491400,-150800,5456216805.0,0.563,0.412,2026-05-21
PGEL,66,13185,10199200,-1467750,6322525785.0,66,5263,6234850,-611800,2327207637.5,0.611,0.399,2026-05-21
PHOENIXLTD,72,9458,1083250,-8400,6062069055.0,70,3704,689850,-42700,2240521447.5,0.637,0.392,2026-05-21
PIDILITIND,113,6025,4096500,-320000,4565113675.0,115,2515,1982500,-129500,1813600250.0,0.484,0.417,2026-05-21
PIIND,145,72008,3293850,1277850,36912754558.75,142,48669,1875125,689500,23550962688.75,0.569,0.676,2026-05-21
PNB,104,15448,143904000,1960000,13315063600.0,104,10758,95856000,960000,8840954160.0,0.666,0.696,2026-05-21
PNBHOUSING,78,1382,2335450,-72150,983618317.5,80,1051,1578200,-44850,649257960.0,0.676,0.76,2026-05-21
POLICYBZR,87,7536,3502450,-198100,4936914097.5,90,4170,2556750,226100,2588566645.0,0.73,0.553,2026-05-21
POLYCAB,83,30880,2273750,116125,36656104675.0,92,14315,1877500,28000,15973245368.75,0.826,0.464,2026-05-21
POWERGRID,116,25369,36162700,-2274300,14915613225.0,116,13816,16910000,239400,7873412375.0,0.468,0.545,2026-05-21
POWERINDIA,71,45648,260200,16000,44261531862.5,74,29005,303875,38675,22734578763.75,1.168,0.635,2026-05-21
PREMIERENE,75,17378,3610000,-902600,10325112343.75,76,6883,2032625,26450,3930756982.5,0.563,0.396,2026-05-21
PRESTIGE,72,14046,2453400,384300,9226061167.5,70,4520,1524600,130500,2806054402.5,0.621,0.322,2026-05-21
RBLBANK,54,7876,30086300,-2257425,8703234911.25,57,3178,14624050,219075,3347679042.5,0.486,0.404,2026-05-21
RECLTD,68,18447,30405375,-743400,9210826380.0,65,7619,18764725,122150,3687807060.0,0.617,0.413,2026-05-21
RELIANCE,122,340580,75800000,1163500,238409986450.0,122,332049,42264500,-1999500,221525090225.0,0.558,0.975,2026-05-21
RVNL,60,16383,20333050,323775,7255752580.0,60,4228,13553100,523075,1788726561.25,0.667,0.258,2026-05-21
SAIL,69,30,9371800,-28200,28011013.0,69,11,6265100,18800,9511625.0,0.669,0.367,2026-05-21
SAMMAANCAP,48,66178,35337400,5985600,45976291053.0,48,31884,33071300,13158000,20364961637.0,0.936,0.482,2026-05-21
SBICARD,62,12998,10489600,665600,6790580040.0,62,5987,6456800,406400,3039600040.0,0.616,0.461,2026-05-21
SBILIFE,78,6833,4634250,77250,4900549518.75,77,2698,1713750,-219000,1880171006.25,0.37,0.395,2026-05-21
SBIN,114,217501,116949750,-7008750,163795387162.5,113,105218,54876000,-1000500,74763670350.0,0.469,0.484,2026-05-21
SHREECEM,78,5290,82950,-825,3463104838.75,77,3742,48175,-5075,2037026715.0,0.581,0.707,2026-05-21
SHRIRAMFIN,101,27091,19277775,1736625,21732162952.5,99,10431,9551025,291225,7965085631.25,0.495,0.385,2026-05-21
SIEMENS,73,26931,1446550,45850,18325809363.75,70,7806,1004850,350,5004238190.0,0.695,0.29,2026-05-21
SOLARINDS,73,31081,383100,5100,29812477167.5,74,13812,344850,-24050,12113000692.5,0.9,0.444,2026-05-21
SONACOMS,96,2035,5367950,-177625,1510791275.0,98,811,3512075,-17150,582264427.5,0.654,0.399,2026-05-21
SRF,115,6062,1730400,2600,3292631970.0,120,2864,1294400,3000,1535355050.0,0.748,0.472,2026-05-21
SUNPHARMA,85,55195,18827900,-535500,37499414995.0,86,28931,11106900,80150,18693722950.0,0.59,0.524,2026-05-21
SUPREMEIND,72,7732,1408050,-14875,4938196060.0,71,2070,367325,31325,1213283041.25,0.261,0.268,2026-05-21
SUZLON,54,11757,164345250,6155050,6044054503.25,57,5245,84564250,4512500,2521359555.5,0.515,0.446,2026-05-21
SWIGGY,57,8752,16622325,816400,3122501785.0,55,3573,6425925,-117000,1175134090.0,0.387,0.408,2026-05-21
TATACONSUM,110,22079,5211250,-403700,14957732075.0,112,7141,3378650,-84700,4694925895.0,0.648,0.323,2026-05-21
TATAELXSI,79,13706,1381450,6100,6202206865.0,78,4082,579925,-5700,1742242360.0,0.42,0.298,2026-05-21
TATAPOWER,92,37356,42139900,-3248000,23277735442.5,89,11931,22312600,-613350,7136781390.0,0.529,0.319,2026-05-21
TATASTEEL,73,82327,138935500,-6506500,48874433080.0,73,88283,78023000,1592250,49282214135.0,0.562,1.072,2026-05-21
TCS,117,129463,20035500,-748075,54532406605.0,117,48586,12449075,-255350,19886436800.0,0.621,0.375,2026-05-21
TECHM,70,17267,10534200,-45600,15427362420.0,70,11757,6388200,-331200,9987316980.0,0.606,0.681,2026-05-21
TIINDIA,132,15028,898800,8000,9415788150.0,128,6053,464600,5800,3541029450.0,0.517,0.403,2026-05-21
TITAN,84,39222,6622175,-429275,29477058520.0,84,16540,3537625,-26775,11795311272.5,0.534,0.422,2026-05-21
TMPV,64,77253,48736800,305600,23140042960.0,65,37624,25808000,591200,10740339560.0,0.53,0.487,2026-05-21
TORNTPHARM,78,12945,759375,-27000,7561264512.5,79,2803,338625,-12500,1526747287.5,0.446,0.217,2026-05-21
TRENT,74,71546,3608400,-374800,30903841245.0,68,25739,1554700,20150,10485651480.0,0.431,0.36,2026-05-21
TVSMOTOR,172,24144,3140550,-404600,14926607578.75,166,8801,1975400,-62475,5123544396.25,0.629,0.365,2026-05-21
ULTRACEMCO,92,21219,1262050,-160550,12730459125.0,95,15293,555150,-30300,7940339550.0,0.44,0.721,2026-05-21
UNIONBANK,67,11658,56308125,-4252425,8858040357.75,67,4678,33050325,-429225,3385585067.25,0.587,0.401,2026-05-21
UNITDSPR,120,9986,4696800,-340000,5405393160.0,121,3137,3294400,6400,1706162060.0,0.701,0.314,2026-05-21
UNOMINDA,58,9304,3565650,-568700,5774929985.0,58,4425,1739650,-88000,2535131252.5,0.488,0.476,2026-05-21
UPL,124,8355,10921300,-155825,7391922624.75,126,4749,6775000,-226285,4161900995.75,0.62,0.568,2026-05-21
VBL,78,33933,17506125,4818375,20542752168.75,80,13350,6646500,1117125,7772854106.25,0.38,0.393,2026-05-21
VEDL,63,46735,43391800,832600,18966353265.0,63,18542,28704000,-1277650,6842215317.5,0.662,0.397,2026-05-21
VMM,110,2916,9282900,-761450,1789604943.5,110,642,5024600,-164900,378974198.5,0.541,0.22,2026-05-21
VOLTAS,86,26012,8007375,-120750,13262263387.5,85,11498,4632000,1875,5496510206.25,0.578,0.442,2026-05-21
WAAREEENER,66,40651,4336325,-319900,22805002176.25,66,8623,2089500,-61425,4526249070.0,0.482,0.212,2026-05-21
WIPRO,70,53214,144819000,3207000,32632182720.0,71,31019,85662000,-195000,18218663310.0,0.592,0.583,2026-05-21
YESBANK,29,19925,431854600,26652700,14278720013.0,31,13160,262795000,-11164900,8598274846.0,0.609,0.66,2026-05-21
ZYDUSLIFE,113,29814,13844700,-2519100,29172368385.0,115,10165,5755500,-714600,9436258080.0,0.416,0.341,2026-05-21
360ONE,50,2709,795000,-159000,1555591125.0,54,3789,820000,76000,2098134475.0,1.031,1.399,2026-05-22
ABB,149,38335,1964250,-322625,33148201993.75,141,14799,1165750,19750,12125379206.25,0.593,0.386,2026-05-22
ABCAPITAL,65,8843,17515000,-2737300,10092019155.0,68,3745,13426100,-244900,4039762675.0,0.767,0.423,2026-05-22
ADANIENSOL,79,25107,7057800,-1354050,24356648092.5,75,5924,3718575,-309825,5377405556.25,0.527,0.236,2026-05-22
ADANIENT,126,32461,10720446,-653844,28352462014.5,137,22397,7810284,234222,18330536810.4,0.729,0.69,2026-05-22
ADANIGREEN,153,17463,10526400,-1142400,15117031050.0,156,13113,7772400,72000,10122598680.0,0.738,0.751,2026-05-22
ADANIPORTS,75,24032,10078075,-339625,21039167471.25,82,44464,7582900,-617500,34566759470.0,0.752,1.85,2026-05-22
ADANIPOWER,92,15713,44801000,-3812700,12981688706.0,97,4954,20700050,-1345450,3751940436.5,0.462,0.315,2026-05-22
ALKEM,85,5910,445000,-375,4252405675.0,88,2541,219500,-9000,1728024681.25,0.493,0.43,2026-05-22
AMBER,94,100419,3701200,405700,79726083665.0,96,57310,1838200,-94000,41804400795.0,0.497,0.571,2026-05-22
AMBUJACEM,71,11778,19467000,-1654800,5693284590.0,71,5920,11667750,-794850,2887151400.0,0.599,0.503,2026-05-22
ANGELONE,76,29829,22945000,-1255000,26347921125.0,74,14229,19530000,-182500,11760794500.0,0.851,0.477,2026-05-22
APLAPOLLO,90,5818,1821750,-91700,3952507265.0,85,1573,1183350,-78050,1028654865.0,0.65,0.27,2026-05-22
APOLLOHOSP,129,55139,1556625,-205625,58949953112.5,131,39509,1635000,-130250,40168418312.5,1.05,0.717,2026-05-22
ASHOKLEY,76,32618,114050000,-11865000,27183844600.0,74,14303,76430000,-355000,11201983050.0,0.67,0.439,2026-05-22
ASIANPAINT,111,96572,7467000,790000,65480729712.5,118,42780,4734000,227750,27764012362.5,0.634,0.443,2026-05-22
ASTRAL,76,54854,3444200,-770100,36847159787.5,76,21445,2780350,100300,13661005031.25,0.807,0.391,2026-05-22
AUBANK,87,13654,8317000,-285000,13847616550.0,90,5853,6458000,333000,5700046550.0,0.776,0.429,2026-05-22
AUROPHARMA,71,47966,5539600,324500,40712804275.0,67,40662,3464450,550,32654319417.5,0.625,0.848,2026-05-22
AXISBANK,102,102556,19865625,-1925625,83550375218.75,98,51539,14021250,2202500,40810143437.5,0.706,0.503,2026-05-22
BAJAJ-AUTO,94,49110,2006400,-64650,39956155128.75,93,28902,1586325,-88200,22477315462.5,0.791,0.589,2026-05-22
BAJAJFINSV,80,20601,6661250,-111250,9356453562.5,79,9828,3574250,40000,4435277100.0,0.537,0.477,2026-05-22
BAJAJHLDNG,80,1939,98750,-7700,1065919172.5,84,1961,53750,100,896095932.5,0.544,1.011,2026-05-22
BAJFINANCE,81,37737,20207250,-1569000,26903785687.5,86,20551,14744250,-255750,14149336612.5,0.73,0.545,2026-05-22
BANDHANBNK,81,12452,41144400,691200,9251377848.0,86,6156,25426800,216000,4289151996.0,0.618,0.494,2026-05-22
BANKBARODA,91,18194,48745125,-579150,14602353918.75,86,11774,38446200,1000350,9322003665.0,0.789,0.647,2026-05-22
BANKINDIA,52,3709,31428800,-624000,2838459104.0,51,1718,19624800,-1154400,1281598292.0,0.624,0.463,2026-05-22
BANKNIFTY,605,4679565,27982200,1946040,7786385937237.0,605,4120687,21970650,3260010,6594847146433.5,0.785,0.881,2026-05-22
BDL,76,13369,3717150,-197750,6624330667.5,77,5032,2086350,22400,2336545750.0,0.561,0.376,2026-05-22
BEL,78,69780,66967875,-4899150,43613995455.0,76,22457,36481425,862125,13366245423.75,0.545,0.322,2026-05-22
BHARATFORG,87,6482,3892000,-329000,6545041825.0,84,2310,2771500,-113500,2146670650.0,0.712,0.356,2026-05-22
BHARTIARTL,86,90783,26575300,-1219800,83306905643.75,85,47671,13333725,-1397450,42311336858.75,0.502,0.525,2026-05-22
BHEL,171,30883,55461000,-3703875,34366154550.0,175,18610,43260000,-3052875,19498390931.25,0.78,0.603,2026-05-22
BIOCON,92,11997,23560000,-1885000,13224930625.0,95,7262,19527500,-1595000,7590755250.0,0.829,0.605,2026-05-22
BLUESTARCO,96,5491,2646475,-285350,3211160988.75,92,1603,1485250,0,867062868.75,0.561,0.292,2026-05-22
BOSCHLTD,129,172107,374500,-19400,162951939863.75,129,60706,159175,29400,53131170811.25,0.425,0.353,2026-05-22
BPCL,64,16608,30164175,-1795275,10117444581.25,66,9670,21290500,-1034900,5547574735.0,0.706,0.582,2026-05-22
BRITANNIA,104,13504,2286250,-183875,9418427450.0,104,4329,1130750,1375,2903136450.0,0.495,0.321,2026-05-22
BSE,82,55070,8690650,-708375,89729345643.75,83,43652,8504625,145500,66796369687.5,0.979,0.793,2026-05-22
CAMS,73,5133,4171500,-240000,3063787725.0,77,3677,3213000,-285000,2114122500.0,0.77,0.716,2026-05-22
CANBK,126,12744,109066500,-1228500,11608711155.0,125,8757,84820500,1977750,7890728670.0,0.778,0.687,2026-05-22
CDSL,59,18904,10106100,-505400,11492349571.25,59,8143,6271900,2850,4713781820.0,0.621,0.431,2026-05-22
CGPOWER,77,12137,6766850,-325550,9191877347.5,79,4691,4952100,-218450,3363454250.0,0.732,0.387,2026-05-22
CHOLAFIN,85,8240,4536250,137500,8151280593.75,83,5559,2976250,95000,5298151656.25,0.656,0.675,2026-05-22
CIPLA,126,24790,9000300,-395625,13309572693.75,131,18013,7814625,-657000,9361141631.25,0.868,0.727,2026-05-22
COALINDIA,80,29855,39286350,-1139400,19235011747.5,81,13816,23458950,-1260900,8586839565.0,0.597,0.463,2026-05-22
COCHINSHIP,94,5527,2368400,-293200,3598186880.0,91,1583,1264400,-99200,974753820.0,0.534,0.286,2026-05-22
COFORGE,78,45429,11278875,-1018500,24655718681.25,78,25286,9497450,-257250,12799993406.25,0.842,0.557,2026-05-22
COLPAL,88,26047,1998900,-51525,13185395145.0,86,13662,1213650,130500,6421138548.75,0.607,0.525,2026-05-22
CONCOR,79,2535,4603750,-130000,1711492750.0,82,1333,3541250,-111250,861714000.0,0.769,0.526,2026-05-22
CROMPTON,113,15132,20818800,-1103400,8331514470.0,115,6061,12013200,-1063800,3184860780.0,0.577,0.401,2026-05-22
CUMMINSIND,79,4193,962400,-33200,4655352650.0,82,2043,660400,-13800,2162458400.0,0.686,0.487,2026-05-22
DABUR,89,7655,12735000,-953750,4540400375.0,88,4265,8516250,-408750,2393392125.0,0.669,0.557,2026-05-22
DALBHARAT,103,19206,2075775,228150,11487238652.5,103,6449,1307800,46475,3710989018.75,0.63,0.336,2026-05-22
DELHIVERY,77,8660,13070425,-645325,8491749712.5,76,1854,4882475,-361050,1745356992.5,0.374,0.214,2026-05-22
DIVISLAB,104,29121,1134000,97100,20827862945.0,109,19583,1020800,232500,13315946700.0,0.9,0.672,2026-05-22
DIXON,126,375014,2134400,137850,228383830987.5,129,157935,1676550,199150,89483234082.5,0.785,0.421,2026-05-22
DLF,100,17755,11063250,225225,8973828600.0,103,11619,7681575,-876975,5556807588.75,0.694,0.654,2026-05-22
DMART,79,20637,2140200,-104550,13417682377.5,78,8828,886350,-6450,5467543177.5,0.414,0.428,2026-05-22
DRREDDY,111,21361,10004375,-1397500,18070162750.0,106,11989,5910625,-608125,9768446187.5,0.591,0.561,2026-05-22
EICHERMOT,112,61901,2142500,471100,45806311875.0,113,21236,1408400,279100,14656056490.0,0.657,0.343,2026-05-22
ETERNAL,82,47083,89688625,-5114325,29049218681.25,83,28565,47384500,-31525,16662084790.0,0.528,0.607,2026-05-22
EXIDEIND,146,3749,16286400,-774000,2429629920.0,150,1886,9862200,-309600,1181023920.0,0.606,0.503,2026-05-22
FEDERALBNK,90,13635,33062500,-4525000,10074876625.0,90,6183,19995000,-670000,4435508875.0,0.605,0.453,2026-05-22
FINNIFTY,307,72038,882540,109020,112733445294.0,307,63186,619980,133080,95022560550.0,0.702,0.877,2026-05-22
FORCEMOT,44,42363,164850,-34425,22622131320.0,41,12965,56300,-6975,6169495486.25,0.342,0.306,2026-05-22
FORTIS,69,14725,3949400,191425,11408720478.75,71,8122,2581525,793600,5946573605.0,0.654,0.552,2026-05-22
GAIL,122,26420,31749650,-884350,13650872013.0,127,22149,28549250,-569350,11226081759.5,0.899,0.838,2026-05-22
GLENMARK,99,41833,3103125,289125,37550761593.75,103,40553,1784250,102750,34341023681.25,0.575,0.969,2026-05-22
GMRAIRPORT,84,6032,50736150,-5552100,4220307450.0,83,2636,33919425,-1590300,1769070575.25,0.669,0.437,2026-05-22
GODFRYPHLP,115,7080,1533400,-239250,4789385163.75,118,3076,854975,-49500,1927274896.25,0.558,0.434,2026-05-22
GODREJCP,96,5200,3253000,-354000,2780783175.0,96,2549,2334000,-234500,1312590675.0,0.717,0.49,2026-05-22
GODREJPROP,99,21381,3309875,-421300,10668749863.75,98,9453,2332000,59125,4483524347.5,0.705,0.442,2026-05-22
GRASIM,139,35629,2831500,-485000,28818410125.0,143,27493,3168000,-637000,21195063975.0,1.119,0.772,2026-05-22
HAL,87,42099,4509300,-649800,29167733017.5,94,18163,2882850,-1350,11861738992.5,0.639,0.431,2026-05-22
HAVELLS,114,6581,4535500,-402000,4148245400.0,109,2303,2007000,-80000,1416060250.0,0.443,0.35,2026-05-22
HCLTECH,127,64020,26241350,1760500,27903973737.5,125,22311,11117500,-211200,9176431975.0,0.424,0.349,2026-05-22
HDFCAMC,111,8118,1531800,-72000,6947491650.0,111,2491,1012800,-22500,2025778965.0,0.661,0.307,2026-05-22
HDFCBANK,134,301008,84130200,-3020750,131152260460.0,133,172081,50695150,552050,72519564440.0,0.603,0.572,2026-05-22
HDFCLIFE,103,15368,21731600,-80300,10683821390.0,105,6947,14667400,666600,4697986480.0,0.675,0.452,2026-05-22
HEROMOTOCO,99,25051,2886600,-232350,19570373287.5,99,10831,1724850,10950,8072123257.5,0.598,0.432,2026-05-22
HINDALCO,91,53556,11856600,1011500,42934287165.0,91,36876,12463500,2271500,28080251325.0,1.051,0.689,2026-05-22
HINDPETRO,76,10915,18356625,-370575,8936676540.0,79,6462,14995125,-951750,5019444348.75,0.817,0.592,2026-05-22
HINDUNILVR,105,40490,11083500,-681900,27889076250.0,105,23328,5438100,-131100,15356864925.0,0.491,0.576,2026-05-22
HINDZINC,69,72859,24083500,-428750,59354653785.0,72,17770,16905000,-735000,13467820520.0,0.702,0.244,2026-05-22
HYUNDAI,77,5712,1445950,-158950,2995371926.25,78,3002,940775,-35475,1498533946.25,0.651,0.526,2026-05-22
ICICIBANK,106,158235,37834300,-1450400,143537511810.0,98,101029,27441400,3355100,89271312375.0,0.725,0.638,2026-05-22
ICICIGI,78,11117,1263925,-318175,6791478915.0,76,2637,507650,-29575,1539654691.25,0.402,0.237,2026-05-22
ICICIPRULI,113,6627,7877300,109150,3299180387.5,114,3445,6380650,9250,1640106353.75,0.81,0.52,2026-05-22
IDEA,32,30654,1932398100,-99564675,32432917702.5,32,13008,1099642875,-11078625,11805694431.0,0.569,0.424,2026-05-22
IDFCFIRSTB,60,10980,121799300,-6752200,7267151060.75,61,8097,102998875,64925,5191801083.0,0.846,0.737,2026-05-22
IEX,106,9211,40157250,-5360100,4613707935.0,112,4394,22194150,-2430000,2174148375.0,0.553,0.477,2026-05-22
INDHOTEL,102,5385,6310000,-432000,3643657900.0,109,3041,5511000,-221000,1979550450.0,0.873,0.565,2026-05-22
INDIANB,89,6034,6634000,-631000,5214904200.0,85,2634,4388000,-279000,2178580250.0,0.661,0.437,2026-05-22
INDIGO,82,63331,5735400,-60600,43471534335.0,88,43082,3489450,420900,28047192120.0,0.608,0.68,2026-05-22
INDUSINDBK,81,14408,7193900,-639800,9427871880.0,82,11847,5675600,-453600,7477796410.0,0.789,0.822,2026-05-22
INDUSTOWER,75,13663,32606000,600100,10340839645.0,75,8391,26448600,367200,6133711945.0,0.811,0.614,2026-05-22
INFY,122,166456,39492400,-701600,80951122420.0,118,83172,28153200,598400,38703575080.0,0.713,0.5,2026-05-22
INOXWIND,105,4675,27233600,-1018875,1692544389.25,106,1463,16215500,96525,508687822.5,0.595,0.313,2026-05-22
IOC,137,15770,67055625,-2310750,11112950306.25,134,8880,50929125,-1535625,6000496856.25,0.76,0.563,2026-05-22
IREDA,119,6231,25765450,-181775,2918068850.75,118,2711,16705975,586500,1214047134.0,0.648,0.435,2026-05-22
IRFC,90,6560,54981525,-2048500,2926918900.0,91,2588,31517275,-1483250,1113973662.5,0.573,0.395,2026-05-22
ITC,99,187118,143988375,6201675,94413961413.75,100,86732,50490375,-1613875,42360982915.0,0.351,0.464,2026-05-22
JINDALSTEL,98,6377,4183125,-370625,4964014718.75,98,3054,2815000,-2500,2313284562.5,0.673,0.479,2026-05-22
JIOFIN,91,39560,76436100,-3459200,23371032987.0,89,17907,45326800,1193800,10226436767.0,0.593,0.453,2026-05-22
JSWENERGY,111,13478,11504075,-787000,7632884700.0,110,5486,8381200,532500,2968060508.75,0.729,0.407,2026-05-22
JSWSTEEL,87,11087,6776325,-859950,9851142341.25,90,5935,4212675,-257850,5113286696.25,0.622,0.535,2026-05-22
JUBLFOOD,96,39411,14710000,-1631250,22468270687.5,92,15252,8153750,-1278750,8287986250.0,0.554,0.387,2026-05-22
KALYANKJIL,100,39603,24401275,-2468675,17457058366.25,99,21447,13339825,-938825,8810760392.5,0.547,0.542,2026-05-22
KAYNES,127,8299,3639950,-410200,3041282250.0,125,4010,1816300,-200600,1354108005.0,0.499,0.483,2026-05-22
KEI,96,25302,900200,41825,23992546900.0,98,8340,659925,13125,7399770927.5,0.733,0.33,2026-05-22
KFINTECH,105,5945,4624000,34500,2591916800.0,105,1706,2785225,-22425,716577050.0,0.602,0.287,2026-05-22
KOTAKBANK,131,22629,45532000,-462000,17823724900.0,131,11498,30578000,1240000,8887791400.0,0.672,0.508,2026-05-22
KPITTECH,67,22486,5819950,-1679600,7505191811.25,68,6588,3127500,-209525,2075026460.0,0.537,0.293,2026-05-22
LAURUSLABS,137,10442,7662750,-481950,12226608250.0,137,9033,8201650,-8500,10080585115.0,1.07,0.865,2026-05-22
LICHSGFIN,94,5780,9317000,-400000,3251461000.0,95,3268,6133000,172000,1763592050.0,0.658,0.565,2026-05-22
LICI,116,111040,12439700,1288000,66117683940.0,113,35794,5597200,539000,20291424860.0,0.45,0.322,2026-05-22
LODHA,92,5668,3474450,-196200,2357406652.5,95,4325,3063600,-261000,1685828317.5,0.882,0.763,2026-05-22
LT,142,50267,8363250,-790125,35849051245.0,143,28992,5896975,-45675,19869301768.75,0.705,0.577,2026-05-22
LTF,54,12398,23042250,-474750,7942797112.5,57,5371,14121000,-517500,3269668162.5,0.613,0.433,2026-05-22
LTM,86,30153,1904400,197100,19118974942.5,86,17542,926100,4350,10571539147.5,0.486,0.582,2026-05-22
LUPIN,114,27320,8746925,-1095650,27397135825.0,114,10013,3865375,2975,9742548275.0,0.442,0.367,2026-05-22
M&M,127,42012,5562000,-207200,27075972480.0,131,24411,5111800,44800,15310773460.0,0.919,0.581,2026-05-22
MANAPPURAM,52,7347,13479000,-1200000,7380711900.0,56,4632,11286000,-1227000,4381426500.0,0.837,0.63,2026-05-22
MANKIND,141,10859,1415925,-160650,6398185961.25,135,8191,955950,-162675,4504811478.75,0.675,0.754,2026-05-22
MARICO,123,2411,6301200,-492000,2481806040.0,125,1399,4579200,-396000,1367697120.0,0.727,0.58,2026-05-22
MARUTI,103,100471,2683150,-60300,67906505315.0,105,44636,1053950,-12050,28978814047.5,0.393,0.444,2026-05-22
MAXHEALTH,110,133014,8031975,2825025,75420869186.25,110,95219,3863475,608475,51461352573.75,0.481,0.716,2026-05-22
MAZDOCK,128,29996,4988600,-365000,15645198940.0,133,8250,2145600,-110000,4070986350.0,0.43,0.275,2026-05-22
MCX,69,37757,8506475,182500,81849540656.25,71,28418,6504175,-567900,55809279000.0,0.765,0.753,2026-05-22
MFSL,70,15660,1835600,-166000,10657611920.0,73,3299,835600,66000,2156254600.0,0.455,0.211,2026-05-22
MIDCPNIFTY,566,333389,8158200,254520,586807113972.0,566,274845,8926080,598320,467880330216.0,1.094,0.824,2026-05-22
MOTHERSON,126,19610,56936700,-11149950,17087131648.5,132,9375,46340250,-4883100,7686009855.0,0.814,0.478,2026-05-22
MOTILALOFS,83,3507,2454425,-329375,2400457255.0,85,912,1526750,10075,577958807.5,0.622,0.26,2026-05-22
MPHASIS,108,7373,1760550,-99825,4652234056.25,103,4971,1469600,51975,3009782050.0,0.835,0.674,2026-05-22
MUTHOOTFIN,68,15790,3339875,-657800,15090837478.75,68,7312,1983850,-265100,6526468905.0,0.594,0.463,2026-05-22
NAM-INDIA,49,4979,1736250,-168125,3495122593.75,47,1027,1174375,-3125,671526156.25,0.676,0.206,2026-05-22
NATIONALUM,77,13124,27251250,-4044375,10549282218.75,77,6497,16818750,-1290000,4893275250.0,0.617,0.495,2026-05-22
NAUKRI,94,154046,5362300,1491175,57952709050.0,93,64111,2792800,1477125,22766497912.5,0.521,0.416,2026-05-22
NBCC,93,4421,23055500,-3009500,2861151085.0,98,2004,14521000,-767000,1236540630.0,0.63,0.453,2026-05-22
NESTLEIND,107,7284,4608000,-149000,5323011800.0,113,3898,3374500,-23500,2749337750.0,0.732,0.535,2026-05-22
NHPC,76,6574,62784000,-3283200,3516435456.0,75,2145,28858150,-569600,1076251328.0,0.46,0.326,2026-05-22
NIFTY,926,38716027,229868245,-4955040,60820165037446.75,948,37692654,247121380,12317495,57478020575407.25,1.075,0.974,2026-05-22
NIFTYNXT50,713,1321,14975,1650,2337675043.75,713,757,14125,6175,1293639386.25,0.943,0.573,2026-05-22
NMDC,80,6964,95850000,-3091500,4381174440.0,81,1930,44975250,-816750,1139537092.5,0.469,0.277,2026-05-22
NTPC,112,64851,82861500,1287000,38839771500.0,109,28677,22867500,3466500,16883108025.0,0.276,0.442,2026-05-22
NUVAMA,89,3123,1826000,-160000,2430317100.0,88,787,1128000,-68500,568574550.0,0.618,0.252,2026-05-22
NYKAA,81,69415,29965625,10296875,63024039687.5,82,18198,10437500,2353125,15537298437.5,0.348,0.262,2026-05-22
OBEROIRLTY,65,5257,1344000,-207900,3132129017.5,62,1800,732550,-133700,1037941695.0,0.545,0.342,2026-05-22
OFSS,155,18332,802575,-108450,13676916048.75,154,13576,661675,-60975,9218065215.0,0.824,0.741,2026-05-22
OIL,104,5730,10173800,-1073800,4188956240.0,104,2421,7376600,-487200,1681722420.0,0.725,0.423,2026-05-22
ONGC,98,36489,78374250,1413000,24796308150.0,96,16527,26255250,-1606500,10899608850.0,0.335,0.453,2026-05-22
PAGEIND,152,183408,154320,64725,112479863741.25,152,78247,83775,22785,44229859023.0,0.543,0.427,2026-05-22
PATANJALI,80,2255,5139900,-153900,983276415.0,80,825,4120200,31500,351859770.0,0.802,0.366,2026-05-22
PAYTM,101,37236,9229250,1678375,31396001822.5,108,24762,7110800,582175,19926282147.5,0.77,0.665,2026-05-22
PERSISTENT,102,32070,1540000,-36200,16799642185.0,97,16344,1231825,-27400,8126918920.0,0.8,0.51,2026-05-22
PETRONET,101,7709,10214400,-391400,4153907965.0,101,5950,9880000,-1309100,3086292360.0,0.967,0.772,2026-05-22
PFC,76,14855,22714900,-1253200,8724797380.0,75,5942,13846300,354900,3380996125.0,0.61,0.4,2026-05-22
PGEL,66,20750,10261900,62700,9838860487.5,66,6465,6094250,-140600,2916295465.0,0.594,0.312,2026-05-22
PHOENIXLTD,72,2827,1020950,-62300,1806673855.0,70,1056,621250,-68600,652410220.0,0.609,0.374,2026-05-22
PIDILITIND,113,8406,3607500,-489000,6350134550.0,115,3159,1870500,-112000,2314277075.0,0.519,0.376,2026-05-22
PIIND,148,53692,2730875,-562975,27221692155.0,145,21810,1382325,-492800,10381564558.75,0.506,0.406,2026-05-22
PNB,104,13799,135488000,-8416000,11984204160.0,104,7846,92144000,-3712000,6482861360.0,0.68,0.569,2026-05-22
PNBHOUSING,78,2882,2212600,-122850,2049673697.5,80,1222,1422200,-156000,814959535.0,0.643,0.424,2026-05-22
POLICYBZR,87,13434,3260250,-242200,8660185835.0,90,13581,2486050,-70700,8358116882.5,0.763,1.011,2026-05-22
POLYCAB,83,31375,1989625,-284125,37339043012.5,92,15728,1689750,-187750,17383422381.25,0.849,0.501,2026-05-22
POWERGRID,116,22740,35936600,-226100,13176427990.0,116,12448,17449600,539600,7051180535.0,0.486,0.547,2026-05-22
POWERINDIA,71,23569,304875,44675,22779162803.75,74,12708,281325,-22550,10416426855.0,0.923,0.539,2026-05-22
PREMIERENE,75,17297,4248825,638825,10237213577.5,76,7998,1718100,-314525,4611945912.5,0.404,0.462,2026-05-22
PRESTIGE,72,17915,2261250,-192150,11591118000.0,70,7871,1307250,-217350,4844036610.0,0.578,0.439,2026-05-22
RBLBANK,54,8618,26654125,-3432175,9524746476.25,57,3019,14430375,-193675,3124462731.25,0.541,0.35,2026-05-22
RECLTD,68,18125,29824375,-581000,9050242040.0,65,9455,19392275,627550,4630814510.0,0.65,0.522,2026-05-22
RELIANCE,122,268477,72838500,-2961500,188957070125.0,122,156696,43724500,1460000,106522802400.0,0.6,0.584,2026-05-22
RVNL,60,15107,19299100,-1033950,6716125086.25,60,4369,12886675,-666425,1915610185.0,0.668,0.289,2026-05-22
SAIL,69,49,9254300,-117500,47060348.0,69,59,6034800,-230300,46927996.0,0.652,1.204,2026-05-22
SAMMAANCAP,54,28613,29020700,-6316700,20312103328.0,54,12831,29579700,-3491600,8359478339.0,1.019,0.448,2026-05-22
SBICARD,62,9883,9768000,-721600,5200613000.0,62,4765,6350400,-106400,2390981640.0,0.65,0.482,2026-05-22
SBILIFE,78,28260,4505250,-129000,20272143881.25,77,5505,2000625,286875,3865490906.25,0.444,0.195,2026-05-22
SBIN,114,180488,110911500,-6038250,135940927875.0,113,91867,57315000,2439000,65083549275.0,0.517,0.509,2026-05-22
SHREECEM,78,6811,82325,-625,4439424515.0,77,2242,44175,-4000,1302587147.5,0.537,0.329,2026-05-22
SHRIRAMFIN,101,36037,17311800,-1965975,28946169945.0,99,16587,10172250,621225,12727402503.75,0.588,0.46,2026-05-22
SIEMENS,73,30211,1219575,-226975,20801071322.5,70,18173,1033025,28175,11574417776.25,0.847,0.602,2026-05-22
SOLARINDS,75,17164,374700,-8400,16320882427.5,76,11658,318700,-26150,10080207995.0,0.851,0.679,2026-05-22
SONACOMS,96,8803,5511275,143325,6560200482.5,98,1851,3519425,7350,1344729417.5,0.639,0.21,2026-05-22
SRF,115,15678,1710800,-19600,8546567980.0,120,3722,1226400,-68000,1993414720.0,0.717,0.237,2026-05-22
SUNPHARMA,85,194428,19461050,633150,131055557430.0,86,131885,12339950,1233050,84844822002.5,0.634,0.678,2026-05-22
SUPREMEIND,72,19198,1169525,-238525,12437113465.0,71,4404,401450,34125,2693874968.75,0.343,0.229,2026-05-22
SUZLON,54,12271,163190050,-1155200,6350146222.75,57,5444,89338475,4774225,2608830577.5,0.547,0.444,2026-05-22
SWIGGY,57,8419,16185525,-436800,2980280940.0,55,3372,6388225,-37700,1108005860.0,0.395,0.401,2026-05-22
TATACONSUM,110,22270,5049000,-162250,14965848287.5,112,4917,3252700,-125950,3223976140.0,0.644,0.221,2026-05-22
TATAELXSI,79,23054,1150150,-231300,10263869215.0,78,7442,536825,-43100,3104553405.0,0.467,0.323,2026-05-22
TATAPOWER,92,29370,41036450,-1103450,18228087097.5,89,11569,22272000,-40600,7017265937.5,0.543,0.394,2026-05-22
TATASTEEL,73,72578,132759000,-6176500,42928274812.5,73,74282,79455750,1432750,41982269010.0,0.598,1.023,2026-05-22
TCS,117,223306,19559375,-476125,93676593068.75,117,74870,12794225,345150,31367228066.25,0.654,0.335,2026-05-22
TECHM,70,12539,10066200,-468000,11110387800.0,70,5743,6123000,-265200,4850148780.0,0.608,0.458,2026-05-22
TIINDIA,132,6609,819800,-79000,4104483780.0,128,2380,471600,7000,1413951590.0,0.575,0.36,2026-05-22
TITAN,84,46776,6151600,-470575,35016398690.0,84,22981,3387825,-149800,16292224663.75,0.551,0.491,2026-05-22
TMPV,64,73182,46953600,-1783200,21818893200.0,65,45421,26540800,732800,13011809520.0,0.565,0.621,2026-05-22
TORNTPHARM,78,19555,744750,-14625,11455945587.5,79,9683,487875,149250,5344298550.0,0.655,0.495,2026-05-22
TRENT,74,150583,3310900,-297500,66367543465.0,68,42216,1896200,341500,17776322485.0,0.573,0.28,2026-05-22
TVSMOTOR,172,25326,2677325,-463225,15737645393.75,166,12534,1891750,-83650,7451717542.5,0.707,0.495,2026-05-22
ULTRACEMCO,92,27777,1186650,-75400,16686835787.5,95,13963,547250,-7900,7799239180.0,0.461,0.503,2026-05-22
UNIONBANK,67,9949,51330000,-4978125,7621539730.5,67,4358,31098900,-1951425,3221676164.25,0.606,0.438,2026-05-22
UNITDSPR,120,7602,4288400,-408400,4055917520.0,121,3191,3243200,-51200,1680805040.0,0.756,0.42,2026-05-22
UNOMINDA,58,13105,3001350,-564300,8254560407.5,58,5363,1613150,-126500,3150892580.0,0.537,0.409,2026-05-22
UPL,124,9770,10697725,-223575,8636417564.5,126,5547,6746545,-28455,4787707068.25,0.631,0.568,2026-05-22
VBL,78,88427,14443875,-3062250,54661451062.5,80,28223,8865000,2218500,16687727606.25,0.614,0.319,2026-05-22
VEDL,63,47000,40216650,-3175150,18804859282.5,63,17718,28050800,-653200,6457495295.0,0.697,0.377,2026-05-22
VMM,110,1791,8991900,-291000,1095168509.0,110,821,6174050,1149450,496411662.0,0.687,0.458,2026-05-22
VOLTAS,86,17454,7569750,-437625,8832275700.0,85,7103,4381500,-250500,3384304425.0,0.579,0.407,2026-05-22
WAAREEENER,66,44953,4633650,297325,25065590121.25,66,10050,2187500,98000,5331806331.25,0.472,0.224,2026-05-22
WIPRO,70,114159,149763000,4944000,70600102290.0,71,62346,96615000,10953000,36795632460.0,0.645,0.546,2026-05-22
YESBANK,29,14355,434031600,2177000,10305634368.0,31,5739,258005600,-4789400,3853373659.0,0.594,0.4,2026-05-22
ZYDUSLIFE,113,16034,10312200,-3532500,15680784420.0,115,4622,5333400,-422100,4268275965.0,0.517,0.288,2026-05-22
360ONE,50,3675,923000,128000,2142329100.0,54,2708,909000,89000,1481951925.0,0.985,0.737,2026-05-25
ABB,149,31446,1842625,-121625,27537408012.5,141,15003,1147625,-18125,12360217868.75,0.623,0.477,2026-05-25
ABCAPITAL,65,6844,15881300,-1633700,7910889690.0,68,4390,12787500,-638600,4812772320.0,0.805,0.641,2026-05-25
ADANIENSOL,79,29942,6565050,-492750,29260057612.5,75,10371,3795525,76950,9360133503.75,0.578,0.346,2026-05-25
ADANIENT,158,162184,10297734,-422712,145353709370.55002,169,58635,8820096,1009812,49659602839.2,0.857,0.362,2026-05-25
ADANIGREEN,153,53549,9843600,-682800,46538449500.0,156,19515,7770000,-2400,15835928700.0,0.789,0.364,2026-05-25
ADANIPORTS,75,45845,9457250,-620825,40288690101.25,82,24881,6840475,-742425,20712812641.25,0.723,0.543,2026-05-25
ADANIPOWER,92,74184,41123200,-3677800,63021817046.0,97,21673,25744600,5044550,17207463688.5,0.626,0.292,2026-05-25
ALKEM,85,6220,400250,-44750,4420759762.5,88,2598,205000,-14500,1730378162.5,0.512,0.418,2026-05-25
AMBER,94,59723,3383700,-317500,47018804565.0,96,46765,1959600,121400,33817656685.0,0.579,0.783,2026-05-25
AMBUJACEM,71,18944,17251500,-2215500,9064880370.0,71,9791,10903350,-764400,4608115890.0,0.632,0.517,2026-05-25
ANGELONE,76,24000,20807500,-2137500,21416331125.0,74,13843,18830000,-700000,11514857625.0,0.905,0.577,2026-05-25
APLAPOLLO,90,8614,2015300,193550,5982139240.0,85,4003,1202250,18900,2666469680.0,0.597,0.465,2026-05-25
APOLLOHOSP,133,21999,1277875,-278750,23673457693.75,135,17969,1381125,-253875,18272256556.25,1.081,0.817,2026-05-25
ASHOKLEY,76,50775,101380000,-12670000,43318113100.0,74,20258,75775000,-655000,16611607650.0,0.747,0.399,2026-05-25
ASIANPAINT,111,59186,7355000,-112000,40330476837.5,118,35539,4718500,-15500,23175662425.0,0.642,0.6,2026-05-25
ASTRAL,76,17288,3010700,-433500,11873505181.25,76,7734,2397425,-382925,4954042568.75,0.796,0.447,2026-05-25
AUBANK,87,14208,7212000,-1105000,14591878350.0,90,7279,6209000,-249000,7194662600.0,0.861,0.512,2026-05-25
AUROPHARMA,71,19686,5239300,-300300,16503151582.5,67,8795,3384150,-80300,6952516807.5,0.646,0.447,2026-05-25
AXISBANK,102,112787,18371875,-1493750,93342687281.25,98,44069,13431875,-589375,35356717156.25,0.731,0.391,2026-05-25
BAJAJ-AUTO,94,89685,2242275,235875,72566406780.0,93,57626,1351575,-234750,44402152818.75,0.603,0.643,2026-05-25
BAJAJFINSV,80,38148,6243000,-418250,17511935462.5,79,26628,3633750,59500,11778849387.5,0.582,0.698,2026-05-25
BAJAJHLDNG,80,5368,85100,-13650,2988016142.5,84,4719,51050,-2700,2407598652.5,0.6,0.879,2026-05-25
BAJFINANCE,81,55517,17652000,-2555250,40188094237.5,86,29109,13152750,-1591500,20447597137.5,0.745,0.524,2026-05-25
BANDHANBNK,81,10812,37468800,-3675600,8120407176.0,86,4080,24591600,-835200,2855998044.0,0.656,0.377,2026-05-25
BANKBARODA,91,20245,44117775,-4627350,16493709375.0,86,10930,39507975,1061775,8772941092.5,0.896,0.54,2026-05-25
BANKINDIA,52,9792,27528800,-3900000,7613065408.0,51,3802,18636800,-988000,2833852840.0,0.677,0.388,2026-05-25
BANKNIFTY,605,8201700,25818660,-2163540,13779743632816.5,605,7254598,25494000,3523350,11796343420671.0,0.987,0.885,2026-05-25
BDL,76,11396,3827400,110250,5693487362.5,77,4061,2064300,-22050,1918037502.5,0.539,0.356,2026-05-25
BEL,78,47294,61018500,-5949375,29354261707.5,76,19222,34720125,-1761300,11630652067.5,0.569,0.406,2026-05-25
BHARATFORG,87,13883,3600500,-291500,13889538125.0,84,4995,2436500,-335000,4708354725.0,0.677,0.36,2026-05-25
BHARTIARTL,86,62094,24047350,-2527950,56694414877.5,85,34586,12346200,-987525,30672809243.75,0.513,0.557,2026-05-25
BHEL,171,35131,49560000,-5901000,39468185925.0,175,16252,40524750,-2735250,17169589106.25,0.818,0.463,2026-05-25
BIOCON,92,11798,24500000,940000,13123995750.0,95,6970,20487500,960000,7303418750.0,0.836,0.591,2026-05-25
BLUESTARCO,96,5290,2509000,-137475,3014246641.25,92,3451,1395550,-89700,1855638313.75,0.556,0.652,2026-05-25
BOSCHLTD,129,56477,333575,-40925,53905223593.75,129,23970,140150,-19025,20998800246.25,0.42,0.424,2026-05-25
BPCL,64,43266,25965325,-4198850,26989289622.5,66,18087,19593975,-1696525,10789849921.25,0.755,0.418,2026-05-25
BRITANNIA,104,14649,1952250,-334000,10312942487.5,104,6558,1126250,-4500,4401388256.25,0.577,0.448,2026-05-25
BSE,82,60892,7603600,-1087050,100131284072.5,83,52902,8549850,45225,80850592908.75,1.124,0.869,2026-05-25
CAMS,73,5034,3822000,-349500,3027511012.5,77,2817,2931000,-282000,1612566075.0,0.767,0.56,2026-05-25
CANBK,126,20852,98172000,-10894500,19409709780.0,125,14861,81810000,-3010500,13348383525.0,0.833,0.713,2026-05-25
CDSL,59,27763,8957550,-1148550,16923533035.0,59,12345,6006850,-265050,7342216953.75,0.671,0.445,2026-05-25
CGPOWER,77,13134,6095350,-671500,10044852092.5,79,5416,5270000,317900,3949261755.0,0.865,0.412,2026-05-25
CHOLAFIN,85,16624,3628750,-907500,16928554718.75,83,8228,2610000,-366250,7950400187.5,0.719,0.495,2026-05-25
CIPLA,126,35777,8258175,-742125,19215253443.75,131,18130,7561125,-253500,9412717631.25,0.916,0.507,2026-05-25
COALINDIA,80,23489,35514450,-3771900,15102412807.5,81,20685,20922300,-2536650,12772874002.5,0.589,0.881,2026-05-25
COCHINSHIP,94,4286,2063200,-305200,2779558860.0,91,1979,1089200,-175200,1219849520.0,0.528,0.462,2026-05-25
COFORGE,78,55205,10603125,-675750,29964884550.0,78,29250,8574575,-922875,14793967818.75,0.809,0.53,2026-05-25
COLPAL,88,56116,2128725,129825,27734032980.0,86,45887,1153175,-60475,21733009268.75,0.542,0.818,2026-05-25
CONCOR,79,7779,4991250,387500,5244352250.0,82,5720,4533750,992500,3623227187.5,0.908,0.735,2026-05-25
CROMPTON,113,8033,18973800,-1845000,4431397500.0,115,3558,10827000,-1186200,1862853120.0,0.571,0.443,2026-05-25
CUMMINSIND,79,7323,850400,-112000,8115488200.0,82,4230,659200,-1200,4435699090.0,0.775,0.578,2026-05-25
DABUR,89,6390,12217500,-517500,3798049187.5,88,2887,8265000,-251250,1637339875.0,0.676,0.452,2026-05-25
DALBHARAT,103,11277,1507350,-568425,6824254921.25,103,5244,1225575,-82225,3010169045.0,0.813,0.465,2026-05-25
DELHIVERY,78,5335,11611700,-1458725,5221638003.75,77,2398,4807775,-74700,2248996116.25,0.414,0.449,2026-05-25
DIVISLAB,104,65460,1219500,85500,46148292745.0,109,47838,862300,-158500,32383248510.0,0.707,0.731,2026-05-25
DIXON,126,193418,1932900,-201500,118091641317.5,129,93738,1590000,-86550,53303824390.0,0.823,0.485,2026-05-25
DLF,100,14005,10361175,-702075,7130981261.25,103,8237,7775625,94050,4007627291.25,0.75,0.588,2026-05-25
DMART,79,19130,2011500,-128700,12437537190.0,78,7285,903900,17550,4486732125.0,0.449,0.381,2026-05-25
DRREDDY,111,26980,9517500,-486875,22829238281.25,106,15352,5685625,-225000,12502351406.25,0.597,0.569,2026-05-25
EICHERMOT,122,193660,2181900,39400,146753369825.0,123,79896,1696700,288300,57437674890.0,0.778,0.413,2026-05-25
ETERNAL,82,40548,75611500,-14077125,25394378621.75,83,25809,43111650,-4272850,15482370402.0,0.57,0.637,2026-05-25
EXIDEIND,146,6376,16605000,318600,4178898360.0,150,3187,9979200,117000,2034620100.0,0.601,0.5,2026-05-25
FEDERALBNK,90,11962,31115000,-1947500,8918620625.0,90,5596,18757500,-1237500,4010450625.0,0.603,0.468,2026-05-25
FINNIFTY,307,160680,1039860,157320,253629995871.0,307,157429,985620,365640,242553287577.0,0.948,0.98,2026-05-25
FORCEMOT,44,81887,211300,46450,44634083331.25,41,23857,67775,11475,11556686675.0,0.321,0.291,2026-05-25
FORTIS,69,18413,2840375,-1109025,14332083796.25,71,8216,1816600,-764925,6090277050.0,0.64,0.446,2026-05-25
GAIL,139,64303,34604350,2854700,34978127625.5,143,28274,33469550,4920300,14755101165.0,0.967,0.44,2026-05-25
GLENMARK,99,37043,3142875,39750,33632771006.25,103,17925,1865250,81000,15441950625.0,0.593,0.484,2026-05-25
GMRAIRPORT,84,4794,49250475,-1485675,3379578684.75,83,2277,32705775,-1213650,1512668668.5,0.664,0.475,2026-05-25
GODFRYPHLP,115,18163,1370600,-162800,12148412485.0,118,5297,682825,-172150,3314373961.25,0.498,0.292,2026-05-25
GODREJCP,96,8794,3269000,16000,4885375850.0,96,3963,2062000,-272000,2000563150.0,0.631,0.451,2026-05-25
GODREJPROP,99,15587,3110525,-199350,7808245666.25,98,11348,2134825,-197175,5417960638.75,0.686,0.728,2026-05-25
GRASIM,139,19250,2407000,-424500,15513887325.0,143,16114,2706500,-461500,12468963250.0,1.124,0.837,2026-05-25
HAL,87,56912,4100250,-409050,39255780540.0,94,26816,2626050,-256800,17559825532.5,0.64,0.471,2026-05-25
HAVELLS,114,5210,4176000,-359500,3339018600.0,109,2007,1950000,-57000,1246479575.0,0.467,0.385,2026-05-25
HCLTECH,127,48348,24352800,-1888550,20758257977.5,125,25285,10371900,-745600,10480153072.5,0.426,0.523,2026-05-25
HDFCAMC,111,19316,1484100,-47700,16599496380.0,111,3129,996000,-16800,2554063365.0,0.671,0.162,2026-05-25
HDFCBANK,134,256104,75101800,-9028400,113246983880.0,133,142925,50057850,-637300,61162463052.5,0.667,0.558,2026-05-25
HDFCLIFE,103,14079,20981400,-750200,9860792370.0,105,8352,14788400,121000,5630864635.0,0.705,0.593,2026-05-25
HEROMOTOCO,99,34189,2969100,82500,26843395717.5,99,11385,1753350,28500,8515084297.5,0.591,0.333,2026-05-25
HINDALCO,91,89531,11851700,-4900,70614268760.0,91,51630,10140900,-2322600,39084638565.0,0.856,0.577,2026-05-25
HINDPETRO,81,29489,17789625,-567000,24959655495.0,84,12181,15335325,340200,9811654132.5,0.862,0.413,2026-05-25
HINDUNILVR,105,28865,11082600,-900,19899205665.0,105,15264,5369400,-68700,10165737315.0,0.484,0.529,2026-05-25
HINDZINC,69,33259,21916475,-2167025,26894487716.25,72,11432,15965425,-939575,8729912213.75,0.728,0.344,2026-05-25
HYUNDAI,77,14083,1226775,-219175,7500517832.5,78,4308,933625,-7150,2159249276.25,0.761,0.306,2026-05-25
ICICIBANK,106,114679,33882100,-3952200,105029533665.0,98,67363,25811100,-1630300,60000455130.0,0.762,0.587,2026-05-25
ICICIGI,78,3822,1206400,-57525,2363451463.75,76,778,519025,11375,459565258.75,0.43,0.204,2026-05-25
ICICIPRULI,113,4445,7003175,-874125,2250126602.5,114,2203,6261325,-119325,1055247631.25,0.894,0.496,2026-05-25
IDEA,32,25425,1910955600,-21442500,27256826142.75,32,9244,1191273825,91630950,8756777493.75,0.623,0.364,2026-05-25
IDFCFIRSTB,60,9967,111012475,-10786825,6679357210.75,61,8527,98704550,-4294325,5488176380.75,0.889,0.856,2026-05-25
IEX,106,9435,35751600,-4405650,4798320232.5,112,3639,21609150,-585000,1803503662.5,0.604,0.386,2026-05-25
INDHOTEL,102,5835,6009000,-301000,3984848450.0,109,3988,5103000,-408000,2704780550.0,0.849,0.683,2026-05-25
INDIANB,89,9527,6326000,-308000,8293674850.0,85,3818,4281000,-107000,3221873650.0,0.677,0.401,2026-05-25
INDIGO,82,137249,5614500,-120900,95606046510.0,88,190864,3552600,63150,124734631230.0,0.633,1.391,2026-05-25
INDUSINDBK,81,15687,6597500,-596400,10419881430.0,82,8907,5337500,-338100,5684065765.0,0.809,0.568,2026-05-25
INDUSTOWER,75,19103,30787000,-1819000,14531089745.0,75,9349,28095900,1647300,6843566240.0,0.913,0.489,2026-05-25
INFY,122,120197,38588000,-904400,58350506220.0,118,73652,25776000,-2377200,34775655800.0,0.668,0.613,2026-05-25
INOXWIND,105,10247,29467975,2234375,3794151575.5,106,3675,13175475,-3040025,1304221857.0,0.447,0.359,2026-05-25
IOC,137,29169,64915500,-2140125,21163950697.5,134,16014,49144875,-1784250,11231258853.75,0.757,0.549,2026-05-25
IREDA,119,8434,25460325,-305125,3988367717.75,118,3817,18548000,1842025,1730265552.25,0.729,0.453,2026-05-25
IRFC,90,16433,46260525,-8721000,7412988762.5,91,4683,32843275,1326000,1984233922.5,0.71,0.285,2026-05-25
ITC,99,47463,141641200,-2347175,23774414300.0,100,28313,49811375,-679000,14094392417.5,0.352,0.597,2026-05-25
JINDALSTEL,98,4328,3638125,-545000,3410799250.0,98,2831,2734375,-80625,2166927343.75,0.752,0.654,2026-05-25
JIOFIN,91,34173,60129450,-16306650,20497783561.5,89,14035,44041350,-1285450,8152514743.5,0.732,0.411,2026-05-25
JSWENERGY,111,16075,9742075,-1762000,9151276300.0,110,9177,7669200,-712000,5075784750.0,0.787,0.571,2026-05-25
JSWSTEEL,87,9944,6053400,-722925,8895178788.75,90,3787,3811725,-400950,3269379240.0,0.63,0.381,2026-05-25
JUBLFOOD,96,22012,12152500,-2557500,12599347875.0,92,6770,7868750,-285000,3746347312.5,0.648,0.308,2026-05-25
KALYANKJIL,100,21059,22721025,-1680250,9333547698.75,99,10512,12584300,-755525,4391708963.75,0.554,0.499,2026-05-25
KAYNES,127,6979,3416150,-223800,2556356850.0,125,3406,1721200,-95100,1163273715.0,0.504,0.488,2026-05-25
KEI,96,9347,741125,-159075,8863308693.75,98,14393,583975,-75950,12848519512.5,0.788,1.54,2026-05-25
KFINTECH,105,4482,4039500,-584500,1950942900.0,105,1798,2710725,-74500,761845350.0,0.671,0.401,2026-05-25
KOTAKBANK,131,44122,42192000,-3340000,35344477900.0,131,19853,34596000,4018000,15444307400.0,0.82,0.45,2026-05-25
KPITTECH,67,30028,5780000,-39950,10047575258.75,68,8540,3195500,68000,2729428880.0,0.553,0.284,2026-05-25
LAURUSLABS,137,7921,7348250,-314500,9324654020.0,137,7225,7726500,-475150,8083799837.5,1.051,0.912,2026-05-25
LICHSGFIN,94,6473,9044000,-273000,3663237900.0,95,3354,6012000,-121000,1857028850.0,0.665,0.518,2026-05-25
LICI,118,53230,9548000,-2891700,31969274365.0,115,17939,5352200,-245000,10347378720.0,0.561,0.337,2026-05-25
LODHA,92,11212,3074400,-400050,4679809807.5,95,5795,2795400,-268200,2264408752.5,0.909,0.517,2026-05-25
LT,142,109703,7519400,-843850,78866933285.0,143,56814,5893825,-3150,39400091631.25,0.784,0.518,2026-05-25
LTF,54,13916,21964500,-1077750,9080334450.0,57,8578,15205500,1084500,5501094637.5,0.692,0.616,2026-05-25
LTM,86,30301,1790700,-113700,18993115747.5,86,12938,959850,33750,7711087110.0,0.536,0.427,2026-05-25
LUPIN,114,17501,7243700,-1503225,17633000950.0,114,6265,3612925,-252450,6040991841.25,0.499,0.358,2026-05-25
M&M,127,62755,5832600,270600,40722970680.0,131,30798,5147000,35200,19805055950.0,0.882,0.491,2026-05-25
MANAPPURAM,52,7415,11466000,-2013000,7537118100.0,56,3348,10179000,-1107000,3153316350.0,0.888,0.452,2026-05-25
MANKIND,141,7794,1298475,-117450,4502397926.25,135,5756,748725,-207225,3163200247.5,0.577,0.739,2026-05-25
MARICO,123,2951,5624400,-676800,3009850500.0,125,2562,3884400,-694800,2480949780.0,0.691,0.868,2026-05-25
MARUTI,103,90043,2499800,-183350,61229347930.0,105,42826,1064100,10150,27789675815.0,0.426,0.476,2026-05-25
MAXHEALTH,110,37297,7932750,-99225,20560451520.0,110,23112,3675525,-187950,12222033495.0,0.463,0.62,2026-05-25
MAZDOCK,128,18783,4620600,-368000,9861459860.0,133,6271,2108000,-37600,3069383030.0,0.456,0.334,2026-05-25
MCX,69,44471,7985050,-521425,96441579425.0,71,20163,5881050,-623125,40254543582.5,0.737,0.453,2026-05-25
MFSL,70,13073,1339200,-496400,9129963140.0,73,4067,873200,37600,2689310740.0,0.652,0.311,2026-05-25
MIDCPNIFTY,566,438473,7825680,-332520,774093267360.0,566,467082,9691920,765840,800899776504.0,1.238,1.065,2026-05-25
MOTHERSON,126,9319,51733800,-5202900,8133140746.5,132,5209,43006950,-3333300,4212679459.5,0.831,0.559,2026-05-25
MOTILALOFS,83,7174,2313375,-141050,5003494821.25,85,1240,1516675,-10075,800351218.75,0.656,0.173,2026-05-25
MPHASIS,108,4779,1626900,-133650,3074030630.0,103,3656,1358775,-110825,2214581971.25,0.835,0.765,2026-05-25
MUTHOOTFIN,68,19613,2896300,-443575,19005212063.75,68,9736,1918125,-65725,8827393533.75,0.662,0.496,2026-05-25
NAM-INDIA,49,2144,1523125,-213125,1515349281.25,47,618,1166875,-7500,405166281.25,0.766,0.288,2026-05-25
NATIONALUM,77,14735,27738750,487500,11684344031.25,77,7200,15853125,-965625,5466147281.25,0.572,0.489,2026-05-25
NAUKRI,101,92015,5710475,348175,33613177461.25,100,54198,3494575,701775,18806177927.5,0.612,0.589,2026-05-25
NBCC,93,14223,24648000,1592500,9499591660.0,98,6865,17056000,2535000,4302393290.0,0.692,0.483,2026-05-25
NESTLEIND,107,6554,4599500,-8500,4825030300.0,113,3544,3332000,-42500,2526339775.0,0.724,0.541,2026-05-25
NHPC,76,7731,57184550,-5599450,4145174692.0,75,2500,29075750,217600,1254576256.0,0.508,0.323,2026-05-25
NIFTY,927,52539581,245123265,15255020,82985914407620.25,949,52733892,308517355,61395975,81097152755095.75,1.259,1.004,2026-05-25
NIFTYNXT50,713,2227,19250,4275,4005353823.75,713,865,16675,2550,1483729237.5,0.866,0.388,2026-05-25
NMDC,80,10770,83146500,-12703500,6822736447.5,81,3623,43692750,-1282500,2163965422.5,0.525,0.336,2026-05-25
NTPC,112,56361,85668000,2806500,33556800150.0,109,31280,23011500,144000,18232434075.0,0.269,0.555,2026-05-25
NUVAMA,89,3752,1765000,-61000,2932175575.0,88,1820,1088000,-40000,1308226550.0,0.616,0.485,2026-05-25
NYKAA,84,23618,34725000,4759375,21312150468.75,85,7646,11653125,1215625,6499606250.0,0.336,0.324,2026-05-25
OBEROIRLTY,65,6837,1276450,-67550,4160369867.5,62,2982,793800,61250,1767315235.0,0.622,0.436,2026-05-25
OFSS,155,24437,750750,-51825,18361743101.25,154,17071,647800,-13875,11673671216.25,0.863,0.699,2026-05-25
OIL,104,8076,9263800,-910000,5793991280.0,104,7905,6286000,-1090600,5386692290.0,0.679,0.979,2026-05-25
ONGC,98,29664,78738750,364500,19888867800.0,96,21341,25575750,-679500,13764671437.5,0.325,0.719,2026-05-25
PAGEIND,152,39749,154020,-300,24271875720.0,152,31203,64575,-19200,17237334615.75,0.419,0.785,2026-05-25
PATANJALI,80,6978,5348700,208800,3082842090.0,80,4823,4270500,150300,2216831490.0,0.798,0.691,2026-05-25
PAYTM,101,17363,9083525,-145725,14563489555.0,108,14166,6594600,-516200,11228102876.25,0.726,0.816,2026-05-25
PERSISTENT,102,19488,1441200,-98800,10185330075.0,97,11025,1200025,-31800,5405876290.0,0.833,0.566,2026-05-25
PETRONET,101,9067,10719800,505400,5029813855.0,101,5119,10985800,1105800,2713127800.0,1.025,0.565,2026-05-25
PFC,76,19030,21661900,-1053000,11323915655.0,75,9097,13417300,-429000,5232197620.0,0.619,0.478,2026-05-25
PGEL,66,14186,10359750,97850,6694835392.5,66,5803,6457150,362900,2621205515.0,0.623,0.409,2026-05-25
PHOENIXLTD,72,2723,954450,-66500,1761638917.5,70,1836,615650,-5600,1144242015.0,0.645,0.674,2026-05-25
PIDILITIND,113,7134,3393500,-214000,5444938600.0,115,2513,1643500,-227000,1813939750.0,0.484,0.352,2026-05-25
PIIND,148,28616,2148125,-582750,14775504642.5,145,9403,1217125,-165200,4604426032.5,0.567,0.329,2026-05-25
PNB,104,21162,115456000,-20032000,18535463760.0,104,11662,86384000,-5760000,9906856880.0,0.748,0.551,2026-05-25
PNBHOUSING,78,7101,2464800,252200,5185987332.5,80,2142,1511900,89700,1477541682.5,0.613,0.302,2026-05-25
POLICYBZR,87,7844,3319050,58800,5069265302.5,90,6736,2227050,-259000,4173528572.5,0.671,0.859,2026-05-25
POLYCAB,83,42906,1725000,-264625,51459770368.75,92,26083,1412500,-277250,28325997350.0,0.819,0.608,2026-05-25
POWERGRID,117,11702,36181700,245100,6724844515.0,117,7900,18088000,638400,4486771340.0,0.5,0.675,2026-05-25
POWERINDIA,71,36166,378150,73275,34705335508.75,74,23171,351000,69675,18849743750.0,0.928,0.641,2026-05-25
PREMIERENE,75,16551,4069425,-179400,9724986327.5,76,6016,1865300,147200,3432253688.75,0.458,0.363,2026-05-25
PRESTIGE,72,6750,1768050,-493200,4400195602.5,70,3125,1170900,-136350,1937110635.0,0.662,0.463,2026-05-25
RBLBANK,54,15072,23517225,-3136900,16970976980.0,57,6940,15754350,1323975,7246573010.0,0.67,0.46,2026-05-25
RECLTD,68,18651,28133175,-1691200,9462991650.0,65,10478,18249350,-1142925,5136719822.5,0.649,0.562,2026-05-25
RELIANCE,122,177618,70260000,-2578500,125152591200.0,122,109584,42127500,-1597000,75400903025.0,0.6,0.617,2026-05-25
RVNL,60,18799,22479175,3180075,8393518280.0,60,7957,14724250,1837575,3312216500.0,0.655,0.423,2026-05-25
SAIL,69,48,9141500,-112800,45196046.0,69,124,5748100,-286700,100589917.0,0.629,2.583,2026-05-25
SAMMAANCAP,54,26607,29622700,602000,19808515794.0,54,13446,35358900,5779200,9262259383.0,1.194,0.505,2026-05-25
SBICARD,62,12107,9958400,190400,6376212640.0,62,5049,6676000,325600,2612272680.0,0.67,0.417,2026-05-25
SBILIFE,78,11164,4126875,-378375,8128764881.25,77,5306,2279250,278625,3702960112.5,0.552,0.475,2026-05-25
SBIN,114,286249,90135000,-20776500,215718034762.5,113,115887,52029000,-5286000,85898492925.0,0.577,0.405,2026-05-25
SHREECEM,78,8630,68500,-13825,5675702077.5,77,2612,43025,-1150,1582165835.0,0.628,0.303,2026-05-25
SHRIRAMFIN,101,32987,14630550,-2681250,27133054616.25,99,12563,9487500,-684750,9863221500.0,0.648,0.381,2026-05-25
SIEMENS,73,33903,1454775,235200,23493826256.25,70,37865,1068550,35525,24064748968.75,0.735,1.117,2026-05-25
SOLARINDS,75,23863,364600,-10100,22745383140.0,76,16747,323550,4850,14496047597.5,0.887,0.702,2026-05-25
SONACOMS,96,3531,5038425,-472850,2646347410.0,98,2200,3045350,-474075,1590264497.5,0.604,0.623,2026-05-25
SRF,115,12071,1567600,-143200,6695472100.0,120,4867,1204600,-21800,2605461750.0,0.768,0.403,2026-05-25
SUNPHARMA,85,120867,18827550,-633500,80059360552.5,86,84764,11706800,-633150,53965310087.5,0.622,0.701,2026-05-25
SUPREMEIND,72,6553,985250,-184275,4300781905.0,71,5219,407750,6300,3244279718.75,0.414,0.796,2026-05-25
SUZLON,54,30748,180653425,17463375,16055064452.75,57,18611,93493650,4155175,8934765296.25,0.518,0.605,2026-05-25
SWIGGY,58,8119,16912225,726700,2831005970.0,56,3412,6237425,-150800,1149228530.0,0.369,0.42,2026-05-25
TATACONSUM,110,7706,4711850,-337150,5212771272.5,112,3278,3136100,-116600,2148490987.5,0.666,0.425,2026-05-25
TATAELXSI,79,22762,1095450,-54700,10233019405.0,78,6742,554225,17400,2917717105.0,0.506,0.296,2026-05-25
TATAPOWER,92,28400,38842600,-2193850,17694263580.0,89,14362,22005200,-266800,8674386765.0,0.567,0.506,2026-05-25
TATASTEEL,73,61978,119897250,-12861750,36804400160.0,73,36309,72283750,-7172000,20709107320.0,0.603,0.586,2026-05-25
TCS,117,128103,18410500,-1148875,53986105367.5,117,68647,12781300,-12925,28941738126.25,0.694,0.536,2026-05-25
TECHM,70,14381,9961200,-105000,12767377200.0,70,6020,6251400,128400,5095200780.0,0.628,0.419,2026-05-25
TIINDIA,132,11133,721000,-98800,7015276290.0,128,3604,441000,-30600,2157391030.0,0.612,0.324,2026-05-25
TITAN,84,52103,5244750,-906850,39232999601.25,84,25113,3010700,-377125,17894770792.5,0.574,0.482,2026-05-25
TMPV,64,136815,46986400,32800,41647368600.0,65,55809,30548000,4007200,16288491280.0,0.65,0.408,2026-05-25
TORNTPHARM,90,132688,919250,174500,78871358400.0,91,56036,702125,214250,31436385343.75,0.764,0.422,2026-05-25
TRENT,74,68789,2980550,-330350,30757770337.5,68,27274,1547800,-348400,11557152180.0,0.519,0.396,2026-05-25
TVSMOTOR,172,29931,2422350,-254975,18690384702.5,166,12779,1754550,-137200,7676988786.25,0.724,0.427,2026-05-25
ULTRACEMCO,92,24072,1054600,-132050,14603394307.5,95,9690,502500,-44750,5548807927.5,0.476,0.403,2026-05-25
UNIONBANK,68,20008,51387525,57525,15440492826.75,68,6753,30090000,-1008900,4989423175.5,0.586,0.338,2026-05-25
UNITDSPR,120,7217,3905200,-383200,3892852900.0,121,5508,3163600,-79600,2840488720.0,0.81,0.763,2026-05-25
UNOMINDA,58,6535,2374350,-627000,4155804290.0,58,2082,1557600,-55550,1239856667.5,0.656,0.319,2026-05-25
UPL,124,9287,9422670,-1275055,8411849349.5,126,4262,6365790,-380755,3765191819.25,0.676,0.459,2026-05-25
VBL,85,25962,13783500,-660375,16046844131.25,88,16214,8073150,-791850,9587912025.0,0.586,0.625,2026-05-25
VEDL,63,41707,35790300,-4426350,16778470215.0,63,23426,27734550,-316250,8551290002.5,0.775,0.562,2026-05-25
VMM,110,1534,8322600,-669300,927783320.5,110,440,5703600,-470450,260203227.5,0.685,0.287,2026-05-25
VOLTAS,86,26427,6440250,-1129500,13365386625.0,85,11392,4212000,-169500,5456465906.25,0.654,0.431,2026-05-25
WAAREEENER,66,41516,4336850,-296800,23043411763.75,66,10539,1909075,-278425,5624392707.5,0.44,0.254,2026-05-25
WIPRO,73,113467,174732000,24969000,71203425690.0,74,50505,105474000,8859000,29873793780.0,0.604,0.445,2026-05-25
YESBANK,29,9728,409462600,-24569000,7097934340.0,31,6795,262452900,4447300,4631992326.0,0.641,0.698,2026-05-25
ZYDUSLIFE,113,25545,7468200,-2844000,25115501970.0,115,7431,4925700,-407700,6959558025.0,0.66,0.291,2026-05-25
360ONE,52,2198,904500,-18500,1292592175.0,56,1223,797500,-111500,669972775.0,0.882,0.556,2026-05-26
ABB,149,13405,1486875,-355750,11888654187.5,141,7177,1116625,-31000,6067723762.5,0.751,0.535,2026-05-26
ABCAPITAL,65,2642,15469000,-412300,3113125090.0,68,1342,12905300,117800,1462332620.0,0.834,0.508,2026-05-26
ADANIENSOL,89,19481,5570775,-994275,19704759941.25,85,6826,3875850,80325,6311640048.75,0.696,0.35,2026-05-26
ADANIENT,158,98784,9587343,-710391,92150252738.85,169,45752,9437169,617073,39855258270.15,0.984,0.463,2026-05-26
ADANIGREEN,153,36895,8426400,-1417200,33059681790.0,156,13476,8338800,568800,11019708570.0,0.99,0.365,2026-05-26
ADANIPORTS,76,23635,9153725,-303525,20952523362.5,83,10676,6436250,-404225,8869490082.5,0.703,0.452,2026-05-26
ADANIPOWER,107,61197,35535500,-5587700,54660278218.5,112,19199,27196550,1451950,15741111480.5,0.765,0.314,2026-05-26
ALKEM,85,3518,377875,-22375,2455146031.25,88,6413,225625,20625,4264791081.25,0.597,1.823,2026-05-26
AMBER,94,36673,2695200,-688500,29248257625.0,96,19095,1845100,-114500,13913187070.0,0.685,0.521,2026-05-26
AMBUJACEM,71,28386,16478700,-772800,14033051550.0,71,12473,11141700,238350,6267944392.5,0.676,0.439,2026-05-26
ANGELONE,76,9933,18605000,-2202500,8934551000.0,74,7457,19567500,737500,6185900625.0,1.052,0.751,2026-05-26
APLAPOLLO,90,6213,1844150,-171150,4253741870.0,85,5447,1328600,126350,3597075300.0,0.72,0.877,2026-05-26
APOLLOHOSP,133,11856,1145875,-132000,12715796837.5,135,11755,1046000,-335125,11981150362.5,0.913,0.991,2026-05-26
ASHOKLEY,76,15123,100105000,-1275000,13191500500.0,74,9736,75295000,-480000,8026731650.0,0.752,0.644,2026-05-26
ASIANPAINT,111,22600,6727000,-628000,15466429287.5,118,14005,4564250,-154250,9177420962.5,0.678,0.62,2026-05-26
ASTRAL,76,10287,2975850,-34850,7067989891.25,76,5591,1968600,-428825,3603703647.5,0.662,0.544,2026-05-26
AUBANK,87,6265,6206000,-1006000,6543806050.0,90,4060,6179000,-30000,4060773200.0,0.996,0.648,2026-05-26
AUROPHARMA,71,9054,4814150,-425150,7595950862.5,67,4662,3121800,-262350,3667700162.5,0.648,0.515,2026-05-26
AXISBANK,105,40082,15559375,-2812500,33343243593.75,102,30342,12070000,-1361875,24511705062.5,0.776,0.757,2026-05-26
BAJAJ-AUTO,94,42651,1954200,-288075,34471656735.0,93,15998,1296450,-55125,12344836552.5,0.663,0.375,2026-05-26
BAJAJFINSV,80,15443,6043500,-199500,7220932025.0,79,9461,4104350,470600,4346857162.5,0.679,0.613,2026-05-26
BAJAJHLDNG,80,3580,69800,-15300,1983399212.5,84,2638,54150,3100,1370562160.0,0.776,0.737,2026-05-26
BAJFINANCE,81,29767,16342500,-1309500,21810134325.0,86,16284,13096500,-56250,11414931825.0,0.801,0.547,2026-05-26
BANDHANBNK,81,19106,33926400,-3542400,14541101100.0,86,6278,22273200,-2318400,4474011384.0,0.657,0.329,2026-05-26
BANKBARODA,91,10925,44705700,587925,9006035512.5,86,6232,41678325,2170350,4954347888.75,0.932,0.57,2026-05-26
BANKINDIA,53,4284,25885600,-1643200,3385724160.0,52,2193,19380400,743600,1652041560.0,0.749,0.512,2026-05-26
BANKNIFTY,605,44345605,33886290,8067630,73995075282184.5,605,44317262,27413310,1919310,73018936077531.0,0.809,0.999,2026-05-26
BDL,76,10080,3585200,-242200,4974803802.5,77,3000,2108750,44450,1413489262.5,0.588,0.298,2026-05-26
BEL,78,37352,58919475,-2099025,23481600015.0,76,16712,36621075,1900950,10244603587.5,0.622,0.447,2026-05-26
BHARATFORG,87,9140,3097500,-503000,9081261675.0,84,2391,2277500,-159000,2285597600.0,0.735,0.262,2026-05-26
BHARTIARTL,86,32913,24729925,682575,30209088071.25,85,18279,12230775,-115425,16350388867.5,0.495,0.555,2026-05-26
BHEL,171,21193,46680375,-2879625,24078067781.25,175,10912,41270250,745500,11551852068.75,0.884,0.515,2026-05-26
BIOCON,92,14783,23645000,-855000,16747401875.0,95,5087,20220000,-267500,5412629375.0,0.855,0.344,2026-05-26
BLUESTARCO,96,4466,2226575,-282425,2539127126.25,92,3198,1422200,26650,1698430175.0,0.639,0.716,2026-05-26
BOSCHLTD,129,20647,231350,-102225,19677097427.5,129,6985,123875,-16275,6071416025.0,0.535,0.338,2026-05-26
BPCL,64,11624,25234575,-730750,7364674373.75,66,6447,19086400,-507575,3905948020.0,0.756,0.555,2026-05-26
BRITANNIA,104,10087,1686500,-265750,7033890612.5,104,4743,1050875,-75375,3211177368.75,0.623,0.47,2026-05-26
BSE,86,50256,6682600,-921000,84454495140.0,87,37651,7715750,-834100,58087143377.5,1.155,0.749,2026-05-26
CAMS,73,2527,3692250,-129750,1535297362.5,77,1012,2923500,-7500,584187075.0,0.792,0.4,2026-05-26
CANBK,126,11099,90639000,-7533000,10489880362.5,125,6668,80784000,-1026000,6076741027.5,0.891,0.601,2026-05-26
CDSL,59,13973,8370925,-586625,8641569336.25,59,6967,5901400,-105450,4184889697.5,0.705,0.499,2026-05-26
CGPOWER,77,11045,5816550,-278800,8538694975.0,79,2715,5287850,17850,1978695110.0,0.909,0.246,2026-05-26
CHOLAFIN,85,4669,3349375,-279375,4804628812.5,83,6031,2461250,-148750,5853463281.25,0.735,1.292,2026-05-26
CIPLA,126,16661,8109675,-148500,9040047431.25,131,11778,7585500,24375,6123117056.25,0.935,0.707,2026-05-26
COALINDIA,80,74000,39353850,3839400,48406785907.5,81,48351,28584900,7662600,30332666227.5,0.726,0.653,2026-05-26
COCHINSHIP,94,4412,1737600,-325600,2835014200.0,91,1954,997200,-92000,1231573580.0,0.574,0.443,2026-05-26
COFORGE,78,29631,10060875,-542250,16331858137.5,78,15238,7976825,-597750,7779963056.25,0.793,0.514,2026-05-26
COLPAL,88,17173,2304000,175275,8469471003.75,86,9479,1335700,182525,4440661771.25,0.58,0.552,2026-05-26
CONCOR,93,26121,10601250,5610000,16792283937.5,94,21503,7345000,2811250,13326986875.0,0.693,0.823,2026-05-26
CROMPTON,113,6145,18234000,-739800,3346650180.0,115,2953,10168200,-658800,1555441057.5,0.558,0.481,2026-05-26
CUMMINSIND,79,6867,915800,65400,7749525220.0,82,4551,780600,121400,4806239200.0,0.852,0.663,2026-05-26
DABUR,89,3685,12632500,415000,2169564312.5,88,2924,8376250,111250,1672562812.5,0.663,0.793,2026-05-26
DALBHARAT,103,4631,1404975,-102375,2798252697.5,103,2355,1190800,-34775,1370090507.5,0.848,0.509,2026-05-26
DELHIVERY,78,3923,10694550,-917150,3883323178.75,77,1590,5058850,251075,1519383993.75,0.473,0.405,2026-05-26
DIVISLAB,104,19257,1128400,-91100,13446803750.0,109,15564,764800,-97500,10338349525.0,0.678,0.808,2026-05-26
DIXON,127,68519,1575150,-357750,41950884985.0,130,49417,1293000,-297000,27648936277.5,0.821,0.721,2026-05-26
DLF,100,12779,10376850,15675,6558411378.75,103,7018,7873100,97475,3565052986.25,0.759,0.549,2026-05-26
DMART,80,15852,1686450,-325050,10358989417.5,79,7415,949650,45750,4530343560.0,0.563,0.468,2026-05-26
DRREDDY,111,13946,10119375,601875,11961821156.25,106,8479,6010625,325000,7016853593.75,0.594,0.608,2026-05-26
EICHERMOT,123,49028,1800000,-381900,37381170185.0,124,20468,1495300,-201400,14932657375.0,0.831,0.417,2026-05-26
ETERNAL,82,34996,67650225,-7961275,22246898856.75,83,19190,46899500,3787850,11668427208.0,0.693,0.548,2026-05-26
EXIDEIND,146,18912,16353000,-252000,12676211910.0,150,5419,11021400,1042200,3448572120.0,0.674,0.287,2026-05-26
FEDERALBNK,90,8983,30442500,-672500,6726089875.0,90,4445,18957500,200000,3232068250.0,0.623,0.495,2026-05-26
FINNIFTY,307,1307785,1585320,545460,2053568416977.0,307,1478045,1333380,347760,2298523875981.0,0.841,1.13,2026-05-26
FORCEMOT,44,17326,122325,-88975,9385242148.75,41,3877,56125,-11650,1874853075.0,0.459,0.224,2026-05-26
FORTIS,69,3776,2632675,-207700,2941003557.5,71,1632,1650750,-165850,1199171295.0,0.627,0.432,2026-05-26
GAIL,139,11391,31241350,-3363000,6274326777.0,143,8226,30905450,-2564100,4305919369.5,0.989,0.722,2026-05-26
GLENMARK,99,11694,2544375,-598500,10656457162.5,103,7946,1815750,-49500,6888774375.0,0.714,0.679,2026-05-26
GMRAIRPORT,84,5695,51747525,2497050,4065036207.75,83,2016,35488800,2783025,1377953169.75,0.686,0.354,2026-05-26
GODFRYPHLP,115,10308,1269675,-100925,6890292282.5,118,5610,659725,-23100,3474440392.5,0.52,0.544,2026-05-26
GODREJCP,96,4091,2973500,-295500,2184385975.0,96,2651,1808500,-253500,1350972800.0,0.608,0.648,2026-05-26
GODREJPROP,99,10455,2784650,-325875,5350503840.0,98,6791,2117825,-17000,3307594260.0,0.761,0.65,2026-05-26
GRASIM,140,13749,1982500,-424500,11147757162.5,144,9869,2315250,-391250,7678659925.0,1.168,0.718,2026-05-26
HAL,87,26320,3844500,-255750,18349384657.5,94,14784,2586300,-39750,9859004752.5,0.673,0.562,2026-05-26
HAVELLS,114,4591,4221500,45500,2938547025.0,109,6274,2021000,71000,3816321800.0,0.479,1.367,2026-05-26
HCLTECH,127,32638,22296100,-2056700,14116490470.0,125,15437,10387250,15350,6464377245.0,0.466,0.473,2026-05-26
HDFCAMC,111,5253,1340700,-143400,4446873120.0,111,2873,949800,-46200,2340016515.0,0.708,0.547,2026-05-26
HDFCBANK,134,153667,81276500,6174700,68702863640.0,133,84776,50463100,405250,36666842887.5,0.621,0.552,2026-05-26
HDFCLIFE,103,10896,20392900,-588500,7638560490.0,105,5604,15184400,396000,3807169355.0,0.745,0.514,2026-05-26
HEROMOTOCO,99,24911,2594850,-374250,19658456812.5,99,8041,1626300,-127050,6126237622.5,0.627,0.323,2026-05-26
HINDALCO,91,30478,11273500,-578200,24514139230.0,91,17465,9365300,-775600,13323599835.0,0.831,0.573,2026-05-26
HINDPETRO,81,6581,17267175,-522450,5619544998.75,84,4858,15722100,386775,3880858736.25,0.911,0.738,2026-05-26
HINDUNILVR,105,21486,11740800,658200,14797790010.0,105,12885,5335200,-34200,8539968600.0,0.454,0.6,2026-05-26
HINDZINC,69,21199,19554675,-2361800,17430434533.75,72,10465,14646100,-1319325,8071836088.75,0.749,0.494,2026-05-26
HYUNDAI,77,3511,1075525,-151250,1867933622.5,78,1260,896775,-36850,640122546.25,0.834,0.359,2026-05-26
ICICIBANK,109,60324,33443900,-438200,56430630130.0,101,41282,27988800,2177700,37634763530.0,0.837,0.684,2026-05-26
ICICIGI,78,7099,947375,-259025,4395714878.75,76,2831,561925,42900,1670895151.25,0.593,0.399,2026-05-26
ICICIPRULI,113,1290,6987450,-15725,650797255.0,114,1108,6274275,12950,539743003.75,0.898,0.859,2026-05-26
IDEA,32,20535,1793164800,-117790800,22361151021.0,32,7415,1209785850,18512025,7281321927.75,0.675,0.361,2026-05-26
IDFCFIRSTB,60,8453,117059775,6047300,5738459937.0,61,5399,103954200,5249650,3584305849.25,0.888,0.639,2026-05-26
IEX,106,8266,33569550,-2182050,4200319440.0,112,2500,22449150,840000,1235874675.0,0.669,0.302,2026-05-26
INDHOTEL,102,4509,6053000,44000,3083453350.0,109,2613,5366000,263000,1765157300.0,0.887,0.58,2026-05-26
INDIANB,89,3819,6177000,-149000,3360370350.0,85,2012,4280000,-1000,1729631900.0,0.693,0.527,2026-05-26
INDIGO,82,48109,4612950,-1001550,33537353917.5,88,30904,3368550,-184050,20592984802.5,0.73,0.642,2026-05-26
INDUSINDBK,81,6388,6501600,-95900,4303890990.0,82,3846,5201000,-136500,2480468235.0,0.8,0.602,2026-05-26
INDUSTOWER,77,29461,31936200,1149200,22617478130.0,77,14597,30513300,2417400,10699206615.0,0.955,0.495,2026-05-26
INFY,122,79775,35363600,-3224400,39206804080.0,118,48068,25217600,-558400,22970330120.0,0.713,0.603,2026-05-26
INOXWIND,105,11238,26643725,-2824250,4138907522.75,106,2595,13148200,-27275,930517308.25,0.493,0.231,2026-05-26
IOC,137,10043,65734500,819000,7440142856.25,134,7338,55921125,6776250,5389956390.0,0.851,0.731,2026-05-26
IREDA,119,3465,24180375,-1279950,1647413571.0,118,1746,19543525,995525,795540150.5,0.808,0.504,2026-05-26
IRFC,90,9120,47655700,1395175,4129017050.5,91,3160,36196525,3353250,1338991527.5,0.76,0.346,2026-05-26
ITC,99,38921,148675475,7034275,19633705826.25,100,24869,52992575,3181200,12417763480.0,0.356,0.639,2026-05-26
JINDALSTEL,98,4304,3419375,-218750,3379269000.0,98,2179,2740000,5625,1670587500.0,0.801,0.506,2026-05-26
JIOFIN,91,18858,59353950,-775500,11437816435.5,89,10950,46088200,2046850,6799496227.5,0.776,0.581,2026-05-26
JSWENERGY,111,32674,9371075,-371000,19240170600.0,110,9276,7155075,-514125,5255955573.75,0.764,0.284,2026-05-26
JSWSTEEL,87,8514,5515425,-537975,7635214541.25,90,4023,3673350,-138375,3475385257.5,0.666,0.473,2026-05-26
JUBLFOOD,96,7977,13046250,893750,4572047500.0,92,4499,8245000,376250,2491358750.0,0.632,0.564,2026-05-26
KALYANKJIL,100,10239,20906825,-1814200,4587333538.75,99,4656,12923350,339050,2002592165.0,0.618,0.455,2026-05-26
KAYNES,127,65533,2461400,-954750,24111802892.5,125,38123,1524500,-196700,12931627277.5,0.619,0.582,2026-05-26
KEI,96,4371,679525,-61600,4136311856.25,98,6703,553525,-30450,6007200263.75,0.815,1.534,2026-05-26
KFINTECH,105,2428,3858000,-181500,1069445525.0,105,1648,2671225,-39500,717300200.0,0.692,0.679,2026-05-26
KOTAKBANK,134,16507,40794000,-1398000,13315020200.0,134,11033,35268000,672000,8544348600.0,0.865,0.668,2026-05-26
KPITTECH,78,22737,4643975,-1136025,7692743652.5,79,5423,3638775,443275,1732485470.0,0.784,0.239,2026-05-26
LAURUSLABS,137,8549,7532700,184450,10171113217.5,137,6978,7538650,-187850,7786612467.5,1.001,0.816,2026-05-26
LICHSGFIN,94,3778,8805000,-239000,2147494550.0,95,2550,6228000,216000,1405687850.0,0.707,0.675,2026-05-26
LICI,126,23045,7337400,-2210600,14156991765.0,125,7917,5360600,8400,4610988865.0,0.731,0.344,2026-05-26
LODHA,92,4570,2655000,-419400,1945787040.0,95,1714,2788200,-7200,684958927.5,1.05,0.375,2026-05-26
LT,142,50480,6263250,-1256150,36489345462.5,143,26760,5548900,-344925,18729483797.5,0.886,0.53,2026-05-26
LTF,54,9756,21269250,-695250,6499713825.0,57,3243,15612750,407250,2037612262.5,0.734,0.332,2026-05-26
LTM,86,14807,1539150,-251550,9376064745.0,86,4558,999450,39600,2792972955.0,0.649,0.308,2026-05-26
LUPIN,114,9102,6236025,-1007675,9296602235.0,114,3669,3522400,-90525,3583901558.75,0.565,0.403,2026-05-26
M&M,127,32907,5912600,80000,21513788130.0,131,17874,5072400,-74600,11225975770.0,0.858,0.543,2026-05-26
MANAPPURAM,54,4888,13491000,2025000,5078856150.0,58,2176,10800000,621000,2038489500.0,0.801,0.445,2026-05-26
MANKIND,141,4177,1167975,-130500,2381044950.0,135,4069,703725,-45000,2225088618.75,0.603,0.974,2026-05-26
MARICO,123,1756,5446800,-177600,1806274200.0,125,1303,3886800,2400,1273380540.0,0.714,0.742,2026-05-26
MARUTI,103,58806,2313050,-186750,40170937110.0,105,26448,1056550,-7550,17250682005.0,0.457,0.45,2026-05-26
MAXHEALTH,110,13268,7991025,58275,7368196473.75,110,7312,3405675,-269850,3857367675.0,0.426,0.551,2026-05-26
MAZDOCK,128,15480,4044800,-575800,8148871260.0,133,7665,1993800,-114200,3784470850.0,0.493,0.495,2026-05-26
MCX,69,20919,6897550,-1087500,45335647750.0,71,10734,5365425,-515625,21355501906.25,0.778,0.513,2026-05-26
MFSL,71,6253,1140800,-198400,4449117840.0,74,2065,907600,34400,1391090420.0,0.796,0.33,2026-05-26
MIDCPNIFTY,566,3204542,10321800,2496120,5651010301440.0,566,2754409,13888560,4196640,4807453817742.0,1.346,0.86,2026-05-26
MOTHERSON,126,6833,49685850,-2047950,5997714130.5,132,3723,41192700,-1814250,3045958347.0,0.829,0.545,2026-05-26
MOTILALOFS,83,6225,2242075,-71300,4407601118.75,85,1330,1467075,-49600,891005487.5,0.654,0.214,2026-05-26
MPHASIS,108,5569,1589225,-37675,3610657380.0,103,3488,1386825,28050,2161435828.75,0.873,0.626,2026-05-26
MUTHOOTFIN,68,7270,2599300,-297000,7065866871.25,68,4852,1686300,-231825,4384098881.25,0.649,0.667,2026-05-26
NAM-INDIA,49,1893,1478750,-44375,1348168562.5,47,1442,1245000,78125,967146531.25,0.842,0.762,2026-05-26
NATIONALUM,77,19811,25569375,-2169375,15940554375.0,77,9074,15095625,-757500,6977705625.0,0.59,0.458,2026-05-26
NAUKRI,101,61520,4541975,-1168500,23254383431.25,100,20614,3110200,-384375,7353194581.25,0.685,0.335,2026-05-26
NBCC,93,9028,26838500,2190500,6027752770.0,98,4370,18674500,1618500,2780380915.0,0.696,0.484,2026-05-26
NESTLEIND,107,5409,4425000,-174500,3963437475.0,113,3443,3247000,-85000,2431441550.0,0.734,0.637,2026-05-26
NHPC,76,5092,54688550,-2496000,2732869952.0,75,2822,29075750,0,1407723712.0,0.532,0.554,2026-05-26
NIFTY,934,147985046,318770615,73647350,232336655506169.5,956,166035286,311484570,2967215,257482988117069.0,0.977,1.122,2026-05-26
NIFTYNXT50,713,10053,48350,29100,17984244678.75,713,7287,44675,28000,12717772358.75,0.924,0.725,2026-05-26
NMDC,80,14612,81378000,-1768500,9337514827.5,81,6999,48478500,4785750,4194119452.5,0.596,0.479,2026-05-26
NTPC,112,19370,86584500,916500,11606118225.0,109,12299,24043500,1032000,7273925100.0,0.278,0.635,2026-05-26
NUVAMA,89,2820,1457000,-308000,2196766600.0,88,1361,921000,-167000,1008651075.0,0.632,0.483,2026-05-26
NYKAA,84,9200,35503125,778125,8256379687.5,85,3015,11334375,-318750,2526754687.5,0.319,0.328,2026-05-26
OBEROIRLTY,66,3187,1178800,-97650,1936957260.0,64,2022,889350,95550,1181147047.5,0.754,0.634,2026-05-26
OFSS,155,19412,692775,-57975,14733687363.75,154,11678,546625,-101175,8165062050.0,0.789,0.602,2026-05-26
OIL,104,7665,8946000,-317800,5489410220.0,104,3941,6091400,-194600,2666170430.0,0.681,0.514,2026-05-26
ONGC,98,29158,81470250,2731500,19860602737.5,96,15107,27837000,2261250,9714945600.0,0.342,0.518,2026-05-26
PAGEIND,152,11993,100740,-53280,7261355603.25,152,5624,49830,-14745,3138284940.0,0.495,0.469,2026-05-26
PATANJALI,80,3145,5137200,-211500,1371221685.0,80,1890,4049100,-221400,802220130.0,0.788,0.601,2026-05-26
PAYTM,101,22347,7646575,-1436950,18899980013.75,108,11074,6179175,-415425,8988857798.75,0.808,0.496,2026-05-26
PERSISTENT,102,17499,1338800,-102400,9248897685.0,97,9937,1166425,-33600,4947902545.0,0.871,0.568,2026-05-26
PETRONET,101,5196,12017500,1297700,2925222995.0,101,3924,12087800,1102000,2195255915.0,1.006,0.755,2026-05-26
PFC,76,12213,22053200,391300,7262897655.0,75,6162,13985400,568100,3577376985.0,0.634,0.505,2026-05-26
PGEL,66,11514,10415800,56050,5625424810.0,66,6959,7393850,936700,3083514987.5,0.71,0.604,2026-05-26
PHOENIXLTD,72,1895,912450,-42000,1228935785.0,70,764,585200,-30450,485783375.0,0.641,0.403,2026-05-26
PIDILITIND,113,4063,2828500,-565000,3093289100.0,115,1663,1620500,-23000,1200858850.0,0.573,0.409,2026-05-26
PIIND,148,9086,2052575,-95550,4833402402.5,145,6187,1108800,-108325,3052218496.25,0.54,0.681,2026-05-26
PNB,104,10853,108408000,-7048000,9731261200.0,104,7144,88024000,1640000,6300684320.0,0.812,0.658,2026-05-26
PNBHOUSING,78,2329,2217800,-247000,1699021317.5,80,2173,1630200,118300,1528783327.5,0.735,0.933,2026-05-26
POLICYBZR,87,3708,3184650,-134400,2382056337.5,90,2456,2093350,-133700,1537969002.5,0.657,0.662,2026-05-26
POLYCAB,88,29741,1229750,-495250,35940569143.75,97,16971,1433375,20875,19334424437.5,1.166,0.571,2026-05-26
POWERGRID,117,8022,36500900,319200,4634095440.0,117,5027,18278000,190000,2868261375.0,0.501,0.627,2026-05-26
POWERINDIA,71,199030,332475,-45675,186284671685.0,74,83122,368400,17400,70018147932.5,1.108,0.418,2026-05-26
PREMIERENE,75,26423,3735425,-334000,15850149536.25,76,8339,1926825,61525,4763955212.5,0.516,0.316,2026-05-26
PRESTIGE,72,2078,1674000,-94050,1344319852.5,70,2347,981450,-189450,1482542550.0,0.586,1.129,2026-05-26
RBLBANK,54,6550,21367750,-2149475,7401399027.5,57,4210,14849475,-904875,4372607936.25,0.695,0.643,2026-05-26
RECLTD,68,13533,29725500,1592325,6955274672.5,65,8247,20072150,1822800,4247089910.0,0.675,0.609,2026-05-26
RELIANCE,122,121935,66816500,-3443500,86550515125.0,122,66489,43700000,1572500,45882618600.0,0.654,0.545,2026-05-26
RVNL,60,27826,24609375,2130200,12065908423.75,60,18722,15012400,288150,7735980923.75,0.61,0.673,2026-05-26
SAIL,69,437,8243800,-897700,420760074.0,69,366,5160600,-587500,317895545.0,0.626,0.838,2026-05-26
SAMMAANCAP,56,7953,25825800,-3796900,6006891063.0,56,5342,34572000,-786900,3734105251.0,1.339,0.672,2026-05-26
SBICARD,62,10613,10204000,245600,5641317800.0,62,5075,6849600,173600,2601809720.0,0.671,0.478,2026-05-26
SBILIFE,81,7536,3936375,-190500,5482434468.75,81,3636,2181000,-98250,2555329462.5,0.554,0.482,2026-05-26
SBIN,114,119792,84794250,-5340750,91388535487.5,113,65014,52446750,417750,48806596200.0,0.619,0.543,2026-05-26
SHREECEM,78,2972,58250,-10250,1945272516.25,77,1318,41275,-1750,807500576.25,0.709,0.443,2026-05-26
SHRIRAMFIN,101,11596,13616625,-1013925,9621108048.75,99,7178,9197100,-290400,5695551180.0,0.675,0.619,2026-05-26
SIEMENS,73,29113,1523550,68775,19894847971.25,70,18700,1324925,256375,11691208191.25,0.87,0.642,2026-05-26
SOLARINDS,75,11128,275350,-89250,10622952752.5,76,7249,243850,-79700,6235826307.5,0.886,0.651,2026-05-26
SONACOMS,96,4856,4764025,-274400,3682650615.0,98,2407,3285450,240100,1750078487.5,0.69,0.496,2026-05-26
SRF,115,16443,1321000,-246600,9280110450.0,120,6281,1130200,-74400,3423407770.0,0.856,0.382,2026-05-26
SUNPHARMA,85,36566,18115300,-712250,24101051957.5,86,34308,10803100,-903700,22000152965.0,0.596,0.938,2026-05-26
SUPREMEIND,72,3165,814800,-170450,2103340111.25,71,1193,429450,21700,742535596.25,0.527,0.377,2026-05-26
SUZLON,54,28489,175693350,-4960075,14881861711.75,57,15931,86975925,-6517725,7781908503.5,0.495,0.559,2026-05-26
SWIGGY,58,7671,16827725,-84500,2731636895.0,56,3038,6263425,26000,1034118735.0,0.372,0.396,2026-05-26
TATACONSUM,110,6026,4610650,-101200,4097784927.5,112,2717,3306600,170500,1798369347.5,0.717,0.451,2026-05-26
TATAELXSI,79,8639,873950,-221500,3938128370.0,78,2131,543725,-10500,922142810.0,0.622,0.247,2026-05-26
TATAPOWER,92,53391,39587900,745300,34008258457.5,89,16007,23137650,1132450,9803567885.0,0.584,0.3,2026-05-26
TATASTEEL,73,37099,114848250,-5049000,22044701140.0,73,25322,66880000,-5403750,14563411335.0,0.582,0.683,2026-05-26
TCS,117,85105,17024875,-1385625,36195422038.75,117,55123,12431900,-349400,23353497675.0,0.73,0.648,2026-05-26
TECHM,70,9535,9684600,-276600,8568822030.0,70,4243,6099000,-152400,3645122460.0,0.63,0.445,2026-05-26
TIINDIA,132,3780,603400,-117600,2367786270.0,128,1261,434400,-6600,759685080.0,0.72,0.334,2026-05-26
TITAN,84,30341,5041225,-203525,22827890881.25,84,16667,2974300,-36400,12041725412.5,0.59,0.549,2026-05-26
TMPV,67,118764,43190400,-3796000,37408789800.0,67,38427,32816000,2268000,11558862480.0,0.76,0.324,2026-05-26
TORNTPHARM,90,16611,842375,-76875,9726735637.5,91,14664,496500,-205625,8150731756.25,0.589,0.883,2026-05-26
TRENT,75,34837,2563050,-417500,15531200550.0,69,18003,1301200,-246600,7603964725.0,0.508,0.517,2026-05-26
TVSMOTOR,172,12533,2077950,-344400,7890062906.25,166,12271,1752800,-1750,7362059582.5,0.844,0.979,2026-05-26
ULTRACEMCO,92,13508,1046350,-8250,8154615082.5,95,5935,477350,-25150,3432907080.0,0.456,0.439,2026-05-26
UNIONBANK,68,12054,49719300,-1668225,9455476201.5,68,4169,29523600,-566400,3153552448.5,0.594,0.346,2026-05-26
UNITDSPR,120,6381,3781200,-124000,3438320500.0,121,5403,3269600,106000,2884957460.0,0.865,0.847,2026-05-26
UNOMINDA,58,3705,1917300,-457050,2390048842.5,58,848,1522400,-35200,525026782.5,0.794,0.229,2026-05-26
UPL,124,7480,8451135,-971535,6848552381.0,126,3742,6681505,315715,3356413928.75,0.791,0.5,2026-05-26
VBL,85,8980,13092750,-690750,5563073643.75,88,5470,7502775,-570375,3212128406.25,0.573,0.609,2026-05-26
VEDL,63,97256,32055100,-3735200,40475315360.0,63,37851,29679200,1944650,14483396412.5,0.926,0.389,2026-05-26
VMM,110,1514,6916100,-1406500,914893912.0,110,561,5368950,-334650,327596354.0,0.776,0.371,2026-05-26
VOLTAS,86,9414,5801625,-638625,4854365175.0,85,5101,4032750,-179250,2494341468.75,0.695,0.542,2026-05-26
WAAREEENER,66,77861,2927050,-1409800,43604692363.75,66,26022,1851150,-57925,13973193456.25,0.632,0.334,2026-05-26
WIPRO,75,61841,179739000,5007000,37993988550.0,76,35608,127035000,21561000,19807385550.0,0.707,0.576,2026-05-26
YESBANK,29,12679,380975000,-28487600,9472392594.0,31,5458,277256500,14803600,3759115779.0,0.728,0.43,2026-05-26
ZYDUSLIFE,113,8929,6693300,-774900,8955782235.0,115,3930,4885200,-40500,3716130825.0,0.73,0.44,2026-05-26
360ONE,46,578,458000,77500,345916875.0,46,318,230500,50000,174653100.0,0.503,0.55,2026-05-27
ABB,128,38361,840875,303875,35872332493.75,128,14042,627125,156000,11877473687.5,0.746,0.366,2026-05-27
ABCAPITAL,53,2881,6376700,657200,3508281470.0,53,1272,5487000,548700,1406704825.0,0.86,0.442,2026-05-27
ADANIENSOL,72,21130,4311900,1675350,23339305878.75,72,6893,2515725,690525,6738945558.75,0.583,0.326,2026-05-27
ADANIENT,110,50824,5558910,1103130,49559784313.49999,112,23761,4455471,461646,21501500650.5,0.802,0.468,2026-05-27
ADANIGREEN,104,23625,5862600,1821600,22712734710.0,104,9342,3643800,749400,8058901020.0,0.622,0.395,2026-05-27
ADANIPORTS,59,21845,4139625,395675,19932416521.25,60,7683,2237725,244150,6566407291.25,0.541,0.352,2026-05-27
ADANIPOWER,76,25940,27292400,4668250,24674247807.0,76,9923,20668100,4597250,8471391909.0,0.757,0.383,2026-05-27
ALKEM,79,4866,252750,142750,3510942125.0,79,3964,201375,115375,2701166768.75,0.797,0.815,2026-05-27
AMBER,71,22490,1465400,331600,18405542880.0,71,12027,1132300,31800,8719179635.0,0.773,0.535,2026-05-27
AMBUJACEM,65,20697,10790850,3373650,10566898177.5,65,5440,8470650,1270650,2593988017.5,0.785,0.263,2026-05-27
ANGELONE,56,9011,12877500,3550000,8323947250.0,56,5066,9455000,1157500,4305647625.0,0.734,0.562,2026-05-27
APLAPOLLO,75,9515,773500,335650,6663956372.5,74,4904,616700,102200,3290441420.0,0.797,0.515,2026-05-27
APOLLOHOSP,113,10635,732750,190875,11666357500.0,113,5395,488500,149125,5439704331.25,0.667,0.507,2026-05-27
ASHOKLEY,62,16158,61195000,13960000,14318442600.0,63,6451,50625000,8225000,5155624750.0,0.827,0.399,2026-05-27
ASIANPAINT,93,16741,2491250,648500,11897223775.0,94,8018,1687250,425250,5200406350.0,0.677,0.479,2026-05-27
ASTRAL,67,5951,1312825,-97325,4210132853.75,67,3038,925225,121125,1971039032.5,0.705,0.511,2026-05-27
AUBANK,71,2200,2556000,360000,2351614750.0,71,1636,2394000,100000,1642361500.0,0.937,0.744,2026-05-27
AUROPHARMA,55,5169,3113000,287100,4383611732.5,55,2620,1834250,322850,2089994720.0,0.589,0.507,2026-05-27
AXISBANK,91,18495,6750625,1971875,15856753218.75,91,14951,5706250,1641875,11989636812.5,0.845,0.808,2026-05-27
BAJAJ-AUTO,76,44672,1070400,243900,37146365801.25,76,12999,574275,193275,9931214381.25,0.537,0.291,2026-05-27
BAJAJFINSV,68,7613,1837500,419250,3644722550.0,68,5319,2025900,408300,2352963000.0,1.103,0.699,2026-05-27
BAJAJHLDNG,79,461,28950,11500,257723855.0,79,329,25900,13450,177743660.0,0.895,0.714,2026-05-27
BAJFINANCE,69,14081,9395250,1426500,10423142587.5,70,8779,8339250,1134000,6025673625.0,0.888,0.623,2026-05-27
BANDHANBNK,64,8874,20624400,2170800,6975355716.0,64,2957,11833200,662400,2149245252.0,0.574,0.333,2026-05-27
BANKBARODA,80,5020,18848700,1968525,4209040631.25,78,3316,22244625,1289925,2621992961.25,1.18,0.661,2026-05-27
BANKINDIA,45,4249,12386400,2366000,3424885516.0,45,2264,10925200,2204800,1728861628.0,0.882,0.533,2026-05-27
BANKNIFTY,497,776359,11002350,1688310,1347569530333.5,497,674020,10790070,1626450,1093698591154.5,0.981,0.868,2026-05-27
BDL,60,10548,2104625,784625,5280510878.75,60,6523,1479150,501250,2991017036.25,0.703,0.618,2026-05-27
BEL,67,19331,28559850,3857475,12305735058.75,67,10058,22868400,2871375,5982647182.5,0.801,0.52,2026-05-27
BHARATFORG,67,3730,1191000,208500,3827505675.0,67,1759,924500,160000,1689630550.0,0.776,0.472,2026-05-27
BHARTIARTL,74,28058,8563300,1129550,26046341140.0,74,14542,4969450,975650,12765234977.5,0.58,0.518,2026-05-27
BHEL,117,13255,24420375,2294250,15505228068.75,118,5729,16419375,1879500,6227152575.0,0.672,0.432,2026-05-27
BIOCON,77,4438,10302500,520000,5102170500.0,77,1759,6720000,310000,1875451250.0,0.652,0.396,2026-05-27
BLUESTARCO,76,1707,628550,99125,976212266.25,76,1036,463125,69225,557396807.5,0.737,0.607,2026-05-27
BOSCHLTD,107,3883,114975,16625,3792149858.75,107,2580,70150,20800,2183708196.25,0.61,0.664,2026-05-27
BPCL,54,7304,9286450,1036875,4711383435.0,54,4610,6661675,448325,2761499312.5,0.717,0.631,2026-05-27
BRITANNIA,93,4454,516625,140000,3162529975.0,93,2432,466250,100750,1557802600.0,0.902,0.546,2026-05-27
BSE,63,27846,4984975,1021875,48043416225.0,64,27937,4525075,604325,44363796263.75,0.908,1.003,2026-05-27
CAMS,57,4404,1382325,532575,2757089418.75,59,1096,813000,212250,636427425.0,0.588,0.249,2026-05-27
CANBK,105,4388,40716000,4144500,4230114030.0,104,2909,44239500,2234250,2613843405.0,1.087,0.663,2026-05-27
CDSL,48,14970,4762825,626050,9395452001.25,48,5933,3649900,242725,3493249726.25,0.766,0.396,2026-05-27
CGPOWER,80,34497,4863700,2188750,28432101350.0,80,10456,3374500,1648150,7991891887.5,0.694,0.303,2026-05-27
CHOLAFIN,69,1914,1483750,131250,2036050031.25,69,955,1101875,105000,915823500.0,0.743,0.499,2026-05-27
CIPLA,107,8486,2536425,798375,4736307825.0,107,4999,1982625,543375,2569583100.0,0.782,0.589,2026-05-27
COALINDIA,85,177031,38276550,18273600,112757510025.0,85,129719,39916800,21324600,77587637332.5,1.043,0.733,2026-05-27
COCHINSHIP,69,1573,630000,150800,1027953320.0,69,549,404800,64000,342337280.0,0.643,0.349,2026-05-27
COFORGE,60,11574,4331250,512625,6520735087.5,60,6683,2643225,437275,3540126818.75,0.61,0.577,2026-05-27
COLPAL,74,5636,1481400,43200,2798126741.25,74,2735,992175,47300,1258159183.75,0.67,0.485,2026-05-27
CONCOR,78,8621,9530000,1576250,5454471187.5,78,4634,6312500,467500,2775037625.0,0.662,0.538,2026-05-27
CROMPTON,91,1839,5794200,622800,1031585850.0,91,603,2386800,325800,317864070.0,0.412,0.328,2026-05-27
CUMMINSIND,108,48449,1004600,657000,59506668190.0,108,21967,1112400,818000,24600104530.0,1.107,0.453,2026-05-27
DABUR,74,4531,5046250,1665000,2702878937.5,74,2270,3472500,962500,1215242687.5,0.688,0.501,2026-05-27
DALBHARAT,83,795,381550,43875,507258748.75,83,461,404950,2925,264437306.25,1.061,0.58,2026-05-27
DELHIVERY,66,1645,4751750,856975,1672851720.0,66,829,2328150,429525,793523367.5,0.49,0.504,2026-05-27
DIVISLAB,92,10076,590900,52000,7231306190.0,92,5693,369400,82400,3762313760.0,0.625,0.565,2026-05-27
DIXON,102,29586,944250,129250,18749104097.5,102,13445,746850,81950,7563562360.0,0.791,0.454,2026-05-27
DLF,86,11446,6161925,866250,5967443130.0,88,4073,4506400,524000,1999878288.75,0.731,0.356,2026-05-27
DMART,69,7861,781350,179850,5191142797.5,69,2976,562650,89550,1803969915.0,0.72,0.379,2026-05-27
DRREDDY,93,8864,3431250,881250,7764693312.5,93,3481,2346875,576875,2794486156.25,0.684,0.393,2026-05-27
EICHERMOT,103,11534,1063500,20600,9083963265.0,103,9253,860200,108000,6411077050.0,0.809,0.802,2026-05-27
ETERNAL,66,29354,29500125,6639650,19290824948.0,67,15566,27916600,3562325,9604175931.0,0.946,0.53,2026-05-27
EXIDEIND,111,43439,13899600,5988600,32241555090.0,111,16197,9664200,4249800,11068914240.0,0.695,0.373,2026-05-27
FEDERALBNK,82,5995,12007500,1865000,4561206625.0,81,3725,9837500,2097500,2727282750.0,0.819,0.621,2026-05-27
FINNIFTY,218,2828,55140,44940,4554940125.0,218,2933,71340,63420,4419024927.0,1.294,1.037,2026-05-27
FORCEMOT,35,1671,47675,6525,909776521.25,35,413,15150,3975,206222427.5,0.318,0.247,2026-05-27
FORTIS,61,3100,1643000,298375,2425685093.75,61,1734,953250,259625,1297848170.0,0.58,0.559,2026-05-27
GAIL,113,4110,18321650,833200,2312670340.5,113,2392,16771400,1562400,1258373970.0,0.915,0.582,2026-05-27
GLENMARK,86,3974,1770375,213000,3782910431.25,86,1872,1209000,99750,1650828131.25,0.683,0.471,2026-05-27
GMRAIRPORT,69,10203,39569175,17304975,7490586001.5,69,4097,24768225,9653400,2769204037.5,0.626,0.402,2026-05-27
GODFRYPHLP,91,1655,617100,61600,1138920626.25,91,621,226050,36300,394253750.0,0.366,0.375,2026-05-27
GODREJCP,83,3787,777500,153500,2062455925.0,83,1692,557000,101500,875017700.0,0.716,0.447,2026-05-27
GODREJPROP,75,7218,1602900,347800,3850550286.25,75,3010,1020575,184525,1439443252.5,0.637,0.417,2026-05-27
GRASIM,114,4086,952500,167500,3416505700.0,114,3755,960000,114750,2905713087.5,1.008,0.919,2026-05-27
GVT&D,46,1968,34000,34000,1356990243.75,46,285,24250,24250,166945193.75,0.713,0.145,2026-05-27
HAL,70,10692,1684350,184350,7590972637.5,70,4027,1284750,73050,2644292827.5,0.763,0.377,2026-05-27
HAVELLS,93,3865,1393000,173500,2470110150.0,93,983,947500,42500,589989875.0,0.68,0.254,2026-05-27
HCLTECH,95,12253,5248000,893250,5320127815.0,93,6914,4074850,810800,2765959317.5,0.776,0.564,2026-05-27
HDFCAMC,93,1548,561900,70800,1358180475.0,93,856,391500,72600,687601650.0,0.697,0.553,2026-05-27
HDFCBANK,106,211343,71123550,25261550,93124910587.5,107,96036,41959750,13375100,40206262977.5,0.59,0.454,2026-05-27
HDFCLIFE,92,7385,8482100,2040500,5286911190.0,92,4633,6598900,1785300,3049331780.0,0.778,0.627,2026-05-27
HEROMOTOCO,85,17848,1250700,89250,14429029470.0,85,7774,779700,149550,5777948212.5,0.623,0.436,2026-05-27
HINDALCO,72,43789,8091300,2247700,36777424670.0,72,24349,6122200,2386300,19207907390.0,0.757,0.556,2026-05-27
HINDPETRO,67,6654,9535725,888975,5754838995.0,67,3496,6688575,224775,2825115772.5,0.701,0.525,2026-05-27
HINDUNILVR,89,13251,4578300,776100,9249120495.0,89,7072,2717100,641400,4545066210.0,0.593,0.534,2026-05-27
HINDZINC,54,14067,11639950,1063300,11923947201.25,55,7009,8370425,989800,5498626201.25,0.719,0.498,2026-05-27
HYUNDAI,68,4194,466950,155375,2321908063.75,68,1595,430375,202400,825348493.75,0.922,0.38,2026-05-27
ICICIBANK,91,35800,15523200,2902900,33553487905.0,88,24471,14839300,1353100,21908603605.0,0.956,0.684,2026-05-27
ICICIGI,68,656,306475,39975,412728696.25,68,718,272025,100425,422619990.0,0.888,1.095,2026-05-27
ICICIPRULI,96,1295,1479075,340400,663814040.0,96,940,1264475,101750,450453308.75,0.855,0.726,2026-05-27
IDEA,31,14566,1361169900,135159225,16670403009.0,31,7336,621189225,79122825,7079186339.25,0.456,0.504,2026-05-27
IDFCFIRSTB,46,8962,64702400,11909100,6305348586.25,46,5503,63552300,10258150,3577464609.25,0.982,0.614,2026-05-27
IEX,95,5245,20296350,3481800,2698084710.0,96,1496,14085900,1353000,709287597.0,0.694,0.285,2026-05-27
INDHOTEL,93,3262,2967000,664000,2286489350.0,93,1334,2764000,273000,877743800.0,0.932,0.409,2026-05-27
INDIANB,69,2162,2513000,384000,1910489400.0,69,801,1962000,154000,666890200.0,0.781,0.37,2026-05-27
INDIGO,68,27167,1837950,376200,19696381987.5,68,19159,1610550,190650,12907867762.5,0.876,0.705,2026-05-27
INDUSINDBK,66,12035,2893100,739200,8255317560.0,66,8012,2718800,499100,5233895415.0,0.94,0.666,2026-05-27
INDUSTOWER,68,9106,16267300,1191700,7105761065.0,68,3957,16983000,1057400,2938271075.0,1.044,0.435,2026-05-27
INFY,97,35597,15289200,2467200,17607795920.0,97,23106,13472800,1743600,10611674740.0,0.881,0.649,2026-05-27
INOXWIND,82,5432,18113775,5973825,2040463997.0,82,3106,10828025,4972825,1087668725.0,0.598,0.572,2026-05-27
IOC,115,7316,31975125,2018250,5471977338.75,115,3980,30766125,1384500,2735822017.5,0.962,0.544,2026-05-27
IREDA,96,3622,16434675,3228750,1735874291.25,96,1834,13900625,2026450,804504695.0,0.846,0.506,2026-05-27
IRFC,81,3885,25411200,2822000,1757770760.0,81,1921,22150275,2290750,787599630.0,0.872,0.494,2026-05-27
ITC,91,41924,60133100,60133100,20756598735.0,91,24797,39062075,39062075,11558273808.75,0.65,0.591,2026-05-27
JINDALSTEL,85,11374,1548125,801875,9203716593.75,85,5086,1801875,641875,3913113937.5,1.164,0.447,2026-05-27
JIOFIN,78,11564,30893100,4314600,7020592828.5,78,5558,27415100,2267750,3184625130.5,0.887,0.481,2026-05-27
JSWENERGY,115,25807,5326300,1962225,16218007161.25,115,9068,3945300,1602225,5291898480.0,0.741,0.351,2026-05-27
JSWSTEEL,79,12739,2893050,959175,11826626771.25,79,5141,2029725,702000,4489342818.75,0.702,0.404,2026-05-27
JUBLFOOD,78,4015,7067500,816250,2310951812.5,78,2115,5300000,373750,1144334437.5,0.75,0.527,2026-05-27
KALYANKJIL,79,5250,6493275,1142275,2407337625.0,79,2310,3903050,464300,970843192.5,0.601,0.44,2026-05-27
KAYNES,96,16611,1257200,303400,5955337635.0,96,9034,833550,207950,2906363577.5,0.663,0.544,2026-05-27
KEI,77,4239,314475,57400,4213621020.0,77,1448,218750,68950,1339935808.75,0.696,0.342,2026-05-27
KFINTECH,84,3887,956000,355500,1763202000.0,84,1468,841725,216500,601451325.0,0.88,0.378,2026-05-27
KOTAKBANK,114,9683,21032000,4166000,7957388700.0,114,5816,17482000,3164000,4462560800.0,0.831,0.601,2026-05-27
KPITTECH,63,8487,2741600,545625,2958222286.25,63,3858,1808300,402475,1254474752.5,0.66,0.455,2026-05-27
LAURUSLABS,109,3830,3423800,311100,4699706907.5,109,3403,3609100,421600,3931129300.0,1.054,0.889,2026-05-27
LICHSGFIN,83,10583,4622000,1383000,6116471850.0,83,3218,3560000,365000,1775367150.0,0.77,0.304,2026-05-27
LICI,114,21566,6162800,1720600,13278293875.0,114,15908,4704700,1638700,9216290545.0,0.763,0.738,2026-05-27
LODHA,76,8009,1159650,408150,3524163570.0,76,2044,884250,189900,848207295.0,0.763,0.255,2026-05-27
LT,112,19759,2785475,234850,14633772527.5,113,13471,3703000,318675,9338397976.25,1.329,0.682,2026-05-27
LTF,47,3865,9816750,1318500,2712126375.0,47,1758,8784000,992250,1119077887.5,0.895,0.455,2026-05-27
LTM,68,5134,771900,130800,3300514567.5,68,2305,555000,91350,1326473580.0,0.719,0.449,2026-05-27
LUPIN,97,5263,1497700,342550,5401073697.5,97,2576,1174700,237150,2414142098.75,0.784,0.489,2026-05-27
M&M,110,16686,3238000,428800,11011136020.0,110,9601,2712200,342600,5934260650.0,0.838,0.575,2026-05-27
MANAPPURAM,48,1317,7758000,303000,1377872250.0,48,777,3837000,330000,767406450.0,0.495,0.59,2026-05-27
MANKIND,103,1027,339300,18450,605511495.0,103,469,240000,32400,256342826.25,0.707,0.457,2026-05-27
MARICO,108,4150,2601600,1855200,4351312920.0,108,1271,1287600,624000,1248291180.0,0.495,0.306,2026-05-27
MARUTI,91,26325,677450,137950,18610842750.0,91,12516,500400,113000,8151016100.0,0.739,0.475,2026-05-27
MAXHEALTH,92,11808,5438475,896175,6592771237.5,92,5086,2133600,205800,2668039421.25,0.392,0.431,2026-05-27
MAZDOCK,105,4739,1100400,222600,2524128940.0,105,2310,819600,152200,1127245390.0,0.745,0.487,2026-05-27
MCX,52,14951,5269575,1230150,32797416063.75,53,11026,3385925,694875,21894564721.25,0.643,0.737,2026-05-27
MFSL,64,1656,464400,43200,1200174440.0,64,1162,352000,38800,791840700.0,0.758,0.702,2026-05-27
MIDCPNIFTY,436,46160,2517720,921480,85025846790.0,436,62978,3369960,1580640,107888017260.0,1.338,1.364,2026-05-27
MOTHERSON,132,13547,28087050,5122950,12336257079.0,133,4280,19784550,4065150,3542168391.0,0.704,0.316,2026-05-27
MOTILALOFS,63,4535,1344625,492125,3400832680.0,63,769,558000,138725,516494603.75,0.415,0.17,2026-05-27
MPHASIS,86,2163,581075,130350,1427894902.5,86,1568,474100,93225,978180266.25,0.816,0.725,2026-05-27
MUTHOOTFIN,58,3374,1196800,199925,3293106465.0,58,2476,790075,137775,2236680655.0,0.66,0.734,2026-05-27
NAM-INDIA,41,836,301250,90625,608385968.75,41,378,236875,65625,261258312.5,0.786,0.452,2026-05-27
NATIONALUM,75,29877,14193750,4003125,25685974593.75,75,13200,12063750,4927500,10547827031.25,0.85,0.442,2026-05-27
NAUKRI,81,15957,2567225,10125,6330837375.0,81,7378,2228950,278625,2633022806.25,0.868,0.462,2026-05-27
NBCC,75,5814,21359000,3438500,3988861240.0,75,1860,11914500,910000,1178575450.0,0.558,0.32,2026-05-27
NESTLEIND,93,2291,977000,137500,1712885725.0,94,1458,870000,116000,1041302475.0,0.89,0.636,2026-05-27
NHPC,65,7573,26906700,7750950,4106335269.0,65,3625,20774950,7686400,1808173248.0,0.772,0.479,2026-05-27
NIFTY,861,20021135,193223205,51326885,31804473077643.5,883,20048999,196614915,44666150,30735589978616.25,1.018,1.001,2026-05-27
NIFTYNXT50,595,52,450,425,97513337.5,595,5,150,125,9057250.0,0.333,0.096,2026-05-27
NMDC,66,13431,59251500,6149250,8880003405.0,66,4524,32042250,4313250,2729718765.0,0.541,0.337,2026-05-27
NTPC,100,38107,19078500,8655000,23726440275.0,100,14742,10401000,2610000,8731536300.0,0.545,0.387,2026-05-27
NUVAMA,57,1418,436000,154000,1168759125.0,57,284,231000,75000,207729200.0,0.53,0.2,2026-05-27
NYKAA,75,6849,27459375,5421875,6240200625.0,75,2476,9650000,2290625,2033270937.5,0.351,0.362,2026-05-27
OBEROIRLTY,57,787,354200,43400,496788005.0,57,523,280000,38850,301195807.5,0.791,0.665,2026-05-27
OFSS,111,31252,403975,144250,25129514986.25,111,8136,304900,116175,5825969613.75,0.755,0.26,2026-05-27
OIL,87,1620,2515800,392000,1189890450.0,87,1031,1629600,187600,703875480.0,0.648,0.636,2026-05-27
ONGC,104,44921,37480500,16447500,30183786787.5,104,23655,19203750,6156000,14908325062.5,0.512,0.527,2026-05-27
PAGEIND,122,4143,49230,4395,2671634664.75,122,954,21495,4245,537629110.5,0.437,0.23,2026-05-27
PATANJALI,75,3182,2903575,712975,1422813950.0,75,1268,2435400,380700,531303975.0,0.839,0.398,2026-05-27
PAYTM,85,9590,3801900,777200,8440915160.0,86,4518,2379450,416150,3713117152.5,0.626,0.471,2026-05-27
PERSISTENT,80,6321,553600,142800,3437827225.0,79,2641,360325,48000,1331459080.0,0.651,0.418,2026-05-27
PETRONET,88,1816,7149700,598500,1011132595.0,88,1597,7619000,406600,849675155.0,1.066,0.879,2026-05-27
PFC,65,6585,10073700,1589900,3948026095.0,65,2675,8420100,1034800,1483626495.0,0.836,0.406,2026-05-27
PGEL,53,15571,6756400,1862950,7766252992.5,53,10881,5777900,1614050,4722650212.5,0.855,0.699,2026-05-27
PHOENIXLTD,63,412,221200,32200,274559180.0,63,171,94850,17500,108819742.5,0.429,0.415,2026-05-27
PIDILITIND,99,1914,761000,189500,1486301800.0,99,555,406000,64500,408055775.0,0.534,0.29,2026-05-27
PIIND,117,4749,1272075,141225,2577212155.0,117,2224,574525,27125,1086105492.5,0.452,0.468,2026-05-27
PNB,89,4534,50216000,2984000,4116984480.0,89,3373,46656000,1432000,2823054560.0,0.929,0.744,2026-05-27
PNBHOUSING,64,1333,980200,128700,1005246157.5,64,326,438750,25350,230314175.0,0.448,0.245,2026-05-27
POLICYBZR,70,1430,805350,100450,958833540.0,70,596,519050,39900,374740362.5,0.645,0.417,2026-05-27
POLYCAB,71,7912,495625,35250,9892596887.5,75,5939,621375,104375,6881874362.5,1.254,0.751,2026-05-27
POWERGRID,102,17091,11272700,2506100,10192860840.0,102,5173,11071300,921500,2909123440.0,0.982,0.303,2026-05-27
POWERINDIA,52,32229,209800,-6950,31847292718.75,52,28308,261925,97025,23586041456.25,1.248,0.878,2026-05-27
PREMIERENE,65,11034,2224250,316175,6888587120.0,65,3440,1267875,389275,1991683045.0,0.57,0.312,2026-05-27
PRESTIGE,54,1004,316800,58050,684381150.0,54,380,280350,4500,235745865.0,0.885,0.378,2026-05-27
RADICO,49,392,17100,17100,228609247.5,49,56,5700,5700,29471287.5,0.333,0.143,2026-05-27
RBLBANK,48,5467,11398250,1501775,6414520603.75,48,2487,7747000,1539875,2654673062.5,0.68,0.455,2026-05-27
RECLTD,54,10144,16204825,2796325,5237613963.75,53,4895,13374900,1536150,2287407736.25,0.825,0.483,2026-05-27
RELIANCE,102,62959,35009500,4829500,45287147600.0,102,32634,27968500,1897000,22012196750.0,0.799,0.518,2026-05-27
RVNL,53,16021,19108350,6198775,6886278360.0,53,6895,12223050,2308725,2762254832.5,0.64,0.43,2026-05-27
SAIL,58,3671,6547100,6100600,3827293049.0,58,1772,3962100,3886900,1710422778.0,0.605,0.483,2026-05-27
SAMMAANCAP,28,12108,26307400,8423700,9613274575.0,28,6765,20416400,4966500,4884135048.0,0.776,0.559,2026-05-27
SBICARD,54,6760,6838400,920000,3572504120.0,54,3083,5333600,869600,1521499040.0,0.78,0.456,2026-05-27
SBILIFE,72,2423,885375,270375,1812833268.75,72,1825,673125,238125,1235662218.75,0.76,0.753,2026-05-27
SBIN,94,44163,37188750,4000500,34243353337.5,94,25659,29341500,1418250,18455797275.0,0.789,0.581,2026-05-27
SHREECEM,69,1751,27850,10825,1161973711.25,69,775,18375,5900,484832782.5,0.66,0.443,2026-05-27
SHRIRAMFIN,84,8007,5898750,891825,6749640397.5,84,3884,4060650,195525,3040314626.25,0.688,0.485,2026-05-27
SIEMENS,65,64652,1258950,254100,45793412516.25,65,35873,1312675,433475,22930118960.0,1.043,0.555,2026-05-27
SOLARINDS,56,3561,152250,11800,3516843907.5,56,6615,108550,21800,4770033672.5,0.713,1.858,2026-05-27
SONACOMS,82,6386,2762375,937125,5077282000.0,82,2012,1762775,355250,1503085228.75,0.638,0.315,2026-05-27
SRF,102,3275,627600,63200,1872389500.0,102,1224,399400,71600,675750370.0,0.636,0.374,2026-05-27
SUNPHARMA,71,25475,5524750,1001350,17239287082.5,72,14607,4683700,447300,9339066292.5,0.848,0.573,2026-05-27
SUPREMEIND,62,1542,203875,96250,1035744832.5,62,684,148225,37975,426199130.0,0.727,0.444,2026-05-27
SUZLON,47,22658,99986525,17169450,12348868383.75,50,8937,60683575,12876150,4428125239.5,0.607,0.394,2026-05-27
SWIGGY,52,25932,7759450,2343125,9729882780.0,51,7246,4380250,2179325,2509945588.75,0.565,0.279,2026-05-27
TATACONSUM,91,9578,2691150,1549900,6711042387.5,91,2816,1490500,589050,1805061362.5,0.554,0.294,2026-05-27
TATAELXSI,66,4442,398750,74200,2041378370.0,66,1232,254950,25125,493283102.5,0.639,0.277,2026-05-27
TATAPOWER,73,29853,20031750,884500,19562371007.5,73,10256,14533350,1815400,6277832855.0,0.726,0.344,2026-05-27
TATASTEEL,62,57220,56289750,10766250,35391698320.0,63,26666,34047750,6844750,15422731170.0,0.605,0.466,2026-05-27
TCS,99,44319,9005050,1641225,18846642526.25,97,24072,7639075,634975,9639365496.25,0.848,0.543,2026-05-27
TECHM,59,7162,2872800,399600,6626088810.0,59,4345,2425200,437400,3702433230.0,0.844,0.607,2026-05-27
TIINDIA,143,8045,279000,149000,5382044730.0,143,2349,208600,106000,1471946560.0,0.748,0.292,2026-05-27
TITAN,72,10448,1681050,351050,8038672696.25,72,5264,1149050,137900,3699425642.5,0.684,0.504,2026-05-27
TMPV,58,80467,16335200,2168000,26738592040.0,58,40680,14935200,3852000,12598206120.0,0.914,0.506,2026-05-27
TORNTPHARM,74,5695,525375,5000,3347395175.0,74,2256,269875,-5125,1245388737.5,0.514,0.396,2026-05-27
TRENT,57,13758,1103150,104000,6175412800.0,57,6616,698200,64300,2779557967.5,0.633,0.481,2026-05-27
TVSMOTOR,131,10923,874475,257775,6900996567.5,131,5085,773850,131425,3078574651.25,0.885,0.466,2026-05-27
ULTRACEMCO,82,5921,234000,68400,3652917310.0,82,5141,173300,47350,2822001260.0,0.741,0.868,2026-05-27
UNIONBANK,56,4553,20894850,2261175,3614590543.5,56,2236,17602650,2871825,1675379605.5,0.842,0.491,2026-05-27
UNITDSPR,103,4090,1760800,189200,2226203700.0,103,1019,1489200,89600,526548900.0,0.846,0.249,2026-05-27
UNOMINDA,50,915,402600,122100,603027122.5,50,428,348700,109450,256968442.5,0.866,0.468,2026-05-27
UPL,104,1375,3848200,598910,1279726091.5,104,708,3039265,186990,625972873.0,0.79,0.515,2026-05-27
VBL,69,6164,6666750,726750,3929024981.25,69,2754,3196275,311625,1649453906.25,0.479,0.447,2026-05-27
VEDL,57,47384,19880050,2887650,20753120455.0,57,15716,13069750,2256300,6257282077.5,0.657,0.332,2026-05-27
VMM,92,276,1755700,640200,175360237.5,92,173,2070950,160050,102636767.0,1.18,0.627,2026-05-27
VOLTAS,69,5812,2546250,274500,2979339637.5,69,2968,2018250,253500,1392696393.75,0.793,0.511,2026-05-27
WAAREEENER,54,18665,1403150,321300,10815922197.5,54,5991,970725,215600,3228144727.5,0.692,0.321,2026-05-27
WIPRO,67,40650,142614000,15804000,24929909340.0,67,16249,90165000,6909000,8753019510.0,0.632,0.4,2026-05-27
YESBANK,28,8860,204109300,28176600,6857246153.0,29,3743,133356800,19406400,2527765704.0,0.653,0.422,2026-05-27
ZYDUSLIFE,91,3207,2945700,271800,3295685205.0,91,1685,2034900,374400,1619505315.0,0.691,0.525,2026-05-27
360ONE,39,731,481000,23000,434776150.0,41,329,289000,58500,181119925.0,0.601,0.45,2026-05-29
ABB,91,24024,892750,51875,23066604518.75,103,17533,616875,-10250,13925692031.25,0.691,0.73,2026-05-29
ABCAPITAL,51,3295,7306700,930000,3943598505.0,50,1388,5886900,399900,1566507190.0,0.806,0.421,2026-05-29
ADANIENSOL,54,7597,4916025,604125,8544352365.0,53,2735,2498850,-16875,2742072311.25,0.508,0.36,2026-05-29
ADANIENT,90,19156,6039096,480186,18599833354.050003,100,14187,4663737,208266,12248936052.75,0.772,0.741,2026-05-29
ADANIGREEN,73,12580,5827800,-34800,12087097770.0,79,5980,3717600,73800,5331805020.0,0.638,0.475,2026-05-29
ADANIPORTS,57,12810,4639325,499700,11603181131.25,58,7962,2539350,301625,6764086711.25,0.547,0.622,2026-05-29
ADANIPOWER,61,11014,29859050,2566650,10492311059.0,59,5664,22247850,1579750,4754057973.0,0.745,0.514,2026-05-29
ALKEM,91,36128,569500,316750,27035215781.25,92,14770,301000,99625,10254802418.75,0.529,0.409,2026-05-29
AMBER,59,31445,1524100,58700,26279583700.0,55,17044,1174600,42300,12488689180.0,0.771,0.542,2026-05-29
AMBUJACEM,58,7372,11119650,328800,3725060902.5,62,2965,8531400,60750,1423127400.0,0.767,0.402,2026-05-29
ANGELONE,48,5291,13472500,595000,4861292625.0,50,2787,9640000,185000,2364883500.0,0.716,0.527,2026-05-29
APLAPOLLO,71,3002,883400,109900,2068500910.0,71,1475,703850,87150,963135005.0,0.797,0.491,2026-05-29
APOLLOHOSP,93,9700,876250,143500,10583138875.0,97,6274,597750,109250,6385526068.75,0.682,0.647,2026-05-29
ASHOKLEY,63,47811,105995000,44800000,41302596500.0,66,20572,67345000,16720000,16069554750.0,0.635,0.43,2026-05-29
ASIANPAINT,78,129228,4194000,1702750,92207475300.0,87,52347,2757250,1070000,34669718962.5,0.657,0.405,2026-05-29
ASTRAL,57,4165,1479850,167025,2968113831.25,61,2802,1076950,151725,1858503962.5,0.728,0.673,2026-05-29
AUBANK,64,3154,3057000,501000,3338507850.0,64,2488,2628000,234000,2485892450.0,0.86,0.789,2026-05-29
AUROPHARMA,53,4244,3212000,99000,3571341977.5,50,2223,1965150,130900,1748504092.5,0.612,0.524,2026-05-29
AXISBANK,83,20851,7745000,994375,17717365312.5,86,16884,6578750,872500,13644540781.25,0.849,0.81,2026-05-29
BAJAJ-AUTO,72,39424,1324725,254325,32532677422.5,74,15213,685875,111600,11683560228.75,0.518,0.386,2026-05-29
BAJAJFINSV,66,9458,2469950,632450,4510473932.5,65,7071,2485250,459350,3088015892.5,1.006,0.748,2026-05-29
BAJAJHLDNG,69,356,32450,3500,198453692.5,69,292,31100,5200,145724572.5,0.958,0.82,2026-05-29
BAJFINANCE,64,24972,11647500,2252250,18255269062.5,67,16508,10148250,1809000,11398853250.0,0.871,0.661,2026-05-29
BANDHANBNK,58,10845,22960800,2336400,8730999396.0,54,4968,12920400,1087200,3695223852.0,0.563,0.458,2026-05-29
BANKBARODA,78,6961,21370050,2521350,5819528081.25,77,3947,23850450,1605825,3145627923.75,1.116,0.567,2026-05-29
BANKINDIA,45,2338,13546000,13546000,1839807060.0,46,1730,12844000,12844000,1266050708.0,0.948,0.74,2026-05-29
BANKNIFTY,498,1040050,12573630,1571280,1795760613682.5,498,946600,11867760,1077690,1532059895572.5,0.944,0.91,2026-05-29
BDL,67,57636,5615775,3511150,26137208286.25,64,36750,3263325,1784175,15599757492.5,0.581,0.638,2026-05-29
BEL,67,24156,34170075,5610225,15223755367.5,65,13861,26021925,3153525,8115118642.5,0.762,0.574,2026-05-29
BHARATFORG,64,3735,1306500,115500,3837654625.0,63,1462,1001500,77000,1410339275.0,0.767,0.391,2026-05-29
BHARTIARTL,69,45741,10568275,2004975,41811649398.75,70,28796,6271425,1301975,25121432658.75,0.593,0.63,2026-05-29
BHEL,89,11138,24908625,488250,12938856787.5,98,6375,16445625,26250,6966323962.5,0.66,0.572,2026-05-29
BIOCON,66,4905,11207500,905000,5632376375.0,64,2712,7430000,710000,2925990625.0,0.663,0.553,2026-05-29
BLUESTARCO,69,2457,753675,125125,1393146007.5,66,1255,528450,65325,648450887.5,0.701,0.511,2026-05-29
BOSCHLTD,114,40064,133675,18700,40451955496.25,122,14501,86150,16000,13033402703.75,0.644,0.362,2026-05-29
BPCL,48,7164,10923725,1637275,4597677550.0,51,4825,7453650,791975,2899286471.25,0.682,0.674,2026-05-29
BRITANNIA,88,8237,740500,223875,5767167500.0,84,6534,625500,159250,4231122112.5,0.845,0.793,2026-05-29
BSE,55,22427,5353675,368700,37915364313.75,54,22463,4627625,102550,34765167787.5,0.864,1.002,2026-05-29
CAMS,48,7109,1641900,259575,4496674406.25,51,1968,1016475,203475,1159991977.5,0.619,0.277,2026-05-29
CANBK,91,6214,46845000,6129000,5923017270.0,96,4426,47040750,2801250,4005582300.0,1.004,0.712,2026-05-29
CDSL,43,22672,5691450,928625,14441807446.25,46,8782,3860325,210425,5167223208.75,0.678,0.387,2026-05-29
CGPOWER,62,10922,5348200,484500,9121077830.0,61,4420,3307350,-67150,3411893157.5,0.618,0.405,2026-05-29
CHOLAFIN,63,2602,1722500,238750,2738320218.75,61,1520,1233750,131875,1460888093.75,0.716,0.584,2026-05-29
CIPLA,92,11835,3365000,828575,6612310095.0,95,6979,2509225,526600,3621621618.75,0.746,0.59,2026-05-29
COALINDIA,67,114142,42350850,4074300,75773120895.0,74,76547,40135500,218700,46740532950.0,0.948,0.671,2026-05-29
COCHINSHIP,57,2207,777200,147200,1415057540.0,55,1265,483600,78800,756518960.0,0.622,0.573,2026-05-29
COFORGE,48,43140,4737850,406600,24504272275.0,53,12835,2832375,189150,6890240038.75,0.598,0.298,2026-05-29
COLPAL,70,4838,1528425,47025,2391734598.75,70,2950,994725,2550,1348186636.25,0.651,0.61,2026-05-29
CONCOR,74,6592,10276250,746250,4142006250.0,71,2727,6227500,-85000,1616838875.0,0.606,0.414,2026-05-29
CROMPTON,78,4633,6847200,1053000,2576649330.0,72,1783,2829600,442800,944915360.0,0.413,0.385,2026-05-29
CUMMINSIND,76,30114,1117000,112400,38095784790.0,78,22949,1044800,-67600,26532781630.0,0.935,0.762,2026-05-29
DABUR,68,3890,5580000,533750,2313490437.5,67,2679,4216250,743750,1443731687.5,0.756,0.689,2026-05-29
DALBHARAT,68,501,412100,30550,311196973.75,68,666,446550,41600,380520123.75,1.084,1.329,2026-05-29
DELHIVERY,57,2326,5652300,900550,2344122623.75,55,1075,2936125,607975,1028857002.5,0.519,0.462,2026-05-29
DIVISLAB,81,9115,754100,163200,6517792235.0,84,5572,476500,107100,3685916300.0,0.632,0.611,2026-05-29
DIXON,77,19125,1001450,57200,12022242055.0,92,18239,761700,14850,9541446175.0,0.761,0.954,2026-05-29
DLF,76,16827,6231600,69675,8793292051.25,81,5967,4507075,675,2921139806.25,0.723,0.355,2026-05-29
DMART,63,9647,866250,84900,6433971855.0,56,3215,569400,6750,1958564767.5,0.657,0.333,2026-05-29
DRREDDY,87,6821,4050625,619375,5921468906.25,90,4184,3008750,661875,3393857218.75,0.743,0.613,2026-05-29
EICHERMOT,87,21758,1275500,212000,16869866515.0,91,22537,962600,102400,15506755430.0,0.755,1.036,2026-05-29
ETERNAL,61,15010,34066400,4566275,9851008605.75,65,10062,30193675,2277075,6261477070.0,0.886,0.67,2026-05-29
EXIDEIND,84,5799,13530600,-369000,4359635010.0,81,4300,9102600,-561600,2983614930.0,0.673,0.742,2026-05-29
FEDERALBNK,78,22756,16192500,4185000,17225260500.0,76,8814,11057500,1220000,6398576625.0,0.683,0.387,2026-05-29
FINNIFTY,246,2439,86040,30900,3890733570.0,246,3509,109140,37800,5215548027.0,1.268,1.439,2026-05-29
FORCEMOT,32,1923,50475,2800,1043254662.5,31,417,17550,2400,208153370.0,0.348,0.217,2026-05-29
FORTIS,57,3452,1930525,287525,2679579472.5,57,1753,978825,25575,1300638712.5,0.507,0.508,2026-05-29
GAIL,100,5173,20428700,2107050,2892931263.0,105,3792,17280950,509550,1986047088.5,0.846,0.733,2026-05-29
GLENMARK,97,14823,2287875,517500,14005975593.75,96,9629,1581750,372750,8570146350.0,0.691,0.65,2026-05-29
GMRAIRPORT,82,42451,69380325,29811150,32312060313.75,83,12020,31903650,7135425,8440575840.0,0.46,0.283,2026-05-29
GODFRYPHLP,70,3872,709225,92125,2667319173.75,67,577,245850,19800,366269681.25,0.347,0.149,2026-05-29
GODREJCP,73,2857,1011500,234000,1558270775.0,74,1211,725500,168500,616564200.0,0.717,0.424,2026-05-29
GODREJPROP,66,9160,1940025,337125,4889758742.5,68,5426,1220625,200050,2654449636.25,0.629,0.592,2026-05-29
GRASIM,93,5583,1047000,94500,4629212762.5,95,4756,973500,13500,3730592762.5,0.93,0.852,2026-05-29
GVT&D,36,3074,125000,91000,2131458112.5,37,875,74625,50375,537585325.0,0.597,0.285,2026-05-29
HAL,66,14034,1877550,193200,9783929587.5,64,10302,1437450,152700,6793573575.0,0.766,0.734,2026-05-29
HAVELLS,91,6386,2141500,748500,4063544875.0,90,3339,1427500,480000,1976712875.0,0.667,0.523,2026-05-29
HCLTECH,91,31056,6033950,785950,13520812870.0,91,15680,4343150,268300,6426113375.0,0.72,0.505,2026-05-29
HDFCAMC,82,5698,797100,235200,4995320340.0,82,1824,539700,148200,1468288950.0,0.677,0.32,2026-05-29
HDFCBANK,105,197274,86904100,15780550,85940102917.5,106,110475,50465050,8505300,45325194550.0,0.581,0.56,2026-05-29
HDFCLIFE,85,10074,10446700,1964600,7082030780.0,85,6456,8693300,2094400,4249475615.0,0.832,0.641,2026-05-29
HEROMOTOCO,77,22043,1656750,406050,17702877157.5,74,10596,981000,201300,7905681900.0,0.592,0.481,2026-05-29
HINDALCO,72,18817,8925000,833700,15885262295.0,72,16574,6614300,492100,13175574370.0,0.741,0.881,2026-05-29
HINDPETRO,60,5606,11747025,2211300,4861443318.75,62,3031,7462125,773550,2507299413.75,0.635,0.541,2026-05-29
HINDUNILVR,84,32022,5759700,1181400,21946941105.0,80,15319,3219600,502500,9950059095.0,0.559,0.478,2026-05-29
HINDZINC,50,10571,13034000,1394050,8918458150.0,47,6467,8679125,308700,5096726670.0,0.666,0.612,2026-05-29
HYUNDAI,64,9682,673750,206800,5482830292.5,67,3988,682275,251900,2100550127.5,1.013,0.412,2026-05-29
ICICIBANK,88,47837,18304300,2781100,44461117540.0,85,31580,16393300,1554000,28284959430.0,0.896,0.66,2026-05-29
ICICIGI,62,1464,381875,75400,917915813.75,62,1067,319150,47125,630453720.0,0.836,0.729,2026-05-29
ICICIPRULI,82,3548,2243125,764050,1795755225.0,84,1965,1573425,308950,932705666.25,0.701,0.554,2026-05-29
IDEA,28,22746,1455445425,94275525,25948950147.0,28,9922,677440050,56250825,9623929347.75,0.465,0.436,2026-05-29
IDFCFIRSTB,48,13082,75952975,11250575,9326672880.0,49,8986,67160275,3607975,5876112067.0,0.884,0.687,2026-05-29
IEX,87,9344,22702950,2406600,4843815739.5,91,1839,15661050,1575150,875598808.5,0.69,0.197,2026-05-29
INDHOTEL,81,3547,3180000,213000,2481306550.0,85,1906,3201000,437000,1236267600.0,1.007,0.537,2026-05-29
INDIANB,63,5376,3029000,516000,4689868050.0,66,2405,2442000,480000,1992640000.0,0.806,0.447,2026-05-29
INDIGO,59,36480,2254500,416550,26410213485.0,67,32053,1931700,321150,21294319935.0,0.857,0.879,2026-05-29
INDUSINDBK,60,8658,3424400,531300,5875963765.0,61,5335,3283700,564900,3491078325.0,0.959,0.616,2026-05-29
INDUSTOWER,58,22231,17574600,1307300,17546454460.0,62,9099,18472200,1489200,6836884730.0,1.051,0.409,2026-05-29
INFY,92,147187,19060400,3771200,74072479280.0,93,83747,14901200,1428400,39454393200.0,0.782,0.569,2026-05-29
INOXWIND,67,7519,24273325,6159550,2800097861.25,69,4924,16474275,5646250,1674886984.0,0.679,0.655,2026-05-29
IOC,102,6759,35699625,3724500,4995486551.25,104,4914,34505250,3739125,3413160708.75,0.967,0.727,2026-05-29
IREDA,84,11188,26102150,9667475,5405947829.0,91,3765,17283950,3383325,1683651693.5,0.662,0.337,2026-05-29
IRFC,74,5315,28676550,3265350,2377675845.0,76,1995,24474300,2324025,828590312.5,0.853,0.375,2026-05-29
ITC,125,35749,69840400,9707300,17467060448.75,124,15576,43352225,4290150,7284457813.75,0.621,0.436,2026-05-29
JINDALSTEL,83,3683,1805000,256875,2964482937.5,81,2233,1870625,68750,1705336750.0,1.036,0.606,2026-05-29
JIOFIN,67,12437,34843450,3950350,7556349870.5,73,5457,29027200,1612100,3048592020.0,0.833,0.439,2026-05-29
JSWENERGY,81,18374,6181300,855000,11723514537.5,84,5518,4177600,232300,3326179948.75,0.676,0.3,2026-05-29
JSWSTEEL,76,5903,3610575,717525,5480378831.25,76,4496,2486025,456300,3812004585.0,0.689,0.762,2026-05-29
JUBLFOOD,69,15474,6993750,-73750,8922084375.0,70,5838,5402500,102500,3167920375.0,0.772,0.377,2026-05-29
KALYANKJIL,65,22580,9191425,2698150,10377953671.25,66,7270,4729175,826125,3121618698.75,0.515,0.322,2026-05-29
KAYNES,69,41140,1435100,177900,18001821617.5,67,7304,876300,42750,2322689997.5,0.611,0.178,2026-05-29
KEI,61,2694,340025,25550,2657668378.75,65,4897,242725,23975,3830298762.5,0.714,1.818,2026-05-29
KFINTECH,67,7122,1179575,223575,3273897427.5,69,2173,949300,107575,922577966.25,0.805,0.305,2026-05-29
KOTAKBANK,94,16888,25518000,4486000,13782558000.0,102,8584,19856000,2374000,6633041500.0,0.778,0.508,2026-05-29
KPITTECH,54,12188,2636625,-104975,4320651235.0,51,3968,1931550,123250,1294609011.25,0.733,0.326,2026-05-29
LAURUSLABS,83,3934,3678800,255000,4833407700.0,85,3373,3711950,102850,3876392445.0,1.009,0.857,2026-05-29
LICHSGFIN,72,8417,5758000,1136000,4835677950.0,72,3922,4189000,629000,2157247900.0,0.728,0.466,2026-05-29
LICI,97,8582,13717200,13717200,5238111060.0,102,5314,10143000,10143000,3003898170.0,0.739,0.619,2026-05-29
LODHA,70,20504,1603350,443700,9328401900.0,68,6245,1069800,185550,2661551916.25,0.667,0.305,2026-05-29
LT,103,43363,3118675,333200,32290547222.5,109,33303,3432625,-270375,22833723858.75,1.101,0.768,2026-05-29
LTF,44,5589,9983250,166500,3803636587.5,45,2630,9301500,517500,1669633312.5,0.932,0.471,2026-05-29
LTM,61,23601,730950,-40950,15398895435.0,60,5360,573300,18300,3229493430.0,0.784,0.227,2026-05-29
LUPIN,83,4060,1756950,259250,4196924746.25,84,2032,1374025,199325,1903650458.75,0.782,0.5,2026-05-29
M&M,101,28558,3967000,729000,18638682320.0,99,16611,3182400,470200,10390535300.0,0.802,0.582,2026-05-29
MANAPPURAM,42,1567,7881000,123000,1645148400.0,45,846,4275000,438000,836817300.0,0.542,0.54,2026-05-29
MANKIND,81,3875,454575,115275,2247650836.25,79,1071,258225,18225,575456492.5,0.568,0.276,2026-05-29
MARICO,96,3692,3468000,866400,3884020860.0,93,1937,1860000,572400,1930614600.0,0.536,0.525,2026-05-29
MARUTI,86,35826,887750,210300,25299859425.0,88,17924,581850,81450,11819044322.5,0.655,0.5,2026-05-29
MAXHEALTH,77,14400,6256950,818475,7914749823.75,74,8052,2827650,694050,4171700347.5,0.452,0.559,2026-05-29
MAZDOCK,83,26297,1658850,558450,13932610327.5,87,5228,948250,128650,2613559447.5,0.572,0.199,2026-05-29
MCX,58,37509,8694550,3424975,78484879430.0,57,29460,5053150,1667225,55141055533.75,0.581,0.785,2026-05-29
MFSL,56,1440,494800,30400,1027540820.0,57,806,354000,2000,540954020.0,0.715,0.56,2026-05-29
MIDCPNIFTY,465,52059,3316320,798600,95315817006.0,465,59358,4213440,843480,102303398148.0,1.271,1.14,2026-05-29
MOTHERSON,118,11365,31943100,3856050,10604747026.5,126,3797,24126450,4341900,3254913945.0,0.755,0.334,2026-05-29
MOTILALOFS,48,1538,1415150,70525,1145801850.0,50,584,663400,105400,391148235.0,0.469,0.38,2026-05-29
MPHASIS,79,7103,718025,136950,4712300615.0,83,2287,538175,64075,1447515011.25,0.75,0.322,2026-05-29
MUTHOOTFIN,52,8067,1445400,248600,7813411842.5,52,3585,879725,89650,3212891261.25,0.609,0.444,2026-05-29
NAM-INDIA,34,4708,766250,465000,3415303562.5,34,1188,422500,185625,809324093.75,0.551,0.252,2026-05-29
NATIONALUM,64,15639,16063125,1869375,13502589750.0,63,10220,14107500,2043750,8159445187.5,0.878,0.653,2026-05-29
NAUKRI,71,8580,2565150,-2075,3435558897.5,78,4671,2117750,-111200,1710687956.25,0.826,0.544,2026-05-29
NBCC,61,6628,22477000,1118000,4653226890.0,62,2323,12129000,214500,1508047645.0,0.54,0.35,2026-05-29
NESTLEIND,88,3275,1192000,215000,2451727100.0,86,1631,1041500,171500,1165843075.0,0.874,0.498,2026-05-29
NHPC,59,5898,31331300,4424600,3202916373.0,58,2560,21168100,393150,1295640336.0,0.676,0.434,2026-05-29
NIFTY,902,46016037,296241825,103018620,72715374280971.5,924,55665225,220550835,23935920,85490336438464.75,0.744,1.21,2026-05-29
NIFTYNXT50,623,49,700,250,92431341.25,623,19,300,150,34938995.0,0.429,0.388,2026-05-29
NMDC,76,14910,80453250,21201750,9810358200.0,76,7599,39298500,7256250,4645958580.0,0.488,0.51,2026-05-29
NTPC,97,27588,24751500,5673000,16962753300.0,97,13654,13266000,2865000,8039303475.0,0.536,0.495,2026-05-29
NUVAMA,42,2327,510500,74500,1954640025.0,39,582,280500,49500,440420900.0,0.549,0.25,2026-05-29
NYKAA,72,5826,28506250,1046875,5241768437.5,68,2114,10140625,490625,1728159843.75,0.356,0.363,2026-05-29
OBEROIRLTY,49,2192,446950,92750,1367750667.5,53,646,311150,31150,379774307.5,0.696,0.295,2026-05-29
OFSS,67,16087,463700,59725,13146453147.5,74,7383,320400,15500,5302027667.5,0.691,0.459,2026-05-29
OIL,71,1583,2842000,326200,1147205430.0,70,1361,1810200,180600,919335060.0,0.637,0.86,2026-05-29
ONGC,84,35828,47637000,10156500,23495274900.0,78,14565,22245750,3042000,8881865550.0,0.467,0.407,2026-05-29
PAGEIND,96,3648,45495,-3735,2230165534.5,85,1126,23160,1665,631183561.5,0.509,0.309,2026-05-29
PATANJALI,68,4720,3724350,820775,2100975080.0,71,2230,2900700,465300,917728245.0,0.779,0.472,2026-05-29
PAYTM,75,5064,4107125,305225,4438051576.25,74,2677,2419325,39875,2188561415.0,0.589,0.529,2026-05-29
PERSISTENT,66,28274,642050,88450,15631395785.0,74,8649,427150,66825,4436194093.75,0.665,0.306,2026-05-29
PETRONET,79,2558,7776700,627000,1417491200.0,79,1923,7837500,218500,1030088610.0,1.008,0.752,2026-05-29
PFC,63,9212,10632700,559000,5445338145.0,61,5224,8983000,562900,2984556575.0,0.845,0.567,2026-05-29
PGEL,48,41597,6915050,158650,20700788895.0,47,28423,6305150,527250,12725455200.0,0.912,0.683,2026-05-29
PHOENIXLTD,56,1219,257950,36750,799083372.5,56,834,152600,57750,523556915.0,0.592,0.684,2026-05-29
PIDILITIND,83,2318,819500,58500,1791334450.0,86,1001,516000,110000,735322750.0,0.63,0.432,2026-05-29
PIIND,99,4051,1364650,92575,2151736685.0,102,1998,599375,24850,972185243.75,0.439,0.493,2026-05-29
PNB,79,5960,53928000,3712000,5404641840.0,82,4213,48456000,1800000,3588894080.0,0.899,0.707,2026-05-29
PNBHOUSING,82,3225,1219400,239200,2359251180.0,81,2811,765050,326300,1913279095.0,0.627,0.872,2026-05-29
POLICYBZR,71,7271,1538950,733600,4662262902.5,70,7032,1186150,667100,4253273587.5,0.771,0.967,2026-05-29
POLYCAB,58,7454,542250,46625,9358554662.5,63,5943,634375,13000,7018343618.75,1.17,0.797,2026-05-29
POWERGRID,87,21908,17502800,6230100,12967684680.0,84,9769,12914300,1843000,5559119275.0,0.738,0.446,2026-05-29
POWERINDIA,47,27629,217975,8175,27977948266.25,53,16790,274325,12400,14953726821.25,1.259,0.608,2026-05-29
PREMIERENE,60,9717,2762250,538000,6223373573.75,63,3231,1502475,234600,1895132351.25,0.544,0.333,2026-05-29
PRESTIGE,47,2468,599400,282600,1671128617.5,45,858,429300,148950,543680325.0,0.716,0.348,2026-05-29
RADICO,49,1661,45450,28350,942771930.0,47,187,15300,9600,99083085.0,0.337,0.113,2026-05-29
RBLBANK,41,3775,12715875,1317625,4405315198.75,44,1724,8045450,298450,1849237157.5,0.633,0.457,2026-05-29
RECLTD,54,14904,17752525,1547700,7582693825.0,50,8394,13593125,218225,3994856652.5,0.766,0.563,2026-05-29
RELIANCE,99,146359,47802000,12792500,103560016850.0,101,78185,33949500,5981000,52296581100.0,0.71,0.534,2026-05-29
RVNL,50,14407,21117250,2008900,6031561160.0,51,5453,12853000,629950,2115344127.5,0.609,0.378,2026-05-29
SAIL,43,1396,7957100,1410000,1432282606.0,45,379,4356900,394800,355073391.0,0.548,0.271,2026-05-29
SAMMAANCAP,25,8008,26638500,331100,6544209216.0,28,3120,21422600,1006200,2272712927.0,0.804,0.39,2026-05-29
SBICARD,52,9809,7899200,1060800,5114869720.0,52,4943,5662400,328800,2407222280.0,0.717,0.504,2026-05-29
SBILIFE,68,4350,1145250,259875,3176634112.5,67,3450,1045125,372000,2337963056.25,0.913,0.793,2026-05-29
SBIN,89,49776,39137250,1948500,38355229837.5,86,30994,30260250,918750,22392629962.5,0.773,0.623,2026-05-29
SHREECEM,62,1964,31775,3925,1371091543.75,63,542,16350,-2025,344286975.0,0.515,0.276,2026-05-29
SHRIRAMFIN,76,6616,6482025,583275,5584293948.75,79,4048,4552350,491700,3165010901.25,0.702,0.612,2026-05-29
SIEMENS,49,35050,1475950,217000,25205332608.75,54,21487,1237775,-74900,14108953337.5,0.839,0.613,2026-05-29
SOLARINDS,49,4068,165700,13450,4028341527.5,49,6014,121800,13250,4880045092.5,0.735,1.478,2026-05-29
SONACOMS,70,2533,2755025,-7350,2016578217.5,73,1149,1956325,193550,865185466.25,0.71,0.454,2026-05-29
SRF,84,3743,672400,44800,2118007650.0,89,1194,444000,44600,649474670.0,0.66,0.319,2026-05-29
SUNPHARMA,68,28058,6566000,1041250,18807454365.0,68,18984,5201350,517650,12169696647.5,0.792,0.677,2026-05-29
SUPREMEIND,58,1049,218050,14175,697877810.0,58,1083,179025,30800,607505272.5,0.821,1.032,2026-05-29
SUZLON,37,18219,116641175,16654650,10152878396.0,41,6867,63182700,2499125,3443321563.25,0.542,0.377,2026-05-29
SWIGGY,49,9944,9491800,1732350,3721224810.0,49,5365,4426100,45850,1856839000.0,0.466,0.54,2026-05-29
TATACONSUM,79,7743,3364350,673200,5413504497.5,79,2924,2042700,552200,1860196690.0,0.607,0.378,2026-05-29
TATAELXSI,59,6014,410225,11475,2767687618.75,63,1537,281750,26800,652229473.75,0.687,0.256,2026-05-29
TATAPOWER,64,22170,21212050,1180300,14443483205.0,67,8921,14787100,253750,5481214092.5,0.697,0.402,2026-05-29
TATASTEEL,58,33889,69225750,12936000,20756676160.0,60,18528,40584500,6536750,10657356325.0,0.586,0.547,2026-05-29
TCS,97,115300,9718275,713225,49063767357.5,94,64125,8253600,614525,25874368925.0,0.849,0.556,2026-05-29
TECHM,54,16516,3616800,744000,15447873600.0,55,7703,2769000,343800,6644315340.0,0.766,0.466,2026-05-29
TIINDIA,87,2115,318400,39400,1432257810.0,94,935,219400,10800,599250750.0,0.689,0.442,2026-05-29
TITAN,63,18163,2158625,477575,13803510420.0,63,11366,1384075,235025,7935896150.0,0.641,0.626,2026-05-29
TMPV,55,52902,20196000,3860800,18014776440.0,58,29200,15278400,343200,9260135120.0,0.757,0.552,2026-05-29
TORNTPHARM,61,7956,577375,52000,4688781500.0,65,4555,316500,46625,2553939756.25,0.548,0.573,2026-05-29
TRENT,51,32562,1272300,169150,14709342025.0,52,8589,761900,63700,3671803785.0,0.599,0.264,2026-05-29
TVSMOTOR,110,10479,976675,102200,6618873852.5,111,5755,872200,98350,3488880972.5,0.893,0.549,2026-05-29
ULTRACEMCO,76,14487,304450,70450,8938260125.0,74,5826,237750,64450,3310736312.5,0.781,0.402,2026-05-29
UNIONBANK,50,5258,22213500,1318650,4193064377.25,53,3786,18691200,1088550,2796168297.0,0.841,0.72,2026-05-29
UNITDSPR,89,3301,1944000,183200,1792217800.0,89,1283,1585200,96000,665029660.0,0.815,0.389,2026-05-29
UNOMINDA,42,1301,523600,121000,861902800.0,41,536,404800,56100,326628032.5,0.773,0.412,2026-05-29
UPL,84,1829,3970150,121950,1693039234.75,89,1176,2962030,-77235,1050505958.25,0.746,0.643,2026-05-29
VBL,62,12191,7266375,599625,7777535850.0,62,4404,3672450,476175,2687321043.75,0.505,0.361,2026-05-29
VEDL,54,31022,20219300,339250,13597277827.5,53,16594,13583800,514050,6666770397.5,0.672,0.535,2026-05-29
VMM,71,580,2512300,756600,364653118.5,73,352,2361950,291000,208111075.0,0.94,0.607,2026-05-29
VOLTAS,61,5780,2859375,313125,2935328718.75,58,2374,2124000,105750,1105113131.25,0.743,0.411,2026-05-29
WAAREEENER,44,22451,1690850,287700,13132685615.0,44,7894,1188600,217875,4263463452.5,0.703,0.352,2026-05-29
WIPRO,62,162168,163230000,20616000,102507973740.0,62,45912,99996000,9831000,25540443930.0,0.613,0.283,2026-05-29
YESBANK,25,19655,245254600,41145300,15371927309.0,27,10709,169339500,35982700,7515620091.0,0.69,0.545,2026-05-29
ZYDUSLIFE,72,11561,3698100,752400,12058110225.0,71,4632,2493900,459000,4496518125.0,0.674,0.401,2026-05-29
360ONE,39,966,566000,85000,567206125.0,41,392,313500,24500,213291850.0,0.554,0.406,2026-06-01
ABB,95,10283,936125,43375,9753857218.75,107,11470,607000,-9875,9376882962.5,0.648,1.115,2026-06-01
ABCAPITAL,51,4115,9073700,1767000,4873504730.0,50,2715,6438700,551800,3002392470.0,0.71,0.66,2026-06-01
ADANIENSOL,56,4617,5480325,564300,5222969673.75,56,1811,2606850,108000,1785543986.25,0.476,0.392,2026-06-01
ADANIENT,92,16376,6039714,618,15728486126.4,102,12935,4757055,93318,11256534595.949997,0.788,0.79,2026-06-01
ADANIGREEN,74,6932,6200400,372600,6548710560.0,80,4481,4047000,329400,3914314440.0,0.653,0.646,2026-06-01
ADANIPORTS,59,9402,4772800,133475,8464000513.75,60,6834,2803925,264575,5795746153.75,0.587,0.727,2026-06-01
ADANIPOWER,65,12643,32869450,3010400,11673062572.0,62,6191,23146000,898150,5179902554.0,0.704,0.49,2026-06-01
ALKEM,91,10004,676875,107375,7234924537.5,92,11579,333875,32875,7242773625.0,0.493,1.157,2026-06-01
AMBER,59,33685,1879300,355200,28919188645.0,55,15613,1253400,78800,11540646435.0,0.667,0.464,2026-06-01
AMBUJACEM,64,7704,12100650,981000,3824994337.5,66,2469,8743350,211950,1169904300.0,0.723,0.32,2026-06-01
ANGELONE,48,19497,22075000,8602500,18253529875.0,50,4641,10707500,1067500,3936571250.0,0.485,0.238,2026-06-01
APLAPOLLO,74,2468,941150,57750,1670551312.5,74,2523,754250,50400,1637747422.5,0.801,1.022,2026-06-01
APOLLOHOSP,95,11077,981000,104750,11971972887.5,99,6188,669875,72125,6225121856.25,0.683,0.559,2026-06-01
ASHOKLEY,64,31018,120545000,14550000,26236587400.0,66,16289,74000000,6655000,12156352200.0,0.614,0.525,2026-06-01
ASIANPAINT,78,87804,5002250,808250,62624529800.0,87,38261,3156000,398750,25564858375.0,0.631,0.436,2026-06-01
ASTRAL,62,2985,1538500,58650,2112174860.0,64,2191,1023400,-53550,1441319266.25,0.665,0.734,2026-06-01
AUBANK,70,3447,3505000,448000,3608797750.0,69,2342,2791000,163000,2307432550.0,0.796,0.679,2026-06-01
AUROPHARMA,53,5465,3326400,114400,4560138605.0,50,2455,1988250,23100,1933321775.0,0.598,0.449,2026-06-01
AXISBANK,88,17733,9338125,1593125,14938649125.0,89,12647,7418750,840000,9971694125.0,0.794,0.713,2026-06-01
BAJAJ-AUTO,77,32635,1640025,315300,26456084096.25,78,19009,906900,221025,14049156806.25,0.553,0.582,2026-06-01
BAJAJFINSV,67,12272,3207950,738000,5762402462.5,66,8536,2672850,187600,3748716877.5,0.833,0.696,2026-06-01
BAJAJHLDNG,72,444,39800,7350,245852385.0,72,372,32250,1150,178205942.5,0.81,0.838,2026-06-01
BAJFINANCE,68,18543,13436250,1788750,13290388200.0,70,12287,11470500,1322250,8279574750.0,0.854,0.663,2026-06-01
BANDHANBNK,59,6625,25830000,2869200,5332582116.0,55,2728,14076000,1155600,2028765024.0,0.545,0.412,2026-06-01
BANKBARODA,78,6738,23815350,2445300,5573108823.75,77,3602,24716250,865800,2823699498.75,1.038,0.535,2026-06-01
BANKINDIA,88,2095,14944800,1398800,1620105292.0,89,1523,14008800,1164800,1088574188.0,0.937,0.727,2026-06-01
BANKNIFTY,506,1161066,15554820,2981190,1997014642833.0,506,858737,12608460,740700,1374145337533.5,0.811,0.74,2026-06-01
BDL,69,32467,6037000,421225,14354165692.5,66,14578,3475075,211750,5845451942.5,0.576,0.449,2026-06-01
BEL,71,25279,39270150,5100075,15739614701.25,69,13659,27949950,1928025,7894325865.0,0.712,0.54,2026-06-01
BHARATFORG,66,3569,1623500,317000,3642223925.0,65,2421,1218000,216500,2330305450.0,0.75,0.678,2026-06-01
BHARTIARTL,70,25844,11728225,1159950,23599927502.5,71,15843,6920750,649325,13642992275.0,0.59,0.613,2026-06-01
BHEL,91,11691,25591125,682500,13467780637.5,100,8794,17432625,987000,9430877268.75,0.681,0.752,2026-06-01
BIOCON,67,5207,11802500,595000,5902876375.0,65,2923,8217500,787500,3123823625.0,0.696,0.561,2026-06-01
BLUESTARCO,77,3794,1041300,287625,2100948086.25,73,1369,603200,74750,686850612.5,0.579,0.361,2026-06-01
BOSCHLTD,114,7824,148800,15125,7816405112.5,122,4519,96725,10575,3952308326.25,0.65,0.578,2026-06-01
BPCL,50,5286,11520175,596450,3340544230.0,53,3856,8251550,797900,2238711973.75,0.716,0.729,2026-06-01
BRITANNIA,93,6934,900875,160375,4882985437.5,89,4616,704125,78625,2955515537.5,0.782,0.666,2026-06-01
BSE,57,31722,6258725,905050,52451133225.0,56,30135,4916750,289125,45800960135.0,0.786,0.95,2026-06-01
CAMS,50,3243,1763775,121875,2029870935.0,53,1448,983850,-32625,844533806.25,0.558,0.447,2026-06-01
CANBK,100,6447,51441750,4596750,6051307095.0,102,3605,50908500,3867750,3196282477.5,0.99,0.559,2026-06-01
CDSL,43,12320,6612000,920550,7809979165.0,46,5542,3907825,47500,3217864201.25,0.591,0.45,2026-06-01
CGPOWER,64,8717,5231750,-116450,7192446785.0,63,3776,3314150,6800,2894093557.5,0.633,0.433,2026-06-01
CHOLAFIN,68,3758,2244375,521875,3863447906.25,64,2331,1495000,261250,2195282312.5,0.666,0.62,2026-06-01
CIPLA,95,9783,3882075,517075,5475529483.75,98,4916,2809875,300650,2474647176.25,0.724,0.503,2026-06-01
COALINDIA,68,97491,41115600,-1235250,65189896807.5,75,62951,43918200,3782700,39274346947.5,1.068,0.646,2026-06-01
COCHINSHIP,64,1449,890000,112800,926139120.0,59,654,550000,66400,380107020.0,0.618,0.451,2026-06-01
COFORGE,66,56132,5547925,810075,32509091510.0,71,17910,3312750,480375,9779425247.5,0.597,0.319,2026-06-01
COLPAL,74,9373,1725050,196625,4708464052.5,74,5641,1103450,108725,2572600971.25,0.64,0.602,2026-06-01
CONCOR,78,8618,11233750,957500,5344130437.5,75,2863,6242500,15000,1688187437.5,0.556,0.332,2026-06-01
CROMPTON,84,4178,7763400,916200,2270752290.0,78,2739,3241050,411450,1396249475.0,0.417,0.656,2026-06-01
CUMMINSIND,80,11199,1311400,194400,13824600200.0,82,11626,932600,-112200,13208828990.0,0.711,1.038,2026-06-01
DABUR,71,9398,8217500,2637500,5455767500.0,69,9599,6202500,1986250,5144910250.0,0.755,1.021,2026-06-01
DALBHARAT,73,779,482950,70850,472630080.0,71,383,455325,8775,219472483.75,0.943,0.492,2026-06-01
DELHIVERY,62,4202,7301925,1649625,4199831332.5,59,2592,3747450,811325,2392719020.0,0.513,0.617,2026-06-01
DIVISLAB,89,8922,882600,128500,6316467060.0,90,6379,549300,72800,4082384475.0,0.622,0.715,2026-06-01
DIXON,81,22556,1064750,63300,14101321855.0,95,15770,799150,37450,8297899617.5,0.751,0.699,2026-06-01
DLF,78,10018,6691250,459650,5194276767.5,82,6377,4883650,376575,3123747616.25,0.73,0.637,2026-06-01
DMART,66,5754,907350,41100,3879974362.5,59,1853,598350,28950,1131065040.0,0.659,0.322,2026-06-01
DRREDDY,91,8230,4832500,781875,7105158687.5,93,3598,2974375,-34375,2856689000.0,0.615,0.437,2026-06-01
EICHERMOT,95,14993,1407000,131500,11496001615.0,99,12676,1027000,64400,8742184375.0,0.73,0.845,2026-06-01
ETERNAL,67,17312,36040350,1973950,11158739350.0,69,12199,31044850,851175,7511821862.5,0.861,0.705,2026-06-01
EXIDEIND,88,6887,14200200,669600,5136596460.0,85,2951,8906400,-196200,2052674280.0,0.627,0.428,2026-06-01
FEDERALBNK,78,9713,16915000,722500,7349102750.0,76,5113,12072500,1015000,3688034000.0,0.714,0.526,2026-06-01
FINNIFTY,253,2723,132780,46740,4318094208.0,253,3139,144780,35640,4512323694.0,1.09,1.153,2026-06-01
FORCEMOT,36,2526,65675,15200,1341279151.25,34,1135,26850,9300,541684572.5,0.409,0.449,2026-06-01
FORTIS,65,2191,2025850,95325,1681387881.25,64,1123,1053225,74400,812730448.75,0.52,0.513,2026-06-01
GAIL,109,5269,23246500,2817800,2893349005.5,113,3000,18569700,1288750,1555743621.5,0.799,0.569,2026-06-01
GLENMARK,97,25947,3219000,931125,23441956481.25,96,16447,1956375,374625,13901419237.5,0.608,0.634,2026-06-01
GMRAIRPORT,82,11334,72393525,3013200,8433042700.5,83,4734,32377950,474300,3277436157.0,0.447,0.418,2026-06-01
GODFRYPHLP,73,2003,694100,-15125,1364586863.75,69,1007,325875,80025,614240151.25,0.469,0.503,2026-06-01
GODREJCP,76,2929,1145500,134000,1576991650.0,76,2192,1123500,398000,1091157650.0,0.981,0.748,2026-06-01
GODREJPROP,67,7039,2049900,109875,3721531561.25,69,3767,1412675,192050,1800983283.75,0.689,0.535,2026-06-01
GRASIM,97,4110,1117250,70250,3357066325.0,99,4291,1041000,67500,3318804287.5,0.932,1.044,2026-06-01
GVT&D,44,3018,201000,76000,2089457850.0,44,2433,130500,55875,1425432812.5,0.649,0.806,2026-06-01
HAL,69,13561,2111100,233550,9357651495.0,67,10759,1617000,179550,6955143682.5,0.766,0.793,2026-06-01
HAVELLS,98,5894,2784500,643000,3699234275.0,97,2562,1654000,226500,1501052925.0,0.594,0.435,2026-06-01
HCLTECH,94,45463,6445450,411500,20043423352.5,94,24754,4973900,630750,10220328947.5,0.772,0.544,2026-06-01
HDFCAMC,88,3615,991500,194400,3111816435.0,87,1999,675300,135600,1596681615.0,0.681,0.553,2026-06-01
HDFCBANK,113,129336,95797650,8893550,56033828272.5,112,61324,54593200,4128150,24870799932.5,0.57,0.474,2026-06-01
HDFCLIFE,93,12712,13730200,3283500,8811443740.0,92,8440,10950500,2257200,5452513550.0,0.798,0.664,2026-06-01
HEROMOTOCO,85,26296,2073150,416400,20697391920.0,81,12262,1209750,228750,8977753080.0,0.584,0.466,2026-06-01
HINDALCO,76,16413,9020200,95200,13787044390.0,76,9750,6807500,193200,7742904260.0,0.755,0.594,2026-06-01
HINDPETRO,63,5049,12208725,461700,4291081920.0,65,2735,8027100,564975,2195540336.25,0.657,0.542,2026-06-01
HINDUNILVR,88,37531,8386800,2627100,25432563270.0,85,14151,3848700,629100,8948173770.0,0.459,0.377,2026-06-01
HINDZINC,51,7186,14205100,1171100,6001595337.5,48,3756,8937600,258475,2904039390.0,0.629,0.523,2026-06-01
HYUNDAI,64,3777,780450,106700,2123097817.5,67,2721,701250,18975,1455281506.25,0.899,0.72,2026-06-01
ICICIBANK,92,50962,23820300,5516000,46822130180.0,88,24797,17289300,896000,21696590405.0,0.726,0.487,2026-06-01
ICICIGI,69,2021,579800,197925,1232358140.0,68,1079,358150,39000,618696910.0,0.618,0.534,2026-06-01
ICICIPRULI,92,3943,3527025,1283900,1948089543.75,92,2831,1880525,307100,1328383666.25,0.533,0.718,2026-06-01
IDEA,28,14974,1481462325,26016900,16785832989.75,28,7587,686803275,9363225,7373982832.5,0.464,0.507,2026-06-01
IDFCFIRSTB,48,5795,77761600,1808625,4096949568.25,49,4108,69979875,2819600,2688792356.25,0.9,0.709,2026-06-01
IEX,89,5988,24582000,1879050,3078798252.0,92,1342,15787200,126150,637182753.0,0.642,0.224,2026-06-01
INDHOTEL,90,3846,3517000,337000,2640792100.0,92,2275,3434000,233000,1481203850.0,0.976,0.592,2026-06-01
INDIANB,63,4666,3362000,333000,4056463150.0,66,1887,2670000,228000,1535786750.0,0.794,0.404,2026-06-01
INDIGO,65,70641,2937000,682500,51042159307.5,71,54683,1922250,-9450,36519235380.0,0.654,0.774,2026-06-01
INDUSINDBK,63,6361,3768800,344400,4247176465.0,63,4361,3636500,352800,2794525720.0,0.965,0.686,2026-06-01
INDUSTOWER,59,9113,18422900,848300,7157444380.0,64,4158,18322600,-149600,3094841245.0,0.995,0.456,2026-06-01
INFY,92,132348,22144800,3084400,67125618960.0,93,66418,15907600,1006400,31696646920.0,0.718,0.502,2026-06-01
INOXWIND,102,26863,44767850,20494525,9338057844.75,102,22958,22421450,5947175,7295822731.0,0.501,0.855,2026-06-01
IOC,112,4287,37942125,2242500,3112915016.25,110,2814,35065875,560625,1918753931.25,0.924,0.656,2026-06-01
IREDA,108,17321,38773975,12671825,8103005825.0,112,5515,21086325,3802375,2382702112.0,0.544,0.318,2026-06-01
IRFC,76,4791,33749325,5072775,2128402551.5,78,1723,24645925,171625,702052558.25,0.73,0.36,2026-06-01
ITC,130,69561,97012025,27171625,33586332887.5,129,26372,49212450,5860225,12055307963.75,0.507,0.379,2026-06-01
JINDALSTEL,85,2341,1961875,156875,1870104468.75,83,1213,1940625,70000,918552593.75,0.989,0.518,2026-06-01
JIOFIN,72,11498,37686950,2843500,6859806933.0,75,5478,31034100,2006900,3073652091.0,0.823,0.476,2026-06-01
JSWENERGY,83,9555,8268825,2087525,6199290802.5,85,3231,4002900,-174700,1913964636.25,0.484,0.338,2026-06-01
JSWSTEEL,81,7029,4184325,573750,6527068897.5,81,4594,3034125,548100,3925768207.5,0.725,0.654,2026-06-01
JUBLFOOD,70,7825,8046250,1052500,4477013312.5,71,3416,5470000,67500,1820373062.5,0.68,0.437,2026-06-01
KALYANKJIL,66,7586,10148225,956800,3443438738.75,67,3354,5023325,294150,1403207778.75,0.495,0.442,2026-06-01
KAYNES,74,48821,1830350,395250,20605197570.0,71,9686,1018200,141900,2999941965.0,0.556,0.198,2026-06-01
KEI,68,2038,383250,43225,1990995658.75,72,2617,300650,57925,2152717796.25,0.784,1.284,2026-06-01
KFINTECH,70,2403,1230575,51000,1101345500.0,72,723,946175,-3125,313876275.0,0.769,0.301,2026-06-01
KOTAKBANK,98,12334,26934000,1416000,10001405700.0,105,6981,21842000,1986000,5255404600.0,0.811,0.566,2026-06-01
KPITTECH,54,24533,3460325,823700,8777073195.0,51,4849,2052975,121425,1608360991.25,0.593,0.198,2026-06-01
LAURUSLABS,87,10194,4300150,621350,12554307857.5,89,5568,4611250,899300,6435819880.0,1.072,0.546,2026-06-01
LICHSGFIN,83,3706,5865000,107000,2102255350.0,81,1788,4303000,114000,959277200.0,0.734,0.482,2026-06-01
LICI,101,9514,15237600,1520400,5746360900.0,106,4842,10798200,655200,2730037520.0,0.709,0.509,2026-06-01
LODHA,82,9887,2757325,1153975,4478330465.0,84,3987,1140000,70200,1667524230.0,0.413,0.403,2026-06-01
LT,104,27246,3804675,686000,20141565535.0,111,16837,3613925,181300,11768669176.25,0.95,0.618,2026-06-01
LTF,51,7959,12831750,2848500,5300589600.0,51,4615,10914750,1613250,2869239262.5,0.851,0.58,2026-06-01
LTM,73,21499,774750,43800,14384951070.0,74,5368,644700,71400,3324884580.0,0.832,0.25,2026-06-01
LUPIN,85,3693,1834300,77350,3779602605.0,85,2456,1419925,45900,2326766667.5,0.774,0.665,2026-06-01
M&M,110,38992,5146200,1179200,24970793390.0,107,23861,3649000,466600,14446633770.0,0.709,0.612,2026-06-01
MANAPPURAM,42,2273,8313000,432000,2333860800.0,45,1420,4617000,342000,1368355800.0,0.555,0.625,2026-06-01
MANKIND,88,1784,511875,57300,1018647272.5,86,798,279225,21000,430863572.5,0.545,0.447,2026-06-01
MARICO,101,2474,3835200,367200,2553080400.0,98,1894,2166000,306000,1848259140.0,0.565,0.766,2026-06-01
MARUTI,91,48403,1175900,288150,33629174882.5,91,22209,659950,78100,14508533137.5,0.561,0.459,2026-06-01
MAXHEALTH,85,12749,7505925,1248975,6957633978.75,80,4811,3087000,259350,2424616267.5,0.411,0.377,2026-06-01
MAZDOCK,83,7990,1741075,82225,4191392638.75,87,3678,1007625,59375,1783967562.5,0.579,0.46,2026-06-01
MCX,58,26348,10467750,1773200,53797950077.5,57,12889,5570275,517125,22961169081.25,0.532,0.489,2026-06-01
MFSL,56,1061,512800,18000,751423080.0,57,770,392000,38000,503612820.0,0.764,0.726,2026-06-01
MIDCPNIFTY,473,81596,4045680,729360,147897242880.0,473,67953,4536840,323400,115379759142.0,1.121,0.833,2026-06-01
MOTHERSON,118,8697,36512550,4569450,8139721246.5,126,3341,24372450,246000,2889116188.5,0.668,0.384,2026-06-01
MOTILALOFS,51,1419,1453900,38750,1046104493.75,53,614,716100,52700,410776621.25,0.493,0.433,2026-06-01
MPHASIS,81,6566,760100,42075,4461123053.75,85,2157,582175,44000,1346536977.5,0.766,0.329,2026-06-01
MUTHOOTFIN,52,4988,1501225,55825,4811129097.5,52,2651,955625,75900,2356809633.75,0.637,0.531,2026-06-01
NAM-INDIA,38,1621,818750,52500,1176529218.75,38,504,433125,10625,338183593.75,0.529,0.311,2026-06-01
NATIONALUM,68,13606,17051250,988125,11747813156.25,66,6861,14626875,519375,5459402343.75,0.858,0.504,2026-06-01
NAUKRI,71,6427,2580700,15550,2565631056.25,78,2691,2158200,40450,985725843.75,0.836,0.419,2026-06-01
NBCC,83,13699,29042000,6565000,9786336235.0,85,4309,17218500,5089500,2851295785.0,0.593,0.315,2026-06-01
NESTLEIND,88,3561,1547500,355500,2631960475.0,86,2570,1245000,203500,1801448575.0,0.805,0.722,2026-06-01
NHPC,64,6077,36801850,5470550,3221427652.0,62,2378,22182600,1014500,1159099257.5,0.603,0.391,2026-06-01
NIFTY,902,72375501,347049760,50807935,112799148782212.77,924,83825768,240454820,19903985,127473409750349.0,0.693,1.158,2026-06-01
NIFTYNXT50,629,83,1275,575,151531750.0,629,16,175,-125,29313496.25,0.137,0.193,2026-06-01
NMDC,81,34506,80804250,351000,22471597800.0,81,10076,40938750,1640250,6091908750.0,0.507,0.292,2026-06-01
NTPC,108,27933,29832000,5080500,16881918450.0,108,15628,13602000,336000,8977272675.0,0.456,0.559,2026-06-01
NUVAMA,43,2213,570000,59500,1856932125.0,41,305,299500,19000,235953800.0,0.525,0.138,2026-06-01
NYKAA,74,5910,28321875,-184375,5314752968.75,70,1925,10443750,303125,1575804843.75,0.369,0.326,2026-06-01
OBEROIRLTY,51,1399,508900,61950,865499425.0,55,1343,372050,60900,787634382.5,0.731,0.96,2026-06-01
OFSS,72,13602,447125,-16575,11097188766.25,79,5179,330050,9650,3612575596.25,0.738,0.381,2026-06-01
OIL,76,2279,3129000,287000,1642364850.0,74,936,1894200,84000,634925130.0,0.605,0.411,2026-06-01
ONGC,93,19402,50492250,2855250,12631003762.5,87,5179,22770000,524250,3119832112.5,0.451,0.267,2026-06-01
PAGEIND,96,6182,78480,32985,3781140180.0,85,2211,26980,3820,1244442797.5,0.344,0.358,2026-06-01
PATANJALI,70,4224,3912625,188275,1846680813.75,73,2650,3263175,362475,1090319806.25,0.834,0.627,2026-06-01
PAYTM,75,6095,4887225,780100,5233131272.5,74,3663,2620150,200825,2963149856.25,0.536,0.601,2026-06-01
PERSISTENT,91,43463,792675,150625,24681489925.0,100,15894,629200,202050,8477625068.75,0.794,0.366,2026-06-01
PETRONET,89,6885,8738100,961400,3759372395.0,88,2255,8443600,606100,1193316660.0,0.966,0.328,2026-06-01
PFC,64,6121,11588200,955500,3601625560.0,62,3528,9395100,412100,1970076420.0,0.811,0.576,2026-06-01
PGEL,48,10072,7473650,558600,4985938960.0,47,6879,5785500,-519650,3050980100.0,0.774,0.683,2026-06-01
PHOENIXLTD,56,372,266350,8400,242208400.0,56,373,148400,-4200,232265267.5,0.557,1.003,2026-06-01
PIDILITIND,83,1653,893000,73500,1274904300.0,86,953,517000,1000,696660900.0,0.579,0.577,2026-06-01
PIIND,109,5115,1436225,71575,2702104256.25,110,2802,702275,102900,1331946131.25,0.489,0.548,2026-06-01
PNB,80,6362,60976000,7048000,5713598320.0,83,4695,51080000,2624000,3919249920.0,0.838,0.738,2026-06-01
PNBHOUSING,82,1257,1292850,73450,906989557.5,81,1237,811850,46800,841806842.5,0.628,0.984,2026-06-01
POLICYBZR,71,3368,1839250,300300,2117487522.5,70,1855,1224650,38500,1122543240.0,0.666,0.551,2026-06-01
POLYCAB,61,6251,571250,29000,7841715293.75,67,6083,626250,-8125,7024762075.0,1.096,0.973,2026-06-01
POWERGRID,96,12828,19739100,2236300,7496546805.0,92,4236,13034000,119700,2340182975.0,0.66,0.33,2026-06-01
POWERINDIA,59,26304,285525,67550,26510926332.5,62,34067,276600,2275,28721492266.25,0.969,1.295,2026-06-01
PREMIERENE,64,9686,2899100,136850,6188410475.0,67,3067,1416800,-85675,1821449608.75,0.489,0.317,2026-06-01
PRESTIGE,52,866,661500,62100,581482507.5,49,482,488250,58950,291771832.5,0.738,0.557,2026-06-01
RADICO,54,2356,52650,7200,1393933500.0,53,1699,19500,4200,754802370.0,0.37,0.721,2026-06-01
RBLBANK,42,3515,13512800,796925,4099717162.5,45,1414,8039100,-6350,1521722731.25,0.595,0.402,2026-06-01
RECLTD,54,8123,18744950,992425,4117572681.25,50,4584,14638225,1045100,2145339227.5,0.781,0.564,2026-06-01
RELIANCE,105,80965,52764000,4962000,57070514925.0,105,37592,35690000,1740500,24775018225.0,0.676,0.464,2026-06-01
RVNL,51,11224,25249800,4132550,4704776181.25,52,4427,13225400,372400,1686224350.25,0.524,0.394,2026-06-01
SAIL,44,1048,8469400,512300,1072802119.0,46,309,4610700,253800,298290623.0,0.544,0.295,2026-06-01
SAMMAANCAP,26,4229,27743600,1105100,3452676314.0,29,2843,20227200,-1195400,2048951032.0,0.729,0.672,2026-06-01
SBICARD,53,13047,9528800,1629600,6723947400.0,53,5539,6245600,583200,2674279200.0,0.655,0.425,2026-06-01
SBILIFE,71,3461,1331250,186000,2505834337.5,70,3685,1165125,120000,2505328125.0,0.875,1.065,2026-06-01
SBIN,90,53502,42740250,3603000,41225980275.0,87,32150,31728000,1467750,22835025675.0,0.742,0.601,2026-06-01
SHREECEM,62,1895,30625,-1150,1323617202.5,63,431,19450,3100,269666922.5,0.635,0.227,2026-06-01
SHRIRAMFIN,79,8201,7520700,1038675,6806762325.0,81,3410,4817175,264825,2640135506.25,0.641,0.416,2026-06-01
SIEMENS,53,18681,1598450,122500,13210627045.0,57,12064,1169175,-68600,7787893583.75,0.731,0.646,2026-06-01
SOLARINDS,53,3337,210300,44600,3327675630.0,53,5347,147950,26150,4144927680.0,0.704,1.602,2026-06-01
SONACOMS,75,1713,2894675,139650,1346615856.25,78,831,2000425,44100,625236998.75,0.691,0.485,2026-06-01
SRF,84,2141,711000,38600,1209445980.0,89,1051,464400,20400,565011520.0,0.653,0.491,2026-06-01
SUNPHARMA,71,23886,7351400,785400,15813594877.5,71,15401,5610500,409150,9624892270.0,0.763,0.645,2026-06-01
SUPREMEIND,62,1235,228200,10150,828024128.75,63,2464,198275,19250,1253076510.0,0.869,1.995,2026-06-01
SUZLON,47,18960,134110725,17469550,10353370664.5,48,12205,70599150,7416450,5983062094.25,0.526,0.644,2026-06-01
SWIGGY,49,6746,10643650,1151850,2493293483.75,49,2251,4591475,165375,758634720.0,0.431,0.334,2026-06-01
TATACONSUM,84,6559,3442450,78100,4510887507.5,82,2891,2174150,131450,1847490727.5,0.632,0.441,2026-06-01
TATAELXSI,62,10969,589150,178925,5083771645.0,65,2139,313500,31750,918974887.5,0.532,0.195,2026-06-01
TATAPOWER,65,16082,22950600,1738550,10389558560.0,68,6558,14908900,121800,4114906860.0,0.65,0.408,2026-06-01
TATASTEEL,60,31797,74995250,5769500,19211490512.5,62,16562,43078750,2494250,9346543002.5,0.574,0.521,2026-06-01
TCS,100,109159,10073050,354775,46733307686.25,97,59072,8596050,342450,23780400863.75,0.853,0.541,2026-06-01
TECHM,70,48999,5169600,1552800,47477480580.0,70,15051,4146600,1377600,13625302410.0,0.802,0.307,2026-06-01
TIINDIA,92,1467,300600,-17800,982821550.0,99,723,195600,-23800,452006600.0,0.651,0.493,2026-06-01
TITAN,66,11583,2285675,127050,8777451182.5,65,8889,1532650,148575,6164550455.0,0.671,0.767,2026-06-01
TMPV,57,39438,23505600,3309600,13232767800.0,60,20790,16306400,1028000,6419142960.0,0.694,0.527,2026-06-01
TORNTPHARM,68,4767,591250,13875,2819358887.5,69,2394,297500,-19000,1310683762.5,0.503,0.502,2026-06-01
TRENT,53,21422,1528700,256400,9539534115.0,53,10024,831550,69650,4242564617.5,0.544,0.468,2026-06-01
TVSMOTOR,112,11399,1116325,139650,7098591290.0,112,6484,963375,91175,3901525871.25,0.863,0.569,2026-06-01
ULTRACEMCO,79,10413,381000,76550,6352342785.0,76,6865,290300,52550,3690585327.5,0.762,0.659,2026-06-01
UNIONBANK,50,3945,24209175,1995675,3084440364.75,53,2526,19111575,420375,1859729663.25,0.789,0.64,2026-06-01
UNITDSPR,96,3515,2181600,237600,1887711520.0,95,1119,1640800,55600,564139420.0,0.752,0.318,2026-06-01
UNOMINDA,43,1160,562100,38500,759997122.5,42,768,448800,44000,455868242.5,0.798,0.662,2026-06-01
UPL,92,1027,4155785,185635,946621021.5,94,624,3023005,60975,523881414.25,0.727,0.608,2026-06-01
VBL,63,6511,7405875,139500,4101290437.5,63,3835,3868725,196275,2310556642.5,0.522,0.589,2026-06-01
VEDL,54,31027,26487950,6268650,13335272005.0,53,19935,15765350,2181550,7812514420.0,0.595,0.643,2026-06-01
VMM,73,716,2648100,135800,447846332.5,75,419,2502600,140650,244654709.5,0.945,0.585,2026-06-01
VOLTAS,64,6027,3157875,298500,3023244506.25,61,3004,2312250,188250,1404041568.75,0.732,0.498,2026-06-01
WAAREEENER,44,9666,1756475,65625,5624606627.5,44,3016,1169350,-19250,1645616507.5,0.666,0.312,2026-06-01
WIPRO,64,53957,154119000,-9111000,33994900350.0,65,21019,95127000,-4869000,11791703910.0,0.617,0.39,2026-06-01
YESBANK,26,19190,291624700,46370100,15025996411.0,28,8855,178887200,9547700,6220485782.0,0.613,0.461,2026-06-01
ZYDUSLIFE,73,6884,3874500,176400,7149938220.0,72,3522,2578500,84600,3387524085.0,0.666,0.512,2026-06-01
360ONE,44,1178,584500,18500,684470450.0,45,328,329500,16000,177279750.0,0.564,0.278,2026-06-02
ABB,101,12184,903000,-33125,11510344768.75,113,5893,600875,-6125,4832692412.5,0.665,0.484,2026-06-02
ABCAPITAL,53,2229,9737100,663400,2600244815.0,52,1292,7030800,592100,1372057365.0,0.722,0.58,2026-06-02
ADANIENSOL,57,7805,5896800,416475,8574738907.5,57,2085,2789100,182250,2072809541.25,0.473,0.267,2026-06-02
ADANIENT,94,28046,6367872,328158,26837428510.049995,104,16714,5075016,317961,14979929454.900002,0.797,0.596,2026-06-02
ADANIGREEN,79,9758,7163400,963000,9078850950.0,85,4671,4318800,271800,4070274210.0,0.603,0.479,2026-06-02
ADANIPORTS,60,19246,5253975,481175,17265934528.75,61,10317,2967325,163400,8687393037.5,0.565,0.536,2026-06-02
ADANIPOWER,73,14804,36256150,3386700,13401048963.5,70,4700,22915250,-230750,3801879919.5,0.632,0.317,2026-06-02
ALKEM,99,6651,784875,108000,4719245918.75,99,4199,344125,10250,2740635112.5,0.438,0.631,2026-06-02
AMBER,59,831,1849800,-29500,689815000.0,55,532,1229600,-23800,389264905.0,0.665,0.64,2026-06-02
AMBUJACEM,70,7313,12403200,302550,3605547202.5,70,1709,8656200,-87150,781031107.5,0.698,0.234,2026-06-02
ANGELONE,48,14361,17480000,-4595000,13346713625.0,50,4133,10972500,265000,3486304375.0,0.628,0.288,2026-06-02
APLAPOLLO,81,2027,1025150,84000,1356234740.0,81,1289,773500,19250,843989492.5,0.755,0.636,2026-06-02
APOLLOHOSP,100,10952,1090500,109500,11709223843.75,102,6585,698625,28750,6511945143.75,0.641,0.601,2026-06-02
ASHOKLEY,66,25372,130115000,9570000,20902484650.0,68,10277,76175000,2175000,7556245350.0,0.585,0.405,2026-06-02
ASIANPAINT,82,26185,5013000,10750,18332031200.0,89,12028,3081250,-74750,7742006462.5,0.615,0.459,2026-06-02
ASTRAL,66,3977,1640075,101575,2763147508.75,67,2840,1092250,68850,1845063273.75,0.666,0.714,2026-06-02
AUBANK,72,3370,3586000,81000,3492648250.0,72,1903,2886000,95000,1855067850.0,0.805,0.565,2026-06-02
AUROPHARMA,53,3679,3409450,83050,3099509435.0,50,1811,1959100,-29150,1423586587.5,0.575,0.492,2026-06-02
AXISBANK,88,29984,11793750,2455625,24982513531.25,89,17251,7873125,454375,13589666125.0,0.668,0.575,2026-06-02
BAJAJ-AUTO,78,27061,1574625,-65400,21869937386.25,79,14882,933450,26550,10976360655.0,0.593,0.55,2026-06-02
BAJAJFINSV,70,25289,4828900,1620950,11581240715.0,69,11595,3041650,368800,4991745472.5,0.63,0.458,2026-06-02
BAJAJHLDNG,74,447,44925,5125,245130025.0,75,312,35550,3300,147985532.5,0.791,0.698,2026-06-02
BAJFINANCE,73,37623,16092750,2656500,26195991187.5,73,24962,12991500,1521000,16394709487.5,0.807,0.663,2026-06-02
BANDHANBNK,59,5808,26870400,1040400,4612540068.0,55,3102,14072400,-3600,2315275128.0,0.524,0.534,2026-06-02
BANKBARODA,82,9569,25140375,1325025,7923105888.75,81,3677,25930125,1213875,2881157760.0,1.031,0.384,2026-06-02
BANKINDIA,92,2466,17576000,2631200,1889035252.0,93,1499,15392000,1383200,1079373412.0,0.876,0.608,2026-06-02
BANKNIFTY,512,1057691,16134870,580050,1794540973428.0,512,789246,13315980,707520,1253457854467.5,0.825,0.746,2026-06-02
BDL,69,15767,5199350,-837650,7099510287.5,66,6178,3235950,-239125,2466744126.25,0.622,0.392,2026-06-02
BEL,72,23742,41742525,2472375,14714486587.5,70,9755,28589775,639825,5651191755.0,0.685,0.411,2026-06-02
BHARATFORG,66,3186,1677500,54000,3212634525.0,65,2379,1248000,30000,2283061675.0,0.744,0.747,2026-06-02
BHARTIARTL,72,41972,12178050,449825,37765471837.5,72,21524,7469375,548625,18434842197.5,0.613,0.513,2026-06-02
BHEL,101,9803,24919125,-672000,11169092156.25,107,5083,18065250,632625,5386907400.0,0.725,0.519,2026-06-02
BIOCON,68,6119,12470000,667500,6832427250.0,66,4059,8420000,202500,4289568000.0,0.675,0.663,2026-06-02
BLUESTARCO,82,4319,1046175,4875,2421067967.5,78,1149,656500,53300,581716947.5,0.628,0.266,2026-06-02
BOSCHLTD,114,9958,140100,-8700,9876386738.75,122,4455,105650,8925,3934690997.5,0.754,0.447,2026-06-02
BPCL,52,6093,12288450,768275,3803253846.25,54,5388,9088950,837400,3096172345.0,0.74,0.884,2026-06-02
BRITANNIA,95,6408,975750,74875,4445242400.0,91,2962,751000,46875,1878347231.25,0.77,0.462,2026-06-02
BSE,59,39012,7790225,1531500,62673083655.0,58,34070,5297450,380700,50471307951.25,0.68,0.873,2026-06-02
CAMS,56,2584,1728675,-35100,1589144733.75,58,920,1065000,81150,528896377.5,0.616,0.356,2026-06-02
CANBK,105,7219,57118500,5676750,6653806087.5,104,4235,52683750,1775250,3710699302.5,0.922,0.587,2026-06-02
CDSL,48,13525,6430550,-181450,8627194815.0,49,5345,3979075,71250,3048465260.0,0.619,0.395,2026-06-02
CGPOWER,68,7309,5406850,175100,5966312902.5,67,2297,3476500,162350,1749431920.0,0.643,0.314,2026-06-02
CHOLAFIN,72,4658,2686250,441875,4654911781.25,68,5177,1930625,435625,4825451625.0,0.719,1.111,2026-06-02
CIPLA,96,8757,4072250,190175,4768664963.75,99,6413,2972775,162900,3278237533.75,0.73,0.732,2026-06-02
COALINDIA,71,51174,40417650,-697950,34196883075.0,78,37514,43810200,-108000,23440162185.0,1.084,0.733,2026-06-02
COCHINSHIP,69,2001,952800,62800,1248329640.0,63,1018,649600,99600,585491100.0,0.682,0.509,2026-06-02
COFORGE,71,67269,6328500,780575,40087870472.5,76,22822,4122325,809575,12698356460.0,0.651,0.339,2026-06-02
COLPAL,80,4522,1781775,56725,2243713225.0,80,2215,1126900,23450,993979998.75,0.632,0.49,2026-06-02
CONCOR,78,4512,11637500,403750,2781586062.5,75,1562,6482500,240000,913570875.0,0.557,0.346,2026-06-02
CROMPTON,90,4128,8372150,608750,2224528842.5,85,1205,3249300,8250,610835225.0,0.388,0.292,2026-06-02
CUMMINSIND,86,9834,1493200,181800,11953725490.0,88,4199,961000,28400,4709403440.0,0.644,0.427,2026-06-02
DABUR,81,4933,9045000,827500,2821535937.5,79,3709,6632500,430000,1968354250.0,0.733,0.752,2026-06-02
DALBHARAT,73,793,523575,40625,484138980.0,71,868,467350,12025,458322442.5,0.893,1.095,2026-06-02
DELHIVERY,68,4093,8190025,888100,4015541245.0,66,1539,3645775,-101675,1409189458.75,0.445,0.376,2026-06-02
DIVISLAB,93,11740,968000,85400,8191936680.0,92,5841,570300,21000,3764485110.0,0.589,0.498,2026-06-02
DIXON,83,27781,1086650,21900,17256299605.0,96,18830,819700,20550,10012866455.0,0.754,0.678,2026-06-02
DLF,83,9377,6915200,223950,4833842640.0,86,5228,5272350,388700,2526667122.5,0.762,0.558,2026-06-02
DMART,66,7578,1028100,120750,4980190192.5,59,2721,647400,49050,1650697110.0,0.63,0.359,2026-06-02
DRREDDY,94,8398,5586875,754375,7122932593.75,95,3819,3054375,80000,3033582531.25,0.547,0.455,2026-06-02
EICHERMOT,99,15758,1410700,3700,11920161750.0,102,10388,1095200,68200,7227234625.0,0.776,0.659,2026-06-02
ETERNAL,67,27039,37335300,1294950,17314591543.75,69,15267,32337375,1292525,9211193841.25,0.866,0.565,2026-06-02
EXIDEIND,88,18673,15364800,1164600,14225256000.0,85,6201,10233000,1326600,4351138200.0,0.666,0.332,2026-06-02
FEDERALBNK,78,9754,16787500,-127500,7441535625.0,76,5208,14812500,2740000,3733727250.0,0.882,0.534,2026-06-02
FINNIFTY,254,6061,200220,67440,9457903749.0,254,4937,195660,50880,7237422186.0,0.977,0.815,2026-06-02
FORCEMOT,40,14857,130150,64475,7567371602.5,38,13490,57475,30625,6041376553.75,0.442,0.908,2026-06-02
FORTIS,65,3099,1966950,-58900,2350288792.5,64,2532,1096625,43400,1804417465.0,0.558,0.817,2026-06-02
GAIL,109,4704,24010100,763600,2569814581.0,113,2380,19026100,456400,1205170675.5,0.792,0.506,2026-06-02
GLENMARK,99,7721,3374625,155625,6852206606.25,98,3935,2341500,385125,3296125443.75,0.694,0.51,2026-06-02
GMRAIRPORT,82,6443,73439775,1046250,4731212180.25,83,1673,32761575,383625,1126969164.0,0.446,0.26,2026-06-02
GODFRYPHLP,77,1903,700700,6600,1292210273.75,73,895,372625,46750,546839631.25,0.532,0.47,2026-06-02
GODREJCP,82,3462,1408000,262500,1824180625.0,82,4222,1460000,336500,2112741475.0,1.037,1.22,2026-06-02
GODREJPROP,73,7393,2180025,130125,3826426321.25,73,3651,1486900,74225,1731446718.75,0.682,0.494,2026-06-02
GRASIM,98,3441,1198750,81500,2790530050.0,100,2853,1071500,30500,2206745987.5,0.894,0.829,2026-06-02
GVT&D,47,5968,351000,150000,4020848100.0,47,2008,181000,50500,1156227650.0,0.516,0.336,2026-06-02
HAL,71,15308,2328450,217350,10385030430.0,69,8605,1647900,30900,5484044437.5,0.708,0.562,2026-06-02
HAVELLS,107,6872,2727500,-57000,4257242500.0,106,2278,1729000,75000,1328657250.0,0.634,0.331,2026-06-02
HCLTECH,112,75115,7511700,1066250,33958330330.0,113,29610,5073750,99850,12569378727.5,0.675,0.394,2026-06-02
HDFCAMC,97,3473,1052100,60600,2952344430.0,93,1954,780600,105300,1527781590.0,0.742,0.563,2026-06-02
HDFCBANK,113,180462,98229350,2431700,77795770457.5,112,76619,56491000,1897800,31111867262.5,0.575,0.425,2026-06-02
HDFCLIFE,96,14278,15468200,1738000,9737111285.0,94,7149,11482900,532400,4607646395.0,0.742,0.501,2026-06-02
HEROMOTOCO,91,19780,2096400,23250,15347598540.0,87,9671,1204200,-5550,7004738842.5,0.574,0.489,2026-06-02
HINDALCO,76,21655,9271500,251300,18273612210.0,76,10860,7053900,246400,8656676945.0,0.761,0.502,2026-06-02
HINDPETRO,65,2680,12508425,299700,2260842030.0,67,1807,8081775,54675,1439070907.5,0.646,0.674,2026-06-02
HINDUNILVR,98,25001,8919300,532500,16521488865.0,95,14330,4171200,322500,8770020750.0,0.468,0.573,2026-06-02
HINDZINC,52,11870,16059750,1854650,9739250718.75,49,7419,9695875,758275,5600235786.25,0.604,0.625,2026-06-02
HYUNDAI,67,2364,736175,-44275,1303673442.5,69,1607,671000,-30250,795810537.5,0.911,0.68,2026-06-02
ICICIBANK,95,52559,27365800,3545500,47489165885.0,90,27351,18573800,1284500,23723491785.0,0.679,0.52,2026-06-02
ICICIGI,73,1937,709800,130000,1190683682.5,73,763,389350,31200,432997678.75,0.549,0.394,2026-06-02
ICICIPRULI,98,4538,4299400,772375,2186927920.0,98,3599,2448475,567950,1631833292.5,0.569,0.793,2026-06-02
IDEA,28,14793,1459662450,-21799875,16615491625.5,28,5620,668434200,-18369075,5444402277.0,0.458,0.38,2026-06-02
IDFCFIRSTB,48,9026,83224575,5462975,6432594073.5,49,4359,71565900,1586025,2794948997.75,0.86,0.483,2026-06-02
IEX,92,3259,25997100,1415100,1661017822.5,94,1654,15684150,-103050,779066634.0,0.603,0.508,2026-06-02
INDHOTEL,93,4528,3865000,348000,3101633300.0,94,2184,3608000,174000,1402934800.0,0.934,0.482,2026-06-02
INDIANB,71,3396,3689000,327000,2935683500.0,72,1815,2975000,305000,1477182050.0,0.806,0.534,2026-06-02
INDIGO,65,31294,3516000,579000,22151802690.0,71,19044,1944600,22350,12609627952.5,0.553,0.609,2026-06-02
INDUSINDBK,66,8894,3753400,-15400,5909857625.0,65,7057,3796800,160300,4496918825.0,1.012,0.793,2026-06-02
INDUSTOWER,63,7395,18807100,384200,5726614305.0,67,2419,18377000,54400,1795276245.0,0.977,0.327,2026-06-02
INFY,117,235082,32650400,10505600,124114044120.0,119,135902,22962400,7054800,67081322240.0,0.703,0.578,2026-06-02
INOXWIND,102,11515,48755700,3987850,3905767080.5,102,4976,24650750,2229300,1500634279.75,0.506,0.432,2026-06-02
IOC,116,3717,38761125,819000,2701715152.5,113,2437,36840375,1774500,1649733052.5,0.95,0.656,2026-06-02
IREDA,108,6867,38153500,-620475,3156638942.5,112,1481,22238125,1151800,621049323.75,0.583,0.216,2026-06-02
IRFC,81,4774,35974500,2225175,2108548056.75,82,1422,25738525,1092600,574576560.25,0.715,0.298,2026-06-02
ITC,135,69804,103070700,6058675,33478738803.75,134,25554,51153775,1941325,11505323687.5,0.496,0.366,2026-06-02
JINDALSTEL,85,2021,2037500,75625,1613082593.75,83,1186,1939375,-1250,894689406.25,0.952,0.587,2026-06-02
JIOFIN,75,10272,39266150,1579200,6089028247.5,77,3347,31905950,871850,1855674351.0,0.813,0.326,2026-06-02
JSWENERGY,88,11241,8409050,140225,6992253475.0,88,4643,4155125,152225,2707497801.25,0.494,0.413,2026-06-02
JSWSTEEL,81,6893,4185000,675,6383014143.75,81,3867,3013875,-20250,3350207047.5,0.72,0.561,2026-06-02
JUBLFOOD,73,9353,7865000,-181250,5344066937.5,74,3575,5660000,190000,1907012937.5,0.72,0.382,2026-06-02
KALYANKJIL,71,8233,10429575,281350,3649892958.75,71,2517,5436100,412775,1026623421.25,0.521,0.306,2026-06-02
KAYNES,76,2426,1724150,-106200,851531225.0,73,585,989400,-28800,177186415.0,0.574,0.241,2026-06-02
KEI,72,2689,397775,14525,2589767923.75,76,1453,294175,-6475,1239860877.5,0.74,0.54,2026-06-02
KFINTECH,70,1909,1280300,49725,873735158.75,72,496,953825,7650,211666626.25,0.745,0.26,2026-06-02
KOTAKBANK,106,9710,27956000,1022000,7760450100.0,110,5787,22536000,694000,4381689500.0,0.806,0.596,2026-06-02
KPITTECH,73,31534,3134625,-325700,11407292630.0,72,8011,2625925,572950,2631855235.0,0.838,0.254,2026-06-02
LAURUSLABS,89,3694,4248300,-51850,4542710590.0,91,3337,4632500,21250,3855293192.5,1.09,0.903,2026-06-02
LICHSGFIN,83,2915,5947000,82000,1649261650.0,81,1091,4416000,113000,584734400.0,0.743,0.374,2026-06-02
LICI,107,7811,15388800,151200,4642661590.0,110,4483,11110400,312200,2509791200.0,0.722,0.574,2026-06-02
LODHA,82,5367,2918125,160800,2377822251.25,84,2712,1163850,23850,1080849803.75,0.399,0.505,2026-06-02
LT,108,30988,4021850,217175,22656231500.0,114,17590,3802925,189000,12233041292.5,0.946,0.568,2026-06-02
LTF,51,5164,14078250,1246500,3406040100.0,51,1946,11598750,684000,1189706400.0,0.824,0.377,2026-06-02
LTM,73,23680,935700,160950,16170653325.0,74,5593,676500,31800,3556526227.5,0.723,0.236,2026-06-02
LUPIN,85,3017,1879775,45475,3046765988.75,85,1657,1493450,73525,1552173546.25,0.794,0.549,2026-06-02
M&M,120,30242,5402600,256400,19219975670.0,117,12484,3770600,121600,7525314270.0,0.698,0.413,2026-06-02
MANAPPURAM,45,3469,10437000,2124000,3519716400.0,49,1137,4950000,333000,1075091700.0,0.474,0.328,2026-06-02
MANKIND,95,1623,545575,33700,914785745.0,92,620,303825,24600,324859275.0,0.557,0.382,2026-06-02
MARICO,108,1768,3900000,64800,1809269700.0,105,1106,2342400,176400,1085772660.0,0.601,0.626,2026-06-02
MARUTI,96,45832,1286600,110700,31443447650.0,96,17369,700900,40950,11118018697.5,0.545,0.379,2026-06-02
MAXHEALTH,90,14132,8269275,763350,7591780612.5,84,4924,3255000,168000,2439597011.25,0.394,0.348,2026-06-02
MAZDOCK,86,6993,1722300,-18775,3723876638.75,90,2408,1017600,9975,1163114017.5,0.591,0.344,2026-06-02
MCX,60,26050,11921850,1454100,51802732597.5,59,13015,6052325,482050,22957038047.5,0.508,0.5,2026-06-02
MFSL,63,862,601600,88800,597358180.0,62,635,412400,20400,408348520.0,0.686,0.737,2026-06-02
MIDCPNIFTY,474,83414,4531080,485400,149392846686.0,474,59766,4948440,411600,99935163168.0,1.092,0.716,2026-06-02
MOTHERSON,119,5795,37478100,965550,5405210154.0,127,2139,25245750,873300,1806772768.5,0.674,0.369,2026-06-02
MOTILALOFS,57,1102,1556975,103075,792635318.75,58,407,750975,34875,274628690.0,0.482,0.369,2026-06-02
MPHASIS,106,7813,841500,81400,5391339910.0,110,2505,633600,51425,1609676860.0,0.753,0.321,2026-06-02
MUTHOOTFIN,56,5929,1551550,50325,5740654452.5,56,3326,1024650,69025,2949415356.25,0.66,0.561,2026-06-02
NAM-INDIA,38,1172,844375,25625,843608437.5,38,354,446875,13750,231721718.75,0.529,0.302,2026-06-02
NATIONALUM,68,23794,17728125,676875,20805888843.75,66,10757,14730000,103125,8708108812.5,0.831,0.452,2026-06-02
NAUKRI,71,9825,2596450,15750,3920636381.25,78,3890,2195300,37100,1426350090.0,0.846,0.396,2026-06-02
NBCC,83,15061,39325000,10283000,10930152025.0,85,3826,21658000,4439500,2518158695.0,0.551,0.254,2026-06-02
NESTLEIND,94,3650,1659500,112000,2653475275.0,91,3068,1388000,143000,2156103350.0,0.836,0.841,2026-06-02
NHPC,78,32624,84428750,47626900,16387289185.5,76,23315,57398200,35215600,11036888003.0,0.68,0.715,2026-06-02
NIFTY,902,260352153,345349010,-1700750,399071007956240.8,924,247760001,364026345,123571525,375380244142484.8,1.054,0.952,2026-06-02
NIFTYNXT50,631,55,2175,900,99819996.25,631,11,400,225,19375620.0,0.184,0.2,2026-06-02
NMDC,93,59066,100500750,19696500,40140249300.0,93,18150,50037750,9099000,11521287585.0,0.498,0.307,2026-06-02
NTPC,115,50688,42433500,12601500,29788552125.0,115,22071,15861000,2259000,12270439725.0,0.374,0.435,2026-06-02
NUVAMA,43,1012,582000,12000,843210200.0,41,372,307000,7500,281383775.0,0.527,0.368,2026-06-02
NYKAA,76,5257,27318750,-1003125,4721520937.5,72,1441,11168750,725000,1195804687.5,0.409,0.274,2026-06-02
OBEROIRLTY,57,2387,742700,233800,1502444895.0,59,1422,468300,96250,813960647.5,0.631,0.596,2026-06-02
OFSS,72,18738,406600,-40525,15377291910.0,79,8357,361950,31900,5940701268.75,0.89,0.446,2026-06-02
OIL,76,2636,3257800,128800,1896759060.0,74,597,1878800,-15400,404963090.0,0.577,0.226,2026-06-02
ONGC,94,20479,53799750,3307500,13099994550.0,88,8011,24639750,1869750,4784162287.5,0.458,0.391,2026-06-02
PAGEIND,105,3352,81995,3515,2046679465.25,94,933,26590,-390,518186770.5,0.324,0.278,2026-06-02
PATANJALI,71,6042,4873025,960400,2614501535.0,74,1983,3835575,572400,824246730.0,0.787,0.328,2026-06-02
PAYTM,80,8052,5528850,641625,6811763890.0,77,4468,2913775,293625,3517491381.25,0.527,0.555,2026-06-02
PERSISTENT,91,33518,905425,112750,19474340043.75,100,14938,738125,108925,8116726062.5,0.815,0.446,2026-06-02
PETRONET,89,2589,8709600,-28500,1394199195.0,88,1138,8519600,76000,583930705.0,0.978,0.44,2026-06-02
PFC,68,7404,12478700,890500,4273468680.0,66,3486,9729200,334100,1909239150.0,0.78,0.471,2026-06-02
PGEL,48,9202,7704500,230850,4543829290.0,47,3948,5784550,-950,1720558110.0,0.751,0.429,2026-06-02
PHOENIXLTD,57,922,344050,77700,595403130.0,58,402,171500,23100,243922752.5,0.498,0.436,2026-06-02
PIDILITIND,89,1351,954000,61000,1035056200.0,91,410,529500,12500,288643150.0,0.555,0.303,2026-06-02
PIIND,115,5494,1514275,78050,2830310236.25,116,2219,712075,9800,1062890797.5,0.47,0.404,2026-06-02
PNB,85,5833,63840000,2864000,5175824720.0,85,4216,53688000,2608000,3510970560.0,0.841,0.723,2026-06-02
PNBHOUSING,82,1002,1391000,98150,709226277.5,81,564,798850,-13000,362159232.5,0.574,0.563,2026-06-02
POLICYBZR,71,4983,1906800,67550,3098358917.5,70,7315,2118900,894250,4196087927.5,1.111,1.468,2026-06-02
POLYCAB,61,6498,567250,-4000,8074673006.25,67,6881,621750,-4500,7883632693.75,1.096,1.059,2026-06-02
POWERGRID,101,13682,22150200,2411100,7873650540.0,97,9308,13581200,547200,4964048680.0,0.613,0.68,2026-06-02
POWERINDIA,59,24486,353550,68025,23892167338.75,62,23574,294675,18075,18993365977.5,0.833,0.963,2026-06-02
PREMIERENE,64,9716,2906575,7475,6262159975.0,67,2883,1444625,27825,1727829231.25,0.497,0.297,2026-06-02
PRESTIGE,52,1736,708750,47250,1163831895.0,49,516,540900,52650,326840445.0,0.763,0.297,2026-06-02
RADICO,54,2348,92850,40200,1343338327.5,53,1026,38850,19350,485393115.0,0.418,0.437,2026-06-02
RBLBANK,44,3529,13487400,-25400,4060423680.0,47,1884,8340725,301625,1985615948.75,0.618,0.534,2026-06-02
RECLTD,57,10845,19384750,639800,5330585951.25,53,6665,15404025,765800,3095426381.25,0.795,0.615,2026-06-02
RELIANCE,105,144485,58771500,6007500,100653766650.0,105,66566,38171000,2481000,43583710000.0,0.649,0.461,2026-06-02
RVNL,56,13641,27530800,2281000,5605633050.0,57,4600,13924625,699225,1691179082.25,0.506,0.337,2026-06-02
SAIL,46,1412,9381200,911800,1448913885.0,48,328,4949100,338400,312608327.0,0.528,0.232,2026-06-02
SAMMAANCAP,26,4677,27696300,-47300,3852981116.0,29,2394,20184200,-43000,1780311843.0,0.729,0.512,2026-06-02
SBICARD,54,11831,9355200,-173600,6079102480.0,54,5636,6186400,-59200,2722649680.0,0.661,0.476,2026-06-02
SBILIFE,75,2585,1378125,46875,1860471618.75,73,1767,1205250,40125,1177212900.0,0.875,0.684,2026-06-02
SBIN,90,56983,43788000,1047750,43391831925.0,87,30780,32595000,867000,21783809775.0,0.744,0.54,2026-06-02
SHREECEM,67,2608,34250,3625,1824208373.75,67,355,23600,4150,224596847.5,0.689,0.136,2026-06-02
SHRIRAMFIN,85,10519,8383650,862950,8551090597.5,84,4411,5509350,692175,3383570602.5,0.657,0.419,2026-06-02
SIEMENS,56,11685,1604925,6475,8168631310.0,58,5707,1158675,-10500,3686378753.75,0.722,0.488,2026-06-02
SOLARINDS,53,3875,209200,-1100,3817638207.5,53,7344,146050,-1900,5561071670.0,0.698,1.895,2026-06-02
SONACOMS,78,3851,3379775,485100,3022264323.75,80,1006,2176825,176400,753217771.25,0.644,0.261,2026-06-02
SRF,89,6696,854200,143200,3823537000.0,93,1343,495000,30600,728177690.0,0.579,0.201,2026-06-02
SUNPHARMA,71,24910,8665300,1313900,16365184062.5,71,12941,5671400,60900,8182242250.0,0.654,0.52,2026-06-02
SUPREMEIND,62,1053,237825,9625,697792392.5,63,631,192150,-6125,338471122.5,0.808,0.599,2026-06-02
SUZLON,48,13211,143478750,9368025,7126026828.75,49,6171,71282950,683800,2980212882.0,0.497,0.467,2026-06-02
SWIGGY,52,7262,9813475,-830175,2619527902.5,51,2201,4783675,192200,741889021.25,0.487,0.303,2026-06-02
TATACONSUM,92,7070,3609100,166650,4772551767.5,88,3106,2365550,191400,1984492207.5,0.655,0.439,2026-06-02
TATAELXSI,75,54337,701375,112225,25635810043.75,79,7993,467725,154225,3526114618.75,0.667,0.147,2026-06-02
TATAPOWER,65,22102,25087900,2137300,14056319212.5,68,7765,15448300,539400,4695662527.5,0.616,0.351,2026-06-02
TATASTEEL,60,32558,78127500,3132250,19775161477.5,62,11673,42702000,-376750,6662610212.5,0.547,0.359,2026-06-02
TCS,110,262143,12145800,2072750,116784290168.75,108,140649,9429525,833475,58502815632.5,0.776,0.537,2026-06-02
TECHM,70,42942,7606800,2437200,42213275640.0,70,14367,4722600,576000,13230224790.0,0.621,0.335,2026-06-02
TIINDIA,104,1562,310400,9800,1026754460.0,108,741,216200,20600,439559070.0,0.697,0.474,2026-06-02
TITAN,68,16581,2494625,208950,12520598956.25,67,7579,1606325,73675,5200244752.5,0.644,0.457,2026-06-02
TMPV,61,60537,25652000,2146400,20078476200.0,64,26004,16858400,552000,7970143680.0,0.657,0.43,2026-06-02
TORNTPHARM,68,4354,630000,38750,2507856918.75,69,2621,330750,33250,1415606106.25,0.525,0.602,2026-06-02
TRENT,53,29059,1671050,142350,12886608212.5,53,9903,879450,47900,4135462852.5,0.526,0.341,2026-06-02
TVSMOTOR,114,6887,1162875,46550,4259815350.0,113,3773,1009575,46200,2237499433.75,0.868,0.548,2026-06-02
ULTRACEMCO,87,22964,421700,40700,14843020725.0,84,6195,326850,36550,3320821415.0,0.775,0.27,2026-06-02
UNIONBANK,56,4713,26142900,1933725,3652806569.25,57,2602,21085125,1973550,1951194723.0,0.807,0.552,2026-06-02
UNITDSPR,104,5304,2364800,183200,2818571920.0,102,1798,1764000,123200,906287520.0,0.746,0.339,2026-06-02
UNOMINDA,48,549,582450,20350,354034972.5,45,211,480700,31900,125490750.0,0.825,0.384,2026-06-02
UPL,92,988,4321095,165310,907877913.0,94,456,3079915,56910,398595065.5,0.713,0.462,2026-06-02
VBL,65,16078,8714550,1308675,10219096515.0,64,6339,3987975,119250,3829695581.25,0.458,0.394,2026-06-02
VEDL,57,50728,29126050,2638100,21315130802.5,56,53579,17974500,2209150,20208875652.5,0.617,1.056,2026-06-02
VMM,82,790,3846050,1197950,483384416.5,84,659,4074000,1571400,391080526.0,1.059,0.834,2026-06-02
VOLTAS,65,6919,3415125,257250,3462895331.25,62,2445,2445750,133500,1121269106.25,0.716,0.353,2026-06-02
WAAREEENER,45,14927,1844850,88375,8586450827.5,45,3759,1209250,39900,2027836002.5,0.655,0.252,2026-06-02
WIPRO,67,89697,149529000,-4590000,57140504460.0,68,24628,97695000,2568000,14009230860.0,0.653,0.275,2026-06-02
YESBANK,26,13712,316535800,24911100,10635494341.0,28,5665,177612100,-1275100,3919424461.0,0.561,0.413,2026-06-02
ZYDUSLIFE,75,4424,3914100,39600,4542818355.0,74,3377,2790900,212400,3229359075.0,0.713,0.763,2026-06-02
360ONE,44,1807,767000,182500,1052579350.0,45,515,353000,23500,276913650.0,0.46,0.285,2026-06-03
ABB,101,16057,963000,60000,15279076737.5,113,5394,615625,14750,4677444193.75,0.639,0.336,2026-06-03
ABCAPITAL,53,2722,9885900,148800,3153285900.0,52,1644,7564000,533200,1747418230.0,0.765,0.604,2026-06-03
ADANIENSOL,67,7533,6070950,174150,8168678010.0,66,3769,2773575,-15525,3725009775.0,0.457,0.5,2026-06-03
ADANIENT,94,19600,6472623,104751,18796377809.85,104,13189,5091393,16377,11542265783.55,0.787,0.673,2026-06-03
ADANIGREEN,79,9149,6967200,-196200,8431029630.0,85,4516,4513800,195000,3826236990.0,0.648,0.494,2026-06-03
ADANIPORTS,60,43888,6070025,816050,39696453546.25,61,18146,3299350,332025,15555941060.0,0.544,0.413,2026-06-03
ADANIPOWER,73,8034,38567200,2311050,7219975693.5,70,2486,23635900,720650,2017523255.5,0.613,0.309,2026-06-03
ALKEM,103,5742,751625,-33250,4032508943.75,103,2483,362500,18375,1618153981.25,0.482,0.432,2026-06-03
AMBER,59,326,1843800,-6000,265870915.0,55,106,1225700,-3900,78761335.0,0.665,0.325,2026-06-03
AMBUJACEM,70,10318,14137350,1734150,5014962525.0,70,3313,9267000,610800,1522587885.0,0.655,0.321,2026-06-03
ANGELONE,49,11767,18977500,1497500,10742104000.0,52,5419,11615000,642500,4521572750.0,0.612,0.461,2026-06-03
APLAPOLLO,84,3057,1016750,-8400,2027225497.5,84,876,810600,37100,564260165.0,0.797,0.287,2026-06-03
APOLLOHOSP,101,43552,1102750,12250,47061110193.75,103,12673,819875,121250,12790721350.0,0.743,0.291,2026-06-03
ASHOKLEY,66,34783,142780000,12665000,28244334700.0,68,13859,80540000,4365000,10138124450.0,0.564,0.398,2026-06-03
ASIANPAINT,82,24085,5592750,579750,16801207312.5,89,10028,3140250,59000,6582249650.0,0.561,0.416,2026-06-03
ASTRAL,66,4617,1695750,55675,3222314193.75,67,1940,1113075,20825,1268944366.25,0.656,0.42,2026-06-03
AUBANK,72,6864,4094000,508000,7012700350.0,72,3847,3148000,262000,3687983850.0,0.769,0.56,2026-06-03
AUROPHARMA,53,9271,3370400,-39050,7761645127.5,50,2916,1979450,20350,2312871522.5,0.587,0.315,2026-06-03
AXISBANK,95,42124,12915000,1121250,34618259781.25,94,19414,8515625,642500,15154254031.25,0.659,0.461,2026-06-03
BAJAJ-AUTO,80,20365,1650825,76200,16389610065.0,81,9897,938625,5175,7305313005.0,0.569,0.486,2026-06-03
BAJAJFINSV,70,12576,5020350,191450,5806174440.0,69,7660,3053800,12150,3285590547.5,0.608,0.609,2026-06-03
BAJAJHLDNG,74,368,45675,750,200193257.5,75,137,36950,1400,71808967.5,0.809,0.372,2026-06-03
BAJFINANCE,75,23265,17069250,976500,16134253800.0,75,11718,13785750,794250,7717486312.5,0.808,0.504,2026-06-03
BANDHANBNK,59,8516,27651600,781200,6750376236.0,55,3716,15015600,943200,2716610580.0,0.543,0.436,2026-06-03
BANKBARODA,82,15673,27471600,2331225,12950969265.0,81,8064,27553500,1623375,6352134603.75,1.003,0.515,2026-06-03
BANKINDIA,92,4327,20144800,2568800,3317621424.0,93,1834,17149600,1757600,1299635792.0,0.851,0.424,2026-06-03
BANKNIFTY,512,1444480,16118790,-16080,2456967124896.0,512,1001763,14050980,735000,1590727142121.0,0.872,0.694,2026-06-03
BDL,69,17561,4843475,-355875,7910158797.5,66,5982,2993075,-242875,2428877426.25,0.618,0.341,2026-06-03
BEL,72,17935,43458225,1715700,11057214326.25,70,7994,28766475,176700,4642765852.5,0.662,0.446,2026-06-03
BHARATFORG,67,5799,1765000,87500,5917955925.0,66,2245,1402500,154500,2148627950.0,0.795,0.387,2026-06-03
BHARTIARTL,72,33322,12429325,251275,30136923031.25,72,17172,7715425,246050,14752119198.75,0.621,0.515,2026-06-03
BHEL,101,9515,24971625,52500,10770241387.5,107,7805,19574625,1509375,8276306587.5,0.784,0.82,2026-06-03
BIOCON,70,4529,13727500,1257500,5047221000.0,68,2839,8595000,175000,2990265875.0,0.626,0.627,2026-06-03
BLUESTARCO,82,1731,1017575,-28600,951272237.5,78,572,664950,8450,288783771.25,0.653,0.33,2026-06-03
BOSCHLTD,114,13275,146650,6550,13373163751.25,122,8798,149050,43400,7718227456.25,1.016,0.663,2026-06-03
BPCL,54,5002,12444475,156025,3100713363.75,54,3297,9246950,158000,1893144150.0,0.743,0.659,2026-06-03
BRITANNIA,98,9659,1184125,208375,6883878981.25,94,3474,825750,74750,2201461462.5,0.697,0.36,2026-06-03
BSE,63,54518,8675925,885700,87200391440.0,62,28811,5757325,459875,42171944591.25,0.664,0.528,2026-06-03
CAMS,56,2272,1804200,75525,1386618971.25,58,1581,1229400,164400,895905341.25,0.681,0.696,2026-06-03
CANBK,105,11231,60635250,3516750,10539364680.0,104,4772,53088750,405000,4208702490.0,0.876,0.425,2026-06-03
CDSL,48,12316,6859950,429400,7740921076.25,49,5583,4275475,296400,3192431727.5,0.623,0.453,2026-06-03
CGPOWER,68,6638,5484200,77350,5432377582.5,67,2276,3560650,84150,1755681205.0,0.649,0.343,2026-06-03
CHOLAFIN,72,3525,2933125,246875,3500894468.75,68,1729,2095625,165000,1568182937.5,0.714,0.49,2026-06-03
CIPLA,100,9412,4373825,301575,5083943175.0,102,5293,3092400,119625,2667180835.0,0.707,0.562,2026-06-03
COALINDIA,71,64147,44388000,3970350,43068848985.0,78,31181,43536150,-274050,19506158842.5,0.981,0.486,2026-06-03
COCHINSHIP,69,1608,1035600,82800,999835860.0,63,662,683600,34000,378016440.0,0.66,0.412,2026-06-03
COFORGE,74,29538,6812000,483500,17154965533.75,79,26422,4069225,-53100,14350278410.0,0.597,0.895,2026-06-03
COLPAL,80,5140,1843025,61250,2498352917.5,80,1958,1165300,38400,881518403.75,0.632,0.381,2026-06-03
CONCOR,80,6132,12326250,688750,3729270437.5,77,2613,6728750,246250,1497123062.5,0.546,0.426,2026-06-03
CROMPTON,90,1747,8202950,-169200,927750780.0,85,849,3342900,93600,427007657.5,0.408,0.486,2026-06-03
CUMMINSIND,86,7350,1554600,61400,9035669370.0,88,2890,992200,31200,3267234510.0,0.638,0.393,2026-06-03
DABUR,81,4791,10120000,1075000,2744140375.0,79,1969,6658750,26250,1035088875.0,0.658,0.411,2026-06-03
DALBHARAT,73,981,546000,22425,597257618.75,71,701,502125,34775,391798680.0,0.92,0.715,2026-06-03
DELHIVERY,68,2028,8513725,323700,1961693795.0,66,783,3797250,151475,712358601.25,0.446,0.386,2026-06-03
DIVISLAB,96,11402,1000000,32000,7920693350.0,94,9496,911000,340700,6241798035.0,0.911,0.833,2026-06-03
DIXON,83,27286,1202750,116100,16787454780.0,96,33047,857950,38250,16944699577.5,0.713,1.211,2026-06-03
DLF,83,8064,7277625,362425,4129016965.0,86,4406,5198725,-73625,2123636215.0,0.714,0.546,2026-06-03
DMART,66,40317,1126050,97950,26603722800.0,59,9599,693300,45900,5902037685.0,0.616,0.238,2026-06-03
DRREDDY,97,6143,5975625,388750,5138457281.25,98,3026,3271875,217500,2409965500.0,0.548,0.493,2026-06-03
EICHERMOT,99,11320,1461400,50700,8510313165.0,102,7434,1104300,9100,5187574130.0,0.756,0.657,2026-06-03
ETERNAL,67,13650,38880025,1544725,8732615726.25,69,8873,32439225,101850,5334751922.5,0.834,0.65,2026-06-03
EXIDEIND,95,8413,15931800,567000,6451300710.0,95,3525,10024200,-208800,2510751330.0,0.629,0.419,2026-06-03
FEDERALBNK,79,28661,23760000,6972500,22346720875.0,77,14344,18880000,4067500,10593603750.0,0.795,0.5,2026-06-03
FINNIFTY,254,5581,225720,25500,8738313843.0,254,4196,216480,20820,6160239435.0,0.959,0.752,2026-06-03
FORCEMOT,43,7211,143750,13600,3620199490.0,41,2793,54575,-2900,1236769877.5,0.38,0.387,2026-06-03
FORTIS,65,2676,2106450,139500,2034350820.0,64,1145,1153200,56575,819759660.0,0.547,0.428,2026-06-03
GAIL,109,3193,24340900,330800,1732533268.0,113,899,19213550,187450,460521165.5,0.789,0.282,2026-06-03
GLENMARK,100,9646,3469500,94875,8484134700.0,99,3282,2493000,151500,2716627087.5,0.719,0.34,2026-06-03
GMRAIRPORT,82,10928,75413700,1973925,8037839967.75,83,2789,34156575,1395000,1917254520.0,0.453,0.255,2026-06-03
GODFRYPHLP,77,3234,764775,64075,2268357300.0,73,1562,397375,24750,909654872.5,0.52,0.483,2026-06-03
GODREJCP,82,2078,1593500,185500,1086766475.0,82,1740,1666500,206500,861197300.0,1.046,0.837,2026-06-03
GODREJPROP,73,7473,2297025,117000,3842178673.75,73,3464,1501400,14500,1596566361.25,0.654,0.464,2026-06-03
GRASIM,101,2873,1229250,30500,2342863412.5,103,7402,1080750,9250,5081018387.5,0.879,2.576,2026-06-03
GVT&D,49,11569,438500,87500,7874518356.25,49,3960,265375,84375,2313811968.75,0.605,0.342,2026-06-03
HAL,71,12204,2317500,-10950,8394199740.0,69,5413,1694850,46950,3415762110.0,0.731,0.444,2026-06-03
HAVELLS,107,2951,2877000,149500,1836745300.0,106,1468,1722500,-6500,855130775.0,0.599,0.497,2026-06-03
HCLTECH,120,40826,8109550,597850,18187879815.0,119,29310,5368450,294700,12369849070.0,0.662,0.718,2026-06-03
HDFCAMC,100,7153,1229700,177600,6015784350.0,96,4315,866700,86100,3283454625.0,0.705,0.603,2026-06-03
HDFCBANK,113,192379,98074450,-154900,83437982877.5,112,68823,57932150,1441150,28135354362.5,0.591,0.358,2026-06-03
HDFCLIFE,98,8401,16667200,1199000,5669692050.0,96,3574,11820600,337700,2283885285.0,0.709,0.425,2026-06-03
HEROMOTOCO,91,14116,2263950,167550,10945498410.0,87,4915,1209150,4950,3558049590.0,0.534,0.348,2026-06-03
HINDALCO,76,12241,9356200,84700,10277932000.0,76,8892,7132300,78400,7103098240.0,0.762,0.726,2026-06-03
HINDPETRO,66,3138,12644100,135675,2609725230.0,68,2223,8527275,445500,1729667418.75,0.674,0.708,2026-06-03
HINDUNILVR,98,18766,9325200,405900,12406626240.0,95,8720,4277400,106200,5301837900.0,0.459,0.465,2026-06-03
HINDZINC,52,10852,18488925,2429175,8916016908.75,49,7244,10101350,405475,5436354306.25,0.546,0.668,2026-06-03
HYUNDAI,68,1780,772750,36575,985770637.5,70,847,668250,-2750,425241808.75,0.865,0.476,2026-06-03
ICICIBANK,100,76609,28843500,1477700,69247361365.0,95,35518,19750500,1176700,30683590000.0,0.685,0.464,2026-06-03
ICICIGI,73,1181,798525,88725,731088507.5,73,489,400400,11050,278811601.25,0.501,0.414,2026-06-03
ICICIPRULI,102,2994,4794275,494875,1425559356.25,102,1157,2558550,110075,519292641.25,0.534,0.386,2026-06-03
IDEA,28,33526,1422566925,-37095525,38839016104.5,28,15767,761637600,93203400,15763654719.75,0.535,0.47,2026-06-03
IDFCFIRSTB,48,12164,91646275,8421700,8600852746.5,49,6038,71296925,-268975,3915810487.75,0.778,0.496,2026-06-03
IEX,92,4078,27454200,1457100,2046382543.5,94,1538,15834750,150600,719741755.5,0.577,0.377,2026-06-03
INDHOTEL,93,2719,3781000,-84000,1862047550.0,94,1369,3645000,37000,895286950.0,0.964,0.503,2026-06-03
INDIANB,71,16547,4268000,579000,14624146900.0,72,4506,3534000,559000,3738506000.0,0.828,0.272,2026-06-03
INDIGO,65,42127,3779850,263850,30087770212.5,71,19011,2011350,66750,12542264235.0,0.532,0.451,2026-06-03
INDUSINDBK,66,13232,4090800,337400,8752769935.0,65,10577,4384800,588000,6672200605.0,1.072,0.799,2026-06-03
INDUSTOWER,64,8312,19101200,294100,6422285755.0,68,2252,18467100,90100,1657642460.0,0.967,0.271,2026-06-03
INFY,120,135668,34984800,2334400,70621542040.0,122,123996,20410800,-2551600,60392536480.0,0.583,0.914,2026-06-03
INOXWIND,102,9755,51938950,3183250,3288559109.25,102,3132,26032025,1381275,951742695.5,0.501,0.321,2026-06-03
IOC,116,4005,40204125,1443000,2873767942.5,113,2914,38600250,1759875,1966320671.25,0.96,0.728,2026-06-03
IREDA,110,5416,38994000,840500,2470725033.0,113,1314,22877675,639550,555942435.5,0.587,0.243,2026-06-03
IRFC,81,5817,38385600,2411100,2522497799.25,82,2524,26875075,1136550,1040904340.25,0.7,0.434,2026-06-03
ITC,135,76484,115053575,11982875,36287197825.0,134,27362,55721650,4567875,12229508483.75,0.484,0.358,2026-06-03
JINDALSTEL,87,3190,2241875,204375,2527431000.0,84,1028,1968125,28750,774665843.75,0.878,0.322,2026-06-03
JIOFIN,75,11847,40673800,1407650,6958514077.0,77,4414,32958750,1052800,2444643829.5,0.81,0.373,2026-06-03
JSWENERGY,88,5516,8660050,251000,3403800698.75,88,1988,4252350,97225,1146572355.0,0.491,0.36,2026-06-03
JSWSTEEL,83,6411,4076325,-108675,5962599337.5,83,3861,3011175,-2700,3379176461.25,0.739,0.602,2026-06-03
JUBLFOOD,74,9577,7890000,25000,5524350750.0,75,3721,5646250,-13750,2014544812.5,0.716,0.389,2026-06-03
KALYANKJIL,71,6380,10270950,-158625,2846580957.5,71,2991,5522050,85950,1230069603.75,0.538,0.469,2026-06-03
KAYNES,76,696,1690450,-33700,246682020.0,73,189,981200,-8200,59884380.0,0.58,0.272,2026-06-03
KEI,72,2369,407750,9975,2307205845.0,76,694,296975,2800,616928173.75,0.728,0.293,2026-06-03
KFINTECH,70,3345,1506800,226500,1515127800.0,72,1192,1003425,49600,511270985.0,0.666,0.356,2026-06-03
KOTAKBANK,106,14079,28456000,500000,11272683900.0,110,6830,23866000,1330000,5200377000.0,0.839,0.485,2026-06-03
KPITTECH,73,12303,3506625,372000,4343119187.5,72,8051,2697025,71100,2657812927.5,0.769,0.654,2026-06-03
LAURUSLABS,89,4932,4416600,168300,6084995810.0,91,3368,4991200,358700,3932563207.5,1.13,0.683,2026-06-03
LICHSGFIN,83,6104,5576000,-371000,3451997150.0,81,2841,4511000,95000,1528580800.0,0.809,0.465,2026-06-03
LICI,110,9099,16203600,814800,5352137910.0,112,5167,11232200,121800,2911627950.0,0.693,0.568,2026-06-03
LODHA,82,4312,3006950,88825,1879188751.25,84,2938,1330000,166150,1173662793.75,0.442,0.681,2026-06-03
LT,108,30827,4427850,406000,22508193198.75,114,17528,4078200,275275,12137933972.5,0.921,0.569,2026-06-03
LTF,51,6234,16141500,2063250,4076196750.0,51,2506,11675250,76500,1505605837.5,0.723,0.402,2026-06-03
LTM,78,26789,1323450,387750,17620968225.0,78,23720,994200,317700,14272604880.0,0.751,0.885,2026-06-03
LUPIN,87,3285,1939700,59925,3299542218.75,87,1565,1504500,11050,1492097586.25,0.776,0.476,2026-06-03
M&M,120,32018,5652400,249800,20349361260.0,117,14484,4028800,258200,8793026060.0,0.713,0.452,2026-06-03
MANAPPURAM,47,6389,10563000,126000,6365159850.0,50,3183,5535000,585000,2955158700.0,0.524,0.498,2026-06-03
MANKIND,97,10117,721200,175625,5603309088.75,94,1906,372375,68550,994796503.75,0.516,0.188,2026-06-03
MARICO,108,1154,3986400,86400,1200690000.0,105,1093,2376000,33600,1043840160.0,0.596,0.947,2026-06-03
MARUTI,96,53056,1334300,47700,36679610427.5,96,21197,748150,47250,13883680832.5,0.561,0.4,2026-06-03
MAXHEALTH,90,17017,8207325,-61950,9171523541.25,84,4384,3216150,-38850,2196257306.25,0.392,0.258,2026-06-03
MAZDOCK,86,7681,1752375,30075,4084869648.75,90,2444,1071475,53875,1175524968.75,0.611,0.318,2026-06-03
MCX,60,24570,12870325,948475,48319564861.25,59,11070,6331925,279600,19249765166.25,0.492,0.451,2026-06-03
MFSL,65,2879,721600,120000,1934371980.0,64,2136,451200,38800,1333369700.0,0.625,0.742,2026-06-03
MIDCPNIFTY,481,103149,5001360,470280,184527129048.0,481,77665,5171280,222840,129642447198.0,1.034,0.753,2026-06-03
MOTHERSON,119,7583,39052500,1574400,7163502349.5,127,1994,25848450,602700,1731236808.0,0.662,0.263,2026-06-03
MOTILALOFS,57,1154,1635250,78275,833984978.75,58,229,759500,8525,151166927.5,0.464,0.198,2026-06-03
MPHASIS,106,5444,1105225,263725,3701552978.75,110,5455,787050,153450,3511151393.75,0.712,1.002,2026-06-03
MUTHOOTFIN,56,7276,1627450,75900,6884475771.25,56,3421,1026300,1650,2986129176.25,0.631,0.47,2026-06-03
NAM-INDIA,38,3832,896875,52500,2736064093.75,38,1171,511875,65000,786899187.5,0.571,0.306,2026-06-03
NATIONALUM,68,10052,18140625,412500,8790274031.25,66,3890,15185625,455625,3135024093.75,0.837,0.387,2026-06-03
NAUKRI,73,8043,2570200,-26250,3209065687.5,80,3538,2182525,-12775,1309540437.5,0.849,0.44,2026-06-03
NBCC,83,4973,41145000,1820000,3558501635.0,85,1677,22282000,624000,1095718780.0,0.542,0.337,2026-06-03
NESTLEIND,94,6272,1678500,19000,4556942500.0,91,2214,1319500,-68500,1558851225.0,0.786,0.353,2026-06-03
NHPC,81,48710,99954750,15526000,24869753861.0,79,26037,74449450,17051250,12480411898.5,0.745,0.535,2026-06-03
NIFTY,867,32888944,201634075,42085550,51301942003279.5,889,30795118,204934705,40046455,46144954407672.25,1.016,0.936,2026-06-03
NIFTYNXT50,631,125,2875,700,227727045.0,631,3,400,0,5372185.0,0.139,0.024,2026-06-03
NMDC,93,30041,105813000,5312250,20680392960.0,93,8861,51725250,1687500,5688186525.0,0.489,0.295,2026-06-03
NTPC,128,22955,44944500,2511000,13377343200.0,128,8263,15747000,-114000,4583610300.0,0.35,0.36,2026-06-03
NUVAMA,44,1608,658500,76500,1345189225.0,43,657,388000,81000,493041300.0,0.589,0.409,2026-06-03
NYKAA,78,4101,26684375,-634375,3687470312.5,75,1583,11140625,-28125,1302423281.25,0.417,0.386,2026-06-03
OBEROIRLTY,57,1781,797300,54600,1088969962.5,59,1103,493500,25200,636169152.5,0.619,0.619,2026-06-03
OFSS,75,7154,446225,39625,5804265711.25,82,8849,349675,-12275,6556144365.0,0.784,1.237,2026-06-03
OIL,76,12539,4443600,1185800,9107787080.0,74,2275,2443000,564200,1563902760.0,0.55,0.181,2026-06-03
ONGC,94,28283,53334000,-465750,18203503612.5,88,6652,24570000,-69750,3975373462.5,0.461,0.235,2026-06-03
PAGEIND,105,3028,79325,-2670,1847083390.5,94,615,26065,-525,339275437.5,0.329,0.203,2026-06-03
PATANJALI,71,5234,5686425,813400,2220179276.25,74,2519,4275675,440100,1016536140.0,0.752,0.481,2026-06-03
PAYTM,86,8201,6224125,695275,6771285617.5,82,5089,3458250,544475,3932724546.25,0.556,0.621,2026-06-03
PERSISTENT,95,20787,971200,65775,11619118080.0,103,22501,765675,27550,11707013776.25,0.788,1.082,2026-06-03
PETRONET,89,1831,8713400,3800,987038030.0,88,1268,8656400,136800,660266435.0,0.993,0.693,2026-06-03
PFC,73,10128,13408200,929500,5817238700.0,71,3966,10046400,317200,2164721130.0,0.749,0.392,2026-06-03
PGEL,48,5628,7745350,40850,2792139965.0,47,2828,5740850,-43700,1246073105.0,0.741,0.502,2026-06-03
PHOENIXLTD,63,1249,389900,45850,804385365.0,64,671,189000,17500,393517950.0,0.485,0.537,2026-06-03
PIDILITIND,91,1791,957500,3500,1370615125.0,92,431,544500,15000,309215850.0,0.569,0.241,2026-06-03
PIIND,115,4184,1572550,58275,2149344330.0,116,1131,738675,26600,537756633.75,0.47,0.27,2026-06-03
PNB,85,10061,64208000,368000,8974144880.0,85,5957,58160000,4472000,5000826720.0,0.906,0.592,2026-06-03
PNBHOUSING,82,2006,1517750,126750,1392519277.5,81,1173,873600,74750,754354640.0,0.576,0.585,2026-06-03
POLICYBZR,86,8354,2381750,474950,5066478830.0,84,11192,2210950,92050,6211663780.0,0.928,1.34,2026-06-03
POLYCAB,61,8115,606250,39000,10197420825.0,67,8467,666750,45000,9546958725.0,1.1,1.043,2026-06-03
POWERGRID,106,14988,24371300,2221100,8583419195.0,102,4604,13799700,218500,2485190405.0,0.566,0.307,2026-06-03
POWERINDIA,59,26535,383550,30000,25895391662.5,62,20994,316375,21700,16211104557.5,0.825,0.791,2026-06-03
PREMIERENE,68,12384,2971500,64925,8102246665.0,71,3471,1609075,164450,2101629053.75,0.542,0.28,2026-06-03
PRESTIGE,52,1496,734850,26100,992265277.5,49,1915,614250,73350,1171181362.5,0.836,1.28,2026-06-03
RADICO,54,813,99750,6900,454743772.5,53,541,75000,36150,278548560.0,0.752,0.665,2026-06-03
RBLBANK,44,7338,13147675,-339725,8523567058.75,47,2477,8588375,247650,2660977660.0,0.653,0.338,2026-06-03
RECLTD,58,10895,20636525,1251775,5290033350.0,54,4467,15777825,373800,2043878497.5,0.765,0.41,2026-06-03
RELIANCE,107,123388,60949000,2177500,85658133300.0,107,56011,40061000,1890000,36451400650.0,0.657,0.454,2026-06-03
RVNL,56,14094,29359300,1828500,5723788305.5,57,4151,14743750,819125,1493863513.25,0.502,0.295,2026-06-03
SAIL,46,983,9804200,423000,996342660.0,48,442,5320400,371300,419377992.0,0.543,0.45,2026-06-03
SAMMAANCAP,27,4791,28061800,365500,3895005317.0,30,3057,19552100,-632100,2244546895.0,0.697,0.638,2026-06-03
SBICARD,56,5750,9929600,574400,2951664160.0,56,2460,6321600,135200,1170629080.0,0.637,0.428,2026-06-03
SBILIFE,75,3790,1574250,196125,2699867006.25,73,2397,1218000,12750,1584333112.5,0.774,0.632,2026-06-03
SBIN,90,142996,46363500,2575500,109428089062.5,87,71308,34708500,2113500,50474960587.5,0.749,0.499,2026-06-03
SHREECEM,67,1183,34875,625,817417457.5,67,272,23200,-400,172230180.0,0.665,0.23,2026-06-03
SHRIRAMFIN,87,13144,9435525,1051875,10573516717.5,86,6266,5982900,473550,4694993490.0,0.634,0.477,2026-06-03
SIEMENS,56,9505,1607550,2625,6632406821.25,58,3739,1109150,-49525,2424332172.5,0.69,0.393,2026-06-03
SOLARINDS,53,7564,217800,8600,7520079342.5,53,6976,165050,19000,5534265072.5,0.758,0.922,2026-06-03
SONACOMS,78,3064,3787700,407925,2398280745.0,80,1067,2289525,112700,801093037.5,0.604,0.348,2026-06-03
SRF,91,3931,865200,11000,2249385240.0,94,876,510400,15400,478246850.0,0.59,0.223,2026-06-03
SUNPHARMA,71,24325,8904350,239050,15860358307.5,71,11859,5803350,131950,7430065037.5,0.652,0.488,2026-06-03
SUPREMEIND,62,791,245350,7525,523555445.0,63,461,201075,8925,276081548.75,0.82,0.583,2026-06-03
SUZLON,48,9893,149607600,6128850,5277716002.25,49,3316,70841050,-441900,1575795941.75,0.474,0.335,2026-06-03
SWIGGY,52,3382,10215175,401700,1201865015.0,51,1954,5102175,318500,614466515.0,0.499,0.578,2026-06-03
TATACONSUM,92,6360,3963300,354200,4260892680.0,88,2442,2423850,58300,1544088755.0,0.612,0.384,2026-06-03
TATAELXSI,81,19750,745250,43875,9182175713.75,83,17552,478100,10375,7679598528.75,0.642,0.889,2026-06-03
TATAPOWER,69,17185,25682400,594500,10884757920.0,70,7658,15309100,-139200,4615216672.5,0.596,0.446,2026-06-03
TATASTEEL,60,27923,78883750,756250,16890041300.0,62,14440,43670000,968000,8116745477.5,0.554,0.517,2026-06-03
TCS,116,402326,22527150,10381350,172549271581.25,114,304057,14882800,5453275,121792218693.75,0.661,0.756,2026-06-03
TECHM,74,24558,8159400,552600,23499295860.0,73,24951,4760400,37800,22380490020.0,0.583,1.016,2026-06-03
TIINDIA,104,758,317600,7200,501452750.0,108,668,209400,-6800,412827740.0,0.659,0.881,2026-06-03
TITAN,68,19611,2450525,-44100,14695020217.5,67,10637,1715350,109025,7374917033.75,0.7,0.542,2026-06-03
TMPV,61,63423,27191200,1539200,21208724120.0,64,21509,18322400,1464000,6715512680.0,0.674,0.339,2026-06-03
TORNTPHARM,73,10260,609625,-20375,5843504056.25,73,1676,339625,8875,910892962.5,0.557,0.163,2026-06-03
TRENT,53,39812,1681300,10250,17742375665.0,53,11059,942950,63500,4670689950.0,0.561,0.278,2026-06-03
TVSMOTOR,114,6049,1232700,69825,3732893473.75,113,3403,1018500,8925,1987547275.0,0.826,0.563,2026-06-03
ULTRACEMCO,87,18270,474150,52450,11443418290.0,84,8550,357450,30600,4690995562.5,0.754,0.468,2026-06-03
UNIONBANK,56,10127,28532400,2389500,7896726099.75,57,2942,22456875,1371750,2169723348.0,0.787,0.291,2026-06-03
UNITDSPR,104,2968,2356400,-8400,1583447980.0,102,1518,1879200,115200,763136320.0,0.797,0.511,2026-06-03
UNOMINDA,48,585,649550,67100,376981302.5,45,168,491150,10450,100020772.5,0.756,0.287,2026-06-03
UPL,92,2464,4639520,318425,2249712123.25,94,1205,3478285,398370,1061693244.75,0.75,0.489,2026-06-03
VBL,66,7721,9216750,502200,4909006357.5,65,4930,3956925,-31050,2967020197.5,0.429,0.639,2026-06-03
VEDL,57,25805,31202950,2076900,10792507465.0,56,18046,17484600,-489900,6704030340.0,0.56,0.699,2026-06-03
VMM,82,916,4122500,276450,571378645.5,84,329,4083700,9700,190014464.0,0.991,0.359,2026-06-03
VOLTAS,65,5976,3496875,81750,2983609912.5,62,2135,2532750,87000,974123175.0,0.724,0.357,2026-06-03
WAAREEENER,45,16985,1891925,47075,9745373513.75,45,4642,1250900,41650,2495903130.0,0.661,0.273,2026-06-03
WIPRO,68,83680,181131000,31602000,52250868930.0,69,36089,106062000,8367000,20009157330.0,0.586,0.431,2026-06-03
YESBANK,26,16683,326114600,9578800,12889413038.0,28,6701,184765100,7153000,4549734070.0,0.567,0.402,2026-06-03
ZYDUSLIFE,75,4141,4140000,225900,4201538805.0,74,3557,2860200,69300,3384429075.0,0.691,0.859,2026-06-03
