Symbol,CE_Contracts,CE_Volume,CE_OI,CE_OI_Change,CE_Turnover,PE_Contracts,PE_Volume,PE_OI,PE_OI_Change,PE_Turnover,PCR_OI,PCR_Volume,Date
360ONE,50,2633,1948500,7000,1605117500.0,52,1453,1147500,10000,823675050.0,0.589,0.552,2026-08-12
ABB,69,24033,1923500,66250,24181565093.75,69,9909,1166625,26250,9221880718.75,0.607,0.412,2026-08-12
ABCAPITAL,76,3623,25618400,-133300,4823153755.0,77,1323,16594300,-136400,1633813615.0,0.648,0.365,2026-08-12
ADANIENSOL,70,13667,5344650,143100,15517140367.5,69,6972,2290950,-119475,7561336803.75,0.429,0.51,2026-08-12
ADANIENT,47,26844,6191742,26265,26035517519.249992,46,14653,3660723,-25956,13476040962.45,0.591,0.546,2026-08-12
ADANIGREEN,72,25688,11878800,1063800,22212318210.0,67,11449,5242800,91800,9214921050.0,0.441,0.446,2026-08-12
ADANIPORTS,76,23225,16178975,403750,19431469266.25,73,9818,8497750,124450,7664969383.75,0.525,0.423,2026-08-12
ADANIPOWER,38,17972,57016550,2548900,14270289325.5,37,5693,29365600,397600,4064701968.5,0.515,0.317,2026-08-12
ALKEM,85,3449,530250,-56125,2544458781.25,85,1838,330875,-16500,1256715093.75,0.624,0.533,2026-08-12
AMBER,73,15284,1552200,90800,11546985490.0,72,16495,1512200,141400,11259630455.0,0.974,1.079,2026-08-12
AMBUJACEM,68,9312,17090400,469200,4936780320.0,69,4152,10040400,58800,2107599600.0,0.587,0.446,2026-08-12
ANGELONE,62,9675,31110000,-20000,7628102000.0,60,3591,15140000,655000,2565010875.0,0.487,0.371,2026-08-12
APLAPOLLO,87,5782,2077250,-61600,4195570767.5,87,2169,1307950,-78750,1500359315.0,0.63,0.375,2026-08-12
APOLLOHOSP,64,55803,2498000,1100125,63508380050.0,64,36389,1344125,423500,38587069568.75,0.538,0.652,2026-08-12
ASHOKLEY,70,10506,71945000,1330000,9788453500.0,72,4391,60835000,810000,3773128700.0,0.846,0.418,2026-08-12
ASIANPAINT,96,18954,5365500,193500,13390192450.0,98,15649,3515250,114750,10518737462.5,0.655,0.826,2026-08-12
ASTRAL,63,21685,3161575,591600,14023008322.5,63,8461,2248250,647700,5056311721.25,0.711,0.39,2026-08-12
AUBANK,51,12429,7748000,-90000,13926503800.0,51,5159,5618000,308000,5482088800.0,0.725,0.415,2026-08-12
AUROPHARMA,62,4183,4397250,-70950,3934089582.5,63,2319,2821500,72050,2041237687.5,0.642,0.554,2026-08-12
AXISBANK,59,41473,24524375,1782500,32979282812.5,57,21860,14631250,228750,16780688000.0,0.597,0.527,2026-08-12
BAJAJ-AUTO,85,24318,1374450,56550,22139577423.75,97,17610,1903500,-82725,15010231132.5,1.385,0.724,2026-08-12
BAJAJFINSV,87,11276,8162100,-183300,7083418485.0,87,5564,4550400,-40800,3322278405.0,0.558,0.493,2026-08-12
BAJAJHLDNG,86,3141,80400,-975,3002577562.5,87,128,90075,-1425,109134097.5,1.12,0.041,2026-08-12
BAJFINANCE,99,22449,28024500,322500,19243311975.0,101,16062,21885000,712500,12952977150.0,0.781,0.715,2026-08-12
BANDHANBNK,49,429,54943200,-1026000,292970268.0,44,162,28760400,-468000,99403056.0,0.523,0.378,2026-08-12
BANKBARODA,48,25192,50979825,1863225,19147979945.25,48,9119,42216525,81900,6528921428.25,0.828,0.362,2026-08-12
BANKINDIA,49,10076,36379200,1196000,7935196776.0,48,4828,32021600,265200,3525375984.0,0.88,0.479,2026-08-12
BANKNIFTY,479,1436581,16345980,211410,2541489983400.0,481,1678408,15153060,966120,2884794464884.5,0.927,1.168,2026-08-12
BDL,58,15302,3598050,-59925,9056273171.25,57,5378,2751025,-9350,2934957222.5,0.765,0.351,2026-08-12
BEL,73,40640,58182750,689700,24312613275.0,72,14032,38493525,-863550,7995000405.0,0.662,0.345,2026-08-12
BHARATFORG,99,31981,12925000,-1673000,35357860400.0,99,13898,6760000,-147000,13994211650.0,0.523,0.435,2026-08-12
BHARTIARTL,69,122941,20254000,-889200,117333166366.25,70,45755,10861350,797525,41582965185.0,0.536,0.372,2026-08-12
BHEL,72,40288,40545750,-2026500,45983982187.5,68,18600,22848000,711375,19833688743.75,0.564,0.462,2026-08-12
BIOCON,65,10764,23805000,142500,11963140375.0,66,4556,17277500,792500,4836352000.0,0.726,0.423,2026-08-12
BLUESTARCO,86,11712,3961100,185575,6106781947.5,86,3826,1624675,52325,1842997666.25,0.41,0.327,2026-08-12
BOSCHLTD,83,91748,423825,29400,111698615672.5,83,49951,530925,89325,53826024685.0,1.253,0.544,2026-08-12
BPCL,51,5375,11913200,-219225,3507334263.75,52,3252,7769650,100725,2010028501.25,0.652,0.605,2026-08-12
BRITANNIA,80,9476,1516500,-70750,6851778025.0,81,5295,915000,-29875,3651316068.75,0.603,0.559,2026-08-12
BSE,39,88982,13188000,1996400,67673592500.0,39,47997,6531400,77800,33118875990.0,0.495,0.539,2026-08-12
CAMS,63,6143,6852450,308550,4194618243.75,66,1937,3230700,-45375,1230416550.0,0.471,0.315,2026-08-12
CANBK,48,21531,89687250,2639250,19991388532.5,46,8120,69349500,3253500,7096443885.0,0.773,0.377,2026-08-12
CDSL,52,12584,7811375,60800,8439833226.25,52,4895,4889175,6175,3059450751.25,0.626,0.389,2026-08-12
CGPOWER,47,9004,10873200,-355300,7179366262.5,47,3757,5790200,-187850,2731878070.0,0.533,0.417,2026-08-12
CHOLAFIN,78,5293,4960000,733125,6634927312.5,81,2321,3457500,-56875,2635807687.5,0.697,0.439,2026-08-12
CIPLA,92,6928,5302725,-48450,4475439061.25,95,4330,3581900,-147475,2646731785.0,0.675,0.625,2026-08-12
COALINDIA,71,10773,32202900,837000,6168910860.0,69,5789,23261850,706050,3186243607.5,0.722,0.537,2026-08-12
COCHINSHIP,67,4882,2773600,412000,3137111740.0,68,1491,2115600,49600,857493300.0,0.763,0.305,2026-08-12
COFORGE,77,12844,7263700,40375,11449643247.5,79,15542,8326275,284050,12938049335.0,1.146,1.21,2026-08-12
COLPAL,89,4842,3494975,17325,2843456591.25,89,1117,1877150,4125,613290548.75,0.537,0.231,2026-08-12
CONCOR,83,21934,8467500,1292500,14758019812.5,80,5809,4626250,1007500,3680418875.0,0.546,0.265,2026-08-12
CROMPTON,49,11356,28278950,-449350,6448584332.5,50,3039,16060500,-410650,1609875280.0,0.568,0.268,2026-08-12
CUMMINSIND,45,7577,1964200,-3800,8652099690.0,45,9339,1647800,-77400,9430184510.0,0.839,1.233,2026-08-12
DABUR,75,11337,21250000,-672500,6192939625.0,73,4004,12171250,150000,2012887812.5,0.573,0.353,2026-08-12
DALBHARAT,28,2195,787475,-19175,1361936485.0,29,1007,411125,-11375,574127726.25,0.522,0.459,2026-08-12
DELHIVERY,76,6320,20166925,263525,6511867816.25,71,2925,11628300,-323700,2856404952.5,0.577,0.463,2026-08-12
DIVISLAB,78,48188,1744200,3300,42922085230.0,78,29921,1710600,-60600,24797149790.0,0.981,0.621,2026-08-12
DIXON,54,52675,2377700,219000,39119234175.0,55,29919,1172100,73400,20210031625.0,0.493,0.568,2026-08-12
DLF,55,15927,13505200,-275500,10370335090.0,55,7440,10327450,-208050,4593720582.5,0.765,0.467,2026-08-12
DMART,71,9607,1650000,7500,6063085635.0,70,3308,1214100,-8400,1958339205.0,0.736,0.344,2026-08-12
DRREDDY,108,17896,10723125,186250,13823932656.25,106,12555,6578750,-541875,9355505093.75,0.614,0.702,2026-08-12
EICHERMOT,66,17149,2146800,-72700,14166742495.0,68,11149,1859700,-28300,8565483170.0,0.866,0.65,2026-08-12
ETERNAL,54,27879,72691800,463175,22300200696.25,57,23096,42459325,-1071850,17135383680.0,0.584,0.828,2026-08-12
FEDERALBNK,57,9287,26475000,3120000,8534841750.0,57,3713,16852500,442500,3268624000.0,0.637,0.4,2026-08-12
FINNIFTY,240,14892,865020,130620,24174359247.0,240,9222,462960,78420,14567948577.0,0.535,0.619,2026-08-12
FORCEMOT,41,78156,198325,47350,40390475046.25,41,22292,141575,43750,9914334085.0,0.714,0.285,2026-08-12
FORTIS,92,24181,6909900,1753050,17863890391.25,92,37242,5069275,1278750,25861177468.75,0.734,1.54,2026-08-12
GAIL,60,7713,79338950,-1508750,5091877890.0,60,2613,29699300,401150,1590692626.5,0.374,0.339,2026-08-12
GLENMARK,83,14245,2997000,-88500,12656488256.25,84,4827,1475625,375,4056000225.0,0.492,0.339,2026-08-12
GMRAIRPORT,86,8387,50275800,7393500,6477189786.0,82,4285,41033925,5098725,3096412935.75,0.816,0.511,2026-08-12
GODFRYPHLP,47,3903,1674200,-46200,2573550402.5,48,3700,857450,-52525,2046960918.75,0.512,0.948,2026-08-12
GODREJCP,116,143469,19595500,14789500,70709114200.0,116,95574,9648500,6456500,44336513975.0,0.492,0.666,2026-08-12
GODREJPROP,86,14522,3880175,-14300,10145509497.5,88,10729,2062775,103675,7011490378.75,0.532,0.739,2026-08-12
GRASIM,135,106673,7376500,2942750,92870330750.0,135,49517,3688500,874500,40945131012.5,0.5,0.464,2026-08-12
GVT&D,49,37780,1359625,33125,22197704231.25,51,10826,981625,-16750,5729737325.0,0.722,0.287,2026-08-12
HAL,81,236515,5119200,1775400,184015483582.5,83,118102,3535350,871050,86211447255.0,0.691,0.499,2026-08-12
HAVELLS,50,3113,2544000,40000,2051917675.0,50,1566,1524500,-124000,984818925.0,0.599,0.503,2026-08-12
HCLTECH,108,17913,6678000,-261200,10112444060.0,112,14632,5368000,285600,7820638120.0,0.804,0.817,2026-08-12
HDFCAMC,48,7576,2634300,249600,6049388475.0,45,4666,1785900,6900,3512339970.0,0.678,0.616,2026-08-12
HDFCBANK,73,228063,167358750,651300,114136305172.5,71,72321,87211800,4390750,34105548522.5,0.521,0.317,2026-08-12
HDFCLIFE,92,12134,28534000,448800,7531159075.0,91,4982,15539700,6600,2905775675.0,0.545,0.411,2026-08-12
HEROMOTOCO,58,33190,2576700,-204450,30541089195.0,58,21361,2765700,101700,18300930562.5,1.073,0.644,2026-08-12
HINDALCO,49,120897,17817100,-1369900,94851978305.0,50,49282,11552800,469000,36190960330.0,0.648,0.408,2026-08-12
HINDPETRO,37,5572,14160825,26325,4583020601.25,37,3978,8426025,18225,3085474578.75,0.595,0.714,2026-08-12
HINDUNILVR,84,25346,13033500,-149100,16469788575.0,83,8107,6770100,132900,4971924150.0,0.519,0.32,2026-08-12
HINDZINC,57,37706,28449400,1928150,28648093836.25,58,19893,17604475,1449175,14058503392.5,0.619,0.528,2026-08-12
HYUNDAI,101,7921,1972850,-8250,5015668528.75,103,3926,2215950,-71225,2309608702.5,1.123,0.496,2026-08-12
ICICIBANK,98,40594,28613900,655200,41584061260.0,97,23702,18638900,543200,23651890115.0,0.651,0.584,2026-08-12
ICICIGI,79,2533,2455375,73125,1415554757.5,78,1148,1504100,13975,596859120.0,0.613,0.453,2026-08-12
ICICIPRULI,82,2706,4766525,-23125,1294642256.25,80,1025,3041400,-24975,477713290.0,0.638,0.379,2026-08-12
IDEA,27,41071,1631631300,88414575,42431073711.0,26,17284,852410850,92274225,16106792614.5,0.522,0.421,2026-08-12
IDFCFIRSTB,67,8204,129952025,-4479825,6758396349.25,68,4541,93232300,565775,3511838048.25,0.717,0.554,2026-08-12
IEX,49,3670,32651100,-896100,2121451021.5,51,1694,19283550,-456750,913256878.5,0.591,0.462,2026-08-12
INDHOTEL,57,4115,5655000,216000,3093783450.0,57,1629,3400000,125000,1158232300.0,0.601,0.396,2026-08-12
INDIANB,70,14788,7770000,554000,13689265850.0,71,4984,5972000,-239000,4410277050.0,0.769,0.337,2026-08-12
INDIGO,46,14978,3457200,-74850,12394665660.0,47,10959,2260950,17100,8528037150.0,0.654,0.732,2026-08-12
INDUSINDBK,72,9887,7627900,-331100,7294399350.0,72,4754,4533900,41300,3354737715.0,0.594,0.481,2026-08-12
INDUSTOWER,126,29276,25418400,523600,19413977390.0,125,10663,15674000,2121600,6785952985.0,0.617,0.364,2026-08-12
INFY,65,66468,34839200,256000,32528045960.0,69,57391,32021200,-380000,26334040280.0,0.919,0.863,2026-08-12
INOXWIND,42,3833,59756800,38400,1973666688.0,41,1386,30432000,-620800,661735104.0,0.509,0.362,2026-08-12
IOC,48,6705,44001750,487500,4780121336.25,47,3733,34890375,-238875,2507399992.5,0.793,0.557,2026-08-12
IREDA,43,4581,47354125,764725,2563409106.25,46,2132,32484975,805450,1270933446.75,0.686,0.465,2026-08-12
IRFC,73,8239,86105600,2566025,4117402756.25,73,2030,51716525,-92225,986507985.75,0.601,0.246,2026-08-12
ITC,88,62933,131843475,9696225,31402468473.75,89,31533,65998500,3712200,15057266595.0,0.501,0.501,2026-08-12
JINDALSTEL,44,6184,4380000,101250,4468201843.75,45,2677,3084375,77500,1817055687.5,0.704,0.433,2026-08-12
JIOFIN,86,42857,106537250,11399850,26928761155.0,91,13424,58646600,373650,7910323720.0,0.55,0.313,2026-08-12
JSWENERGY,48,7150,8630100,230050,4499109995.0,48,2946,4876200,40850,1742182571.25,0.565,0.412,2026-08-12
JSWSTEEL,53,8038,5656500,-29700,7207875078.75,54,2066,4388850,9450,1776667027.5,0.776,0.257,2026-08-12
JUBLFOOD,95,6333,12771250,912500,4019365187.5,96,5666,13881250,562500,3427890562.5,1.087,0.895,2026-08-12
KALYANKJIL,124,21279,35410500,826200,18373710667.5,132,11689,25504200,-810000,9325034482.5,0.72,0.549,2026-08-12
KAYNES,74,24938,1981650,-166350,15088141410.0,74,8215,1598550,-9000,4509539302.5,0.807,0.329,2026-08-12
KEI,61,11801,992425,-30275,12223316437.5,61,4715,1002575,8225,4437718241.25,1.01,0.4,2026-08-12
KFINTECH,40,2093,2920425,-24150,1182597727.5,40,709,1463950,-42550,371551890.0,0.501,0.339,2026-08-12
KOTAKBANK,61,16806,38428000,-1234000,13533753700.0,62,6775,24224000,604000,5296676600.0,0.63,0.403,2026-08-12
KPITTECH,73,14501,15238050,-474300,7450326720.0,74,9146,6758775,-1484900,4355606950.0,0.444,0.631,2026-08-12
LAURUSLABS,69,7699,13186050,783700,12587962672.5,72,8089,10832400,-546550,12235707032.5,0.822,1.051,2026-08-12
LICHSGFIN,53,6918,17723000,240000,3606457050.0,53,2591,12095000,286000,1293487750.0,0.682,0.375,2026-08-12
LICI,82,52652,29117200,-2718800,31508926890.0,80,28644,20655600,-966000,16215726450.0,0.709,0.544,2026-08-12
LODHA,56,6667,5429375,-51250,5361506156.25,55,7267,3863750,219375,5333829343.75,0.712,1.09,2026-08-12
LT,66,25004,5364275,-107975,18158481285.0,69,14061,4081700,-75250,9822399877.5,0.761,0.562,2026-08-12
LTF,51,4176,21190500,1559250,3120262762.5,51,2144,15966000,940500,1496622712.5,0.753,0.513,2026-08-12
LTM,87,10151,1370700,31500,7531690125.0,92,8066,884700,-121050,5671911862.5,0.645,0.795,2026-08-12
LUPIN,111,11374,8740975,274125,11597967226.25,109,2742,4514775,80750,2642674267.5,0.517,0.241,2026-08-12
M&M,64,36652,6315000,591200,26163941070.0,67,23079,4871600,-126000,15690357090.0,0.771,0.63,2026-08-12
MANAPPURAM,54,59511,41607000,18870000,68194561350.0,56,23120,16296000,3957000,24621936750.0,0.392,0.388,2026-08-12
MANKIND,105,6032,2296500,244750,3875199712.5,105,2761,1727500,8750,1617435112.5,0.752,0.458,2026-08-12
MARICO,64,6122,10105200,-405600,6544225020.0,63,3302,6082800,-43200,3342287220.0,0.602,0.539,2026-08-12
MARUTI,97,59665,2512250,-13150,43330340895.0,98,30934,1024750,-29350,21435608900.0,0.408,0.518,2026-08-12
MAXHEALTH,92,19524,5114550,1152900,11061189405.0,91,17850,3051825,579075,9612714851.25,0.597,0.914,2026-08-12
MAZDOCK,53,21797,3743325,73800,13178484427.5,53,12497,2040525,57600,6904123290.0,0.545,0.573,2026-08-12
MCX,56,164557,6275250,29250,114154018481.25,56,73590,5360175,592200,47604875670.0,0.854,0.447,2026-08-12
MFSL,67,10525,1863600,28800,6703301080.0,65,5278,915200,-67200,3125245020.0,0.491,0.501,2026-08-12
MIDCPNIFTY,377,87391,6065760,345360,160134414882.0,377,81830,6109800,214200,145534114914.0,1.007,0.936,2026-08-12
MOTHERSON,64,9676,64882500,1162350,10595782171.5,66,6919,76850400,-1623600,6994806066.0,1.184,0.715,2026-08-12
MOTILALOFS,48,2318,2944225,-195300,1663851297.5,44,1757,1485675,-140275,1102148231.25,0.505,0.758,2026-08-12
MPHASIS,56,6056,1683000,-36575,4358352322.5,57,2192,1019700,-36300,1493015122.5,0.606,0.362,2026-08-12
MUTHOOTFIN,59,18123,6226275,321475,15227670218.75,58,7998,2977150,228800,6301256101.25,0.478,0.441,2026-08-12
NAM-INDIA,50,1485,1486250,-105000,1185571343.75,48,747,765625,1250,501498343.75,0.515,0.503,2026-08-12
NATIONALUM,47,97752,32085000,5066250,79273186031.25,47,49621,27082500,9933750,37453234593.75,0.844,0.508,2026-08-12
NAUKRI,62,19372,5486250,-691900,15073371170.0,64,15352,3949550,-1259500,11157930245.0,0.72,0.792,2026-08-12
NBCC,38,7379,41678000,-838500,4743966695.0,37,4260,18258500,-2606500,2571310235.0,0.438,0.577,2026-08-12
NESTLEIND,121,11117,6141500,443500,8683713600.0,122,3333,3191000,-141000,2490397375.0,0.52,0.3,2026-08-12
NHPC,66,4306,66407250,2773050,2423346919.5,65,1766,46662300,3078850,933201311.5,0.703,0.41,2026-08-12
NIFTY,847,23409594,224865690,51159380,37873853950244.0,867,22333081,206277395,31751200,35065488551408.25,0.917,0.954,2026-08-12
NIFTYFPI,168,5,3300,3300,9064880.0,168,0,0,0,0.0,0.0,0.0,2026-08-12
NIFTYNXT50,541,60,2950,875,114995211.25,541,78,4025,300,143381080.0,1.364,1.3,2026-08-12
NMDC,67,14610,89012250,11380500,9107436960.0,67,3391,45886500,1208250,1917695790.0,0.516,0.232,2026-08-12
NTPC,56,16736,40515000,1542000,8865187725.0,57,7086,22245000,220500,3614802975.0,0.549,0.423,2026-08-12
NYKAA,52,3787,26237500,50000,4052346875.0,52,1428,10900000,375000,1431155312.5,0.415,0.377,2026-08-12
OBEROIRLTY,72,3839,2045750,109200,2481203410.0,69,2153,1252300,167300,1306111117.5,0.612,0.561,2026-08-12
OFSS,88,7574,977500,92900,9341549300.0,93,5614,731000,-24700,6288312195.0,0.748,0.741,2026-08-12
OIL,79,7997,8359400,-725200,5522116670.0,82,3507,5558000,-334600,2281884710.0,0.665,0.439,2026-08-12
ONGC,76,13853,57476250,-94500,7784813970.0,75,5372,25130250,459000,2901266955.0,0.437,0.388,2026-08-12
PAGEIND,71,5866,90700,12640,4786828186.0,69,3818,74420,8280,2904318003.0,0.821,0.651,2026-08-12
PATANJALI,71,9173,10876850,402050,3655942936.25,72,6365,7548650,33325,2419436817.5,0.694,0.694,2026-08-12
PAYTM,86,24124,20339150,-111650,29427683807.5,86,20947,20008550,362500,23483769893.75,0.984,0.868,2026-08-12
PERSISTENT,51,22068,2321375,136000,15795787000.0,52,10677,1206750,5625,7241530906.25,0.52,0.484,2026-08-12
PETRONET,46,7531,10822400,1276800,4200666110.0,46,6316,11658400,2692300,3281724745.0,1.077,0.839,2026-08-12
PFC,82,33592,39659100,750100,17668123070.0,81,12166,21847800,314600,6053605675.0,0.551,0.362,2026-08-12
PGEL,57,10790,10896500,1900,6706286692.5,57,4059,6526500,-171000,2327612100.0,0.599,0.376,2026-08-12
PHOENIXLTD,77,2079,1269800,15050,1455089195.0,76,887,713300,33250,577591717.5,0.562,0.427,2026-08-12
PIDILITIND,65,10511,2914500,-264500,9136007100.0,65,4127,1843500,-74500,3428670125.0,0.633,0.393,2026-08-12
PIIND,52,92228,3040975,1524950,44023862487.5,53,129908,1767675,504350,57432123936.25,0.581,1.409,2026-08-12
PNB,83,61238,100384000,20616000,60030611600.0,84,24724,83032000,13128000,22992260320.0,0.827,0.404,2026-08-12
PNBHOUSING,53,10805,4277650,143650,8509438112.5,53,4028,2557750,-108550,2961925200.0,0.598,0.373,2026-08-12
POLICYBZR,74,9418,2949100,-295750,5932737685.0,77,5344,2287250,-138600,3169838455.0,0.776,0.567,2026-08-12
POLYCAB,81,29185,1788875,-216875,35085047750.0,80,13106,1240625,-53750,14643366650.0,0.694,0.449,2026-08-12
POWERGRID,94,12375,39687200,-1407900,6634662820.0,94,3915,24876700,-161500,1999714185.0,0.627,0.316,2026-08-12
POWERINDIA,71,51797,556225,-37100,48977251771.25,72,26824,585625,11600,22445544035.0,1.053,0.518,2026-08-12
PREMIERENE,50,5815,3333850,430950,4164005202.5,49,1081,1392950,54600,725510012.5,0.418,0.186,2026-08-12
PRESTIGE,74,2902,1902150,26100,2172648690.0,74,3674,1421100,97200,2608382137.5,0.747,1.266,2026-08-12
RADICO,67,2505,649200,-3900,1809938782.5,67,658,506550,-10350,411723232.5,0.78,0.263,2026-08-12
RBLBANK,65,1974,16449675,498475,2517983756.25,67,883,10728325,34925,1068594351.25,0.652,0.447,2026-08-12
RECLTD,67,13191,22497300,-768600,7482645765.0,67,7067,16490250,303975,3818810598.75,0.733,0.536,2026-08-12
RELIANCE,100,100632,59266500,1275000,68742557875.0,101,53267,42435500,-987500,34927014575.0,0.716,0.529,2026-08-12
RVNL,47,19634,28218575,-427350,9271063648.0,46,7098,16160375,-1268575,3043969698.0,0.573,0.362,2026-08-12
SAIL,62,587,30592300,-1762500,501610414.0,62,174,20304000,-277300,135907221.0,0.664,0.296,2026-08-12
SBICARD,53,3669,7384000,404000,2005491120.0,54,1890,4468800,8800,962719280.0,0.605,0.515,2026-08-12
SBILIFE,71,3781,2360625,187875,2681413256.25,73,1585,1254000,18750,1088099850.0,0.531,0.419,2026-08-12
SBIN,90,192086,78881250,-6881250,161741987850.0,91,87779,49659000,-535500,70203236962.5,0.63,0.457,2026-08-12
SHREECEM,80,4374,110800,-1425,2972078271.25,80,2301,54550,-50,1436109660.0,0.492,0.526,2026-08-12
SHRIRAMFIN,53,12626,12146475,-771375,12175774215.0,55,7731,7609800,-376200,7046909760.0,0.627,0.612,2026-08-12
SIEMENS,70,63117,2876475,103075,46812593065.0,70,33487,2018450,-51800,22960732515.0,0.702,0.531,2026-08-12
SOLARINDS,60,10185,350150,38050,10102313247.5,59,2947,233600,19850,2669966665.0,0.667,0.289,2026-08-12
SONACOMS,73,5103,7089075,-13475,5273041103.75,73,3257,4908575,-4900,3176199538.75,0.692,0.638,2026-08-12
SRF,48,8968,3555600,-9600,4914401930.0,48,2792,1552400,-8800,1432268380.0,0.437,0.311,2026-08-12
SUNPHARMA,71,19502,8555750,8400,13651751015.0,70,9385,4602150,53200,6370920850.0,0.538,0.481,2026-08-12
SUPREMEIND,55,2263,862050,6825,1429985112.5,57,865,627725,-14350,498294378.75,0.728,0.382,2026-08-12
SUZLON,56,6760,289725100,3581400,4510575434.0,53,1918,120142000,850900,1150961376.0,0.415,0.284,2026-08-12
SWIGGY,59,10881,52580075,-255500,5929410582.5,61,3450,21489375,34675,1733299681.25,0.409,0.317,2026-08-12
TATACONSUM,82,10877,6042850,493900,6665610985.0,81,9479,3506250,249150,5580298322.5,0.58,0.871,2026-08-12
TATAELXSI,64,7760,1451375,40875,3825416943.75,68,10821,698875,-500,4786743912.5,0.482,1.394,2026-08-12
TATAPOWER,60,14853,30290500,-100050,8421457247.5,58,8335,21922550,-239250,4539384572.5,0.724,0.561,2026-08-12
TATASTEEL,64,42847,100245750,6877750,22962132737.5,64,28594,60593500,2596000,14575278217.5,0.604,0.667,2026-08-12
TCS,113,204124,17472150,3873825,113757691702.5,122,216495,11679075,1371150,112693922088.75,0.668,1.061,2026-08-12
TECHM,70,8392,7448400,-88200,8569079550.0,84,6170,3722400,-102600,6049630650.0,0.5,0.735,2026-08-12
TIINDIA,55,5476,566600,1600,3254156570.0,55,2036,330000,13800,1097028690.0,0.582,0.372,2026-08-12
TITAN,78,46129,5452300,-124425,42188507383.75,77,55944,3785950,-972300,48839099907.5,0.694,1.213,2026-08-12
TMPV,66,55525,45073600,5872000,32358596640.0,65,39347,31681600,3496000,21091316160.0,0.703,0.709,2026-08-12
TORNTPHARM,79,6090,1113375,-5000,3870877018.75,81,2561,666750,-18500,1572314175.0,0.599,0.421,2026-08-12
TRENT,54,27422,8397450,79425,19683555243.75,52,16491,3054375,-30825,10933531020.0,0.364,0.601,2026-08-12
TVSMOTOR,78,15219,2929675,-96075,12107463646.25,79,10675,2559200,-131775,7982317017.5,0.874,0.701,2026-08-12
ULTRACEMCO,167,23428,783450,-14350,14316851152.5,170,7150,344450,6800,4161550337.5,0.44,0.305,2026-08-12
UNIONBANK,63,23717,42957900,3292200,20280161612.25,64,10779,40904700,7212750,8682173334.75,0.952,0.454,2026-08-12
UNITDSPR,56,3999,2334800,26400,2525241380.0,53,2239,1937600,3200,1343093620.0,0.83,0.56,2026-08-12
UNOMINDA,55,2606,2512400,24200,1888375005.0,57,2427,1078550,-25850,1673230322.5,0.429,0.931,2026-08-12
UPL,60,9178,21717940,223575,7534002640.25,60,2383,10524285,-62330,1843984879.75,0.485,0.26,2026-08-12
VBL,48,7818,27337275,235875,4680997387.5,48,2248,10707450,-76500,1255809720.0,0.392,0.288,2026-08-12
VEDL,60,28703,36670050,2625450,9667638530.0,59,9855,19801850,-56350,3150985337.5,0.54,0.343,2026-08-12
VMM,44,3424,14841000,2502600,1886559014.0,43,1284,6882150,911800,677357159.5,0.464,0.375,2026-08-12
VOLTAS,55,11356,3417000,127875,5805619162.5,56,6334,3313500,217500,3034246612.5,0.97,0.558,2026-08-12
WAAREEENER,55,18120,3518725,201250,9001213978.75,55,5207,2057650,-74900,2430928718.75,0.585,0.287,2026-08-12
WIPRO,63,12610,74211000,-984000,7405590450.0,63,8533,54078000,993000,4617148200.0,0.729,0.677,2026-08-12
YESBANK,30,5008,386386400,7557300,3844777930.0,28,1917,208059000,-1057400,1336060976.0,0.538,0.383,2026-08-12
ZYDUSLIFE,99,57535,6492600,-720000,64107329805.0,98,39495,7142400,-642600,41169160575.0,1.1,0.686,2026-08-12
360ONE,50,5443,2154000,205500,3325269200.0,52,1070,1213000,65500,609283650.0,0.563,0.197,2026-08-13
ABB,69,21918,2085500,162000,22140275600.0,69,8113,1258750,92125,7600527981.25,0.604,0.37,2026-08-13
ABCAPITAL,76,6006,25658700,40300,7953618540.0,77,3894,17378600,784300,4841928905.0,0.677,0.648,2026-08-13
ADANIENSOL,71,26214,6955875,1611225,29871518478.75,69,8496,2814075,523125,9208610752.5,0.405,0.324,2026-08-13
ADANIENT,47,19569,6397536,205794,18818442820.05,46,11676,3880113,219390,10660131270.3,0.607,0.597,2026-08-13
ADANIGREEN,75,17603,12343800,465000,15188376360.0,70,5320,5387400,144600,4239723150.0,0.436,0.302,2026-08-13
ADANIPORTS,76,16288,16563250,384275,13563543133.75,73,6415,8596075,98325,4980926973.75,0.519,0.394,2026-08-13
ADANIPOWER,40,14133,61216200,4199650,11113071727.0,39,5440,29972650,607050,3859768385.0,0.49,0.385,2026-08-13
ALKEM,88,4898,667250,137000,3560014225.0,88,1678,359875,29000,1144250056.25,0.539,0.343,2026-08-13
AMBER,74,47594,1690500,138300,36174732475.0,73,30658,1624000,111800,21148192200.0,0.961,0.644,2026-08-13
AMBUJACEM,70,5162,17896800,806400,2731730940.0,70,1714,10105200,64800,870099780.0,0.565,0.332,2026-08-13
ANGELONE,62,3960,31105000,-5000,3079904625.0,60,1867,15692500,552500,1311314625.0,0.505,0.471,2026-08-13
APLAPOLLO,87,30505,2104900,27650,22525244577.5,87,11286,1253000,-54950,7791380100.0,0.595,0.37,2026-08-13
APOLLOHOSP,69,112570,3311375,813375,127364918656.25,69,43139,1420625,76500,45966680725.0,0.429,0.383,2026-08-13
ASHOKLEY,70,63439,101385000,29440000,60776425300.0,72,21255,67280000,6445000,18614714400.0,0.664,0.335,2026-08-13
ASIANPAINT,96,12227,5211750,-153750,8649137500.0,98,8011,3465250,-50000,5397194037.5,0.665,0.655,2026-08-13
ASTRAL,70,224951,4954650,1793075,155866343713.75,70,90672,4907050,2658800,58806229171.25,0.99,0.403,2026-08-13
AUBANK,51,9732,7515000,-233000,11014563650.0,51,6147,5423000,-195000,6574460450.0,0.722,0.632,2026-08-13
AUROPHARMA,64,11750,4166250,-231000,11117566680.0,65,5168,2915000,93500,4623261225.0,0.7,0.44,2026-08-13
AXISBANK,59,32093,25115625,591250,25525171312.5,57,10915,15220000,588750,8367228656.25,0.606,0.34,2026-08-13
BAJAJ-AUTO,85,17576,1461750,87300,15927009513.75,97,13387,1836075,-67425,11351048760.0,1.256,0.762,2026-08-13
BAJAJFINSV,87,13835,8991000,828900,8663126745.0,87,6950,4737300,186900,4064113440.0,0.527,0.502,2026-08-13
BAJAJHLDNG,86,1283,84300,3900,1223986001.25,87,606,90750,675,499640126.25,1.077,0.472,2026-08-13
BAJFINANCE,99,18980,27762750,-261750,16313271787.5,101,8516,21475500,-409500,6876187162.5,0.774,0.449,2026-08-13
BANDHANBNK,49,413,54054000,-889200,281157588.0,44,137,28368000,-392400,82730412.0,0.525,0.332,2026-08-13
BANKBARODA,48,10143,52407225,1427400,7684309824.75,48,3913,43535700,1319175,2798655239.25,0.831,0.386,2026-08-13
BANKINDIA,49,3980,37934000,1554800,3124007744.0,48,2128,31241600,-780000,1554236944.0,0.824,0.535,2026-08-13
BANKNIFTY,479,917170,17429490,1083510,1621123658760.0,481,904431,16006290,853230,1548554416911.0,0.918,0.986,2026-08-13
BDL,60,51016,4005200,407150,31187060341.25,59,17718,3485850,734825,9913985412.5,0.87,0.347,2026-08-13
BEL,73,65922,54943725,-3239025,39850865358.75,72,30263,40749300,2255775,17403042210.0,0.742,0.459,2026-08-13
BHARATFORG,99,19108,11947500,-977500,21197966200.0,99,12262,6816000,56000,12299821950.0,0.57,0.642,2026-08-13
BHARTIARTL,69,126349,20568450,314450,121327446828.75,70,62882,10296575,-564775,57762291685.0,0.501,0.498,2026-08-13
BHEL,74,22639,39608625,-937125,25922705550.0,70,12667,23223375,375375,13607169975.0,0.586,0.56,2026-08-13
BIOCON,65,12732,25480000,1675000,14055475250.0,66,8306,18145000,867500,8765848500.0,0.712,0.652,2026-08-13
BLUESTARCO,86,8801,3951675,-9425,4670671183.75,86,2074,1645150,20475,1005439776.25,0.416,0.236,2026-08-13
BOSCHLTD,83,48073,437575,13750,59181863991.25,83,29501,534725,3800,31894728568.75,1.222,0.614,2026-08-13
BPCL,51,4466,12657775,744575,2887990656.25,52,2780,8595200,825550,1712698373.75,0.679,0.622,2026-08-13
BRITANNIA,82,15030,1407625,-108875,10904985825.0,83,9108,861125,-53875,6264518643.75,0.612,0.606,2026-08-13
BSE,39,57375,13882200,694200,43457422330.0,39,22319,6766600,235200,15269560840.0,0.487,0.389,2026-08-13
CAMS,64,4766,6857400,4950,3227610870.0,67,1542,3238950,8250,982527810.0,0.472,0.324,2026-08-13
CANBK,48,7371,92441250,2754000,6867542002.5,46,2874,69234750,-114750,2506690125.0,0.749,0.39,2026-08-13
CDSL,52,11892,8013725,202350,8008377022.5,52,6079,4915300,26125,3845023635.0,0.613,0.511,2026-08-13
CGPOWER,47,5985,11084000,210800,4786712100.0,47,2255,5719650,-70550,1642581097.5,0.516,0.377,2026-08-13
CHOLAFIN,78,4034,4995000,35000,5033562718.75,81,1776,3546875,89375,2062421562.5,0.71,0.44,2026-08-13
CIPLA,92,4370,5431075,128350,2836467871.25,95,2883,3586575,4675,1755078066.25,0.66,0.66,2026-08-13
COALINDIA,72,9554,33268050,1065150,5463425497.5,70,3466,23415750,153900,1923166530.0,0.704,0.363,2026-08-13
COCHINSHIP,67,8533,2912000,138400,5470438900.0,68,2009,2128800,13200,1159395320.0,0.731,0.235,2026-08-13
COFORGE,77,12753,7291725,28025,11420904940.0,79,14672,8490150,163875,12111504946.25,1.164,1.15,2026-08-13
COLPAL,89,7796,3772725,277750,4507480381.25,89,2384,1955800,78650,1308321478.75,0.518,0.306,2026-08-13
CONCOR,83,40187,9535000,1067500,27597078250.0,80,9471,5517500,891250,6167290125.0,0.579,0.236,2026-08-13
CROMPTON,49,6852,28816450,537500,3898155540.0,50,1999,16290550,230050,1053696617.5,0.565,0.292,2026-08-13
CUMMINSIND,45,5036,2011000,46800,5687942150.0,45,24703,1628400,-19400,23990662030.0,0.81,4.905,2026-08-13
DABUR,75,5984,20920000,-330000,3225641937.5,73,3341,11941250,-230000,1713867750.0,0.571,0.558,2026-08-13
DALBHARAT,28,1827,921050,133575,1144871341.25,29,917,439725,28600,516298786.25,0.477,0.502,2026-08-13
DELHIVERY,76,7808,20003000,-163925,8071898051.25,71,3551,11505875,-122425,3453161050.0,0.575,0.455,2026-08-13
DIVISLAB,78,16822,1792800,48600,14799511415.0,78,16314,1736300,25700,13299724720.0,0.968,0.97,2026-08-13
DIXON,54,68258,2270350,-107350,50530546132.5,55,29637,1111400,-60700,19865314522.5,0.49,0.434,2026-08-13
DLF,55,20924,14152150,646950,13756734635.0,55,11104,9144700,-1182750,6798665785.0,0.646,0.531,2026-08-13
DMART,71,12778,1663050,13050,8096856435.0,70,5320,1222950,8850,3155207880.0,0.735,0.416,2026-08-13
DRREDDY,108,14742,11594375,871250,11418858468.75,106,10079,6425625,-153125,7447824000.0,0.554,0.684,2026-08-13
EICHERMOT,66,14238,2045600,-101200,11773146450.0,68,7675,1853100,-6600,6030565355.0,0.906,0.539,2026-08-13
ETERNAL,54,32069,73082225,390425,25658218476.25,57,17443,44782475,2323150,13123299871.25,0.613,0.544,2026-08-13
FEDERALBNK,57,7139,26492500,17500,6522397000.0,57,2855,16137500,-715000,2509340875.0,0.609,0.4,2026-08-13
FINNIFTY,240,14054,927420,62400,22805414073.0,240,20646,495060,32100,32312271201.0,0.534,1.469,2026-08-13
FORCEMOT,41,32214,276375,78050,16377926460.0,41,24849,122075,-19500,10833249852.5,0.442,0.771,2026-08-13
FORTIS,92,6532,6784350,-125550,4802508452.5,92,6492,4946825,-122450,4465769131.25,0.729,0.994,2026-08-13
GAIL,60,5382,77972200,-1366750,3526177796.0,60,2431,30324100,624800,1491461890.5,0.389,0.452,2026-08-13
GLENMARK,84,11420,2829000,-168000,10230775950.0,85,4212,1468875,-6750,3552985181.25,0.519,0.369,2026-08-13
GMRAIRPORT,86,15184,63172575,12896775,11618688694.5,82,6934,41891850,857925,4987628734.5,0.663,0.457,2026-08-13
GODFRYPHLP,47,4066,1740475,66275,2727013011.25,48,3027,867900,10450,1628912395.0,0.499,0.744,2026-08-13
GODREJCP,119,88616,15893500,-3702000,43144080550.0,119,39073,8443000,-1205500,17847407700.0,0.531,0.441,2026-08-13
GODREJPROP,87,8277,3802825,-77350,5796165277.5,89,2271,2125175,62400,1460304560.0,0.559,0.274,2026-08-13
GRASIM,135,63688,7281500,-95000,54371071700.0,135,35805,3371750,-316750,28868332075.0,0.463,0.562,2026-08-13
GVT&D,49,16869,1452750,93125,9794085718.75,51,9944,982750,1125,5150355887.5,0.676,0.589,2026-08-13
HAL,83,121721,5943000,823800,94668721740.0,85,57651,3531600,-3750,42330577897.5,0.594,0.474,2026-08-13
HAVELLS,50,3323,2509500,-34500,2195379275.0,50,1367,1575000,50500,854270175.0,0.628,0.411,2026-08-13
HCLTECH,108,12085,6742800,64800,6835649240.0,112,9393,5406000,38000,4798133180.0,0.802,0.777,2026-08-13
HDFCAMC,49,5321,2680200,45900,4196825340.0,46,2506,1841400,55500,1860195645.0,0.687,0.471,2026-08-13
HDFCBANK,73,109370,172926000,5567250,54746609937.5,71,43992,91751400,4539600,20920740717.5,0.531,0.402,2026-08-13
HDFCLIFE,92,10219,27977400,-556600,6314219560.0,91,4154,15472600,-67100,2426807460.0,0.553,0.406,2026-08-13
HEROMOTOCO,58,21763,2702250,125550,19966765297.5,58,16550,2655450,-110250,14338067040.0,0.983,0.76,2026-08-13
HINDALCO,53,42799,19853400,2036300,33108070135.0,54,31583,10917900,-634900,23008566490.0,0.55,0.738,2026-08-13
HINDPETRO,37,4827,13571550,-589275,3984618825.0,37,3025,9847575,1421550,2354918670.0,0.726,0.627,2026-08-13
HINDUNILVR,84,25618,12612300,-421200,16471167345.0,83,9618,6493500,-276600,5921219265.0,0.515,0.375,2026-08-13
HINDZINC,57,31144,29958600,1509200,23534798551.25,58,13377,17058125,-546350,9428865241.25,0.569,0.43,2026-08-13
HYUNDAI,101,13619,2221725,248875,8705846283.75,103,4584,2178825,-37125,2747942408.75,0.981,0.337,2026-08-13
ICICIBANK,98,48023,33055400,4441500,48933095610.0,97,26537,20680800,2041900,26396039180.0,0.626,0.553,2026-08-13
ICICIGI,79,2684,2570425,115050,1500596971.25,78,1021,1572350,68250,533829513.75,0.612,0.38,2026-08-13
ICICIPRULI,82,4906,5139300,372775,2367984090.0,80,1814,3264325,222925,832624366.25,0.635,0.37,2026-08-13
IDEA,28,25439,1626056250,-5575050,26710256817.75,27,11873,841403700,-11007150,11304542465.25,0.517,0.467,2026-08-13
IDFCFIRSTB,67,9957,136565100,6613075,8285257793.75,68,5650,100132900,6900600,4395935500.25,0.733,0.567,2026-08-13
IEX,49,1822,31937700,-713400,1060063636.5,51,619,19279200,-4350,332466759.0,0.604,0.34,2026-08-13
INDHOTEL,57,3825,5777000,122000,2890898150.0,57,1912,3765000,365000,1392166150.0,0.652,0.5,2026-08-13
INDIANB,75,7865,8092000,322000,7292883800.0,76,3202,5943000,-29000,2807065250.0,0.734,0.407,2026-08-13
INDIGO,46,9875,3433050,-24150,8222649712.5,47,8712,2173950,-87000,6782095192.5,0.633,0.882,2026-08-13
INDUSINDBK,72,5860,7704200,76300,4324005980.0,72,3248,4459700,-74200,2298349515.0,0.579,0.554,2026-08-13
INDUSTOWER,133,10176,24925400,-493000,6818593325.0,132,4724,15820200,146200,3059505045.0,0.635,0.464,2026-08-13
INFY,65,49751,34740000,-99200,24198649640.0,69,40394,31460000,-561200,18260355100.0,0.906,0.812,2026-08-13
INOXWIND,42,3151,59916800,160000,1651884608.0,41,673,31033600,601600,317772352.0,0.518,0.214,2026-08-13
IOC,48,3831,44991375,989625,2749678278.75,47,2180,35153625,263250,1463066962.5,0.781,0.569,2026-08-13
IREDA,43,3011,46698000,-656125,1694579693.75,46,1732,32688600,203625,1048290957.75,0.7,0.575,2026-08-13
IRFC,73,5296,85042300,-1063300,2674135485.0,73,958,51580900,-135625,456835452.5,0.607,0.181,2026-08-13
ITC,93,32173,133801350,1957875,16013294973.75,92,12247,66559125,560625,5847256477.5,0.497,0.381,2026-08-13
JINDALSTEL,44,3760,4708750,328750,2676391437.5,45,1827,3145625,61250,1248010031.25,0.668,0.486,2026-08-13
JIOFIN,86,154265,142485200,35947950,98108740705.0,91,45343,69891350,11244750,27333236692.5,0.491,0.294,2026-08-13
JSWENERGY,48,7369,8854775,224675,4619997561.25,48,2982,4554775,-321425,1737585011.25,0.514,0.405,2026-08-13
JSWSTEEL,53,4769,5659200,2700,4270850685.0,54,2539,4390875,2025,2169853920.0,0.776,0.532,2026-08-13
JUBLFOOD,95,80341,16723750,3952500,51262523500.0,96,64056,13035000,-846250,38375455062.5,0.779,0.797,2026-08-13
KALYANKJIL,124,61603,32692950,-2717550,53803547190.0,132,29593,25038450,-465750,23677408957.5,0.766,0.48,2026-08-13
KAYNES,74,11308,2044500,62850,6825711855.0,74,5476,1561050,-37500,3031802242.5,0.764,0.484,2026-08-13
KEI,63,12334,1033025,40600,12946597440.0,63,6511,1053500,50925,6276805185.0,1.02,0.528,2026-08-13
KFINTECH,40,2505,3113050,192625,1436850221.25,40,1355,1581825,117875,706733420.0,0.508,0.541,2026-08-13
KOTAKBANK,61,9190,39852000,1424000,7437904100.0,62,4916,24814000,590000,3843804800.0,0.623,0.535,2026-08-13
KPITTECH,73,12100,14245275,-992775,6247063928.75,74,3045,6867275,108500,1420476730.0,0.482,0.252,2026-08-13
LAURUSLABS,69,9431,13341600,155550,15334258825.0,72,7783,11013450,181050,11774867080.0,0.825,0.825,2026-08-13
LICHSGFIN,53,6351,18992000,1269000,3312932500.0,53,1977,12476000,381000,985463150.0,0.657,0.311,2026-08-13
LICI,82,1759,27882400,-1234800,1048492060.0,80,773,20010200,-645400,435303050.0,0.718,0.439,2026-08-13
LODHA,57,14534,5369375,-60000,11736028750.0,56,8394,4011250,147500,6103677843.75,0.747,0.578,2026-08-13
LT,66,52539,5561500,197225,38186067097.5,69,26473,4255475,173775,18441885402.5,0.765,0.504,2026-08-13
LTF,51,2816,21708000,517500,2097950962.5,51,1703,16726500,760500,1178631562.5,0.771,0.605,2026-08-13
LTM,87,7832,1350150,-20550,5810278995.0,92,3455,881100,-3600,2384640622.5,0.653,0.441,2026-08-13
LUPIN,111,9293,8718875,-22100,9529794316.25,109,2173,4498200,-16575,2086794816.25,0.516,0.234,2026-08-13
M&M,64,33844,6660400,345400,23990292770.0,67,15257,4896400,24800,10385962040.0,0.735,0.451,2026-08-13
MANAPPURAM,55,4081,34596000,-7011000,4618001400.0,57,1129,14406000,-1890000,1192638150.0,0.416,0.277,2026-08-13
MANKIND,105,4623,2422250,125750,3010872600.0,105,1601,1630250,-97250,927789837.5,0.673,0.346,2026-08-13
MARICO,64,5347,9369600,-735600,5687007720.0,63,3095,5930400,-152400,3093672240.0,0.633,0.579,2026-08-13
MARUTI,100,41781,2616500,104250,30258582812.5,100,20837,1025950,1200,14270909180.0,0.392,0.499,2026-08-13
MAXHEALTH,102,46210,6371925,1257375,26001006648.75,101,26393,3983700,931875,13957821832.5,0.625,0.571,2026-08-13
MAZDOCK,53,23145,3741525,-1800,14000750898.75,53,6697,2010375,-30150,3731092312.5,0.537,0.289,2026-08-13
MCX,60,78476,6292125,16875,55064039265.0,60,35660,5541525,181350,23372471531.25,0.881,0.454,2026-08-13
MFSL,67,9847,2082000,218400,6283002620.0,65,6673,1325600,410400,3957797540.0,0.637,0.678,2026-08-13
MIDCPNIFTY,378,63725,6329880,264120,117512266320.0,378,73817,6713160,603360,130912867218.0,1.061,1.158,2026-08-13
MOTHERSON,64,6437,62736150,-2146350,6987364381.5,66,5610,72588450,-4261950,5607292450.5,1.157,0.872,2026-08-13
MOTILALOFS,49,3227,2766750,-177475,2344061900.0,46,1490,1419025,-66650,956659767.5,0.513,0.462,2026-08-13
MPHASIS,56,3636,1729475,46475,2621196531.25,57,1793,1023275,3575,1191241452.5,0.592,0.493,2026-08-13
MUTHOOTFIN,59,11650,6243875,17600,9739003271.25,58,4857,3004375,27225,3829512678.75,0.481,0.417,2026-08-13
NAM-INDIA,50,1565,1645625,159375,1238411781.25,48,413,752500,-13125,285594843.75,0.457,0.264,2026-08-13
NATIONALUM,50,31376,35026875,2941875,25413387000.0,50,27540,24275625,-2806875,20419554468.75,0.693,0.878,2026-08-13
NAUKRI,62,13392,5093550,-392700,10401097740.0,64,6991,3652000,-297550,5020183190.0,0.717,0.522,2026-08-13
NBCC,41,2879,43309500,1631500,1853119775.0,40,987,18362500,104000,588427190.0,0.424,0.343,2026-08-13
NESTLEIND,121,13877,6119500,-22000,10868140175.0,122,4895,3228000,37000,3671069100.0,0.527,0.353,2026-08-13
NHPC,66,5598,63251950,-3155300,3162183280.0,65,2007,45689300,-973000,1065016957.5,0.722,0.359,2026-08-13
NIFTY,847,21505349,257388970,32523280,34696572405095.25,867,20733609,236820525,30543130,32510211925070.75,0.92,0.964,2026-08-13
NIFTYFPI,168,385,254100,250800,698184960.0,168,1,1100,1100,1713085.0,0.004,0.003,2026-08-13
NIFTYNXT50,541,319,3700,750,621053691.25,541,7,4000,-25,12063475.0,1.081,0.022,2026-08-13
NMDC,67,4256,88229250,-783000,2599045447.5,67,1472,47931750,2045250,843517057.5,0.543,0.346,2026-08-13
NTPC,56,19327,41868000,1353000,10207739400.0,57,9353,22143000,-102000,4747642125.0,0.529,0.484,2026-08-13
NYKAA,52,5606,24681250,-1556250,6046162031.25,52,2232,10587500,-312500,2250544531.25,0.429,0.398,2026-08-13
OBEROIRLTY,72,21322,2258550,212800,14102461817.5,69,5800,1319500,67200,3649796797.5,0.584,0.272,2026-08-13
OFSS,88,9401,1066400,88900,11527723720.0,93,5660,736400,5400,6297970890.0,0.691,0.602,2026-08-13
OIL,79,6525,7305200,-1054200,4516779750.0,82,2497,5348000,-210000,1641765160.0,0.732,0.383,2026-08-13
ONGC,76,11344,55251000,-2225250,6388421400.0,75,4296,25407000,276750,2319248047.5,0.46,0.379,2026-08-13
PAGEIND,71,55941,214220,123520,44684143591.0,69,40484,115060,40640,29997262360.0,0.537,0.724,2026-08-13
PATANJALI,71,5835,11066050,189200,2333525182.5,72,4396,7671200,122550,1655017110.0,0.693,0.753,2026-08-13
PAYTM,86,34035,20543600,204450,41867872423.75,86,32654,19901975,-106575,36756608395.0,0.969,0.959,2026-08-13
PERSISTENT,51,15880,2410875,89500,11363988250.0,52,7210,1263125,56375,4884558831.25,0.524,0.454,2026-08-13
PETRONET,46,20857,12439300,1616900,11494448145.0,46,17887,12175200,516800,9287911645.0,0.979,0.858,2026-08-13
PFC,82,21338,40145300,486200,11155978470.0,81,7176,22144200,296400,3529493630.0,0.552,0.336,2026-08-13
PGEL,57,6477,10878450,-18050,4000220812.5,57,2511,6684200,157700,1446027870.0,0.614,0.388,2026-08-13
PHOENIXLTD,77,2044,1339450,69650,1416576297.5,76,573,712250,-1050,380740132.5,0.532,0.28,2026-08-13
PIDILITIND,70,3489,2975500,61000,3041581475.0,70,4908,1869000,25500,3954006575.0,0.628,1.407,2026-08-13
PIIND,54,23971,3062500,21525,11166604382.5,55,13932,1737750,-29925,5894384203.75,0.567,0.581,2026-08-13
PNB,93,11512,96256000,-4128000,11347004960.0,94,8158,81632000,-1400000,7607558960.0,0.848,0.709,2026-08-13
PNBHOUSING,53,8350,4648800,371150,6578359255.0,53,2537,2577900,20150,1843973397.5,0.555,0.304,2026-08-13
POLICYBZR,74,10057,2890300,-58800,6313679750.0,77,5033,1874600,-412650,2853080790.0,0.649,0.5,2026-08-13
POLYCAB,81,12753,1824125,35250,15408541718.75,80,6647,1224125,-16500,7535201281.25,0.671,0.521,2026-08-13
POWERGRID,94,11379,39527600,-159600,6049892410.0,94,4909,24994500,117800,2495761815.0,0.632,0.431,2026-08-13
POWERINDIA,71,13780,573850,17625,13008248972.5,72,10518,561950,-23675,8903985438.75,0.979,0.763,2026-08-13
PREMIERENE,50,4830,3882450,548600,3453530827.5,49,1006,1465100,72150,666293680.0,0.377,0.208,2026-08-13
PRESTIGE,74,4306,2002950,100800,3237894202.5,74,1367,1514250,93150,967993042.5,0.756,0.317,2026-08-13
RADICO,67,19013,719700,70500,13598916885.0,67,4361,527550,21000,2935875472.5,0.733,0.229,2026-08-13
RBLBANK,65,1608,16173450,-276225,2057675113.75,67,493,10588625,-139700,588442117.5,0.655,0.307,2026-08-13
RECLTD,67,11321,22779225,281925,6419321527.5,67,6171,16216200,-274050,3363700961.25,0.712,0.545,2026-08-13
RELIANCE,100,89085,62035500,2769000,60456107950.0,101,47115,42054500,-381000,30882730900.0,0.678,0.529,2026-08-13
RVNL,47,9112,29086750,868175,4281519588.5,46,3264,16223900,63525,1421150885.0,0.558,0.358,2026-08-13
SAIL,62,229,29873200,-719100,199109484.0,62,99,20040800,-263200,77417977.0,0.671,0.432,2026-08-13
SBICARD,53,6455,8033600,649600,3506211960.0,54,3739,4996800,528000,1953578120.0,0.622,0.579,2026-08-13
SBILIFE,71,6912,2563500,202875,4918604362.5,73,2444,1353375,99375,1671227043.75,0.528,0.354,2026-08-13
SBIN,90,83328,81256500,2375250,70273008900.0,91,54088,47943750,-1715250,42912233325.0,0.59,0.649,2026-08-13
SHREECEM,80,4466,125900,15100,3003245321.25,80,1830,56925,2375,1119554011.25,0.452,0.41,2026-08-13
SHRIRAMFIN,53,40370,13323750,1177275,39307331992.5,55,12914,7785525,175725,11898183618.75,0.584,0.32,2026-08-13
SIEMENS,70,16212,2662275,-214200,11941297725.0,70,12355,1623825,-394625,8343587078.75,0.61,0.762,2026-08-13
SOLARINDS,70,208165,753800,403650,215446828882.5,70,75602,726500,492900,71231589247.5,0.964,0.363,2026-08-13
SONACOMS,73,3656,7228725,139650,3767795771.25,73,2562,5092325,183750,2468688171.25,0.704,0.701,2026-08-13
SRF,48,16920,3476600,-79000,9319481860.0,48,6104,1553600,1200,3157478460.0,0.447,0.361,2026-08-13
SUNPHARMA,71,13522,8571850,16100,9445897825.0,70,5899,4461450,-140700,4003497067.5,0.52,0.436,2026-08-13
SUPREMEIND,55,6667,914375,52325,4261284151.25,57,1793,593250,-34475,1053862748.75,0.649,0.269,2026-08-13
SUZLON,56,5545,289610800,-114300,3701037810.0,53,1348,119176800,-965200,797406838.0,0.412,0.243,2026-08-13
SWIGGY,59,17850,47900775,-4679300,9668086967.5,61,4946,21303225,-186150,2486782960.0,0.445,0.277,2026-08-13
TATACONSUM,87,21236,5630350,-412500,13025321760.0,86,9470,3689950,183700,5576291517.5,0.655,0.446,2026-08-13
TATAELXSI,64,8501,1401125,-50250,4206318337.5,68,4974,733250,34375,2166466993.75,0.523,0.585,2026-08-13
TATAPOWER,60,13159,30932850,642350,7520325747.5,58,7497,21732600,-189950,4083077692.5,0.703,0.57,2026-08-13
TATASTEEL,64,23840,104370750,4125000,12724265840.0,64,14447,62917250,2323750,7365125515.0,0.603,0.606,2026-08-13
TCS,113,87790,16909200,-562950,48806249771.25,122,50622,11174175,-504900,26280859286.25,0.661,0.577,2026-08-13
TECHM,70,11834,7518600,70200,12077646270.0,84,5914,3766800,44400,5789766540.0,0.501,0.5,2026-08-13
TIINDIA,55,5616,675600,109000,3321232450.0,55,5854,360400,30400,3195884840.0,0.533,1.042,2026-08-13
TITAN,78,26764,5333650,-118650,24467403598.75,77,22536,3529400,-256550,19634649711.25,0.662,0.842,2026-08-13
TMPV,66,62523,52643200,7569600,37029353120.0,65,27755,35358400,3676800,15093607840.0,0.672,0.444,2026-08-13
TORNTPHARM,79,4897,1118500,5125,3105342668.75,81,1596,651875,-14875,965850156.25,0.583,0.326,2026-08-13
TRENT,54,28642,7977600,-419850,20484364083.75,52,9808,3165975,111600,6575096351.25,0.397,0.342,2026-08-13
TVSMOTOR,78,12952,2896075,-33600,10242990555.0,79,14579,2473100,-86100,10649101058.75,0.854,1.126,2026-08-13
ULTRACEMCO,167,42628,934450,151000,25701468250.0,170,34365,439500,95050,19999019440.0,0.47,0.806,2026-08-13
UNIONBANK,66,8410,44626125,1668225,7221226662.75,67,4444,41559600,654900,3549698803.5,0.931,0.528,2026-08-13
UNITDSPR,56,2781,2324000,-10800,1750820520.0,53,1999,1811600,-126000,1229189420.0,0.78,0.719,2026-08-13
UNOMINDA,55,6741,2528900,16500,4878895780.0,57,2350,1516350,437800,1576913140.0,0.6,0.349,2026-08-13
UPL,60,7008,22101405,383465,5725778785.0,60,1935,10604230,79945,1476323990.0,0.48,0.276,2026-08-13
VBL,48,6357,27042750,-294525,3757426020.0,48,2111,10764825,57375,1178086485.0,0.398,0.332,2026-08-13
VEDL,60,25514,39612900,2942850,8672964142.5,59,7556,19661550,-140300,2369114195.0,0.496,0.296,2026-08-13
VMM,44,1632,15534550,693550,906643819.5,43,733,7512650,630500,372257724.5,0.484,0.449,2026-08-13
VOLTAS,55,8546,3643125,226125,4362395662.5,56,4688,3426750,113250,2227396875.0,0.941,0.549,2026-08-13
WAAREEENER,55,8416,3441375,-77350,4225543306.25,55,2395,1987475,-70175,1101521487.5,0.578,0.285,2026-08-13
WIPRO,63,10432,77142000,2931000,6098103060.0,63,6759,55839000,1761000,3621883620.0,0.724,0.648,2026-08-13
YESBANK,30,2859,383991700,-2394700,2172575403.0,28,1198,209614000,1555000,842096566.0,0.546,0.419,2026-08-13
ZYDUSLIFE,99,16508,6786900,294300,18292091580.0,98,19055,5441400,-1701000,19997925525.0,0.802,1.154,2026-08-13
360ONE,50,4679,2293500,139500,2868065950.0,52,906,1203500,-9500,527857325.0,0.525,0.194,2026-08-14
ABB,69,27480,2158625,73125,27673682693.75,69,10138,1204500,-54250,9484899743.75,0.558,0.369,2026-08-14
ABCAPITAL,76,4703,25522300,-136400,6189622595.0,77,1669,17294900,-83700,2074212945.0,0.678,0.355,2026-08-14
ADANIENSOL,72,21751,6566400,-389475,24674494455.0,71,6968,3341925,527850,7526607817.5,0.509,0.32,2026-08-14
ADANIENT,49,48024,5233224,-1164312,46568743494.75,48,20239,3813678,-66435,18597642544.050003,0.729,0.421,2026-08-14
ADANIGREEN,77,23780,11722800,-621000,20452504710.0,72,8056,5383800,-3600,6408261990.0,0.459,0.339,2026-08-14
ADANIPORTS,78,51912,15135875,-1427375,43111259160.0,75,20466,8022750,-573325,16081328703.75,0.53,0.394,2026-08-14
ADANIPOWER,40,16415,63239700,2023500,12992165785.5,39,4969,30217600,244950,3541713306.0,0.478,0.303,2026-08-14
ALKEM,108,79111,1524000,856750,55977688406.25,108,45846,642750,282875,30205990206.25,0.422,0.58,2026-08-14
AMBER,74,121657,2122900,432400,92739505935.0,73,76660,1434100,-189900,53387251050.0,0.676,0.63,2026-08-14
AMBUJACEM,70,9649,18368400,471600,5091803100.0,70,2702,10292400,187200,1372074060.0,0.56,0.28,2026-08-14
ANGELONE,62,10844,33235000,2130000,8458868000.0,60,2346,15905000,212500,1681719250.0,0.479,0.216,2026-08-14
APLAPOLLO,93,21171,2143400,38500,15811128322.5,93,7876,1346800,93800,5629757367.5,0.628,0.372,2026-08-14
APOLLOHOSP,69,234076,2528000,-783375,267078924625.0,69,77675,1937500,516875,84659260900.0,0.766,0.332,2026-08-14
ASHOKLEY,70,111319,135445000,34060000,104381048750.0,72,62732,79215000,11935000,54083090550.0,0.585,0.564,2026-08-14
ASIANPAINT,96,27398,5592000,380250,19336712837.5,98,13466,3457000,-8250,9050899237.5,0.618,0.491,2026-08-14
ASTRAL,78,25630,4241075,-713575,17852927761.25,78,20397,3147550,-1759500,13452755987.5,0.742,0.796,2026-08-14
AUBANK,51,5684,7975000,460000,6394410850.0,51,3796,5583000,160000,4042265300.0,0.7,0.668,2026-08-14
AUROPHARMA,64,10996,4489100,322850,10294256885.0,65,14145,2957350,42350,12618443337.5,0.659,1.286,2026-08-14
AXISBANK,59,38125,27248750,2133125,30187705375.0,57,16373,15668750,448750,12442635000.0,0.575,0.429,2026-08-14
BAJAJ-AUTO,85,22494,1419675,-42075,20393073960.0,97,21585,1817250,-18825,18159557891.25,1.28,0.96,2026-08-14
BAJAJFINSV,87,7996,9021900,30900,5019640485.0,87,3435,4674600,-62700,2064244065.0,0.518,0.43,2026-08-14
BAJAJHLDNG,86,1605,81525,-2775,1524187608.75,87,650,90525,-225,515594193.75,1.11,0.405,2026-08-14
BAJFINANCE,99,24073,26964000,-798750,20617504462.5,101,10561,20951250,-524250,8533276950.0,0.777,0.439,2026-08-14
BANDHANBNK,49,382,53031600,-1022400,272343132.0,44,67,28166400,-201600,42177168.0,0.531,0.175,2026-08-14
BANKBARODA,48,13529,53211600,804375,10249943037.75,48,6662,44588700,1053000,4763281302.0,0.838,0.492,2026-08-14
BANKINDIA,49,2779,37086400,-847600,2191781696.0,48,1774,29946800,-1294800,1276469480.0,0.807,0.638,2026-08-14
BANKNIFTY,479,1314686,19274670,1845180,2320529238627.0,481,1162264,16455030,448740,1991366332624.5,0.854,0.884,2026-08-14
BDL,61,172156,7556925,3551725,107323927952.5,60,73684,4772325,1286475,42438695683.75,0.632,0.428,2026-08-14
BEL,74,32580,55374075,430350,19710058215.0,73,16188,41252325,503025,9398992983.75,0.745,0.497,2026-08-14
BHARATFORG,99,19573,12067000,119500,21695786200.0,99,11374,6573500,-242500,11547605950.0,0.545,0.581,2026-08-14
BHARTIARTL,69,234474,20976000,407550,227359570372.5,70,109101,12813125,2516550,101885277950.0,0.611,0.465,2026-08-14
BHEL,74,52086,42233625,2625000,60783230418.75,70,19261,23199750,-23625,21014128537.5,0.549,0.37,2026-08-14
BIOCON,65,9665,24185000,-1295000,10694791250.0,66,3613,18580000,435000,3786732750.0,0.768,0.374,2026-08-14
BLUESTARCO,86,9233,3959475,7800,4807037966.25,86,2397,1636375,-8775,1160829735.0,0.413,0.26,2026-08-14
BOSCHLTD,85,21704,416350,-21225,26669075573.75,85,27459,517275,-17450,29673537586.25,1.242,1.265,2026-08-14
BPCL,51,5183,13313475,655700,3363169435.0,52,2770,8871700,276500,1726323108.75,0.666,0.534,2026-08-14
BRITANNIA,82,9291,1385125,-22500,6690714812.5,83,6503,791250,-69875,4478241675.0,0.571,0.7,2026-08-14
BSE,39,98454,15085200,1203000,74009704290.0,39,44731,6398800,-367800,30502797720.0,0.424,0.454,2026-08-14
CAMS,66,6789,7290525,433125,4559158725.0,69,1850,3285975,47025,1173343916.25,0.451,0.272,2026-08-14
CANBK,48,9593,92097000,-344250,8847510525.0,46,5158,69457500,222750,4498094767.5,0.754,0.538,2026-08-14
CDSL,52,9641,8127250,113525,6508013997.5,52,3275,4937625,22325,2056506657.5,0.608,0.34,2026-08-14
CGPOWER,47,8485,11697700,613700,6745525922.5,47,3801,5944050,224400,2778213355.0,0.508,0.448,2026-08-14
CHOLAFIN,78,5309,5148125,153125,6596331687.5,81,2316,3458750,-88125,2713501093.75,0.672,0.436,2026-08-14
CIPLA,92,16680,6315500,884425,10641422106.25,95,5961,3592100,5525,3695899365.0,0.569,0.357,2026-08-14
COALINDIA,72,12983,34584300,1316250,7399326037.5,70,4366,23592600,176850,2407434412.5,0.682,0.336,2026-08-14
COCHINSHIP,67,13325,3573600,661600,8482122440.0,68,6221,2192800,64000,3616817340.0,0.614,0.467,2026-08-14
COFORGE,79,10801,7282700,-9025,9675312572.5,81,10054,8099225,-390925,8382929128.75,1.112,0.931,2026-08-14
COLPAL,89,8885,3760900,-11825,5171407890.0,89,1588,1946450,-9350,861218173.75,0.518,0.179,2026-08-14
CONCOR,86,22962,11160000,1625000,15956385375.0,83,7963,5350000,-167500,5265568375.0,0.479,0.347,2026-08-14
CROMPTON,49,9780,27085700,-1730750,5545327945.0,50,2685,15445600,-844950,1421711042.5,0.57,0.275,2026-08-14
CUMMINSIND,47,25285,2020000,9000,28414425720.0,47,10302,1590200,-38200,10592951480.0,0.787,0.407,2026-08-14
DABUR,75,8083,21050000,130000,4368240500.0,73,2399,11816250,-125000,1212531937.5,0.561,0.297,2026-08-14
DALBHARAT,28,2532,899925,-21125,1564279063.75,29,831,411775,-27950,488645657.5,0.458,0.328,2026-08-14
DELHIVERY,76,7832,20100525,97525,7991237095.0,71,3485,10447625,-1058250,3359371153.75,0.52,0.445,2026-08-14
DIVISLAB,78,26567,1888900,96100,23378929750.0,78,13902,1702500,-33800,11372010190.0,0.901,0.523,2026-08-14
DIXON,54,60267,2258400,-11950,44934819415.0,55,26881,1104550,-6850,18411806767.5,0.489,0.446,2026-08-14
DLF,55,15708,14462800,310650,10341694062.5,55,7670,9165600,20900,4784559907.5,0.634,0.488,2026-08-14
DMART,71,22490,1772550,109500,14202191227.5,70,6811,1198950,-24000,4089548887.5,0.676,0.303,2026-08-14
DRREDDY,108,7941,11863750,269375,6149949093.75,106,4891,6417500,-8125,3605702968.75,0.541,0.616,2026-08-14
EICHERMOT,69,22656,1985600,-60000,18821754890.0,71,10328,1839500,-13600,8179418090.0,0.926,0.456,2026-08-14
ETERNAL,54,55883,71178600,-1903625,45091167557.5,57,26129,44823700,41225,19714995981.25,0.63,0.468,2026-08-14
FEDERALBNK,57,7797,25830000,-662500,7151007750.0,57,3975,16242500,105000,3471904750.0,0.629,0.51,2026-08-14
FINNIFTY,240,17529,967320,39900,28366432299.0,240,11573,542280,47220,18105145479.0,0.561,0.66,2026-08-14
FORCEMOT,41,16029,296100,19725,8052657680.0,41,17179,121975,-100,6794041090.0,0.412,1.072,2026-08-14
FORTIS,92,10918,6213175,-571175,8061531593.75,92,7687,4940625,-6200,5312755742.5,0.795,0.704,2026-08-14
GAIL,60,7117,76236250,-1735950,4690522948.5,60,2273,29237800,-1086300,1390342874.0,0.384,0.319,2026-08-14
GLENMARK,88,11384,2843625,14625,10202193543.75,89,4435,1448250,-20625,3754994493.75,0.509,0.39,2026-08-14
GMRAIRPORT,86,7950,63723600,551025,6036902466.75,82,2901,42680025,788175,2063649168.0,0.67,0.365,2026-08-14
GODFRYPHLP,47,4149,1744325,3850,2721631632.5,48,1259,817850,-50050,686506163.75,0.469,0.303,2026-08-14
GODREJCP,119,26590,14853000,-1040500,13087727050.0,119,13027,7996500,-446500,6026666575.0,0.538,0.49,2026-08-14
GODREJPROP,87,8258,3675100,-127725,5745200646.25,89,2531,2058875,-66300,1651812370.0,0.56,0.306,2026-08-14
GRASIM,135,22928,7067000,-214500,19450650812.5,135,9771,3282500,-89250,7831173725.0,0.464,0.426,2026-08-14
GVT&D,49,11749,1421375,-31375,6758124856.25,51,5704,901500,-81250,2836519018.75,0.634,0.485,2026-08-14
HAL,83,108127,5682600,-260400,84312784230.0,85,38305,3605850,74250,28285275210.0,0.635,0.354,2026-08-14
HAVELLS,50,17521,2969500,460000,11664002600.0,50,5346,1724000,149000,3414115300.0,0.581,0.305,2026-08-14
HCLTECH,108,12864,6830400,87600,7263128720.0,112,9230,5374400,-31600,4849753660.0,0.787,0.718,2026-08-14
HDFCAMC,49,9574,2813400,133200,7519374285.0,46,3324,1893000,51600,2467932330.0,0.673,0.347,2026-08-14
HDFCBANK,73,145934,177097700,4171700,72922694617.5,71,48116,93744300,1992900,22710292735.0,0.529,0.33,2026-08-14
HDFCLIFE,92,11764,27706800,-270600,7275621375.0,91,3129,15411000,-61600,1842742660.0,0.556,0.266,2026-08-14
HEROMOTOCO,58,20465,2712450,10200,18668176395.0,58,15983,2504250,-151200,13673707020.0,0.923,0.781,2026-08-14
HINDALCO,53,39636,19785500,-67900,30157725080.0,54,31289,12493600,1575700,22370639970.0,0.631,0.789,2026-08-14
HINDPETRO,37,5454,14901975,14901975,4287410595.0,37,4141,9357525,9357525,3082573057.5,0.628,0.759,2026-08-14
HINDUNILVR,84,24059,11883300,-729000,15614839980.0,83,7448,6428400,-65100,4627420830.0,0.541,0.31,2026-08-14
HINDZINC,57,33069,32756500,2797900,24533619696.25,58,22735,17254125,196000,15565795332.5,0.527,0.688,2026-08-14
HYUNDAI,101,10430,2259125,37400,6613469431.25,103,5349,2060850,-117975,3137198611.25,0.912,0.513,2026-08-14
ICICIBANK,101,55427,33882100,826700,56483046060.0,100,32053,20753600,72800,31715975480.0,0.613,0.578,2026-08-14
ICICIGI,79,4665,2570100,-325,2595842502.5,78,1252,1592500,20150,662859388.75,0.62,0.268,2026-08-14
ICICIPRULI,82,3871,5200350,61050,1875475610.0,80,1505,3278200,13875,693578875.0,0.63,0.389,2026-08-14
IDEA,28,39325,1562800875,-63255375,42083856738.0,27,16000,978707175,137303475,15500529513.75,0.626,0.407,2026-08-14
IDFCFIRSTB,68,5594,139987575,3422475,4649751811.25,69,4305,105428925,5296025,3319490130.25,0.753,0.77,2026-08-14
IEX,49,2168,32068200,130500,1248806874.0,51,1023,18270000,-1009200,554268517.5,0.57,0.472,2026-08-14
INDHOTEL,57,3716,5629000,-148000,2807921200.0,57,1510,3707000,-58000,1079564400.0,0.659,0.406,2026-08-14
INDIANB,75,7369,8067000,-25000,6841637350.0,76,3018,5724000,-219000,2632805900.0,0.71,0.41,2026-08-14
INDIGO,46,13773,3543000,109950,11524072327.5,47,7979,2206200,32250,6152705197.5,0.623,0.579,2026-08-14
INDUSINDBK,72,5392,7891100,186900,3987532815.0,72,3637,4340700,-119000,2569435750.0,0.55,0.675,2026-08-14
INDUSTOWER,133,18182,25595200,669800,12240357850.0,132,8793,16233300,413100,5671019885.0,0.634,0.484,2026-08-14
INFY,65,60774,35306800,566800,29485349980.0,69,47085,31324800,-135200,21333151280.0,0.887,0.775,2026-08-14
INOXWIND,42,3313,59187200,-729600,1696719744.0,41,1250,30592000,-441600,599929088.0,0.517,0.377,2026-08-14
IOC,48,5685,44723250,-268125,4072861503.75,47,4803,35772750,619125,3135899666.25,0.8,0.845,2026-08-14
IREDA,45,5735,45272625,-1425375,3220822509.5,48,1807,32887700,199100,1060481941.25,0.726,0.315,2026-08-14
IRFC,73,7157,88649925,3607625,3586220662.5,73,1618,50843100,-737800,835270161.25,0.574,0.226,2026-08-14
ITC,93,35398,133785825,-15525,17604173981.25,92,12622,67311225,752100,6033055365.0,0.503,0.357,2026-08-14
JINDALSTEL,44,4399,4603750,-105000,3118247468.75,45,2499,3073125,-72500,1716405781.25,0.668,0.568,2026-08-14
JIOFIN,86,62644,149718500,7233300,39259543092.5,91,17561,71252000,1360650,10367366572.5,0.476,0.28,2026-08-14
JSWENERGY,48,6234,8878425,23650,3911801858.75,48,3911,5777050,1222275,2252851646.25,0.651,0.627,2026-08-14
JSWSTEEL,53,7337,5667975,8775,6529092311.25,54,4736,4624425,233550,4057586190.0,0.816,0.645,2026-08-14
JUBLFOOD,107,136526,23028750,6305000,90127339062.5,108,56912,15051250,2016250,35370920812.5,0.654,0.417,2026-08-14
KALYANKJIL,124,20454,33666300,973350,17928474592.5,132,10751,24556500,-481950,8677476877.5,0.729,0.526,2026-08-14
KAYNES,74,12806,2146050,101550,7666135365.0,74,5174,1558950,-2100,2828588220.0,0.726,0.404,2026-08-14
KEI,63,5464,1017975,-15050,5720031651.25,63,3881,1012725,-40775,3709437313.75,0.995,0.71,2026-08-14
KFINTECH,40,6176,3509800,396750,3484488557.5,40,2283,1539275,-42550,1196811008.75,0.439,0.37,2026-08-14
KOTAKBANK,61,7271,39896000,44000,5874451500.0,62,3524,24508000,-306000,2753585800.0,0.614,0.485,2026-08-14
KPITTECH,73,8439,13939925,-305350,4348055543.75,74,1972,6735525,-131750,922043966.25,0.483,0.234,2026-08-14
LAURUSLABS,69,18594,13316100,-25500,29877070155.0,72,18302,10335150,-678300,27264720785.0,0.776,0.984,2026-08-14
LICHSGFIN,53,8812,19124000,132000,4606400300.0,53,2648,12805000,329000,1303278350.0,0.67,0.3,2026-08-14
LICI,82,771,27451200,-431200,458384780.0,80,419,19653200,-357000,235208260.0,0.716,0.543,2026-08-14
LODHA,57,17356,5828750,459375,14069109937.5,56,5126,4178125,166875,3813431875.0,0.717,0.295,2026-08-14
LT,66,24890,5672800,111300,18032761075.0,69,11853,4309550,54075,8334284236.25,0.76,0.476,2026-08-14
LTF,51,6818,22558500,850500,5049832612.5,51,2691,16870500,144000,1855819125.0,0.748,0.395,2026-08-14
LTM,87,8509,1445100,94950,6302771917.5,92,4475,854550,-26550,3066009315.0,0.591,0.526,2026-08-14
LUPIN,113,14483,9063975,345100,14671265901.25,111,6159,4420000,-78200,5896021005.0,0.488,0.425,2026-08-14
M&M,64,30155,6923000,262600,21382676370.0,67,16652,4976600,80200,11281333480.0,0.719,0.552,2026-08-14
MANAPPURAM,56,1041,32910000,-1686000,1179988800.0,58,102,14241000,-165000,106682250.0,0.433,0.098,2026-08-14
MANKIND,107,17866,2423000,750,11353729712.5,107,4298,1636250,6000,2543440687.5,0.675,0.241,2026-08-14
MARICO,64,5040,9246000,-123600,5395230300.0,63,2710,5912400,-18000,2742963600.0,0.639,0.538,2026-08-14
MARUTI,100,61993,2626350,9850,44689279212.5,100,30890,1023700,-2250,21208330232.5,0.39,0.498,2026-08-14
MAXHEALTH,102,33899,6793500,421575,18869151813.75,101,21191,3725400,-258300,11137740416.25,0.548,0.625,2026-08-14
MAZDOCK,53,39958,4247325,505800,24303585937.5,53,9225,2113200,102825,5238192048.75,0.498,0.231,2026-08-14
MCX,60,33646,6249825,-42300,23407214883.75,60,22723,5493600,-47925,14814398340.0,0.879,0.675,2026-08-14
MFSL,67,97961,3099600,1017600,62964559620.0,65,35036,1508000,182400,21333999900.0,0.487,0.358,2026-08-14
MIDCPNIFTY,382,90235,6730320,400440,165986439660.0,382,85803,6798480,85320,152476694622.0,1.01,0.951,2026-08-14
MOTHERSON,64,5646,62096550,-639600,6098826157.5,66,4322,70645050,-1943400,4328992872.0,1.138,0.765,2026-08-14
MOTILALOFS,49,3803,2831075,64325,2755002821.25,46,1708,1419800,775,1071327953.75,0.502,0.449,2026-08-14
MPHASIS,56,6014,1715725,-13750,4335574471.25,57,2882,977350,-45925,1878353331.25,0.57,0.479,2026-08-14
MUTHOOTFIN,59,14247,6218850,-25025,11904252731.25,58,6657,2994475,-9900,5222204982.5,0.482,0.467,2026-08-14
NAM-INDIA,50,1945,1800625,155000,1519833218.75,48,354,779375,26875,251543875.0,0.433,0.182,2026-08-14
NATIONALUM,50,59382,44859375,9832500,45622275093.75,50,40952,27204375,2928750,28743687843.75,0.606,0.69,2026-08-14
NAUKRI,62,7250,5003900,-89650,5591571975.0,64,4304,3305500,-346500,3128906797.5,0.661,0.594,2026-08-14
NBCC,41,4640,46202000,2892500,2909400845.0,40,1902,19142500,780000,1111514300.0,0.414,0.41,2026-08-14
NESTLEIND,121,10353,6115500,-4000,8057392875.0,122,3411,3180500,-47500,2540582050.0,0.52,0.329,2026-08-14
NHPC,66,3558,66720000,3468050,2005560249.0,65,1089,44841400,-847900,584253904.5,0.672,0.306,2026-08-14
NIFTY,849,37457795,270278360,12889390,60136211552270.75,869,36437052,265589295,28768770,57268376555949.0,0.983,0.973,2026-08-14
NIFTYFPI,171,71,258500,4400,128574930.0,171,5,1100,0,8836850.0,0.004,0.07,2026-08-14
NIFTYNXT50,541,56,3750,50,108395982.5,541,6,4100,100,11133351.25,1.093,0.107,2026-08-14
NMDC,67,14985,97983000,9753750,8980512997.5,67,8342,51178500,3246750,4717330110.0,0.522,0.557,2026-08-14
NTPC,56,14488,42666000,798000,7642125975.0,57,6393,22008000,-135000,3263979750.0,0.516,0.441,2026-08-14
NYKAA,52,4232,25371875,690625,4579327187.5,52,1324,10228125,-359375,1331186562.5,0.403,0.313,2026-08-14
OBEROIRLTY,72,7443,2270800,12250,4973276945.0,69,2905,1246350,-73150,1816989562.5,0.549,0.39,2026-08-14
OFSS,88,32911,1124100,57700,40386854405.0,93,14023,926800,190400,15879413290.0,0.824,0.426,2026-08-14
OIL,79,4835,7035000,-270200,3341882740.0,82,3263,4473000,-875000,2104007920.0,0.636,0.675,2026-08-14
ONGC,76,15890,56796750,1545750,8870219707.5,75,7521,25074000,-333000,4037215342.5,0.441,0.473,2026-08-14
PAGEIND,79,117723,400440,186220,93315787305.0,77,72349,149900,34840,52503361607.0,0.374,0.615,2026-08-14
PATANJALI,71,12680,13058025,1991975,5086609535.0,72,7944,8601075,929875,2952833811.25,0.659,0.626,2026-08-14
PAYTM,87,35061,20143400,-400200,43117091685.0,87,33460,18703550,-1198425,38345223066.25,0.929,0.954,2026-08-14
PERSISTENT,51,44251,2099000,-311875,31880935406.25,52,21662,1161500,-101625,14865572181.25,0.553,0.49,2026-08-14
PETRONET,46,12280,11470300,-969000,6742741375.0,46,6615,11738200,-437000,3435361880.0,1.023,0.539,2026-08-14
PFC,82,19933,40491100,345800,10483614115.0,81,4861,22159800,15600,2393654900.0,0.547,0.244,2026-08-14
PGEL,57,8997,10902200,23750,5548972135.0,57,3357,6541700,-142500,1917914815.0,0.6,0.373,2026-08-14
PHOENIXLTD,77,1306,1303400,-36050,901151317.5,76,846,729400,17150,556077550.0,0.56,0.648,2026-08-14
PIDILITIND,70,6495,2918000,-57500,5643094175.0,70,3165,1807000,-62000,2639306000.0,0.619,0.487,2026-08-14
PIIND,54,15796,2870175,-192325,7276383651.25,55,7893,1585500,-152250,3378733225.0,0.552,0.5,2026-08-14
PNB,93,11104,92472000,-3784000,10881650880.0,94,8880,77448000,-4184000,8212215120.0,0.838,0.8,2026-08-14
PNBHOUSING,54,5612,4433650,-215150,4418913850.0,54,1594,2507050,-70850,1153036300.0,0.565,0.284,2026-08-14
POLICYBZR,76,5122,2776550,-113750,3224378920.0,79,5379,2013200,138600,3079467965.0,0.725,1.05,2026-08-14
POLYCAB,81,7530,1837000,12875,9044816906.25,80,6534,1214250,-9875,7440926812.5,0.661,0.868,2026-08-14
POWERGRID,97,10428,39221700,-305900,5536314525.0,97,3494,24964100,-30400,1771113785.0,0.636,0.335,2026-08-14
POWERINDIA,71,35990,556650,-17200,33889157590.0,72,24658,536500,-25450,20496991342.5,0.964,0.685,2026-08-14
PREMIERENE,50,8051,4119050,236600,5857926652.5,49,1164,1365650,-99450,768993355.0,0.332,0.145,2026-08-14
PRESTIGE,74,3324,2063250,60300,2513612880.0,74,1635,1472850,-41400,1166298232.5,0.714,0.492,2026-08-14
RADICO,74,4914,710850,-8850,3541295902.5,74,3035,526500,-1050,2066228460.0,0.741,0.618,2026-08-14
RBLBANK,65,1982,16744950,571500,2530998081.25,67,1156,10480675,-107950,1372237063.75,0.626,0.583,2026-08-14
RECLTD,67,21178,25785900,3006675,11868050643.75,67,15356,17350200,1134000,8170546938.75,0.673,0.725,2026-08-14
RELIANCE,100,134692,68653000,6617500,91063826375.0,101,51542,43240500,1186000,33576935575.0,0.63,0.383,2026-08-14
RVNL,47,9439,28967400,-119350,4414383435.0,46,2518,15659875,-564025,1080806573.0,0.541,0.267,2026-08-14
SAIL,69,770,28825100,-1048100,648004745.0,69,378,19617800,-423000,297603859.0,0.681,0.491,2026-08-14
SBICARD,55,11291,8800000,766400,6092190520.0,56,6268,5355200,358400,3184411160.0,0.609,0.555,2026-08-14
SBILIFE,74,8613,2858625,295125,6050909250.0,75,3761,1447125,93750,2557805718.75,0.506,0.437,2026-08-14
SBIN,90,109106,84805500,3549000,91480191675.0,91,50748,46270500,-1673250,40421357812.5,0.546,0.465,2026-08-14
SHREECEM,86,8233,148525,22625,5427527163.75,86,4142,60450,3525,2556896456.25,0.407,0.503,2026-08-14
SHRIRAMFIN,53,12464,12840300,-483450,12100194480.0,55,5696,7514925,-270600,5177712251.25,0.585,0.457,2026-08-14
SIEMENS,70,25693,2891175,228900,18875893225.0,70,13385,1672475,48650,9179933253.75,0.578,0.521,2026-08-14
SOLARINDS,75,177818,991100,237300,187788061792.5,75,117874,780200,53700,113088747537.5,0.787,0.663,2026-08-14
SONACOMS,73,3455,7010675,-218050,3564224107.5,73,2117,4926950,-165375,2009307352.5,0.703,0.613,2026-08-14
SRF,48,8897,3473600,-3000,4909670570.0,48,3490,1512000,-41600,1804067990.0,0.435,0.392,2026-08-14
SUNPHARMA,74,14722,8674750,102900,10253708517.5,73,5899,4438000,-23450,3980141182.5,0.512,0.401,2026-08-14
SUPREMEIND,55,16395,938700,24325,10550938186.25,57,3604,488075,-105175,2172205385.0,0.52,0.22,2026-08-14
SUZLON,56,6754,294233600,4622800,4477508698.0,53,1726,120002300,825500,1042199592.0,0.408,0.256,2026-08-14
SWIGGY,59,18826,46869650,-1031125,10289032723.75,61,6294,21146275,-156950,3167245525.0,0.451,0.334,2026-08-14
TATACONSUM,87,6972,5580850,-49500,4307370842.5,86,3263,3573350,-116600,1943643982.5,0.64,0.468,2026-08-14
TATAELXSI,64,6699,1408000,6875,3342493981.25,68,3967,717125,-16125,1713965656.25,0.509,0.592,2026-08-14
TATAPOWER,60,52087,30612400,-320450,30126659207.5,58,22317,21748550,15950,12404057697.5,0.71,0.428,2026-08-14
TATASTEEL,65,40863,108292250,3921500,21551211605.0,65,22336,61930000,-987250,11211230222.5,0.572,0.547,2026-08-14
TCS,113,66846,16941600,32400,37218425872.5,122,45080,10877400,-296775,23589391241.25,0.642,0.674,2026-08-14
TECHM,70,11526,7496400,-22200,11717739660.0,84,6033,3733800,-33000,5896724850.0,0.498,0.523,2026-08-14
TIINDIA,55,23028,1076200,400600,13410756660.0,55,20492,602000,241600,10933119520.0,0.559,0.89,2026-08-14
TITAN,78,33923,5502000,168350,30963207660.0,77,16397,3501925,-27475,14348259458.75,0.636,0.483,2026-08-14
TMPV,67,141571,61300800,8657600,80495119840.0,66,78704,38017600,2659200,41830152560.0,0.62,0.556,2026-08-14
TORNTPHARM,79,5199,1117000,-1500,3302645962.5,81,2082,648250,-3625,1259807556.25,0.58,0.4,2026-08-14
TRENT,54,43335,8136450,158850,30662380878.75,52,14843,3255075,89100,9995894088.75,0.4,0.343,2026-08-14
TVSMOTOR,78,13319,2787225,-108850,10453247131.25,79,14816,2484650,11550,10757024451.25,0.891,1.112,2026-08-14
ULTRACEMCO,169,21471,989450,55000,12879662952.5,172,9976,423300,-16200,5757519660.0,0.428,0.465,2026-08-14
UNIONBANK,66,11677,46935975,2309850,10029188381.25,67,4575,42143700,584100,3717472191.75,0.898,0.392,2026-08-14
UNITDSPR,56,12416,2482800,158800,7843683800.0,53,4462,1787200,-24400,2795352580.0,0.72,0.359,2026-08-14
UNOMINDA,55,2955,2445300,-83600,2132477022.5,57,1201,1527350,11000,804762612.5,0.625,0.406,2026-08-14
UPL,60,9750,21796530,-304875,7950339601.5,60,3052,10814255,210025,2336519385.25,0.496,0.313,2026-08-14
VBL,48,10227,27731250,688500,6074854927.5,48,2960,10750800,-14025,1656088638.75,0.388,0.289,2026-08-14
VEDL,60,25900,40296000,683100,8558017215.0,59,8894,19547700,-113850,2777736450.0,0.485,0.343,2026-08-14
VMM,44,1767,16320250,785700,964413624.5,43,894,7367150,-145500,464351852.5,0.451,0.506,2026-08-14
VOLTAS,55,103548,5606625,1963500,54089330812.5,56,36049,4432125,1005375,17551047900.0,0.791,0.348,2026-08-14
WAAREEENER,55,8458,3465350,23975,4205877007.5,55,2037,2000250,12775,938150395.0,0.577,0.241,2026-08-14
WIPRO,63,33821,83160000,6018000,19871672880.0,63,12244,55920000,81000,6639242940.0,0.672,0.362,2026-08-14
YESBANK,30,3776,394441300,10449600,2850391195.0,28,1084,212879500,3265500,757199164.0,0.54,0.287,2026-08-14
ZYDUSLIFE,99,14272,7702200,915300,15567779520.0,98,9630,4867200,-574200,9902299950.0,0.632,0.675,2026-08-14
360ONE,50,5437,2253500,-40000,3294512275.0,52,3585,1176000,-27500,2080724300.0,0.522,0.659,2026-08-17
ABB,69,23148,2159500,875,23247560812.5,69,6107,1194625,-9875,5719207387.5,0.553,0.264,2026-08-17
ABCAPITAL,76,7310,23525900,-1996400,9560358150.0,77,2444,17828100,533200,3012305340.0,0.758,0.334,2026-08-17
ADANIENSOL,72,11088,7083450,517050,12555336690.0,71,4826,3200850,-141075,5182197311.25,0.452,0.435,2026-08-17
ADANIENT,49,17943,5501436,268212,17444041210.2,48,10501,3638784,-174894,9605654154.6,0.661,0.585,2026-08-17
ADANIGREEN,77,12843,11546400,-176400,11048421630.0,72,4996,5530200,146400,3958608750.0,0.479,0.389,2026-08-17
ADANIPORTS,78,21178,15380025,244150,17731433721.25,75,10289,7758175,-264575,8197793556.25,0.504,0.486,2026-08-17
ADANIPOWER,40,31889,70204800,6965100,24633036105.5,39,10135,33433900,3216300,7220740931.5,0.476,0.318,2026-08-17
ALKEM,108,38579,1539000,15000,27403086137.5,108,15695,660375,17625,10381759062.5,0.429,0.407,2026-08-17
AMBER,74,75006,2375600,252700,57110319475.0,73,23849,1385800,-48300,16920265850.0,0.583,0.318,2026-08-17
AMBUJACEM,70,12063,19020000,651600,6259613520.0,70,4209,10461600,169200,2136890520.0,0.55,0.349,2026-08-17
ANGELONE,63,14701,31220000,-2015000,11341758625.0,61,6462,14830000,-1075000,4586562500.0,0.475,0.44,2026-08-17
APLAPOLLO,95,8460,2242800,99400,6352022792.5,95,5921,1562400,215600,4245646300.0,0.697,0.7,2026-08-17
APOLLOHOSP,69,46462,2464500,-63500,53420545143.75,69,31922,1799375,-138125,34984170106.25,0.73,0.687,2026-08-17
ASHOKLEY,70,81247,123340000,-12105000,75018254950.0,72,38600,85820000,6605000,33107481800.0,0.696,0.475,2026-08-17
ASIANPAINT,101,12093,5578500,-13500,8532225075.0,102,5615,3393250,-63750,3748510237.5,0.608,0.464,2026-08-17
ASTRAL,78,9702,4024325,-216750,6673921051.25,78,6404,2641375,-506175,4155780156.25,0.656,0.66,2026-08-17
AUBANK,51,6919,7937000,-38000,7756420800.0,51,3712,5683000,100000,3974412700.0,0.716,0.536,2026-08-17
AUROPHARMA,64,9699,4796550,307450,9005190342.5,65,4346,2989800,32450,3916668827.5,0.623,0.448,2026-08-17
AXISBANK,62,60433,26858125,-390625,47624851375.0,60,26129,15422500,-246250,20056276500.0,0.574,0.432,2026-08-17
BAJAJ-AUTO,85,20681,1438500,18825,18765713257.5,97,25771,1775850,-41400,21274874805.0,1.235,1.246,2026-08-17
BAJAJFINSV,87,11231,9105000,83100,7022697135.0,87,6522,4718100,43500,3886978545.0,0.518,0.581,2026-08-17
BAJAJHLDNG,86,9927,128100,46575,8818770948.75,87,1588,93525,3000,1359640177.5,0.73,0.16,2026-08-17
BAJFINANCE,99,21710,25432500,-1531500,18482708175.0,101,12462,20327250,-624000,10076745037.5,0.799,0.574,2026-08-17
BANDHANBNK,49,558,51519600,-1512000,379454184.0,44,205,27640800,-525600,123413940.0,0.537,0.367,2026-08-17
BANKBARODA,48,15676,54650700,1439100,11755700394.75,48,7767,45527625,938925,5495501144.25,0.833,0.495,2026-08-17
BANKINDIA,49,3545,36743200,-343200,2743960856.0,48,2810,29868800,-78000,2067801164.0,0.813,0.793,2026-08-17
BANKNIFTY,479,2041898,20050560,775890,3599448705922.5,481,1617120,18050550,1595520,2760497646051.0,0.9,0.792,2026-08-17
BDL,61,73182,9403550,1846625,45503851210.0,61,27568,5183300,410975,16024805582.5,0.551,0.377,2026-08-17
BEL,74,35431,55429650,55575,21481586437.5,73,16063,43029300,1776975,9291431418.75,0.776,0.453,2026-08-17
BHARATFORG,99,19616,11697500,-369500,21542389800.0,99,7786,6510000,-63500,7935889100.0,0.557,0.397,2026-08-17
BHARTIARTL,74,64916,21831475,855475,63059111067.5,75,36280,10718850,-2094275,33830379818.75,0.491,0.559,2026-08-17
BHEL,74,51145,40716375,-1517250,59855760431.25,70,24997,26205375,3005625,27550992393.75,0.644,0.489,2026-08-17
BIOCON,67,10073,24960000,775000,10877249875.0,67,5786,19642500,1062500,6037588750.0,0.787,0.574,2026-08-17
BLUESTARCO,86,11087,3326050,-633425,5853160040.0,86,4257,1609075,-27300,2086399493.75,0.484,0.384,2026-08-17
BOSCHLTD,86,23952,420000,3650,29489919875.0,86,24736,467325,-49950,26786210752.5,1.113,1.033,2026-08-17
BPCL,51,5304,13343100,29625,3451335410.0,52,5299,8761100,-110600,3308222170.0,0.657,0.999,2026-08-17
BRITANNIA,82,9210,1366500,-18625,6602011643.75,83,4799,808250,17000,3282491862.5,0.591,0.521,2026-08-17
BSE,39,219425,17674200,2589000,158010391290.0,39,123498,7433400,1034600,81477594960.0,0.421,0.563,2026-08-17
CAMS,68,11572,7149450,-141075,7646777366.25,70,2870,3343725,57750,1815758587.5,0.468,0.248,2026-08-17
CANBK,48,10442,89815500,-2281500,9620776350.0,46,4649,70821000,1363500,4093067227.5,0.789,0.445,2026-08-17
CDSL,52,18961,7951025,-176225,12644456323.75,52,8720,5018375,80750,5512214853.75,0.631,0.46,2026-08-17
CGPOWER,47,12718,11824350,126650,10091555002.5,47,4659,6188850,244800,3487244935.0,0.523,0.366,2026-08-17
CHOLAFIN,78,4660,5031250,-116875,5740192031.25,81,2788,3321250,-137500,3228067093.75,0.66,0.598,2026-08-17
CIPLA,93,14202,6763875,448375,8984390881.25,96,8319,3769750,177650,5076732971.25,0.557,0.586,2026-08-17
COALINDIA,72,10860,34861050,276750,6178738590.0,70,4066,23796450,203850,2255830155.0,0.683,0.374,2026-08-17
COCHINSHIP,67,26202,3001600,-572000,16314484700.0,68,22511,2160000,-32800,13132927640.0,0.72,0.859,2026-08-17
COFORGE,79,8209,7407625,124925,7302558206.25,81,9238,7764350,-334875,7634631418.75,1.048,1.125,2026-08-17
COLPAL,91,8932,3586825,-174075,5171337572.5,91,3282,1943700,-2750,1782298402.5,0.542,0.367,2026-08-17
CONCOR,86,6721,10960000,-200000,4588566812.5,83,3036,5301250,-48750,1966686875.0,0.484,0.452,2026-08-17
CROMPTON,49,7009,26844900,-240800,4007697502.5,50,1877,16064800,619200,984656355.0,0.598,0.268,2026-08-17
CUMMINSIND,47,15903,1879000,-141000,17971827080.0,47,8545,1469800,-120400,8834202950.0,0.782,0.537,2026-08-17
DABUR,75,9119,21655000,605000,4856920625.0,73,3226,11660000,-156250,1651442437.5,0.538,0.354,2026-08-17
DALBHARAT,28,2111,964925,65000,1305288936.25,29,733,459225,47450,435375720.0,0.476,0.347,2026-08-17
DELHIVERY,78,8067,20747925,647400,8158432087.5,73,3144,10416500,-31125,2986865182.5,0.502,0.39,2026-08-17
DIVISLAB,78,16400,1896000,7100,14477067535.0,78,10937,1721600,19100,8965263060.0,0.908,0.667,2026-08-17
DIXON,54,41683,2324100,65700,31187988287.5,55,20660,1162500,57950,14192158187.5,0.5,0.496,2026-08-17
DLF,55,31482,15168650,705850,20775674402.5,55,12787,10345500,1179900,8001990030.0,0.682,0.406,2026-08-17
DMART,71,13416,1954200,181650,8410947555.0,70,4052,1204200,5250,2435171805.0,0.616,0.302,2026-08-17
DRREDDY,108,15785,12068125,204375,12174360406.25,106,11597,6889375,471875,8560352781.25,0.571,0.735,2026-08-17
EICHERMOT,69,25967,2002000,16400,21555941175.0,71,11738,1745600,-93900,9270392540.0,0.872,0.452,2026-08-17
ETERNAL,54,24513,70482625,-695975,19634900171.25,57,16581,45667600,843900,12455505796.25,0.648,0.676,2026-08-17
FEDERALBNK,57,7970,24002500,-1827500,7255687500.0,57,3789,16102500,-140000,3343298250.0,0.671,0.475,2026-08-17
FINNIFTY,240,33350,1008480,41160,53607116775.0,240,18686,595860,53580,29189727849.0,0.591,0.56,2026-08-17
FORCEMOT,41,15570,271275,-24825,7697196088.75,41,11276,123125,1150,4594794656.25,0.454,0.724,2026-08-17
FORTIS,92,5288,6070575,-142600,3924534241.25,92,4365,4662400,-278225,3035260956.25,0.768,0.825,2026-08-17
GAIL,60,8626,75480100,-756150,5626939392.5,60,2763,28279300,-958500,1688819951.5,0.375,0.32,2026-08-17
GLENMARK,88,7111,2722875,-120750,6326991187.5,89,5170,1715250,267000,4375757493.75,0.63,0.727,2026-08-17
GMRAIRPORT,91,7673,69770925,6047325,5749280041.5,87,2660,43607700,927675,1878070853.25,0.625,0.347,2026-08-17
GODFRYPHLP,47,4646,1865325,121000,2950533368.75,48,986,799700,-18150,543688268.75,0.429,0.212,2026-08-17
GODREJCP,119,18179,13712500,-1140500,9047314750.0,119,7165,7825000,-171500,3295204900.0,0.571,0.394,2026-08-17
GODREJPROP,88,21468,3760900,85800,14704215126.25,90,6598,2156050,97175,4288433240.0,0.573,0.307,2026-08-17
GRASIM,135,22149,6607500,-459500,18654936262.5,135,7557,3245750,-36750,6061400337.5,0.491,0.341,2026-08-17
GVT&D,49,6938,1427625,6250,3984735700.0,51,2373,851750,-49750,1197448987.5,0.597,0.342,2026-08-17
HAL,83,176929,6692700,1010100,139936154760.0,85,55869,4054350,448500,41957106540.0,0.606,0.316,2026-08-17
HAVELLS,50,19392,3367500,398000,12973661400.0,50,5518,1793000,69000,3537357150.0,0.532,0.285,2026-08-17
HCLTECH,108,18237,7303200,472800,10151401380.0,112,12127,5266000,-108400,6465439100.0,0.721,0.665,2026-08-17
HDFCAMC,49,15307,2725800,-87600,12034851060.0,46,5233,1904700,11700,3894603495.0,0.699,0.342,2026-08-17
HDFCBANK,73,188039,175864000,-1233700,93648641157.5,71,58897,94699800,955500,28020379432.5,0.538,0.313,2026-08-17
HDFCLIFE,92,24830,28531800,825000,15254234545.0,91,7053,15591400,180400,4191249205.0,0.546,0.284,2026-08-17
HEROMOTOCO,58,18130,2550600,-161850,16387839405.0,58,11090,2367150,-137100,9324961605.0,0.928,0.612,2026-08-17
HINDALCO,53,40922,18894400,-891100,31059789775.0,54,15705,12977300,483700,11289662720.0,0.687,0.384,2026-08-17
HINDPETRO,69,3803,14539500,-362475,2988768172.5,69,2024,8930250,-427275,1507353097.5,0.614,0.532,2026-08-17
HINDUNILVR,84,20953,11674500,-208800,13563894900.0,83,7106,6493800,65400,4403192715.0,0.556,0.339,2026-08-17
HINDZINC,57,27695,32215050,-541450,20325901128.75,58,9287,17328850,74725,6382881426.25,0.538,0.335,2026-08-17
HYUNDAI,101,4760,2175800,-83325,2984111735.0,103,4749,1993200,-67650,2652043130.0,0.916,0.998,2026-08-17
ICICIBANK,101,44071,32841900,-1040200,44875121795.0,100,23718,20445600,-308000,23582080165.0,0.623,0.538,2026-08-17
ICICIGI,79,2986,2557100,-13000,1667273806.25,78,2099,1588600,-3900,1064521542.5,0.621,0.703,2026-08-17
ICICIPRULI,82,2318,5475075,274725,1120055721.25,80,1325,3372550,94350,620945192.5,0.616,0.572,2026-08-17
IDEA,28,17041,1628772300,65971425,18264491350.5,27,8025,990143175,11436000,7945798557.0,0.608,0.471,2026-08-17
IDFCFIRSTB,68,7524,144717825,4730250,6195490292.25,69,5355,105456750,27825,4149024983.25,0.729,0.712,2026-08-17
IEX,50,2257,31572300,-495900,1292372689.5,52,1094,18657150,387150,593427087.0,0.591,0.485,2026-08-17
INDHOTEL,57,2806,5509000,-120000,2105262250.0,57,1443,3752000,45000,1018089300.0,0.681,0.514,2026-08-17
INDIANB,75,6911,7754000,-313000,6304077750.0,76,5152,5745000,21000,4530227000.0,0.741,0.745,2026-08-17
INDIGO,46,17716,3639900,96900,14687646420.0,47,12963,2241750,35550,10094788035.0,0.616,0.732,2026-08-17
INDUSINDBK,72,6833,7775600,-115500,5015569580.0,72,5048,4324600,-16100,3562837460.0,0.556,0.739,2026-08-17
INDUSTOWER,133,6524,26191900,596700,4366976150.0,132,2773,16129600,-103700,1781696900.0,0.616,0.425,2026-08-17
INFY,65,88952,36130800,824000,42553733320.0,69,70001,30652400,-672400,31744306280.0,0.848,0.787,2026-08-17
INOXWIND,42,27826,56972800,-2214400,14552114496.0,41,9951,34355200,3763200,4831922112.0,0.603,0.358,2026-08-17
IOC,48,6106,41978625,-2744625,4317317745.0,47,4027,35514375,-258375,2722072323.75,0.846,0.66,2026-08-17
IREDA,45,4720,44616500,-656125,2615830824.0,48,2487,31118425,-1769275,1302826732.75,0.697,0.527,2026-08-17
IRFC,73,13779,81228525,-7421400,6863418460.5,73,5552,51841300,998200,2833255129.25,0.638,0.403,2026-08-17
ITC,93,49135,139147125,5361300,24246040496.25,92,19317,71251125,3939900,9203916555.0,0.512,0.393,2026-08-17
JINDALSTEL,44,9542,4401875,-201875,6802042656.25,45,2679,3052500,-20625,1830101625.0,0.693,0.281,2026-08-17
JIOFIN,86,60036,153346900,3628400,37246462357.5,91,14368,72170850,918850,8443014905.0,0.471,0.239,2026-08-17
JSWENERGY,48,7272,8617200,-261225,4526583931.25,48,3558,5727600,-49450,2072262342.5,0.665,0.489,2026-08-17
JSWSTEEL,53,12175,6087150,419175,10772733813.75,54,8197,4782375,157950,6997537147.5,0.786,0.673,2026-08-17
JUBLFOOD,107,19408,19882500,-3146250,12803035937.5,108,11332,13278750,-1772500,6913418250.0,0.668,0.584,2026-08-17
KALYANKJIL,124,37893,35941050,2274750,33251272605.0,132,15078,24663150,106650,12131370472.5,0.686,0.398,2026-08-17
KAYNES,74,16046,2192400,46350,9426171982.5,74,4949,1558200,-750,2679354270.0,0.711,0.308,2026-08-17
KEI,63,44455,1229550,211575,46930356042.5,63,15708,1130675,117950,15280370096.25,0.92,0.353,2026-08-17
KFINTECH,40,29191,3773725,263925,16758259511.25,40,7782,1881975,342700,4204886248.75,0.499,0.267,2026-08-17
KOTAKBANK,61,16759,41370000,1474000,13581194600.0,62,6806,24114000,-394000,5302826000.0,0.583,0.406,2026-08-17
KPITTECH,73,9373,13363325,-576600,4737749065.0,74,3560,6844025,108500,1663999051.25,0.512,0.38,2026-08-17
LAURUSLABS,69,19089,13249800,-66300,30440563077.5,72,13244,10348750,13600,19527955335.0,0.781,0.694,2026-08-17
LICHSGFIN,53,9510,18334000,-790000,4950846400.0,53,2421,12924000,119000,1221293450.0,0.705,0.255,2026-08-17
LICI,82,406,27122200,-329000,244582240.0,80,154,19525800,-127400,86226210.0,0.72,0.379,2026-08-17
LODHA,57,18116,6040000,211250,14684018531.25,56,7230,4255000,76875,5346130062.5,0.704,0.399,2026-08-17
LT,66,37970,5786900,114100,27541013176.25,69,16318,4245850,-63700,11400275573.75,0.734,0.43,2026-08-17
LTF,51,8360,23764500,1206000,6134430262.5,51,4114,17046000,175500,2851459087.5,0.717,0.492,2026-08-17
LTM,87,9018,1412250,-32850,6579866010.0,92,10625,871050,16500,7366645350.0,0.617,1.178,2026-08-17
LUPIN,113,24530,9301550,237575,24649114980.0,111,7286,4389400,-30600,6921797158.75,0.472,0.297,2026-08-17
M&M,64,29699,7171000,248000,20987587090.0,67,16659,5112400,135800,11276448250.0,0.713,0.561,2026-08-17
MANAPPURAM,56,1313,30852000,-2058000,1468430850.0,58,177,14034000,-207000,183530400.0,0.455,0.135,2026-08-17
MANKIND,107,8844,2499000,76000,5615934125.0,107,3778,1517250,-119000,2207986012.5,0.607,0.427,2026-08-17
MARICO,64,2827,9813600,567600,3003471360.0,63,1613,5967600,55200,1613617800.0,0.608,0.571,2026-08-17
MARUTI,100,52210,2666150,39800,37469925312.5,100,23983,1044650,20950,16402228392.5,0.392,0.459,2026-08-17
MAXHEALTH,102,22422,7647150,853650,12425936013.75,101,9017,3862950,137550,4765650566.25,0.505,0.402,2026-08-17
MAZDOCK,53,22828,4331925,84600,13918081083.75,53,6959,2098125,-15075,3946900995.0,0.484,0.305,2026-08-17
MCX,60,44019,6219000,-30825,30458297193.75,60,25369,5356575,-137025,16343397922.5,0.861,0.576,2026-08-17
MFSL,67,13867,2776400,-323200,8915501260.0,65,6146,1354400,-153600,3739737460.0,0.488,0.443,2026-08-17
MIDCPNIFTY,382,110598,6693840,-36480,203231044476.0,382,85636,6970200,171720,151935633012.0,1.041,0.774,2026-08-17
MOTHERSON,64,4397,61819800,-276750,4776892267.5,66,4585,66801300,-3843750,4558244823.0,1.081,1.043,2026-08-17
MOTILALOFS,53,106254,4403550,1572475,80611220062.5,51,30900,3678150,2258350,22143760350.0,0.835,0.291,2026-08-17
MPHASIS,56,6632,1753125,37400,4756216368.75,57,4394,960025,-17325,2992249851.25,0.548,0.663,2026-08-17
MUTHOOTFIN,61,28571,5780775,-438075,23618608007.5,60,11889,3050025,55550,9400449905.0,0.528,0.416,2026-08-17
NAM-INDIA,50,7859,2070625,270000,6040993500.0,48,1890,883125,103750,1366973375.0,0.427,0.24,2026-08-17
NATIONALUM,50,50904,42000000,-2859375,38972965125.0,50,17418,25981875,-1222500,12144783562.5,0.619,0.342,2026-08-17
NAUKRI,62,19529,4884550,-119350,15142543597.5,64,9551,3309350,3850,7008019562.5,0.678,0.489,2026-08-17
NBCC,41,3945,44941000,-1261000,2446613910.0,40,1442,19870500,728000,860252120.0,0.442,0.366,2026-08-17
NESTLEIND,121,11469,6364500,249000,8866532275.0,122,4638,3208500,28000,3416835225.0,0.504,0.404,2026-08-17
NHPC,66,4699,64273600,-2446400,2643309068.0,65,1275,44570350,-271050,666787587.0,0.693,0.271,2026-08-17
NIFTY,851,62773516,293180805,22902445,100382377399047.23,871,62387354,290509710,24920415,97984588500474.0,0.991,0.994,2026-08-17
NIFTYFPI,171,44,257400,-1100,79783165.0,171,0,1100,0,0.0,0.004,0.0,2026-08-17
NIFTYNXT50,541,55,4175,425,106571165.0,541,20,4550,450,36624825.0,1.09,0.364,2026-08-17
NMDC,67,34680,90996750,-6986250,20429319622.5,67,27586,54931500,3753000,15380547502.5,0.604,0.795,2026-08-17
NTPC,56,14244,43294500,628500,7467551925.0,57,5820,21990000,-18000,2962517925.0,0.508,0.409,2026-08-17
NYKAA,52,3325,24575000,-796875,3598318593.75,52,1039,9921875,-306250,1061487343.75,0.404,0.312,2026-08-17
OBEROIRLTY,83,127150,5807200,3536400,89015042077.5,83,40028,2637950,1391600,26305390002.5,0.454,0.315,2026-08-17
OFSS,88,12711,1148400,24300,15739790395.0,93,9490,933100,6300,10441217360.0,0.813,0.747,2026-08-17
OIL,79,8060,7303800,268800,5542865160.0,82,2193,4345600,-127400,1442694890.0,0.595,0.272,2026-08-17
ONGC,77,25059,57246750,450000,13889625997.5,76,9990,25490250,416250,5336559832.5,0.445,0.399,2026-08-17
PAGEIND,79,76752,318480,-81960,60717174040.0,77,26901,146340,-3560,19254507210.0,0.459,0.35,2026-08-17
PATANJALI,72,42646,16573275,3515250,16967446378.75,73,21366,8497875,-103200,7946360332.5,0.513,0.501,2026-08-17
PAYTM,87,30127,19335025,-808375,36304879853.75,87,27627,17999575,-703975,31294344425.0,0.931,0.917,2026-08-17
PERSISTENT,51,21021,2075750,-23250,15144796968.75,52,16083,1134500,-27000,10925468468.75,0.547,0.765,2026-08-17
PETRONET,46,6244,11350600,-119700,3465495025.0,46,3914,10900300,-837900,2049270365.0,0.96,0.627,2026-08-17
PFC,82,22141,40423500,-67600,11440512005.0,81,4592,22483500,323700,2260187150.0,0.556,0.207,2026-08-17
PGEL,57,8905,10501300,-400900,5429079950.0,57,2963,6481850,-59850,1680967762.5,0.617,0.333,2026-08-17
PHOENIXLTD,77,7064,1306900,3500,4915055862.5,76,2021,742700,13300,1342360512.5,0.568,0.286,2026-08-17
PIDILITIND,70,4604,2842500,-75500,3980859450.0,70,3108,1737500,-69500,2576255950.0,0.611,0.675,2026-08-17
PIIND,54,9788,2832725,-37450,4562036141.25,55,3216,1561000,-24500,1400976815.0,0.551,0.329,2026-08-17
PNB,93,13229,90120000,-2352000,12820113280.0,94,9135,78920000,1472000,8467947520.0,0.876,0.691,2026-08-17
PNBHOUSING,54,4404,4134650,-299000,3419470795.0,54,1500,2436200,-70850,1097285702.5,0.589,0.341,2026-08-17
POLICYBZR,76,6236,2758700,-17850,3943587532.5,79,3521,1929900,-83300,2078809757.5,0.7,0.565,2026-08-17
POLYCAB,81,23613,1860625,23625,28480802650.0,80,10540,1228875,14625,12124796956.25,0.66,0.446,2026-08-17
POWERGRID,99,9995,37574400,-1647300,5338242280.0,99,3355,24947000,-17100,1709767155.0,0.664,0.336,2026-08-17
POWERINDIA,71,16317,606300,49650,15379517208.75,72,10978,535175,-1325,9287995820.0,0.883,0.673,2026-08-17
PREMIERENE,50,7042,3855800,-263250,5061836812.5,49,1143,1298050,-67600,741689227.5,0.337,0.162,2026-08-17
PRESTIGE,74,6444,2239200,175950,4790637022.5,74,2050,1535850,63000,1476820912.5,0.686,0.318,2026-08-17
RADICO,74,2616,690900,-19950,1880789887.5,74,1243,515550,-10950,812929650.0,0.746,0.475,2026-08-17
RBLBANK,65,2760,16144875,-600075,3482699410.0,67,1777,10033000,-447675,2126901226.25,0.621,0.644,2026-08-17
RECLTD,67,12712,25948125,162225,7050784702.5,67,4670,17354925,4725,2484461385.0,0.669,0.367,2026-08-17
RELIANCE,100,219986,70146500,1493500,148643418675.0,101,86645,42481000,-759500,56580635825.0,0.606,0.394,2026-08-17
RVNL,47,7714,29127175,159775,3566989329.75,46,2835,15419250,-240625,1216572722.75,0.529,0.368,2026-08-17
SAIL,69,218,28331600,-493500,185743953.0,69,90,19396900,-220900,69374820.0,0.685,0.413,2026-08-17
SBICARD,56,8094,8595200,-204800,4329533480.0,57,3381,5343200,-12000,1752254480.0,0.622,0.418,2026-08-17
SBILIFE,77,5194,2827125,-31500,3653895300.0,77,2277,1457625,10500,1525847737.5,0.516,0.438,2026-08-17
SBIN,90,123843,82881750,-1923750,102872530462.5,91,57636,45755250,-515250,45498543637.5,0.552,0.465,2026-08-17
SHREECEM,88,7053,138150,-10375,4652929042.5,88,2793,62525,2075,1700670656.25,0.453,0.396,2026-08-17
SHRIRAMFIN,53,10724,12601050,-239250,10352866920.0,55,5831,7493475,-21450,5272630192.5,0.595,0.544,2026-08-17
SIEMENS,70,14493,2773400,-117775,10597755000.0,70,8582,1610350,-62125,5866862487.5,0.581,0.592,2026-08-17
SOLARINDS,75,73160,1061950,70850,77628350525.0,75,39265,765700,-14500,37959651280.0,0.721,0.537,2026-08-17
SONACOMS,73,18469,7656250,645575,18977304386.25,73,5564,4828950,-98000,5390938227.5,0.631,0.301,2026-08-17
SRF,48,10817,3376000,-97600,5989296390.0,48,4695,1486600,-25400,2389611300.0,0.44,0.434,2026-08-17
SUNPHARMA,74,31527,10227350,1552600,21807255872.5,73,14533,4886000,448000,9767717505.0,0.478,0.461,2026-08-17
SUPREMEIND,57,39976,1182125,243425,26100686937.5,59,11525,716975,228900,7082763345.0,0.607,0.288,2026-08-17
SUZLON,56,28964,282409900,-11823700,19052949448.0,53,8151,119697500,-304800,4983159071.0,0.424,0.281,2026-08-17
SWIGGY,59,13926,46075775,-793875,7555026321.25,61,5863,21691950,545675,2913829857.5,0.471,0.421,2026-08-17
TATACONSUM,87,4515,5481850,-99000,2770923512.5,86,2351,3550250,-23100,1401729257.5,0.648,0.521,2026-08-17
TATAELXSI,64,8016,1412500,4500,3921360825.0,68,4262,705000,-12125,1955379650.0,0.499,0.532,2026-08-17
TATAPOWER,60,14613,30564550,-47850,8347854232.5,58,4909,21477400,-271150,2706934675.0,0.703,0.336,2026-08-17
TATASTEEL,66,31346,104134250,-4158000,16664280352.5,66,15964,65513250,3583250,8134546970.0,0.629,0.509,2026-08-17
TCS,113,62647,17246700,305100,34567215041.25,122,49087,10885050,7650,25554094076.25,0.631,0.784,2026-08-17
TECHM,70,9368,7470000,-26400,9441767220.0,84,6991,3691200,-42600,6793254090.0,0.494,0.746,2026-08-17
TIINDIA,55,13167,1027400,-48800,7592204350.0,55,7175,503000,-99000,3822549950.0,0.49,0.545,2026-08-17
TITAN,78,26839,5430075,-71925,24455642618.75,77,17868,3553550,51625,15641771530.0,0.654,0.666,2026-08-17
TMPV,67,40434,61235200,-65600,22798219280.0,66,16137,38433600,416000,8496932560.0,0.628,0.399,2026-08-17
TORNTPHARM,82,8539,1035875,-81125,5400615331.25,84,2816,631500,-16750,1704078506.25,0.61,0.33,2026-08-17
TRENT,54,32552,8243775,107325,22972570222.5,52,10262,3220875,-34200,6906076537.5,0.391,0.315,2026-08-17
TVSMOTOR,78,37522,3112550,325325,29514339251.25,79,18353,2675750,191100,13669580435.0,0.86,0.489,2026-08-17
ULTRACEMCO,171,20540,944500,-44950,12289453617.5,174,8679,421800,-1500,5053828030.0,0.447,0.423,2026-08-17
UNIONBANK,66,11044,44444700,-2491275,9467341662.0,67,6622,40732125,-1411575,5394499180.5,0.916,0.6,2026-08-17
UNITDSPR,56,6303,2718000,235200,3980962720.0,53,2878,1786000,-1200,1684460880.0,0.657,0.457,2026-08-17
UNOMINDA,55,13534,2691700,246400,9700262165.0,57,4062,1625800,98450,2740957422.5,0.604,0.3,2026-08-17
UPL,60,7601,20968625,-827905,6163595883.75,60,2311,10793930,-20325,1764001126.75,0.515,0.304,2026-08-17
VBL,48,7962,26041875,-1689375,4752867862.5,48,2614,10706175,-44625,1448496645.0,0.411,0.328,2026-08-17
VEDL,60,20383,40365000,69000,6691626095.0,59,6501,19694900,147200,2023400217.5,0.488,0.319,2026-08-17
VMM,46,2159,16412400,92150,1174404074.5,45,613,7260450,-106700,314952501.0,0.442,0.284,2026-08-17
VOLTAS,55,123832,10780125,5173500,62901904087.5,56,71149,5459625,1027500,34429113918.75,0.506,0.575,2026-08-17
WAAREEENER,55,15848,3374175,-91175,7808873957.5,55,4794,1912750,-87500,2219131635.0,0.567,0.302,2026-08-17
WIPRO,63,14588,80538000,-2622000,8472318210.0,63,6990,55812000,-108000,3783730320.0,0.693,0.479,2026-08-17
YESBANK,30,6792,404859800,10418500,5207527993.0,28,2467,211044600,-1834900,1725262237.0,0.521,0.363,2026-08-17
ZYDUSLIFE,99,12099,8015400,313200,12944179980.0,98,5870,4771800,-95400,5983493535.0,0.595,0.485,2026-08-17
360ONE,50,6663,2147500,-106000,4059801300.0,52,2623,1194000,18000,1520095175.0,0.556,0.394,2026-08-18
ABB,69,23546,2196625,37125,23462456350.0,69,10287,1142750,-51875,9584013212.5,0.52,0.437,2026-08-18
ABCAPITAL,76,10018,24207900,682000,12919129565.0,77,4104,18559700,731600,5017885835.0,0.767,0.41,2026-08-18
ADANIENSOL,72,23828,6716925,-366525,26965782157.5,71,5803,3121875,-78975,6295853688.75,0.465,0.244,2026-08-18
ADANIENT,49,17072,5526774,25338,16596845048.85,48,10218,3674319,35535,9394238471.25,0.665,0.599,2026-08-18
ADANIGREEN,77,17002,11404800,-141600,14443508310.0,72,6827,5450400,-79800,5450367390.0,0.478,0.402,2026-08-18
ADANIPORTS,78,27016,14776300,-603725,22435941285.0,75,11721,7829900,71725,9279145187.5,0.53,0.434,2026-08-18
ADANIPOWER,43,49816,66076150,-4128650,39262339735.5,42,12397,33920250,486350,8878764491.0,0.513,0.249,2026-08-18
ALKEM,108,38810,1420125,-118875,27497651381.25,108,13407,634500,-25875,8912996756.25,0.447,0.345,2026-08-18
AMBER,74,47751,2139200,-236400,36322104705.0,73,23513,1308100,-77700,16704121395.0,0.611,0.492,2026-08-18
AMBUJACEM,70,7776,18980400,-39600,4045289700.0,70,3167,10471200,9600,1599661680.0,0.552,0.407,2026-08-18
ANGELONE,63,18893,31320000,100000,14430989500.0,61,13795,15810000,980000,9855996000.0,0.505,0.73,2026-08-18
APLAPOLLO,95,13628,2420950,178150,10231373285.0,95,7414,1633100,70700,5177102385.0,0.675,0.544,2026-08-18
APOLLOHOSP,69,36901,2380500,-84000,42133096837.5,69,23804,1720500,-78875,25956731062.5,0.723,0.645,2026-08-18
ASHOKLEY,70,26131,121240000,-2100000,24110037150.0,72,15969,84625000,-1195000,13745832900.0,0.698,0.611,2026-08-18
ASIANPAINT,101,37975,6119000,540500,26208720737.5,102,25949,3329250,-64000,17084525412.5,0.544,0.683,2026-08-18
ASTRAL,78,8368,3910425,-113900,5680499425.0,78,5529,2329425,-311950,3526410810.0,0.596,0.661,2026-08-18
AUBANK,51,7079,7442000,-495000,7953561250.0,51,3509,5493000,-190000,3755721200.0,0.738,0.496,2026-08-18
AUROPHARMA,64,7462,4676650,-119900,6913979682.5,65,4788,2695000,-294800,4275072642.5,0.576,0.642,2026-08-18
AXISBANK,62,69005,24915000,-1943125,54812257156.25,60,40740,14649375,-773125,31362392875.0,0.588,0.59,2026-08-18
BAJAJ-AUTO,85,24627,1460100,21600,22163544573.75,97,17502,1654050,-121800,15044714141.25,1.133,0.711,2026-08-18
BAJAJFINSV,87,9340,8838000,-267000,5802515025.0,87,5833,4592700,-125400,3442829040.0,0.52,0.625,2026-08-18
BAJAJHLDNG,86,2639,135825,7725,2339696977.5,87,1638,94875,1350,1322144452.5,0.699,0.621,2026-08-18
BAJFINANCE,99,23009,25119750,-312750,19579094737.5,101,14556,19989750,-337500,11793931237.5,0.796,0.633,2026-08-18
BANDHANBNK,49,623,50169600,-1350000,415910304.0,44,309,26830800,-810000,194628456.0,0.535,0.496,2026-08-18
BANKBARODA,48,10285,55589625,938925,7704928647.0,48,4732,45805500,277875,3334970515.5,0.824,0.46,2026-08-18
BANKINDIA,49,2276,36446800,-296400,1768099944.0,48,1574,28995200,-873600,1138809412.0,0.796,0.692,2026-08-18
BANKNIFTY,479,1551108,22734000,2683440,2730549866814.0,481,1421644,18179910,129360,2431984763416.5,0.8,0.917,2026-08-18
BDL,61,66833,8225875,-1177675,41087930976.25,61,25265,4969100,-214200,14547867321.25,0.604,0.378,2026-08-18
BEL,74,54223,56193450,763800,32879731728.75,73,21936,42217050,-812250,12744741007.5,0.751,0.405,2026-08-18
BHARATFORG,99,15506,10766000,-931500,17191066150.0,99,9474,6058000,-452000,9645054500.0,0.563,0.611,2026-08-18
BHARTIARTL,74,96832,23103525,1272050,92689945681.25,75,56969,10800075,81225,52186233102.5,0.467,0.588,2026-08-18
BHEL,80,23799,42913500,2197125,27882419643.75,78,12011,24612000,-1593375,13403301450.0,0.574,0.505,2026-08-18
BIOCON,69,19707,25127500,167500,21321517500.0,69,8526,18650000,-992500,8823607875.0,0.742,0.433,2026-08-18
BLUESTARCO,86,12273,3548350,222300,6314884290.0,86,3257,1626950,17875,1585382191.25,0.459,0.265,2026-08-18
BOSCHLTD,86,135132,573800,153800,168609694286.25,86,54634,647450,180125,62560991045.0,1.128,0.404,2026-08-18
BPCL,51,5470,13588000,244900,3525535962.5,52,4026,8385850,-375250,2506281122.5,0.617,0.736,2026-08-18
BRITANNIA,82,12730,1494125,127625,9148612600.0,83,7061,780000,-28250,4822581325.0,0.522,0.555,2026-08-18
BSE,42,191284,17594800,-79400,135276957250.0,42,126115,8346800,913400,81307054310.0,0.474,0.659,2026-08-18
CAMS,68,9640,7717875,568425,6394510897.5,70,3367,3562350,218625,2122119532.5,0.462,0.349,2026-08-18
CANBK,48,7825,91071000,1255500,7135816230.0,46,3855,70557750,-263250,3356745367.5,0.775,0.493,2026-08-18
CDSL,52,11751,7976200,25175,7831372595.0,52,6500,4818875,-199500,4066831867.5,0.604,0.553,2026-08-18
CGPOWER,47,10040,11621200,-203150,7998347425.0,47,4379,5993350,-195500,3266616257.5,0.516,0.436,2026-08-18
CHOLAFIN,78,4516,5133125,101875,5526636062.5,81,2266,3251250,-70000,2616191218.75,0.633,0.502,2026-08-18
CIPLA,96,9547,6673350,-90525,5984561765.0,98,5369,3631200,-138550,3261927508.75,0.544,0.562,2026-08-18
COALINDIA,72,24279,35019000,157950,13856380020.0,70,10931,24591600,795150,6106035285.0,0.702,0.45,2026-08-18
COCHINSHIP,67,29287,3297200,295600,18126609260.0,68,8572,2108000,-52000,4980839560.0,0.639,0.293,2026-08-18
COFORGE,79,15596,7250875,-156750,13662834925.0,81,14607,6821000,-943350,12198020068.75,0.941,0.937,2026-08-18
COLPAL,93,29698,4509725,922900,16495372891.25,93,34787,2568500,624800,18392825990.0,0.57,1.171,2026-08-18
CONCOR,86,6632,10882500,-77500,4523799250.0,83,2960,5577500,276250,1875783687.5,0.513,0.446,2026-08-18
CROMPTON,49,8387,26548200,-296700,4685271185.0,50,2088,16378700,313900,1103350330.0,0.617,0.249,2026-08-18
CUMMINSIND,47,7621,1977800,98800,8641641600.0,47,6714,1255200,-214600,6925348230.0,0.635,0.881,2026-08-18
DABUR,75,9252,21742500,87500,4881358062.5,73,4603,11505000,-155000,2352438250.0,0.529,0.498,2026-08-18
DALBHARAT,28,4126,991900,26975,2557364387.5,29,1871,577850,118625,1107427083.75,0.583,0.453,2026-08-18
DELHIVERY,78,6966,19384650,-1363275,6959857100.0,73,3995,10752650,336150,3715235625.0,0.555,0.573,2026-08-18
DIVISLAB,78,43980,1925400,29400,38770331990.0,78,21573,1670200,-51400,17921434455.0,0.867,0.491,2026-08-18
DIXON,54,153460,2500150,176050,114503555620.0,55,67368,1327800,165300,46352681937.5,0.531,0.439,2026-08-18
DLF,55,48993,15460300,291650,32326934637.5,55,19745,10455700,110200,12437764182.5,0.676,0.403,2026-08-18
DMART,71,19060,1902750,-51450,11820278842.5,70,11359,1185450,-18750,6737203462.5,0.623,0.596,2026-08-18
DRREDDY,108,8896,12230625,162500,6807789437.5,106,6149,7035000,145625,4520812562.5,0.575,0.691,2026-08-18
EICHERMOT,69,18879,1938200,-63800,15594418830.0,71,11225,1698900,-46700,8889994080.0,0.877,0.595,2026-08-18
ETERNAL,54,24474,72364425,1881800,19526055501.25,57,14720,45929500,261900,11086931705.0,0.635,0.601,2026-08-18
FEDERALBNK,57,9428,22932500,-1070000,8614382500.0,57,4902,16390000,287500,4329710250.0,0.715,0.52,2026-08-18
FINNIFTY,240,41192,1113480,105000,66751259730.0,240,34900,764700,168840,53848253151.0,0.687,0.847,2026-08-18
FORCEMOT,41,16508,291275,20000,8187489902.5,41,10038,135675,12550,4173201553.75,0.466,0.608,2026-08-18
FORTIS,92,6266,5707875,-362700,4621947751.25,92,4316,4517475,-144925,3032773283.75,0.791,0.689,2026-08-18
GAIL,61,10164,73612800,-1867300,6556569266.0,61,3282,26213200,-2066100,2007567493.5,0.356,0.323,2026-08-18
GLENMARK,88,4892,2830125,107250,4359978112.5,89,3276,1657500,-57750,2745439031.25,0.586,0.67,2026-08-18
GMRAIRPORT,91,7369,69519825,-251100,5504963508.0,87,2126,44493525,885825,1503770103.0,0.64,0.289,2026-08-18
GODFRYPHLP,47,6092,1918400,53075,3812425457.5,48,1376,782100,-17600,778157118.75,0.408,0.226,2026-08-18
GODREJCP,119,20354,13021000,-691500,9970844750.0,119,8567,7706000,-119000,3956203100.0,0.592,0.421,2026-08-18
GODREJPROP,88,18137,3836300,75400,12352197455.0,90,11062,2193750,37700,7170494191.25,0.572,0.61,2026-08-18
GRASIM,135,40954,6388500,-219000,34410663462.5,135,16537,3213250,-32500,13393248587.5,0.503,0.404,2026-08-18
GVT&D,49,10933,1405875,-21750,6225769568.75,51,4805,822250,-29500,2394349850.0,0.585,0.439,2026-08-18
HAL,85,114144,5670000,-1022700,89931529162.5,87,50116,4174200,119850,37667295112.5,0.736,0.439,2026-08-18
HAVELLS,50,10602,3647000,279500,7159116325.0,50,4803,1733500,-59500,3093022325.0,0.475,0.453,2026-08-18
HCLTECH,109,27594,7917600,614400,15081773540.0,113,22693,5324800,58800,11898623460.0,0.673,0.822,2026-08-18
HDFCAMC,49,7705,2640300,-85500,6105998085.0,46,3765,1862100,-42600,2814406260.0,0.705,0.489,2026-08-18
HDFCBANK,73,186894,178019400,2155400,92425232250.0,71,52586,97422000,2722200,24891996610.0,0.547,0.281,2026-08-18
HDFCLIFE,92,16453,29264400,732600,10281249385.0,91,5168,15391200,-200200,3072685605.0,0.526,0.314,2026-08-18
HEROMOTOCO,58,19656,2465850,-84750,17622004387.5,58,13717,2185050,-182100,11451723930.0,0.886,0.698,2026-08-18
HINDALCO,53,21955,19187700,293300,16763212025.0,54,13425,12640600,-336700,9618261660.0,0.659,0.611,2026-08-18
HINDPETRO,69,5773,14946525,407025,4502253678.75,69,2995,8729775,-200475,2246419777.5,0.584,0.519,2026-08-18
HINDUNILVR,86,25649,11811900,137400,16347627750.0,85,15460,6763200,269400,9462311235.0,0.573,0.603,2026-08-18
HINDZINC,57,16767,32036200,-178850,12356918673.75,58,5315,17248000,-80850,3654443887.5,0.538,0.317,2026-08-18
HYUNDAI,101,6332,2151600,-24200,3952417150.0,103,3510,1957175,-36025,1994173816.25,0.91,0.554,2026-08-18
ICICIBANK,101,41761,34062000,1220100,42300905430.0,100,24932,21454300,1008700,24680123230.0,0.63,0.597,2026-08-18
ICICIGI,79,4702,2668575,111475,2606552048.75,78,1687,1580150,-8450,871195308.75,0.592,0.359,2026-08-18
ICICIPRULI,82,5467,5545375,70300,2624589635.0,80,3487,3877600,505050,1602653335.0,0.699,0.638,2026-08-18
IDEA,28,38124,1598109525,-30662775,40662300469.5,27,14992,965555775,-24587400,14887195391.25,0.604,0.393,2026-08-18
IDFCFIRSTB,68,5955,146238925,1521100,4901123232.25,69,3456,103815075,-1641675,2671931519.25,0.71,0.58,2026-08-18
IEX,50,3282,31024200,-548100,1865130882.0,52,1576,18022050,-635100,863177025.0,0.581,0.48,2026-08-18
INDHOTEL,57,4050,5724000,215000,3017786500.0,57,1447,3757000,5000,1020113200.0,0.656,0.357,2026-08-18
INDIANB,75,6186,7944000,190000,5662313150.0,76,2699,5920000,175000,2356539500.0,0.745,0.436,2026-08-18
INDIGO,46,36843,3697800,57900,30280489837.5,47,29316,2260800,19050,22656424080.0,0.611,0.796,2026-08-18
INDUSINDBK,72,7270,7963900,188300,5332212270.0,72,4108,4233600,-91000,2893154915.0,0.532,0.565,2026-08-18
INDUSTOWER,133,13323,26576100,384200,8776798250.0,132,6580,16541000,411400,4195897585.0,0.622,0.494,2026-08-18
INFY,65,111401,37310000,1179200,52281848600.0,69,85803,30451200,-201200,38249253560.0,0.816,0.77,2026-08-18
INOXWIND,42,14066,68108800,11136000,7278462208.0,41,7780,36256000,1900800,3771527680.0,0.532,0.553,2026-08-18
IOC,49,6362,42256500,277875,4487723565.0,48,3885,34359000,-1155375,2607718815.0,0.813,0.611,2026-08-18
IREDA,45,5874,46820175,2203675,3239178760.25,48,2028,31543775,425350,1109448007.0,0.674,0.345,2026-08-18
IRFC,75,7140,86035075,4806550,3522152172.0,74,1967,51727375,-113925,943239053.75,0.601,0.275,2026-08-18
ITC,96,54981,145226025,6078900,26833237413.75,95,24911,72746700,1495575,11759726752.5,0.501,0.453,2026-08-18
JINDALSTEL,44,3934,4456250,54375,2819298593.75,45,2174,3016250,-36250,1492373312.5,0.677,0.553,2026-08-18
JIOFIN,86,57751,155633450,2286550,35533478385.0,91,12440,73468050,1297200,7278294980.0,0.472,0.215,2026-08-18
JSWENERGY,48,4929,8702125,84925,3032047390.0,48,3250,5786725,59125,1927111703.75,0.665,0.659,2026-08-18
JSWSTEEL,53,7623,6490800,403650,6759029103.75,54,4335,4730400,-51975,3696771521.25,0.729,0.569,2026-08-18
JUBLFOOD,107,21834,17946250,-1936250,14280043687.5,108,10940,11586250,-1692500,6735773500.0,0.646,0.501,2026-08-18
KALYANKJIL,124,24007,35904600,-36450,20878780387.5,132,8974,24765750,102600,7238610157.5,0.69,0.374,2026-08-18
KAYNES,74,18460,2088600,-103800,10733220937.5,74,5494,1546650,-11550,2971349265.0,0.741,0.298,2026-08-18
KEI,66,13756,1219750,-9800,14491128155.0,66,13164,1061900,-68775,12571262270.0,0.871,0.957,2026-08-18
KFINTECH,41,11567,3578800,-194925,6605257271.25,41,5803,2013075,131100,3092276285.0,0.562,0.502,2026-08-18
KOTAKBANK,61,15506,43348000,1978000,12466345600.0,62,6574,24970000,856000,5146630600.0,0.576,0.424,2026-08-18
KPITTECH,73,12114,13438500,75175,5986579880.0,74,5678,6606100,-237925,2661807676.25,0.492,0.469,2026-08-18
LAURUSLABS,69,9959,13132500,-117300,15897001750.0,72,6876,10214450,-134300,10260638702.5,0.778,0.69,2026-08-18
LICHSGFIN,54,13416,17199000,-1135000,6941451800.0,54,3740,12883000,-41000,1896446950.0,0.749,0.279,2026-08-18
LICI,82,850,26516000,-606200,519473010.0,80,402,19297600,-228200,220917480.0,0.728,0.473,2026-08-18
LODHA,57,20217,6074375,34375,16242025312.5,56,13693,3990625,-264375,10327145125.0,0.657,0.677,2026-08-18
LT,66,40417,6186950,400050,29355719356.25,69,16558,4253200,7350,11598132455.0,0.687,0.41,2026-08-18
LTF,51,40383,22974750,-789750,30216079012.5,51,19895,18936000,1890000,14084260537.5,0.824,0.493,2026-08-18
LTM,87,13218,1510050,97800,9577852470.0,92,12606,827700,-43350,8752643917.5,0.548,0.954,2026-08-18
LUPIN,113,16597,9977725,676175,16604171277.5,111,3964,4425100,35700,3775752848.75,0.443,0.239,2026-08-18
M&M,64,30413,7231600,60600,21417127190.0,67,18375,5250400,138000,12405054960.0,0.726,0.604,2026-08-18
MANAPPURAM,56,830,29124000,-1728000,920357850.0,58,97,13923000,-111000,101916600.0,0.478,0.117,2026-08-18
MANKIND,107,5951,2435750,-63250,3768248100.0,107,1644,1481000,-36250,952514275.0,0.608,0.276,2026-08-18
MARICO,64,4218,9722400,-91200,4453802520.0,63,1800,5754000,-213600,1831539180.0,0.592,0.427,2026-08-18
MARUTI,101,71099,2668150,2000,50860347352.5,101,32821,1014300,-30350,22445953807.5,0.38,0.462,2026-08-18
MAXHEALTH,102,26666,7158375,-488775,14716627458.75,101,12207,3912300,49350,6392550911.25,0.547,0.458,2026-08-18
MAZDOCK,53,45379,4143375,-188550,27555802312.5,53,13109,2175975,77850,7462332810.0,0.525,0.289,2026-08-18
MCX,60,159639,6770025,551025,112678428285.0,60,70070,6237450,880875,46204123331.25,0.921,0.439,2026-08-18
MFSL,69,17278,2716800,-59600,11149160720.0,68,5426,1402400,48000,3350074000.0,0.516,0.314,2026-08-18
MIDCPNIFTY,382,127032,7611720,917880,232119131952.0,382,116095,6836400,-133800,205477312248.0,0.898,0.914,2026-08-18
MOTHERSON,64,17809,63498750,1678950,19222022661.0,66,7560,65682000,-1119300,7678059012.0,1.034,0.425,2026-08-18
MOTILALOFS,55,12489,3656450,-747100,9577399625.0,54,8845,2564475,-1113675,6360183355.0,0.701,0.708,2026-08-18
MPHASIS,56,5944,1699225,-53900,4205249180.0,57,4046,877800,-82225,2719759790.0,0.517,0.681,2026-08-18
MUTHOOTFIN,61,18542,5617700,-163075,15309337917.5,60,9643,2943050,-106975,7574791400.0,0.524,0.52,2026-08-18
NAM-INDIA,50,5691,2160625,90000,4350095187.5,48,3562,983750,100625,2541871875.0,0.455,0.626,2026-08-18
NATIONALUM,50,16695,38921250,-3078750,12929865000.0,50,8097,23985000,-1996875,5695296937.5,0.616,0.485,2026-08-18
NAUKRI,62,11453,4840000,-44550,8810402150.0,64,7139,3263150,-46200,5247984252.5,0.674,0.623,2026-08-18
NBCC,41,3220,47528000,2587000,1989177840.0,40,848,20072000,201500,497075670.0,0.422,0.263,2026-08-18
NESTLEIND,121,11797,5870000,-494500,9033256150.0,122,4811,3232000,23500,3545190225.0,0.551,0.408,2026-08-18
NHPC,66,3409,65288300,1014700,1902869342.5,65,1555,44848350,278000,815783007.5,0.687,0.456,2026-08-18
NIFTY,853,136153892,408303835,115123030,215786940592795.0,873,137727784,314751140,24241430,216173011341644.5,0.771,1.012,2026-08-18
NIFTYFPI,171,30,260700,3300,54303755.0,171,0,1100,0,0.0,0.004,0.0,2026-08-18
NIFTYNXT50,541,72,4975,800,139403442.5,541,34,4400,-150,62247327.5,0.884,0.472,2026-08-18
NMDC,67,16896,94203000,3206250,10032509407.5,67,11924,49038750,-5892750,6697550407.5,0.521,0.706,2026-08-18
NTPC,56,13897,43825500,531000,7266852525.0,57,7324,21564000,-426000,3698570550.0,0.492,0.527,2026-08-18
NYKAA,52,4010,23775000,-800000,4302226718.75,52,1039,9550000,-371875,1046117500.0,0.402,0.259,2026-08-18
OBEROIRLTY,83,73040,5417300,-389900,50789139047.5,83,34042,2307900,-330050,22566307172.5,0.426,0.466,2026-08-18
OFSS,88,11583,1134300,-14100,14290191655.0,93,8365,896500,-36600,9192212230.0,0.79,0.722,2026-08-18
OIL,79,25488,8058400,754600,17814470100.0,82,6026,4576600,231000,4048994530.0,0.568,0.236,2026-08-18
ONGC,77,36926,63006750,5760000,20472613695.0,76,14732,24774750,-715500,7933573935.0,0.393,0.399,2026-08-18
PAGEIND,79,39121,387160,68680,30658950296.0,77,13418,121580,-24760,9630361621.0,0.314,0.343,2026-08-18
PATANJALI,72,18783,15930425,-642850,7368662965.0,73,7669,7847500,-650375,2873413348.75,0.493,0.408,2026-08-18
PAYTM,87,68683,19534400,199375,81266309515.0,87,56595,15563575,-2436000,63851836267.5,0.797,0.824,2026-08-18
PERSISTENT,51,26679,2017750,-58000,19175391225.0,52,13676,1101625,-32875,9328803893.75,0.546,0.513,2026-08-18
PETRONET,46,8041,10982000,-368600,4441595040.0,46,4165,10094700,-805600,2217401650.0,0.919,0.518,2026-08-18
PFC,85,21867,40710800,287300,11250829590.0,84,5324,22358700,-124800,2669092270.0,0.549,0.243,2026-08-18
PGEL,57,14390,10556400,55100,8704713675.0,57,5820,6289950,-191900,3298365040.0,0.596,0.404,2026-08-18
PHOENIXLTD,77,4362,1242500,-64400,3028905162.5,76,1325,712600,-30100,882598867.5,0.574,0.304,2026-08-18
PIDILITIND,70,3956,2714500,-128000,3388114375.0,70,2522,1660000,-77500,2098636050.0,0.612,0.638,2026-08-18
PIIND,56,31351,2708650,-124075,14426642991.25,57,10372,1442875,-118125,4498750611.25,0.533,0.331,2026-08-18
PNB,93,8390,83928000,-6192000,8198669840.0,94,4846,77288000,-1632000,4458526080.0,0.921,0.578,2026-08-18
PNBHOUSING,54,4907,4102800,-31850,3786118082.5,54,1891,2415400,-20800,1368443765.0,0.589,0.385,2026-08-18
POLICYBZR,76,11551,2749950,-8750,7304652547.5,79,4147,2002350,72450,2495481432.5,0.728,0.359,2026-08-18
POLYCAB,81,34846,1970250,109625,41456813481.25,80,22680,1225125,-3750,25734067837.5,0.622,0.651,2026-08-18
POWERGRID,99,10551,37228600,-345800,5557057110.0,99,3270,24029300,-917700,1678264680.0,0.645,0.31,2026-08-18
POWERINDIA,71,18377,595750,-10550,17239512095.0,72,12239,538200,3025,10288820956.25,0.903,0.666,2026-08-18
PREMIERENE,50,4090,3761550,-94250,2852704205.0,49,3544,1257100,-40950,2179179307.5,0.334,0.867,2026-08-18
PRESTIGE,74,7743,2270700,31500,5740206727.5,74,4999,1948050,412200,3554968950.0,0.858,0.646,2026-08-18
RADICO,74,9167,713400,22500,6599313577.5,74,6478,443100,-72450,4262692380.0,0.621,0.707,2026-08-18
RBLBANK,65,4659,16176625,31750,5848626066.25,67,1817,10334625,301625,2188895165.0,0.639,0.39,2026-08-18
RECLTD,67,10660,24785775,-1162350,5969326072.5,67,6179,17490375,135450,3312151053.75,0.706,0.58,2026-08-18
RELIANCE,100,204618,73829000,3682500,138636408275.0,101,99048,42697000,216000,65223470800.0,0.578,0.484,2026-08-18
RVNL,47,10364,29159900,32725,4802071428.0,46,3739,15598275,179025,1636209132.25,0.535,0.361,2026-08-18
SAIL,69,243,27697100,-634500,210444709.0,69,56,19293500,-103400,43773920.0,0.697,0.23,2026-08-18
SBICARD,56,15008,10400000,1804800,7871969280.0,57,10515,6272800,929600,5247274400.0,0.603,0.701,2026-08-18
SBILIFE,77,5507,2947500,120375,3829977093.75,77,2210,1528875,71250,1463346975.0,0.519,0.401,2026-08-18
SBIN,90,92103,85362750,2481000,76448098837.5,91,41258,44813250,-942000,32554504087.5,0.525,0.448,2026-08-18
SHREECEM,90,7101,133900,-4250,4725911025.0,90,1112,63150,625,678037726.25,0.472,0.157,2026-08-18
SHRIRAMFIN,53,17555,12634875,33825,16797628650.0,55,9190,7269075,-224400,8358036967.5,0.575,0.523,2026-08-18
SIEMENS,70,11062,2730000,-43400,7999958793.75,70,6914,1613850,3500,4687967445.0,0.591,0.625,2026-08-18
SOLARINDS,75,73139,1024800,-37150,77101626622.5,75,33806,807350,41650,32820638100.0,0.788,0.462,2026-08-18
SONACOMS,73,22740,8187900,531650,23600124738.75,73,7425,5397350,568400,7284565216.25,0.659,0.327,2026-08-18
SRF,48,12766,3154000,-222000,6984368750.0,48,4809,1398400,-88200,2480016290.0,0.443,0.377,2026-08-18
SUNPHARMA,77,32059,9545200,-682150,21928538152.5,77,14075,4988550,102550,9326392932.5,0.523,0.439,2026-08-18
SUPREMEIND,59,6703,1058925,-123200,4347345030.0,61,2368,711900,-5075,1449402683.75,0.672,0.353,2026-08-18
SUZLON,57,13268,293331900,10922000,8713642593.0,55,5321,117094000,-2603500,3276489383.0,0.399,0.401,2026-08-18
SWIGGY,59,18211,46334925,259150,9715459861.25,61,9181,22192000,500050,4645501000.0,0.479,0.504,2026-08-18
TATACONSUM,87,6204,5460950,-20900,3795743325.0,86,2840,3445200,-105050,1660462732.5,0.631,0.458,2026-08-18
TATAELXSI,64,12066,1488000,75500,5865026887.5,68,5630,714500,9500,2548058518.75,0.48,0.467,2026-08-18
TATAPOWER,60,11767,30995200,430650,6720717085.0,58,6182,21014850,-462550,3443515607.5,0.678,0.525,2026-08-18
TATASTEEL,66,24110,103356000,-778250,12827973152.5,66,14462,65994500,481250,7418860845.0,0.639,0.6,2026-08-18
TCS,113,80259,17876475,629775,43701819648.75,122,54715,11234925,349875,28584693326.25,0.628,0.682,2026-08-18
TECHM,71,9321,7525200,55200,9253465620.0,84,7216,3655200,-36000,6968008650.0,0.486,0.774,2026-08-18
TIINDIA,56,222475,1972400,945000,135370050980.0,56,76976,2048200,1545200,43968890660.0,1.038,0.346,2026-08-18
TITAN,78,16287,5291125,-138950,14848486266.25,77,12265,3518725,-34825,10691020768.75,0.665,0.753,2026-08-18
TMPV,67,43761,65873600,4638400,24168990560.0,66,19182,38963200,529600,10075092000.0,0.591,0.438,2026-08-18
TORNTPHARM,82,27169,1060500,24625,17302611781.25,84,8197,656750,25250,5017771900.0,0.619,0.302,2026-08-18
TRENT,56,41592,7901550,-342225,29053843672.5,54,14065,3199950,-20925,9376275465.0,0.405,0.338,2026-08-18
TVSMOTOR,78,21840,2873150,-239400,17162416530.0,79,13188,2524375,-151375,9869229938.75,0.879,0.604,2026-08-18
ULTRACEMCO,171,19428,956600,12100,11585866865.0,174,6960,405550,-16250,4017070582.5,0.424,0.358,2026-08-18
UNIONBANK,71,5854,45342975,898275,5016410542.5,72,3970,40533000,-199125,3242738943.0,0.894,0.678,2026-08-18
UNITDSPR,56,7799,2907200,189200,4919330780.0,53,2516,1729600,-56400,1512632840.0,0.595,0.323,2026-08-18
UNOMINDA,55,5970,2472800,-218900,4298868392.5,57,3510,1393150,-232650,2339534890.0,0.563,0.588,2026-08-18
UPL,60,9210,20968625,0,7497002265.0,60,2838,10917235,123305,2207305162.5,0.521,0.308,2026-08-18
VBL,48,18341,25814925,-226950,10808251245.0,48,5680,10540425,-165750,3185777602.5,0.408,0.31,2026-08-18
VEDL,60,25529,37883300,-2481700,8457739687.5,59,6153,19575300,-119600,1892830195.0,0.517,0.241,2026-08-18
VMM,46,2651,18255400,1843000,1440275885.0,45,668,7367150,106700,349448077.5,0.404,0.252,2026-08-18
VOLTAS,55,53587,11222625,442500,26504084868.75,56,20978,5532750,73125,9883947131.25,0.493,0.391,2026-08-18
WAAREEENER,55,14027,3412675,38500,6916845451.25,55,4000,1846250,-66500,1867025527.5,0.541,0.285,2026-08-18
WIPRO,64,19847,82503000,1965000,11288201100.0,64,14232,55611000,-201000,7660553640.0,0.674,0.717,2026-08-18
YESBANK,30,5318,426505400,21645600,3980490555.0,28,2562,214216800,3172200,1778758902.0,0.502,0.482,2026-08-18
ZYDUSLIFE,99,13021,8317800,302400,13842829350.0,98,6212,4534200,-237600,6299397495.0,0.545,0.477,2026-08-18
360ONE,50,11024,2571000,423500,6692308675.0,52,3780,1388500,194500,2213366100.0,0.54,0.343,2026-08-19
ABB,69,30462,2131375,-65250,29826921737.5,69,19984,1081500,-61250,18453705118.75,0.507,0.656,2026-08-19
ABCAPITAL,76,8238,24440400,232500,10539030940.0,77,4081,18007900,-551800,5005526755.0,0.737,0.495,2026-08-19
ADANIENSOL,72,20496,7542450,825525,22666059495.0,71,15086,3289275,167400,15874907175.0,0.436,0.736,2026-08-19
ADANIENT,49,20839,5394522,-132252,20220944441.85,48,15047,3550410,-123909,13535291851.5,0.658,0.722,2026-08-19
ADANIGREEN,77,21256,11058000,-346800,17645645220.0,72,9631,5291400,-159000,7512950850.0,0.479,0.453,2026-08-19
ADANIPORTS,78,19539,14265200,-511100,16209278717.5,75,8393,7455125,-374775,6717233518.75,0.523,0.43,2026-08-19
ADANIPOWER,43,23689,62114350,-3961800,18145958125.0,42,9651,33235100,-685150,6890999785.0,0.535,0.407,2026-08-19
ALKEM,108,18771,1302000,-118125,13312919918.75,108,7883,519000,-115500,5261245987.5,0.399,0.42,2026-08-19
AMBER,74,32120,2072100,-67100,24456623895.0,73,16965,1240300,-67800,12058555830.0,0.599,0.528,2026-08-19
AMBUJACEM,75,11367,19206000,225600,5876551680.0,75,4088,10396800,-74400,2227443540.0,0.541,0.36,2026-08-19
ANGELONE,63,8994,30090000,-1230000,6929056000.0,61,4442,16947500,1137500,3238374625.0,0.563,0.494,2026-08-19
APLAPOLLO,99,4483,2331000,-89950,3374282590.0,99,3217,1668450,35350,2287294677.5,0.716,0.718,2026-08-19
APOLLOHOSP,69,28379,2376875,-3625,32232259712.5,69,21048,1525750,-194750,22766858856.25,0.642,0.742,2026-08-19
ASHOKLEY,70,21662,114680000,-6560000,19844678950.0,72,11254,79650000,-4975000,9649034900.0,0.695,0.52,2026-08-19
ASIANPAINT,107,24764,6140500,21500,16871418462.5,107,13036,3377750,48500,8572234987.5,0.55,0.526,2026-08-19
ASTRAL,78,16963,3932100,21675,11408963712.5,78,6956,2143700,-185725,4485368485.0,0.545,0.41,2026-08-19
AUBANK,51,9052,7235000,-207000,10034883200.0,51,4256,5521000,28000,4532104500.0,0.763,0.47,2026-08-19
AUROPHARMA,64,7112,4773450,96800,6553687882.5,65,3896,2604800,-90200,3476712277.5,0.546,0.548,2026-08-19
AXISBANK,62,59140,24405625,-509375,46946727125.0,60,34127,13955000,-694375,26254972000.0,0.572,0.577,2026-08-19
BAJAJ-AUTO,85,36239,1265625,-194475,32443983150.0,97,29021,1627200,-26850,24914748551.25,1.286,0.801,2026-08-19
BAJAJFINSV,87,14406,8729400,-108600,8917962675.0,87,11168,4664100,71400,6643120080.0,0.534,0.775,2026-08-19
BAJAJHLDNG,86,3314,134925,-900,3029200091.25,87,1302,93825,-1050,1035735210.0,0.695,0.393,2026-08-19
BAJFINANCE,99,34816,25000500,-119250,29382571087.5,101,21495,19503000,-486750,17421913612.5,0.78,0.617,2026-08-19
BANDHANBNK,49,603,49053600,-1116000,411379884.0,44,206,26391600,-439200,140820588.0,0.538,0.342,2026-08-19
BANKBARODA,48,14522,53901900,-1687725,10832754055.5,48,6793,45255600,-549900,4885050309.75,0.84,0.468,2026-08-19
BANKINDIA,49,3390,35562800,-884000,2617266028.0,48,1724,27846000,-1149200,1278081064.0,0.783,0.509,2026-08-19
BANKNIFTY,479,2310175,23271690,537690,4045686991150.5,481,1872848,18997170,817260,3192915111499.5,0.816,0.811,2026-08-19
BDL,61,36413,8978975,753100,22197713280.0,61,15816,4796975,-172125,9116700563.75,0.534,0.434,2026-08-19
BEL,74,49047,54769875,-1423575,29549823078.75,73,26951,39734700,-2482350,15533810715.0,0.725,0.549,2026-08-19
BHARATFORG,99,20471,10158500,-607500,22255226850.0,99,10046,5812500,-245500,10262296875.0,0.572,0.491,2026-08-19
BHARTIARTL,74,81477,20842525,-2261000,78012211316.25,75,33786,10232450,-567625,30900361342.5,0.491,0.415,2026-08-19
BHEL,80,33894,41868750,-1044750,38816570756.25,78,18320,24113250,-498750,19926850256.25,0.576,0.541,2026-08-19
BIOCON,69,9711,25447500,320000,10461303625.0,69,5278,18027500,-622500,5456537500.0,0.708,0.544,2026-08-19
BLUESTARCO,86,8172,3280875,-267475,4193192867.5,86,1939,1653600,26650,943463771.25,0.504,0.237,2026-08-19
BOSCHLTD,93,72641,576725,2925,91522632487.5,93,53784,629100,-18350,62328908076.25,1.091,0.74,2026-08-19
BPCL,52,7639,13712425,124425,4839348820.0,53,5238,8447075,61225,3209616641.25,0.616,0.686,2026-08-19
BRITANNIA,82,13190,1445875,-48250,9333890300.0,83,10621,845625,65625,7235267193.75,0.585,0.805,2026-08-19
BSE,42,247237,17321600,-273200,175768660260.0,42,116924,8532600,185800,76142604640.0,0.493,0.473,2026-08-19
CAMS,68,8826,7861425,143550,5786226930.0,70,2694,3534300,-28050,1678673617.5,0.45,0.305,2026-08-19
CANBK,48,8551,87446250,-3624750,7755479257.5,46,3898,70740000,182250,3458850525.0,0.809,0.456,2026-08-19
CDSL,52,14798,8103025,126825,9811770620.0,52,7014,4767575,-51300,4434357940.0,0.588,0.474,2026-08-19
CGPOWER,47,26259,11734250,113050,20359186017.5,47,26049,5963600,-29750,19047269497.5,0.508,0.992,2026-08-19
CHOLAFIN,78,5988,4514375,-618750,7302580875.0,81,2273,3170625,-80625,2616508968.75,0.702,0.38,2026-08-19
CIPLA,96,11016,6477000,-196350,6875354688.75,98,5194,3504550,-126650,3146803211.25,0.541,0.471,2026-08-19
COALINDIA,72,29686,38079450,3060450,16618558252.5,70,19818,25501500,909900,10906830427.5,0.67,0.668,2026-08-19
COCHINSHIP,67,9101,3200800,-96400,5627711160.0,68,3194,2017200,-90800,1871341080.0,0.63,0.351,2026-08-19
COFORGE,79,66895,7699275,448400,59059044630.0,81,29146,7855075,1034075,24596491396.25,1.02,0.436,2026-08-19
COLPAL,101,23083,4522375,12650,12679442338.75,101,13389,2648800,80300,7003103016.25,0.586,0.58,2026-08-19
CONCOR,86,8244,11233750,351250,5517657125.0,83,4649,5443750,-133750,3000232250.0,0.485,0.564,2026-08-19
CROMPTON,52,8736,25739800,-808400,4809596332.5,53,3728,15574600,-804100,1974749200.0,0.605,0.427,2026-08-19
CUMMINSIND,47,16039,2086400,108600,17958302900.0,47,8121,1220400,-34800,8495738120.0,0.585,0.506,2026-08-19
DABUR,77,9611,20895000,-847500,5063259125.0,75,4552,11046250,-458750,2315219937.5,0.529,0.474,2026-08-19
DALBHARAT,28,5551,1073475,81575,3447271896.25,29,2876,731900,154050,1715934593.75,0.682,0.518,2026-08-19
DELHIVERY,82,5140,18201900,-1182750,5096454083.75,77,2650,10586650,-166000,2475256710.0,0.582,0.516,2026-08-19
DIVISLAB,78,16888,1765700,-159700,14883536530.0,78,9995,1598800,-71400,8323091335.0,0.905,0.592,2026-08-19
DIXON,54,176835,2018950,-481200,132371555450.0,55,119071,1379700,51900,81355590847.5,0.683,0.673,2026-08-19
DLF,55,38175,14961550,-498750,25043528312.5,55,16716,10855650,399950,10500060772.5,0.726,0.438,2026-08-19
DMART,71,20786,1906050,3300,12843729255.0,70,8125,1159650,-25800,4798164285.0,0.608,0.391,2026-08-19
DRREDDY,108,17086,11740000,-490625,13025044718.75,106,7820,7121875,86875,5765929437.5,0.607,0.458,2026-08-19
EICHERMOT,69,27179,1869400,-68800,22373900425.0,71,19022,1595400,-103500,15007742520.0,0.853,0.7,2026-08-19
ETERNAL,54,54116,74059500,1695075,43184974846.25,57,29164,50410900,4481400,22166268673.75,0.681,0.539,2026-08-19
FEDERALBNK,57,10785,22382500,-550000,9863664125.0,57,6289,17017500,627500,5606794125.0,0.76,0.583,2026-08-19
FINNIFTY,240,26216,1160040,46560,41911296159.0,240,23010,781680,16980,35324183919.0,0.674,0.878,2026-08-19
FORCEMOT,41,17205,316150,24875,8306276447.5,41,12922,130900,-4775,5369030168.75,0.414,0.751,2026-08-19
FORTIS,92,6249,5448250,-259625,4602570193.75,92,4244,4383400,-134075,2981029905.0,0.805,0.679,2026-08-19
GAIL,61,13011,68639250,-4973550,8387272209.5,61,4670,25254700,-958500,2985988318.5,0.368,0.359,2026-08-19
GLENMARK,88,22524,2800125,-30000,19597313268.75,89,21911,1707750,50250,18260033062.5,0.61,0.973,2026-08-19
GMRAIRPORT,91,11017,71396100,1876275,8156217924.0,87,5312,42052275,-2441250,3845736767.25,0.589,0.482,2026-08-19
GODFRYPHLP,47,25446,2001725,83325,15714012242.5,48,8780,851400,69300,4998104870.0,0.425,0.345,2026-08-19
GODREJCP,119,19043,11947000,-1074000,9354408625.0,119,6787,7718500,12500,3168502050.0,0.646,0.356,2026-08-19
GODREJPROP,88,14739,3666325,-169975,9922408421.25,90,8530,2211300,17550,5494666937.5,0.603,0.579,2026-08-19
GRASIM,135,24952,6108500,-280000,20924085725.0,135,12169,3044500,-168750,9803886150.0,0.498,0.488,2026-08-19
GVT&D,49,23897,1512000,106125,13089829681.25,51,30392,874000,51750,14959737681.25,0.578,1.272,2026-08-19
HAL,85,62217,5517750,-152250,48666190327.5,87,41609,3968250,-205950,31106326320.0,0.719,0.669,2026-08-19
HAVELLS,50,10042,3686500,39500,6662289775.0,50,4686,1708000,-25500,2948379475.0,0.463,0.467,2026-08-19
HCLTECH,114,47264,8028000,110400,25703316780.0,117,22126,5720400,395600,11549588380.0,0.713,0.468,2026-08-19
HDFCAMC,49,15474,2353500,-286800,12211942950.0,46,6828,1790700,-71400,5134205070.0,0.761,0.441,2026-08-19
HDFCBANK,73,337545,178842950,823550,165256938275.0,71,118213,100596600,3174600,55575949747.5,0.562,0.35,2026-08-19
HDFCLIFE,92,17929,27711200,-1553200,10978870540.0,91,6860,14973200,-418000,4073172015.0,0.54,0.383,2026-08-19
HEROMOTOCO,58,23902,2470050,4200,21293342670.0,58,15378,2014350,-170700,12855530212.5,0.816,0.643,2026-08-19
HINDALCO,53,31711,18361700,-826000,24014677085.0,54,19029,12509700,-130900,13568640085.0,0.681,0.6,2026-08-19
HINDPETRO,72,6420,13543200,-1403325,4988665057.5,72,2653,9005175,275400,1969827558.75,0.665,0.413,2026-08-19
HINDUNILVR,89,33399,12441300,629400,21028208445.0,88,17590,6988500,225300,10733866005.0,0.562,0.527,2026-08-19
HINDZINC,57,25417,31434725,-601475,18325548342.5,58,13814,18057725,809725,9376384036.25,0.574,0.543,2026-08-19
HYUNDAI,101,7594,2135925,-15675,4727699611.25,103,5561,1838100,-119075,3245313885.0,0.861,0.732,2026-08-19
ICICIBANK,101,68742,34936300,874300,69248306785.0,100,39679,20995100,-459200,39034931250.0,0.601,0.577,2026-08-19
ICICIGI,79,3714,2502825,-165750,2036384691.25,78,1336,1554800,-25350,697892211.25,0.621,0.36,2026-08-19
ICICIPRULI,82,3588,5313200,-232175,1708811006.25,80,1672,3791575,-86025,768312307.5,0.714,0.466,2026-08-19
IDEA,28,19705,1627485750,29376225,21150700453.5,27,6713,980708475,15152700,6763102446.75,0.603,0.341,2026-08-19
IDFCFIRSTB,68,8532,141453025,-4785900,6993824138.0,69,4823,101644725,-2170350,3764817939.75,0.719,0.565,2026-08-19
IEX,50,4015,30197700,-826500,2261954281.5,52,2402,17765400,-256650,1323890919.0,0.588,0.598,2026-08-19
INDHOTEL,57,5266,5311000,-413000,3915398050.0,57,2849,3692000,-65000,2051363050.0,0.695,0.541,2026-08-19
INDIANB,75,6293,7511000,-433000,5670016400.0,76,3760,5488000,-432000,3277593300.0,0.731,0.597,2026-08-19
INDIGO,46,31031,3549600,-148200,25335498480.0,47,23201,2268150,7350,17755042282.5,0.639,0.748,2026-08-19
INDUSINDBK,72,6138,7753900,-210000,4474796760.0,72,4136,3975300,-258300,2917305125.0,0.513,0.674,2026-08-19
INDUSTOWER,133,9086,27091200,515100,5937688260.0,132,4134,16279200,-261800,2619437520.0,0.601,0.455,2026-08-19
INFY,65,146071,37662400,352400,68076904740.0,69,88621,29458000,-993200,39342854080.0,0.782,0.607,2026-08-19
INOXWIND,42,8729,68480000,371200,4423885248.0,41,3007,36908800,652800,1431374464.0,0.539,0.344,2026-08-19
IOC,49,6398,42919500,663000,4466158905.0,48,4404,35802000,1443000,2946197182.5,0.834,0.688,2026-08-19
IREDA,47,5771,47141450,321275,3123115406.25,50,3080,30706650,-837125,1633449070.5,0.651,0.534,2026-08-19
IRFC,77,13492,94649975,8614900,6575711072.0,76,6814,55014925,3287550,3280734735.25,0.581,0.505,2026-08-19
ITC,98,62826,149717925,4491900,30315963337.5,97,34840,75665400,2918700,16400225325.0,0.505,0.555,2026-08-19
JINDALSTEL,44,24663,4574375,118125,17680516843.75,45,16828,3437500,421250,11660743093.75,0.751,0.682,2026-08-19
JIOFIN,86,57784,154199950,-1433500,35431006047.5,91,12670,72915800,-552250,7399644867.5,0.473,0.219,2026-08-19
JSWENERGY,48,7013,8280725,-421400,4294078147.5,48,2938,5778125,-8600,1708482020.0,0.698,0.419,2026-08-19
JSWSTEEL,53,13305,6303150,-187650,11784895605.0,54,7868,4879575,149175,6789008722.5,0.774,0.591,2026-08-19
JUBLFOOD,107,13483,16622500,-1323750,8747651375.0,108,10916,10811250,-775000,6679521625.0,0.65,0.81,2026-08-19
KALYANKJIL,124,34570,35556300,-348300,29344285597.5,132,20669,22678650,-2087100,16496707522.5,0.638,0.598,2026-08-19
KAYNES,76,126189,2247900,159300,74772805882.5,76,36547,1747500,200850,20219665492.5,0.777,0.29,2026-08-19
KEI,66,12636,1186325,-33425,13182500808.75,66,9722,964775,-97125,9171663873.75,0.813,0.769,2026-08-19
KFINTECH,41,7467,3594325,15525,4224170800.0,41,2662,1959600,-53475,1446408676.25,0.545,0.357,2026-08-19
KOTAKBANK,61,19515,41454000,-1894000,15563465300.0,62,9361,25828000,858000,7308192300.0,0.623,0.48,2026-08-19
KPITTECH,73,18006,13709750,271250,8719684650.0,74,7821,5956650,-649450,3638568231.25,0.434,0.434,2026-08-19
LAURUSLABS,69,11332,12676900,-455600,17996969930.0,72,10088,9698500,-515950,15029694560.0,0.765,0.89,2026-08-19
LICHSGFIN,54,11150,16950000,-249000,5697908950.0,54,4416,12688000,-195000,2213587750.0,0.749,0.396,2026-08-19
LICI,82,762,26335400,-180600,452814250.0,80,184,19202400,-95200,101922030.0,0.729,0.241,2026-08-19
LODHA,57,14519,5944375,-130000,11484539406.25,56,7143,3631875,-358750,5332360718.75,0.611,0.492,2026-08-19
LT,66,38762,6105050,-81900,28046929610.0,69,17753,4088000,-165200,12485401460.0,0.67,0.458,2026-08-19
LTF,53,44333,28818000,5843250,32896993837.5,53,31383,22353750,3417750,22050716287.5,0.776,0.708,2026-08-19
LTM,87,33125,1650000,139950,23711891250.0,92,15776,840900,13200,10786542540.0,0.51,0.476,2026-08-19
LUPIN,113,15636,9656425,-321300,15552749455.0,111,5697,4431475,6375,5418904572.5,0.459,0.364,2026-08-19
M&M,64,42797,6934800,-296800,30120883040.0,67,32807,5048400,-202000,22276223870.0,0.728,0.767,2026-08-19
MANAPPURAM,57,1294,26766000,-2358000,1421840250.0,59,216,13851000,-72000,224493000.0,0.517,0.167,2026-08-19
MANKIND,107,26714,2611250,175500,16576374112.5,107,3853,1534000,53000,2290138137.5,0.587,0.144,2026-08-19
MARICO,65,10485,9219600,-502800,10981895520.0,65,2958,5623200,-130800,3003715620.0,0.61,0.282,2026-08-19
MARUTI,104,75001,2682050,13900,53029202900.0,103,38307,1008250,-6050,26065847545.0,0.376,0.511,2026-08-19
MAXHEALTH,102,13075,6738900,-419475,7210502985.0,101,6860,3586275,-326025,3664130111.25,0.532,0.525,2026-08-19
MAZDOCK,53,22350,4040775,-102600,13491140906.25,53,10817,2034900,-141075,5968928925.0,0.504,0.484,2026-08-19
MCX,62,102224,8082675,1312650,71825805405.0,62,64013,5994900,-242550,42348818643.75,0.742,0.626,2026-08-19
MFSL,70,10451,2705600,-11200,6762290700.0,69,7414,1308800,-93600,4442460100.0,0.484,0.709,2026-08-19
MIDCPNIFTY,382,164367,8244960,633240,298194786048.0,382,160634,7618200,781800,284185303764.0,0.924,0.977,2026-08-19
MOTHERSON,64,20743,62896050,-602700,22545765622.5,66,10492,62711550,-2970450,10696786327.5,0.997,0.506,2026-08-19
MOTILALOFS,55,8163,3290650,-365800,6198591321.25,54,5036,2390100,-174375,3583331230.0,0.726,0.617,2026-08-19
MPHASIS,56,8863,1720950,21725,6185477210.0,57,4058,831050,-46750,2689773748.75,0.483,0.458,2026-08-19
MUTHOOTFIN,61,22019,5561050,-56650,18114507482.5,60,12049,2790425,-152625,9429707732.5,0.502,0.547,2026-08-19
NAM-INDIA,50,18109,1976875,-183750,14000286656.25,48,5304,1497500,513750,3891980781.25,0.758,0.293,2026-08-19
NATIONALUM,50,17306,38321250,-600000,13162272656.25,50,12168,25582500,1597500,8581566562.5,0.668,0.703,2026-08-19
NAUKRI,62,27327,5064400,224400,21061897945.0,64,9611,3208700,-54450,7156347660.0,0.634,0.352,2026-08-19
NBCC,43,2889,48483500,955500,1765560095.0,42,954,20267000,195000,552061965.0,0.418,0.33,2026-08-19
NESTLEIND,121,17919,5767000,-103000,13529037200.0,122,7631,3291000,59000,5623334750.0,0.571,0.426,2026-08-19
NHPC,66,4450,65211850,-76450,2502412621.5,65,1185,44758000,-90350,629872731.5,0.686,0.266,2026-08-19
NIFTY,825,21174756,264149910,67497190,33858180828225.0,845,19403806,214543955,32373900,30192775392039.0,0.812,0.916,2026-08-19
NIFTYFPI,177,20,258500,-2200,36053325.0,177,0,1100,0,0.0,0.004,0.0,2026-08-19
NIFTYNXT50,541,75,5325,350,143433656.25,541,73,4375,-25,133914686.25,0.822,0.973,2026-08-19
NMDC,67,12100,95566500,1363500,7127522370.0,67,6537,48951000,-87750,3685134420.0,0.512,0.54,2026-08-19
NTPC,56,15184,43896000,70500,7924458075.0,57,8130,20794500,-769500,4082833725.0,0.474,0.535,2026-08-19
NYKAA,52,6822,22396875,-1378125,7224544687.5,52,1796,9175000,-375000,1827236406.25,0.41,0.263,2026-08-19
OBEROIRLTY,83,42819,4507650,-909650,29311828822.5,83,14764,2152500,-155400,9578044192.5,0.478,0.345,2026-08-19
OFSS,88,22537,1173000,38700,27559784260.0,93,9111,883300,-13200,10275421510.0,0.753,0.404,2026-08-19
OIL,79,7807,7928200,-130200,5419649900.0,82,1911,4488400,-88200,1282396850.0,0.566,0.245,2026-08-19
ONGC,77,46614,58515750,-4491000,25919484930.0,76,15817,24747750,-27000,8567151952.5,0.423,0.339,2026-08-19
PAGEIND,81,49022,434360,47200,37789428401.0,79,21006,134980,13400,14562611698.0,0.311,0.429,2026-08-19
PATANJALI,72,7956,14654400,-1276025,3110064655.0,73,2911,7471250,-376250,1088060497.5,0.51,0.366,2026-08-19
PAYTM,87,124905,22530100,2995700,148956298537.5,87,55676,16724300,1160725,62774142907.5,0.742,0.446,2026-08-19
PERSISTENT,52,81392,2280375,262625,58406531275.0,53,26360,1092750,-8875,17929856550.0,0.479,0.324,2026-08-19
PETRONET,46,28927,13108100,2126100,16233304360.0,46,6794,10033900,-60800,3672587805.0,0.765,0.235,2026-08-19
PFC,85,26768,37480300,-3230500,13602377295.0,84,7645,22326200,-32500,3849350895.0,0.596,0.286,2026-08-19
PGEL,57,15143,9251100,-1305300,9049581725.0,57,6965,5927050,-362900,3943847670.0,0.641,0.46,2026-08-19
PHOENIXLTD,77,4071,1185450,-57050,2811076905.0,76,1553,671300,-41300,1029249952.5,0.566,0.381,2026-08-19
PIDILITIND,70,6034,2594000,-120500,5131620775.0,70,5713,2157000,497000,4672873225.0,0.832,0.947,2026-08-19
PIIND,56,11225,2583525,-125125,5207154548.75,57,5129,1398950,-43925,2185375552.5,0.541,0.457,2026-08-19
PNB,93,10089,80640000,-3288000,9732304160.0,94,6015,75064000,-2224000,5520812000.0,0.931,0.596,2026-08-19
PNBHOUSING,54,21224,4425200,322400,16606010167.5,54,6772,2517450,102050,4915083160.0,0.569,0.319,2026-08-19
POLICYBZR,76,60845,3090150,340200,39070819340.0,79,16520,2375450,373100,10113113360.0,0.769,0.272,2026-08-19
POLYCAB,81,41381,1877750,-92500,48619528087.5,80,32021,1118750,-106375,35866494268.75,0.596,0.774,2026-08-19
POWERGRID,99,18265,37730200,501600,9540358565.0,99,8184,25435300,1406000,4154917055.0,0.674,0.448,2026-08-19
POWERINDIA,71,99081,829700,233950,89134032296.25,72,114753,600250,62050,93446378803.75,0.723,1.158,2026-08-19
PREMIERENE,50,5218,3553550,-208000,3684601342.5,49,3113,1173900,-83200,1927567200.0,0.33,0.597,2026-08-19
PRESTIGE,74,3802,2304900,34200,2794521915.0,74,1415,1941300,-6750,1012216230.0,0.842,0.372,2026-08-19
RADICO,75,6175,691650,-21750,4459371877.5,75,8374,419700,-23400,5426351760.0,0.607,1.356,2026-08-19
RBLBANK,65,3285,14941550,-1235075,4113126298.75,67,1626,9848850,-485775,1941515357.5,0.659,0.495,2026-08-19
RECLTD,67,10667,24853500,67725,5927370198.75,67,5821,17309250,-181125,3212817300.0,0.696,0.546,2026-08-19
RELIANCE,100,180404,72429500,-1399500,121664613825.0,101,95938,42994500,297500,62944164725.0,0.594,0.532,2026-08-19
RVNL,47,12409,30016525,856625,5645601615.5,46,4423,15956325,358050,1917938907.5,0.532,0.356,2026-08-19
SAIL,69,465,26874600,-822500,393334540.0,69,122,19006800,-286700,95981050.0,0.707,0.262,2026-08-19
SBICARD,59,15714,9686400,-713600,8158136080.0,58,9734,6500800,228000,4778357920.0,0.671,0.619,2026-08-19
SBILIFE,79,9675,2875500,-72000,6617613131.25,79,9213,1576875,48000,6066255881.25,0.548,0.952,2026-08-19
SBIN,90,129229,84581250,-781500,106233046312.5,91,59805,44382750,-430500,46892995912.5,0.525,0.463,2026-08-19
SHREECEM,90,11491,138850,4950,7335502088.75,90,3245,64175,1025,1961171498.75,0.462,0.282,2026-08-19
SHRIRAMFIN,53,15721,12263625,-371250,14866941375.0,55,8748,7403550,134475,7894275675.0,0.604,0.556,2026-08-19
SIEMENS,70,14032,2554300,-175700,10030906182.5,70,9397,1467900,-145950,6349327127.5,0.575,0.67,2026-08-19
SOLARINDS,75,64371,1082850,58050,66828427577.5,75,56760,778300,-29050,54416158767.5,0.719,0.882,2026-08-19
SONACOMS,74,10205,8114400,-73500,10652610290.0,74,3768,5532100,134750,3732438596.25,0.682,0.369,2026-08-19
SRF,48,14218,2923600,-230400,7743139730.0,48,6245,1380600,-17800,3204611600.0,0.472,0.439,2026-08-19
SUNPHARMA,78,27191,9390850,-154350,18501203385.0,78,12771,4843650,-144900,8477929057.5,0.516,0.47,2026-08-19
SUPREMEIND,59,9112,975975,-82950,5909419372.5,61,2406,719250,7350,1496584285.0,0.737,0.264,2026-08-19
SUZLON,57,10325,301231300,7899400,6620442055.0,55,4987,118668800,1574800,3049252474.0,0.394,0.483,2026-08-19
SWIGGY,60,34119,44172300,-2162625,18059125896.25,62,14527,20792225,-1399775,7291857580.0,0.471,0.426,2026-08-19
TATACONSUM,87,6200,5359750,-101200,3746469897.5,86,2733,3459500,14300,1600241830.0,0.645,0.441,2026-08-19
TATAELXSI,64,10845,1462125,-25875,5202914512.5,68,14264,852875,138375,6363641650.0,0.583,1.315,2026-08-19
TATAPOWER,60,16113,29414700,-1580500,9097401137.5,58,8973,20530550,-484300,4945045635.0,0.698,0.557,2026-08-19
TATASTEEL,66,31727,101904000,-1452000,16763543032.5,66,18715,67364000,1369500,9700219512.5,0.661,0.59,2026-08-19
TCS,113,117127,18084600,208125,62784987187.5,122,71624,11932875,697950,36979427373.75,0.66,0.612,2026-08-19
TECHM,72,14856,8026200,501000,14679842910.0,85,7981,3760200,105000,7657223670.0,0.468,0.537,2026-08-19
TIINDIA,61,55458,1476400,-496000,34214761830.0,61,41969,1378800,-669400,24155588420.0,0.934,0.757,2026-08-19
TITAN,78,28594,4980850,-310275,25896735541.25,77,21318,3228575,-290150,18580227898.75,0.648,0.746,2026-08-19
TMPV,69,38827,64336000,-1537600,21264731360.0,68,15543,39190400,227200,8152041520.0,0.609,0.4,2026-08-19
TORNTPHARM,82,19062,967375,-93125,12176164168.75,84,7425,623750,-33000,4580924650.0,0.645,0.39,2026-08-19
TRENT,56,37959,7445250,-456300,26345891452.5,54,13480,3080925,-119025,9002067232.5,0.414,0.355,2026-08-19
TVSMOTOR,78,20571,2836575,-36575,16147617062.5,79,12986,2266425,-257950,9611772047.5,0.799,0.631,2026-08-19
ULTRACEMCO,176,29123,985650,29050,17152219062.5,179,10529,415900,10350,5982032942.5,0.422,0.362,2026-08-19
UNIONBANK,71,5967,43993350,-1349625,5080848543.0,72,2917,38833800,-1699200,2359582840.5,0.883,0.489,2026-08-19
UNITDSPR,56,6973,2944400,37200,4370229800.0,53,2097,1660400,-69200,1253259300.0,0.564,0.301,2026-08-19
UNOMINDA,55,7485,2713150,240350,5381118655.0,57,2295,1232000,-161150,1577817422.5,0.454,0.307,2026-08-19
UPL,60,18162,19312815,-1655810,14498457859.5,60,7478,10846775,-70460,5740150118.25,0.562,0.412,2026-08-19
VBL,48,10314,24154875,-1660050,6049926892.5,48,4067,10593975,53550,2275937602.5,0.439,0.394,2026-08-19
VEDL,60,22468,37209400,-673900,7271558215.0,59,7719,19616700,41400,2372256340.0,0.527,0.344,2026-08-19
VMM,47,1848,18396050,140650,990845542.5,46,462,7333200,-33950,235927522.5,0.399,0.25,2026-08-19
VOLTAS,57,56461,11205750,-16875,27494438906.25,57,26098,5785875,253125,12139319081.25,0.516,0.462,2026-08-19
WAAREEENER,55,19714,3231550,-181125,9649304481.25,55,6224,1764875,-81375,2826632795.0,0.546,0.316,2026-08-19
WIPRO,65,20055,78048000,-4455000,11277516360.0,65,10429,55485000,-126000,5632083750.0,0.711,0.52,2026-08-19
YESBANK,32,7829,405170800,-21334600,5813817517.0,30,3287,204016000,-10200800,2332508086.0,0.504,0.42,2026-08-19
ZYDUSLIFE,99,12967,8028000,-289800,13592558745.0,98,6324,4447800,-86400,6336938295.0,0.554,0.488,2026-08-19
360ONE,50,23990,2431000,-140000,14891530775.0,52,7532,1733000,344500,4490950250.0,0.713,0.314,2026-08-20
ABB,69,26917,1953875,-177500,26109670100.0,69,15509,1045000,-36500,14086810931.25,0.535,0.576,2026-08-20
ABCAPITAL,76,24528,23243800,-1196600,31829386555.0,77,8544,17425100,-582800,10603365085.0,0.75,0.348,2026-08-20
ADANIENSOL,76,15229,7449300,-93150,16722972956.25,75,8018,3203550,-85725,8190896681.25,0.43,0.526,2026-08-20
ADANIENT,49,20347,4911864,-482658,19644250403.1,48,11372,3503751,-46659,10407114669.75,0.713,0.559,2026-08-20
ADANIGREEN,79,23443,10835400,-222600,19394709150.0,74,8754,5225400,-66000,6889814130.0,0.482,0.373,2026-08-20
ADANIPORTS,78,30964,12878200,-1387000,25669002588.75,75,14251,6991525,-463600,11466818036.25,0.543,0.46,2026-08-20
ADANIPOWER,43,28207,59693250,-2421100,21949946389.5,42,5646,32344050,-891050,4049165429.0,0.542,0.2,2026-08-20
ALKEM,108,11095,1172875,-129125,7840368912.5,108,5491,489625,-29375,3611158025.0,0.417,0.495,2026-08-20
AMBER,74,22133,1892700,-179400,16738874770.0,73,10660,1168400,-71900,7607423065.0,0.617,0.482,2026-08-20
AMBUJACEM,76,13337,18978000,-228000,6853735320.0,76,6307,10402800,6000,3228663120.0,0.548,0.473,2026-08-20
ANGELONE,63,14505,28620000,-1470000,11089761250.0,61,6392,17102500,155000,4687975000.0,0.598,0.441,2026-08-20
APLAPOLLO,100,9758,2343600,12600,7446552155.0,100,7296,1467200,-201250,5304168537.5,0.626,0.748,2026-08-20
APOLLOHOSP,69,21957,2339750,-37125,24676991362.5,69,15564,1299750,-226000,16833615293.75,0.556,0.709,2026-08-20
ASHOKLEY,70,19372,111130000,-3550000,17568290450.0,72,10062,77245000,-2405000,8681562050.0,0.695,0.519,2026-08-20
ASIANPAINT,107,26170,6093000,-47500,17809251037.5,107,13561,3398250,20500,8867551150.0,0.558,0.518,2026-08-20
ASTRAL,78,11129,3726825,-205275,7515011840.0,78,5099,2037875,-105825,3318827316.25,0.547,0.458,2026-08-20
AUBANK,51,21605,8812000,1577000,24134988350.0,51,9365,5677000,156000,10083476000.0,0.644,0.433,2026-08-20
AUROPHARMA,64,7761,4698650,-74800,7163596990.0,65,4340,2680700,75900,3857321847.5,0.571,0.559,2026-08-20
AXISBANK,62,69681,23868125,-537500,55873670343.75,60,32520,13863125,-91875,25208889843.75,0.581,0.467,2026-08-20
BAJAJ-AUTO,85,29119,1218450,-47175,26141227882.5,97,23187,1459425,-167775,19872096041.25,1.198,0.796,2026-08-20
BAJAJFINSV,87,16356,8439000,-290400,10153713285.0,87,8256,4624800,-39300,4929709785.0,0.548,0.505,2026-08-20
BAJAJHLDNG,86,3414,125250,-9675,3039225915.0,87,4578,99675,5850,3674168040.0,0.796,1.341,2026-08-20
BAJFINANCE,99,50338,23910000,-1090500,42503988562.5,101,30761,17919750,-1583250,25076160037.5,0.749,0.611,2026-08-20
BANDHANBNK,50,1710,45097200,-3956400,1128520692.0,45,989,24897600,-1494000,618593940.0,0.552,0.578,2026-08-20
BANKBARODA,48,15341,48952800,-4949100,11391398138.25,48,10406,42523650,-2731950,7645651620.75,0.869,0.678,2026-08-20
BANKINDIA,49,4441,33217600,-2345200,3425867068.0,48,2685,27892800,46800,2052674780.0,0.84,0.605,2026-08-20
BANKNIFTY,479,2331218,22284210,-987480,4093193299191.0,481,2104101,20833080,1835910,3598605397497.0,0.935,0.903,2026-08-20
BDL,61,55110,10104800,1125825,32758619752.5,61,24185,5301875,504900,13606457131.25,0.525,0.439,2026-08-20
BEL,74,43603,55252950,483075,26169170962.5,73,15974,38313975,-1420725,9319371678.75,0.693,0.366,2026-08-20
BHARATFORG,99,15570,9229000,-929500,16814873275.0,99,8154,5503500,-309000,8328509050.0,0.596,0.524,2026-08-20
BHARTIARTL,74,54973,19115900,-1726625,52020401245.0,75,25504,10242425,9975,23409404028.75,0.536,0.464,2026-08-20
BHEL,80,21843,42047250,178500,25023637668.75,78,9910,23751000,-362250,10756807293.75,0.565,0.454,2026-08-20
BIOCON,69,8256,24632500,-815000,8876214625.0,69,4272,17587500,-440000,4465563125.0,0.714,0.517,2026-08-20
BLUESTARCO,86,8826,2699125,-581750,4510191920.0,86,5271,1651325,-2275,2559039502.5,0.612,0.597,2026-08-20
BOSCHLTD,93,95938,566825,-9900,119873312022.5,93,47214,545200,-83900,54310896813.75,0.962,0.492,2026-08-20
BPCL,55,7088,12967850,-744575,4488120448.75,55,4496,8927000,479925,2763999267.5,0.688,0.634,2026-08-20
BRITANNIA,82,12651,1270000,-175875,8930572662.5,83,10108,748750,-96875,6827550193.75,0.59,0.799,2026-08-20
BSE,42,241931,18027800,706200,172465359160.0,42,158619,8414000,-118600,103326141250.0,0.467,0.656,2026-08-20
CAMS,70,7618,8212875,351450,4959509115.0,71,2582,3664650,130350,1624609098.75,0.446,0.339,2026-08-20
CANBK,48,10087,85718250,-1728000,9215288122.5,46,7175,70490250,-249750,6517705635.0,0.822,0.711,2026-08-20
CDSL,52,26823,7368675,-734350,17794989410.0,52,10059,4595150,-172425,6424543482.5,0.624,0.375,2026-08-20
CGPOWER,47,17055,10094600,-1639650,13168394777.5,47,11326,5947450,-16150,8270766432.5,0.589,0.664,2026-08-20
CHOLAFIN,78,8467,4303750,-210625,10279857875.0,81,4389,2958750,-211875,5082608906.25,0.687,0.518,2026-08-20
CIPLA,99,13074,6040950,-436050,8305189902.5,100,7438,3564050,59500,4500355005.0,0.59,0.569,2026-08-20
COALINDIA,76,29345,38059200,-20250,16451497035.0,74,12705,26882550,1381050,6942845002.5,0.706,0.433,2026-08-20
COCHINSHIP,67,7824,3040400,-160400,4825327160.0,68,2900,2142400,125200,1754644620.0,0.705,0.371,2026-08-20
COFORGE,79,96876,8653075,953800,88040150802.5,81,54528,8493950,638875,47019333653.75,0.982,0.563,2026-08-20
COLPAL,104,17324,4026550,-495825,9355283630.0,104,7627,2582800,-66000,4024239986.25,0.641,0.44,2026-08-20
CONCOR,86,7829,10696250,-537500,5244849687.5,83,2575,5382500,-61250,1651820437.5,0.503,0.329,2026-08-20
CROMPTON,52,24233,25084050,-655750,13666297195.0,53,11641,15781000,206400,6229787540.0,0.629,0.48,2026-08-20
CUMMINSIND,50,13981,1889200,-197200,15374021540.0,50,5531,1208000,-12400,5653404160.0,0.639,0.396,2026-08-20
DABUR,79,10353,21020000,125000,5396295687.5,77,6078,11145000,98750,3085266312.5,0.53,0.587,2026-08-20
DALBHARAT,29,16967,898950,-174525,10733501285.0,30,7618,744575,12675,4634493613.75,0.828,0.449,2026-08-20
DELHIVERY,82,6042,17797275,-404625,5913811835.0,77,2085,10443475,-143175,1952272465.0,0.587,0.345,2026-08-20
DIVISLAB,78,22258,1684900,-80800,19526185625.0,78,14789,1540300,-58500,12308573605.0,0.914,0.664,2026-08-20
DIXON,55,235407,1916150,-102800,180179389495.0,56,128212,1514500,134800,90862281447.5,0.79,0.545,2026-08-20
DLF,55,25084,13625850,-1335700,16590555850.0,55,14386,10045300,-810350,9125112947.5,0.737,0.574,2026-08-20
DMART,71,60133,2127600,221550,37279478347.5,70,19338,1158450,-1200,11518979910.0,0.544,0.322,2026-08-20
DRREDDY,108,12338,11243125,-496875,9330923687.5,106,6576,7278750,156875,4808705500.0,0.647,0.533,2026-08-20
EICHERMOT,69,33673,1855100,-14300,27825908920.0,71,90915,1608400,13000,69093543905.0,0.867,2.7,2026-08-20
ETERNAL,54,65316,74365050,305550,52872924657.5,57,37518,57011750,6600850,28952077182.5,0.767,0.574,2026-08-20
FEDERALBNK,57,17236,22247500,-135000,15870166125.0,57,9658,16245000,-772500,8652522125.0,0.73,0.56,2026-08-20
FINNIFTY,240,64411,1217580,57540,103076255370.0,240,55490,991080,209400,85043113578.0,0.814,0.861,2026-08-20
FORCEMOT,41,15053,309350,-6800,7224751506.25,41,11224,134300,3400,4761817353.75,0.434,0.746,2026-08-20
FORTIS,92,4124,4890250,-558000,3037638656.25,92,2835,4379525,-3875,1976328042.5,0.896,0.687,2026-08-20
GAIL,61,12027,68901950,262700,7738176506.5,61,4749,25904350,649650,3033521682.5,0.376,0.395,2026-08-20
GLENMARK,88,30217,2981625,181500,26785278450.0,89,16522,1938000,230250,14054531662.5,0.65,0.547,2026-08-20
GMRAIRPORT,91,10377,72212175,816075,7640564265.0,87,3781,44974800,2922525,2683126399.5,0.623,0.364,2026-08-20
GODFRYPHLP,47,14953,2019050,17325,9213563466.25,48,4503,728750,-122650,2568181261.25,0.361,0.301,2026-08-20
GODREJCP,119,20768,10464000,-1483000,10111613900.0,119,10649,7479000,-239500,5009203650.0,0.715,0.513,2026-08-20
GODREJPROP,88,11911,3508375,-157950,8137483396.25,90,6316,2174575,-36725,4047634272.5,0.62,0.53,2026-08-20
GRASIM,135,22810,5357750,-750750,19126718787.5,135,11281,2912500,-132000,9103661400.0,0.544,0.495,2026-08-20
GVT&D,49,14792,1693250,181250,8094336500.0,51,10008,747500,-126500,4900708518.75,0.441,0.677,2026-08-20
HAL,85,50854,5194650,-323100,39476518590.0,87,23402,3702900,-265350,17344007062.5,0.713,0.46,2026-08-20
HAVELLS,50,7078,3536500,-150000,4650366225.0,50,2716,1727000,19000,1698274650.0,0.488,0.384,2026-08-20
HCLTECH,114,31635,7740800,-287200,17389119580.0,117,17471,5506800,-213600,9156197260.0,0.711,0.552,2026-08-20
HDFCAMC,49,28334,1954200,-399300,22657809960.0,46,9681,1820700,30000,7375876650.0,0.932,0.342,2026-08-20
HDFCBANK,73,229228,171100150,-7742800,112337376872.5,71,100461,98024550,-2572050,47682027672.5,0.573,0.438,2026-08-20
HDFCLIFE,92,19801,26764100,-947100,12191373810.0,91,7471,15286700,313500,4498344510.0,0.571,0.377,2026-08-20
HEROMOTOCO,58,21721,2474250,4200,19315154865.0,58,10872,1947900,-66450,8997142605.0,0.787,0.501,2026-08-20
HINDALCO,53,56372,19968200,1606500,42112651735.0,54,41966,12711300,201600,29761620840.0,0.637,0.744,2026-08-20
HINDPETRO,72,6509,13431825,-111375,5009125252.5,72,3345,9037575,32400,2477394315.0,0.673,0.514,2026-08-20
HINDUNILVR,89,39411,11414400,-1026900,24838544670.0,88,16686,6723600,-264900,10203710910.0,0.589,0.423,2026-08-20
HINDZINC,57,49923,31181150,-253575,36374418062.5,58,20196,18002600,-55125,13819841542.5,0.577,0.405,2026-08-20
HYUNDAI,101,10039,2107050,-28875,6261220845.0,103,4224,1800700,-37400,2443220505.0,0.855,0.421,2026-08-20
ICICIBANK,101,52929,32671100,-2265200,53332041315.0,100,33598,20737500,-257600,33110695310.0,0.635,0.635,2026-08-20
ICICIGI,80,7793,2244775,-258050,4250080396.25,80,3582,1470300,-84500,1892691352.5,0.655,0.46,2026-08-20
ICICIPRULI,82,2502,5191100,-122100,1196995787.5,80,1220,3756425,-35150,565766815.0,0.724,0.488,2026-08-20
IDEA,28,16534,1603255725,-24230025,17586438045.0,27,6323,954119775,-26588700,6335539711.5,0.595,0.382,2026-08-20
IDFCFIRSTB,68,12643,142093000,639975,10457390077.75,69,5799,103045250,1400525,4581187950.5,0.725,0.459,2026-08-20
IEX,50,4769,31515750,1318050,2679769519.5,52,2107,18178650,413250,1161787038.0,0.577,0.442,2026-08-20
INDHOTEL,57,10647,6065000,754000,8026753750.0,57,4807,3606000,-86000,3483095100.0,0.595,0.451,2026-08-20
INDIANB,75,6063,6986000,-525000,5478630700.0,76,2817,5199000,-289000,2436691750.0,0.744,0.465,2026-08-20
INDIGO,46,31608,3401550,-148050,25642542075.0,47,23219,2336700,68550,17715445342.5,0.687,0.735,2026-08-20
INDUSINDBK,72,12817,7350000,-403900,9296828275.0,72,7060,3913000,-62300,4985298605.0,0.532,0.551,2026-08-20
INDUSTOWER,133,8123,26815800,-275400,5320512015.0,132,2235,16374400,95200,1417495785.0,0.611,0.275,2026-08-20
INFY,65,173399,36805200,-857200,81267251640.0,69,98579,27958400,-1499600,44108774560.0,0.76,0.569,2026-08-20
INOXWIND,42,7549,62259200,-6220800,3813275136.0,41,2455,35379200,-1529600,1331890816.0,0.568,0.325,2026-08-20
IOC,50,7582,44118750,1199250,5241450191.25,49,4089,36357750,555750,2751494850.0,0.824,0.539,2026-08-20
IREDA,48,5821,44630075,-2511375,3164079100.0,51,3407,30978150,271500,1777358279.0,0.694,0.585,2026-08-20
IRFC,80,13683,87038700,-7611275,6678242270.0,79,5621,53891950,-1122975,2662871937.25,0.619,0.411,2026-08-20
ITC,103,82399,144358350,-5359575,39698753940.0,102,45351,77571525,1906125,21483069701.25,0.537,0.55,2026-08-20
JINDALSTEL,44,28286,5259375,685000,20448036062.5,45,12461,3402500,-35000,8696863468.75,0.647,0.441,2026-08-20
JIOFIN,89,50860,146264000,-7935950,30861819620.0,93,15006,71992250,-923550,8725351307.5,0.492,0.295,2026-08-20
JSWENERGY,48,5519,8279650,-1075,3355754346.25,48,1799,5740500,-37625,1051122691.25,0.693,0.326,2026-08-20
JSWSTEEL,53,38470,6382800,79650,34408908708.75,54,16227,4941675,62100,14083354035.0,0.774,0.422,2026-08-20
JUBLFOOD,107,21419,15690000,-932500,13930625000.0,108,10730,11137500,326250,6634626187.5,0.71,0.501,2026-08-20
KALYANKJIL,125,26926,33528600,-2027700,22885469527.5,132,13085,21043800,-1634850,10340580487.5,0.628,0.486,2026-08-20
KAYNES,76,55032,2152200,-95700,33273190110.0,76,24498,1611450,-136050,13801717200.0,0.749,0.445,2026-08-20
KEI,66,12372,1153600,-32725,12766230907.5,66,6546,939225,-25550,6288556172.5,0.814,0.529,2026-08-20
KFINTECH,41,37034,6074875,2480550,21161553448.75,41,10186,2612800,653200,5566618815.0,0.43,0.275,2026-08-20
KOTAKBANK,61,30852,38948000,-2506000,24930802500.0,62,14493,27092000,1264000,11481344300.0,0.696,0.47,2026-08-20
KPITTECH,73,14449,13124625,-585125,7006482670.0,74,4524,5662925,-293725,2074955085.0,0.431,0.313,2026-08-20
LAURUSLABS,69,12650,12430400,-246500,20079542010.0,72,11821,9091600,-606900,17720769952.5,0.731,0.934,2026-08-20
LICHSGFIN,54,36185,15356000,-1594000,18693320750.0,54,16665,11120000,-1568000,8356582950.0,0.724,0.461,2026-08-20
LICI,82,42226,28611800,2276400,25590818400.0,80,18986,19626600,424200,10986588970.0,0.686,0.45,2026-08-20
LODHA,57,19387,5578125,-366250,15537836250.0,56,11227,3629375,-2500,8470842656.25,0.651,0.579,2026-08-20
LT,66,50310,5848850,-256200,36501891116.25,69,32099,4358550,270550,22955527700.0,0.745,0.638,2026-08-20
LTF,53,16694,27274500,-1543500,12378007462.5,53,6261,22041000,-312750,4439892937.5,0.808,0.375,2026-08-20
LTM,87,30453,1886700,236700,21696602940.0,92,13492,862800,21900,9162802492.5,0.457,0.443,2026-08-20
LUPIN,113,16920,8930525,-725900,16640709377.5,111,6872,4250850,-180625,6582640040.0,0.476,0.406,2026-08-20
M&M,64,41952,6959600,24800,29531365130.0,67,26253,4771800,-276600,17728082100.0,0.686,0.626,2026-08-20
MANAPPURAM,59,1166,24831000,-1935000,1307322750.0,61,216,13695000,-156000,228230250.0,0.552,0.185,2026-08-20
MANKIND,107,8583,2227250,-384000,5335582025.0,107,1529,1498750,-35250,899558312.5,0.673,0.178,2026-08-20
MARICO,65,4892,8317200,-902400,5136947160.0,65,2395,5191200,-432000,2451129180.0,0.624,0.49,2026-08-20
MARUTI,104,81147,2453250,-228800,57419678357.5,103,37324,990750,-17500,25447302392.5,0.404,0.46,2026-08-20
MAXHEALTH,102,13811,6634950,-103950,7602194092.5,101,6003,3746400,160125,3238720170.0,0.565,0.435,2026-08-20
MAZDOCK,53,18061,3692700,-348075,10876087428.75,53,7091,1981800,-53100,3983903156.25,0.537,0.393,2026-08-20
MCX,69,257587,7159500,-923175,184958029631.25,69,118182,7181325,1186425,79941449553.75,1.003,0.459,2026-08-20
MFSL,70,11538,2142400,-563200,7486788900.0,69,5955,1218000,-90800,3606381060.0,0.569,0.516,2026-08-20
MIDCPNIFTY,382,163320,8659320,414360,296859608712.0,382,168911,7732200,114000,299185668918.0,0.893,1.034,2026-08-20
MOTHERSON,64,12120,59464350,-3431700,13089393459.0,66,6582,60091650,-2619900,6715582228.5,1.011,0.543,2026-08-20
MOTILALOFS,55,54902,4138500,847850,42950953142.5,54,16801,2790000,399900,12426442690.0,0.674,0.306,2026-08-20
MPHASIS,56,8707,1606825,-114125,6054652175.0,57,3470,860475,29425,2305724245.0,0.536,0.399,2026-08-20
MUTHOOTFIN,61,171883,5832750,271700,144980212795.0,60,55413,3384425,594000,44646529730.0,0.58,0.322,2026-08-20
NAM-INDIA,50,27178,1932500,-44375,21655360187.5,48,10627,1641875,144375,7991235343.75,0.85,0.391,2026-08-20
NATIONALUM,50,24329,38653125,331875,18618099000.0,50,9665,24873750,-708750,6839190937.5,0.644,0.397,2026-08-20
NAUKRI,62,14481,5068800,4400,11166155412.5,64,8058,3014550,-194150,5963698125.0,0.595,0.556,2026-08-20
NBCC,45,4858,46956000,-1527500,2971231445.0,44,1089,20072000,-195000,643352450.0,0.427,0.224,2026-08-20
NESTLEIND,121,13271,5644000,-123000,10050095150.0,122,6243,3104500,-186500,4548634075.0,0.55,0.47,2026-08-20
NHPC,66,4718,60430250,-4781600,2626959262.5,65,1865,44514750,-243250,985546070.5,0.737,0.395,2026-08-20
NIFTY,828,21635506,239282035,-24867875,34689809805053.0,848,21404923,268517445,53973490,33199681650414.5,1.122,0.989,2026-08-20
NIFTYFPI,183,21,258500,0,37797540.0,183,4,4400,3300,7163255.0,0.017,0.19,2026-08-20
NIFTYNXT50,541,174,5900,575,338005208.75,541,82,5650,1275,148178978.75,0.958,0.471,2026-08-20
NMDC,67,14834,82599750,-12966750,8758419030.0,67,8065,47229750,-1721250,4557863857.5,0.572,0.544,2026-08-20
NTPC,56,18108,42780000,-1116000,9473753175.0,57,11277,21190500,396000,5854873575.0,0.495,0.623,2026-08-20
NYKAA,52,6605,19428125,-2968750,7030157968.75,52,2498,8443750,-731250,2540524375.0,0.435,0.378,2026-08-20
OBEROIRLTY,83,34383,3643850,-863800,23671392115.0,83,10295,2076900,-75600,6748772957.5,0.57,0.299,2026-08-20
OFSS,88,25040,1065400,-107600,30666811780.0,93,13203,890000,6700,14999171935.0,0.835,0.527,2026-08-20
OIL,79,7835,7581000,-347200,5386937990.0,82,4256,4678800,190400,2795992990.0,0.617,0.543,2026-08-20
ONGC,77,40609,58495500,-20250,22361236312.5,76,20294,26991000,2243250,10770401857.5,0.461,0.5,2026-08-20
PAGEIND,86,51806,393120,-41240,39412291431.0,84,19639,132800,-2180,13401572560.0,0.338,0.379,2026-08-20
PATANJALI,72,6603,13432125,-1222275,2578803847.5,73,3147,7093925,-377325,1182935106.25,0.528,0.477,2026-08-20
PAYTM,87,73972,21466525,-1063575,88865573117.5,87,45467,16432125,-292175,51767107067.5,0.765,0.615,2026-08-20
PERSISTENT,52,93909,1934250,-346125,68357761356.25,53,32722,1330125,237375,22740508781.25,0.688,0.348,2026-08-20
PETRONET,46,16550,11194800,-1913300,9353610225.0,46,6340,10592500,558600,3426703390.0,0.946,0.383,2026-08-20
PFC,85,48638,41866500,4386200,24243499670.0,84,28743,25312300,2986100,13901291365.0,0.605,0.591,2026-08-20
PGEL,57,11725,9011700,-239400,7055273230.0,57,5323,5426400,-500650,3029638967.5,0.602,0.454,2026-08-20
PHOENIXLTD,77,4096,1298850,113400,2844521470.0,76,993,627550,-43750,664448785.0,0.483,0.242,2026-08-20
PIDILITIND,70,4079,2499500,-94500,3469810675.0,70,2381,2113000,-44000,1938904700.0,0.845,0.584,2026-08-20
PIIND,56,11256,2347450,-236075,5215757837.5,57,4863,1345400,-53550,2133804741.25,0.573,0.432,2026-08-20
PNB,93,14383,76944000,-3696000,13938702800.0,94,9918,77128000,2064000,9148066560.0,1.002,0.69,2026-08-20
PNBHOUSING,54,39211,4667000,241800,31217105985.0,54,12698,2588950,71500,9563920990.0,0.555,0.324,2026-08-20
POLICYBZR,79,10901,2970100,-120050,7019366462.5,82,5560,2098600,-276850,3374242007.5,0.707,0.51,2026-08-20
POLYCAB,81,22187,1812375,-65375,26145851275.0,80,13891,1083000,-35750,15637767912.5,0.598,0.626,2026-08-20
POWERGRID,100,16348,36128500,-1601700,8511668640.0,100,9634,25420100,-15200,5157537365.0,0.704,0.589,2026-08-20
POWERINDIA,71,51802,799350,-30350,45977894972.5,72,31833,577725,-22525,25731831783.75,0.723,0.615,2026-08-20
PREMIERENE,50,21515,3097900,-455650,15005270345.0,49,4947,1370850,196950,3278733900.0,0.443,0.23,2026-08-20
PRESTIGE,74,6899,2255850,-49050,5127301620.0,74,2014,1897650,-43650,1428473407.5,0.841,0.292,2026-08-20
RADICO,75,8602,696750,5100,6232764870.0,75,5626,383550,-36150,3778758810.0,0.55,0.654,2026-08-20
RBLBANK,65,11907,15081250,139700,15162132648.75,67,4305,11712575,1863725,5249894408.75,0.777,0.362,2026-08-20
RECLTD,67,28268,28624050,3770550,15358970891.25,67,20043,18759825,1450575,10541691483.75,0.655,0.709,2026-08-20
RELIANCE,100,145677,71165500,-1264000,97913681700.0,101,65859,43758500,764000,43564308700.0,0.615,0.452,2026-08-20
RVNL,47,21882,26984650,-3031875,10054137150.75,46,8754,16102625,146300,3862931553.25,0.597,0.4,2026-08-20
SAIL,69,408,25925200,-949400,344062137.0,69,261,18536800,-470000,211629250.0,0.715,0.64,2026-08-20
SBICARD,59,71568,10492800,806400,38475231000.0,58,34849,7641600,1140800,17773792080.0,0.728,0.487,2026-08-20
SBILIFE,79,4743,2796375,-79125,3266005406.25,79,2711,1644375,67500,1788418293.75,0.588,0.572,2026-08-20
SBIN,90,108615,80577750,-4003500,89049105525.0,91,47364,44343000,-39750,37571572800.0,0.55,0.436,2026-08-20
SHREECEM,93,9224,133325,-5525,5846738278.75,93,2646,65400,1225,1554766228.75,0.491,0.287,2026-08-20
SHRIRAMFIN,53,44397,12257850,-5775,42736551123.75,55,13925,7122225,-281325,12705091368.75,0.581,0.314,2026-08-20
SIEMENS,70,14027,2369150,-185150,9965463156.25,70,6187,1341375,-126525,4178808340.0,0.566,0.441,2026-08-20
SOLARINDS,75,44084,958950,-123900,45570153552.5,75,29760,711000,-67300,28298900697.5,0.741,0.675,2026-08-20
SONACOMS,74,18289,8540700,426300,19315415778.75,74,7910,5262600,-269500,7863527411.25,0.616,0.433,2026-08-20
SRF,48,13022,2520000,-403600,7109160680.0,48,4256,1308400,-72200,2196185280.0,0.519,0.327,2026-08-20
SUNPHARMA,78,19395,8671600,-719250,13213182447.5,78,8719,4746000,-97650,5808289042.5,0.547,0.45,2026-08-20
SUPREMEIND,59,9095,880950,-95025,5938057763.75,61,3572,673575,-45675,2230776161.25,0.765,0.393,2026-08-20
SUZLON,59,12583,286232600,-14998700,8250656600.0,57,3348,115887500,-2781300,2096803147.0,0.405,0.266,2026-08-20
SWIGGY,60,58372,42664850,-1507450,31325030456.25,62,20361,21292275,500050,10300709073.75,0.499,0.349,2026-08-20
TATACONSUM,87,7262,5414200,54450,4378136895.0,86,4187,3582700,123200,2434008830.0,0.662,0.577,2026-08-20
TATAELXSI,64,50382,1593750,131625,24517916687.5,68,15985,851625,-1250,7298761475.0,0.534,0.317,2026-08-20
TATAPOWER,60,17086,27950200,-1464500,9636415727.5,58,11267,20769800,239250,6198290495.0,0.743,0.659,2026-08-20
TATASTEEL,66,40861,102844500,940500,21429257712.5,66,24004,65499500,-1864500,12234968817.5,0.637,0.587,2026-08-20
TCS,113,101041,17844300,-240300,54320050170.0,122,60043,11792025,-140850,30931297312.5,0.661,0.594,2026-08-20
TECHM,72,15731,7063800,-962400,15473324130.0,85,7449,3380400,-379800,7130580030.0,0.479,0.474,2026-08-20
TIINDIA,61,15411,1352800,-123600,9469973170.0,61,9045,1238800,-140000,5161442280.0,0.916,0.587,2026-08-20
TITAN,78,33694,4611250,-369600,30521258162.5,77,19950,3215625,-12950,17239006102.5,0.697,0.592,2026-08-20
TMPV,69,35879,63400000,-936000,19409235760.0,68,14468,39072000,-118400,7546048960.0,0.616,0.403,2026-08-20
TORNTPHARM,82,11832,863125,-104250,7575904750.0,84,7175,594250,-29500,4379726412.5,0.688,0.606,2026-08-20
TRENT,56,29482,6929100,-516150,20491947236.25,54,13707,3163500,82575,9135255847.5,0.457,0.465,2026-08-20
TVSMOTOR,78,27154,2830800,-5775,21301118107.5,79,14073,2224075,-42350,10537435606.25,0.786,0.518,2026-08-20
ULTRACEMCO,176,32937,976950,-8700,19524632730.0,179,14745,436900,21000,8380161945.0,0.447,0.448,2026-08-20
UNIONBANK,71,7496,44055300,61950,6368731031.25,72,4625,37355850,-1477950,3753732013.5,0.848,0.617,2026-08-20
UNITDSPR,56,9866,2602400,-342000,6193038440.0,53,3799,1641600,-18800,2307638260.0,0.631,0.385,2026-08-20
UNOMINDA,55,4202,2359500,-353650,3013724697.5,57,1186,1173700,-58300,806192090.0,0.497,0.282,2026-08-20
UPL,60,13719,17376520,-1936295,10998454580.75,60,5944,10155725,-691050,4628620651.0,0.584,0.433,2026-08-20
VBL,48,13212,21893025,-2261850,7764599295.0,48,5630,10041900,-552075,3166162365.0,0.459,0.426,2026-08-20
VEDL,60,36557,35627000,-1582400,11816916770.0,59,13068,19318850,-297850,4095581825.0,0.542,0.357,2026-08-20
VMM,47,2189,17523050,-873000,1167694972.5,46,1018,8138300,805100,505963785.5,0.464,0.465,2026-08-20
VOLTAS,60,44433,10218000,-987750,21463967718.75,60,16718,5652750,-133125,7693918612.5,0.553,0.376,2026-08-20
WAAREEENER,55,15963,3050425,-181125,7795938482.5,55,5707,1729700,-35175,2637388040.0,0.567,0.358,2026-08-20
WIPRO,65,24572,75069000,-2979000,13890622500.0,65,18875,49647000,-5838000,10117129770.0,0.661,0.768,2026-08-20
YESBANK,32,5632,391673400,-13497400,4207816627.0,30,2959,202087800,-1928200,2103738352.0,0.516,0.525,2026-08-20
ZYDUSLIFE,100,10356,6759900,-1268100,10836888750.0,100,3875,4205700,-242100,3866898690.0,0.622,0.374,2026-08-20
360ONE,50,8056,2350500,-80500,4989405100.0,52,3761,1683000,-50000,2188657625.0,0.716,0.467,2026-08-21
ABB,69,23756,1832500,-121375,23160956543.75,69,18419,921500,-123500,16477280087.5,0.503,0.775,2026-08-21
ABCAPITAL,76,14491,21424100,-1819700,18923894355.0,77,6415,16008400,-1416700,8034438950.0,0.747,0.443,2026-08-21
ADANIENSOL,76,12421,7015950,-433350,13445198471.25,75,4437,3065175,-138375,4630879687.5,0.437,0.357,2026-08-21
ADANIENT,49,18755,4560222,-351642,17964430829.4,48,9734,3452766,-50985,8888786421.900002,0.757,0.519,2026-08-21
ADANIGREEN,79,29637,9542400,-1293000,24460634130.0,74,8655,5032800,-192600,6840485940.0,0.527,0.292,2026-08-21
ADANIPORTS,78,25870,12068325,-809875,21490639890.0,75,10433,6521750,-469775,8296350593.75,0.54,0.403,2026-08-21
ADANIPOWER,43,33016,56256850,-3436400,25548751399.0,42,6520,29812900,-2531150,4716397443.0,0.53,0.197,2026-08-21
ALKEM,108,14329,1061250,-111625,10178891931.25,108,4558,452000,-37625,2994486662.5,0.426,0.318,2026-08-21
AMBER,74,31886,1527200,-365500,24250505020.0,73,14962,1057100,-111300,10680791725.0,0.692,0.469,2026-08-21
AMBUJACEM,76,23740,17973600,-1004400,12191386800.0,76,9260,10286400,-116400,4707531360.0,0.572,0.39,2026-08-21
ANGELONE,63,9793,27367500,-1252500,7457660125.0,61,4160,17115000,12500,3032071500.0,0.625,0.425,2026-08-21
APLAPOLLO,103,7150,2374400,30800,5500098152.5,103,4184,1338750,-128450,3021993345.0,0.564,0.585,2026-08-21
APOLLOHOSP,69,31431,2168500,-171250,35084303556.25,69,18631,1242625,-57125,19752464000.0,0.573,0.593,2026-08-21
ASHOKLEY,70,15901,98405000,-12725000,14435074600.0,72,10300,73735000,-3510000,8723697550.0,0.749,0.648,2026-08-21
ASIANPAINT,107,22471,5885000,-208000,15298275637.5,107,9643,3406250,8000,6287222700.0,0.579,0.429,2026-08-21
ASTRAL,78,10780,3485425,-241400,7223228918.75,78,4933,1970725,-67150,3182344941.25,0.565,0.458,2026-08-21
AUBANK,51,34382,7390000,-1422000,38705047950.0,51,14094,5836000,159000,15236620050.0,0.79,0.41,2026-08-21
AUROPHARMA,64,7329,4418150,-280500,6723531155.0,65,3826,2357850,-322850,3393464030.0,0.534,0.522,2026-08-21
AXISBANK,62,69962,25008125,1140000,56123221781.25,60,32089,15440625,1577500,24851370375.0,0.617,0.459,2026-08-21
BAJAJ-AUTO,85,27576,1183725,-34725,24664513158.75,97,26154,1341525,-117900,22336074296.25,1.133,0.948,2026-08-21
BAJAJFINSV,87,20954,8457600,18600,13046592570.0,87,15649,4395900,-228900,9150330345.0,0.52,0.747,2026-08-21
BAJAJHLDNG,86,2086,120975,-4275,1852584975.0,87,2278,102600,2925,1832575586.25,0.848,1.092,2026-08-21
BAJFINANCE,99,36250,22758750,-1151250,30563685375.0,101,23249,16967250,-952500,18942240750.0,0.746,0.641,2026-08-21
BANDHANBNK,50,720,43812000,-1285200,479901708.0,45,380,24314400,-583200,235038924.0,0.555,0.528,2026-08-21
BANKBARODA,48,17191,48467250,-485550,12809571693.75,48,10831,43796025,1272375,8115939819.0,0.904,0.63,2026-08-21
BANKINDIA,49,5498,30425200,-2792400,4226545128.0,48,4703,25402000,-2490800,3439992296.0,0.835,0.855,2026-08-21
BANKNIFTY,479,3449612,22335450,51240,6046607218260.0,481,2986747,21952680,1119600,5126127677808.0,0.983,0.866,2026-08-21
BDL,61,112444,7822550,-2282250,66911493867.5,61,33545,4920225,-381650,19031153093.75,0.629,0.298,2026-08-21
BEL,74,83796,51174600,-4078350,50531543100.0,73,33901,38087400,-226575,19905646091.25,0.744,0.405,2026-08-21
BHARATFORG,99,21617,8257000,-972000,23045201475.0,99,14938,4595500,-908000,15213870225.0,0.557,0.691,2026-08-21
BHARTIARTL,74,50543,18504100,-611800,47989377751.25,75,21009,10013475,-228950,19357092365.0,0.541,0.416,2026-08-21
BHEL,80,27573,39309375,-2737875,31152732843.75,78,8616,23241750,-509250,9335710518.75,0.591,0.312,2026-08-21
BIOCON,69,8448,25202500,570000,9088774500.0,69,4800,18205000,617500,4982894000.0,0.722,0.568,2026-08-21
BLUESTARCO,86,7813,2424825,-274300,4016461800.0,86,3949,1605825,-45500,1888789678.75,0.662,0.505,2026-08-21
BOSCHLTD,93,71181,555725,-11100,89034045700.0,93,31821,469100,-76100,36775027452.5,0.844,0.447,2026-08-21
BPCL,55,6540,11905300,-1062550,4148063665.0,55,5921,9314100,387100,3627501262.5,0.782,0.905,2026-08-21
BRITANNIA,82,57332,1942375,672375,39585572887.5,83,65159,1188500,439750,43467437575.0,0.612,1.137,2026-08-21
BSE,45,214570,17515400,-512400,150081775440.0,45,135334,8636600,222600,86273010410.0,0.493,0.631,2026-08-21
CAMS,73,11272,7937325,-275550,7386137385.0,73,4079,3789225,124575,2541920741.25,0.477,0.362,2026-08-21
CANBK,48,8532,80736750,-4981500,7723415340.0,46,4348,69221250,-1269000,3792598267.5,0.857,0.51,2026-08-21
CDSL,52,127055,7335900,-32775,86102415520.0,52,44490,5192700,597550,28926553443.75,0.708,0.35,2026-08-21
CGPOWER,47,17075,9360200,-734400,13130057397.5,47,7078,5436600,-510850,5220408832.5,0.581,0.415,2026-08-21
CHOLAFIN,78,13115,3839375,-464375,15908762187.5,81,4473,2845000,-113750,5163882312.5,0.741,0.341,2026-08-21
CIPLA,99,18928,5729425,-311525,11792270702.5,100,17499,3683050,119000,10446694246.25,0.643,0.925,2026-08-21
COALINDIA,76,28841,36784800,-1274400,16250119492.5,74,15786,26792100,-90450,8913059842.5,0.728,0.547,2026-08-21
COCHINSHIP,67,13160,2996800,-43600,8118755480.0,68,11063,2314800,172400,6476133560.0,0.772,0.841,2026-08-21
COFORGE,87,53511,8139125,-513950,48747641721.25,89,28579,7876925,-617025,24871269135.0,0.968,0.534,2026-08-21
COLPAL,104,15803,3811775,-214775,8756879340.0,104,9768,2580875,-1925,5043471867.5,0.677,0.618,2026-08-21
CONCOR,86,6918,9753750,-942500,4653745250.0,83,2360,5015000,-367500,1508588062.5,0.514,0.341,2026-08-21
CROMPTON,52,38192,25533400,449350,21649813505.0,53,19058,14714600,-1066400,10316416487.5,0.576,0.499,2026-08-21
CUMMINSIND,50,22469,1889600,400,24213425290.0,50,13325,1202400,-5600,13642053730.0,0.636,0.593,2026-08-21
DABUR,79,9357,20780000,-240000,4925807437.5,77,4600,11087500,-57500,2363956125.0,0.534,0.492,2026-08-21
DALBHARAT,29,5436,841750,-57200,3427381717.5,30,3397,666250,-78325,2054810891.25,0.792,0.625,2026-08-21
DELHIVERY,82,4428,16508700,-1288575,4353015717.5,77,1685,10310675,-132800,1580807313.75,0.625,0.381,2026-08-21
DIVISLAB,78,17270,1492800,-192100,15149952475.0,78,12489,1361800,-178500,10198646265.0,0.912,0.723,2026-08-21
DIXON,58,208253,1896900,-19250,160162947190.0,60,149241,1483000,-31500,106556502392.5,0.782,0.717,2026-08-21
DLF,55,24742,12933300,-692550,16406681212.5,55,19859,9049700,-995600,12500033072.5,0.7,0.803,2026-08-21
DMART,71,41978,2060400,-67200,25682913120.0,70,20622,1148550,-9900,12015995662.5,0.557,0.491,2026-08-21
DRREDDY,108,14026,10348125,-895000,10639085437.5,106,6162,7116875,-161875,4536124218.75,0.688,0.439,2026-08-21
EICHERMOT,69,82111,2147300,292200,69072217865.0,71,26422,1537900,-70500,20357051050.0,0.716,0.322,2026-08-21
ETERNAL,58,57507,76792475,2427425,46679780207.5,61,34384,55239075,-1772675,26845791537.5,0.719,0.598,2026-08-21
FEDERALBNK,57,13058,20452500,-1795000,11967593125.0,57,9032,17295000,1050000,8079383250.0,0.846,0.692,2026-08-21
FINNIFTY,240,95552,1468800,251220,152754291525.0,240,80072,1308720,317640,124106774367.0,0.891,0.838,2026-08-21
FORCEMOT,41,19654,295825,-13525,9571856056.25,41,11347,133925,-375,4725434635.0,0.453,0.577,2026-08-21
FORTIS,92,7035,4243125,-647125,5142772938.75,92,3262,4191975,-187550,2265991926.25,0.988,0.464,2026-08-21
GAIL,61,10113,62973450,-5928500,6541217823.5,61,2776,25812050,-92300,1713045293.5,0.41,0.274,2026-08-21
GLENMARK,88,13168,2525250,-456375,11714186062.5,89,8167,1729875,-208125,7033968806.25,0.685,0.62,2026-08-21
GMRAIRPORT,96,6316,69429150,-2783025,4621391293.5,92,3682,46746450,1771650,2576022554.25,0.673,0.583,2026-08-21
GODFRYPHLP,47,6672,1764675,-254375,4172117028.75,48,2096,783475,54725,1170449362.5,0.444,0.314,2026-08-21
GODREJCP,119,17311,10296500,-167500,8387683250.0,119,8171,7220500,-258500,3881295675.0,0.701,0.472,2026-08-21
GODREJPROP,88,12801,3272425,-235950,8780739321.25,90,5819,2138175,-36400,3793318213.75,0.653,0.455,2026-08-21
GRASIM,135,28829,4879000,-478750,24159574375.0,135,14426,2646750,-265750,11739155750.0,0.542,0.5,2026-08-21
GVT&D,52,72033,1608000,-85250,39363888256.25,53,30660,706375,-41125,15393134037.5,0.439,0.426,2026-08-21
HAL,85,112329,5212950,18300,87260064232.5,87,50571,3539400,-163500,37662482107.5,0.679,0.45,2026-08-21
HAVELLS,50,8024,3050500,-486000,5258710250.0,50,4135,1673000,-54000,2609812800.0,0.548,0.515,2026-08-21
HCLTECH,114,23155,7166400,-574400,12702125320.0,117,19358,5034800,-472000,10036186760.0,0.703,0.836,2026-08-21
HDFCAMC,49,15049,1730100,-224100,12147036585.0,46,16827,1493400,-327300,12619556865.0,0.863,1.118,2026-08-21
HDFCBANK,73,389443,166619050,-4481100,191263619235.0,71,156468,97853600,-170950,75195819270.0,0.587,0.402,2026-08-21
HDFCLIFE,92,48404,21904300,-4859800,29944907795.0,91,18717,14931400,-355300,11293910925.0,0.682,0.387,2026-08-21
HEROMOTOCO,58,31774,2365200,-109050,28396837965.0,58,13763,1810200,-137700,11358930367.5,0.765,0.433,2026-08-21
HINDALCO,53,43339,17668000,-2300200,32460848140.0,54,22711,12026700,-684600,16220891575.0,0.681,0.524,2026-08-21
HINDPETRO,72,5763,13405500,-26325,4433173233.75,72,3435,9497250,459675,2607229721.25,0.708,0.596,2026-08-21
HINDUNILVR,89,29700,11358900,-55500,18667022310.0,88,13394,6891000,167400,8199807975.0,0.607,0.451,2026-08-21
HINDZINC,57,174789,33371450,2190300,131158901291.25,58,49220,20845825,2843225,35050171870.0,0.625,0.282,2026-08-21
HYUNDAI,101,13343,2234925,127875,8411028078.75,103,5712,1777325,-23375,3439292202.5,0.795,0.428,2026-08-21
ICICIBANK,101,57918,31332700,-1338400,58466353575.0,100,32611,20080200,-657300,32276925765.0,0.641,0.563,2026-08-21
ICICIGI,80,7063,2136875,-107900,3873278158.75,80,2016,1398150,-72150,1067154513.75,0.654,0.285,2026-08-21
ICICIPRULI,82,22732,4992225,-198875,11061357338.75,80,7354,4172675,416250,3455647236.25,0.836,0.324,2026-08-21
IDEA,28,12075,1558155000,-45100725,12798338516.25,27,5364,872137950,-81981825,5322653191.5,0.56,0.444,2026-08-21
IDFCFIRSTB,68,10934,135656150,-6436850,9077154604.0,69,7437,104037675,992425,5825543097.5,0.767,0.68,2026-08-21
IEX,50,3286,29379900,-2135850,1863654622.5,52,1221,17791500,-387150,680021362.5,0.606,0.372,2026-08-21
INDHOTEL,57,7453,6113000,48000,5587701250.0,57,2726,3572000,-34000,1984800750.0,0.584,0.366,2026-08-21
INDIANB,75,7694,5892000,-1094000,6902974450.0,76,3541,5105000,-94000,3061691500.0,0.866,0.46,2026-08-21
INDIGO,46,146862,3566250,164700,120436103527.5,47,50944,2199900,-136800,38564911597.5,0.617,0.347,2026-08-21
INDUSINDBK,72,13926,7078400,-271600,10060364615.0,72,7183,3944500,31500,5058881765.0,0.557,0.516,2026-08-21
INDUSTOWER,133,16884,24660200,-2155600,11063722400.0,132,7027,16054800,-319600,4485018030.0,0.651,0.416,2026-08-21
INFY,65,140320,35813600,-991600,65370184920.0,69,84408,25976800,-1981600,37575287680.0,0.725,0.602,2026-08-21
INOXWIND,42,5547,56793600,-5465600,2828628096.0,41,1908,34867200,-512000,957892544.0,0.614,0.344,2026-08-21
IOC,50,8520,44216250,97500,5920260547.5,49,6110,36913500,555750,4205490315.0,0.835,0.717,2026-08-21
IREDA,48,5230,40177475,-4452600,2878201365.0,51,1802,30901225,-76925,935498500.0,0.769,0.345,2026-08-21
IRFC,80,7966,82259275,-4779425,3928940317.75,79,2651,52307850,-1584100,1279633701.5,0.636,0.333,2026-08-21
ITC,103,36938,144101325,-257025,17928414641.25,102,21657,78946350,1374825,10388999403.75,0.548,0.586,2026-08-21
JINDALSTEL,44,21232,4710000,-549375,15304686593.75,45,9712,3411250,8750,6790696781.25,0.724,0.457,2026-08-21
JIOFIN,89,41380,138337450,-7926550,25157646525.0,93,11228,74436250,2444000,6633370850.0,0.538,0.271,2026-08-21
JSWENERGY,48,14768,8407575,127925,9023407777.5,48,7084,6180175,439675,4274432200.0,0.735,0.48,2026-08-21
JSWSTEEL,53,16622,6039225,-343575,14796030915.0,54,8443,4752000,-189675,7316875293.75,0.787,0.508,2026-08-21
JUBLFOOD,107,14778,14310000,-1380000,9591276437.5,108,8069,10071250,-1066250,4993460062.5,0.704,0.546,2026-08-21
KALYANKJIL,125,48661,32270400,-1258200,41121544522.5,132,22075,19772100,-1271700,17553626302.5,0.613,0.454,2026-08-21
KAYNES,76,55247,2004600,-147600,33352529152.5,76,20927,1528200,-83250,11868343365.0,0.762,0.379,2026-08-21
KEI,66,15441,1158325,4725,15661758507.5,66,12260,834050,-105175,11682958175.0,0.72,0.794,2026-08-21
KFINTECH,41,66302,7051225,976350,38525470982.5,41,14436,2914100,301300,7970622313.75,0.413,0.218,2026-08-21
KOTAKBANK,61,52856,40246000,1298000,43259649200.0,62,23135,28658000,1566000,18482729900.0,0.712,0.438,2026-08-21
KPITTECH,73,16193,11818750,-1305875,7829502367.5,74,5191,6044225,381300,2382460011.25,0.511,0.321,2026-08-21
LAURUSLABS,69,17487,11429950,-1000450,27573755072.5,72,10819,8547600,-544000,16304493365.0,0.748,0.619,2026-08-21
LICHSGFIN,54,18237,14651000,-705000,9392180100.0,54,14840,11097000,-23000,7434110650.0,0.757,0.814,2026-08-21
LICI,82,16032,27300000,-1311800,9737663320.0,80,8345,19964000,337400,4872672070.0,0.731,0.521,2026-08-21
LODHA,57,22551,5518750,-59375,18127317562.5,56,12208,4294375,665000,9210769937.5,0.778,0.541,2026-08-21
LT,66,58976,6226325,377475,42838527550.0,69,33068,4541075,182525,23288292396.25,0.729,0.561,2026-08-21
LTF,53,12388,25065000,-2209500,9140694187.5,53,5474,21440250,-600750,3845555437.5,0.855,0.442,2026-08-21
LTM,87,39370,1842600,-44100,27519691102.5,92,27352,949200,86400,18215969790.0,0.515,0.695,2026-08-21
LUPIN,115,21996,8270925,-659600,22148867371.25,113,5927,4079575,-171275,5635401740.0,0.493,0.269,2026-08-21
M&M,64,48941,6763800,-195800,34413018400.0,67,27535,4633400,-138400,18406280760.0,0.685,0.563,2026-08-21
MANAPPURAM,59,1319,23124000,-1707000,1460977950.0,61,593,13122000,-573000,623325000.0,0.567,0.45,2026-08-21
MANKIND,107,8381,2013750,-213500,5187494800.0,107,2545,1228250,-270500,1489662350.0,0.61,0.304,2026-08-21
MARICO,65,6024,7688400,-628800,6346267920.0,65,3119,5193600,2400,3171725160.0,0.676,0.518,2026-08-21
MARUTI,104,103240,2559850,106600,73106916515.0,103,48744,1014300,23550,33141523047.5,0.396,0.472,2026-08-21
MAXHEALTH,102,11459,6059025,-575925,6206636205.0,101,6025,3730650,-15750,3182974383.75,0.616,0.526,2026-08-21
MAZDOCK,53,28061,3603150,-89550,16905557767.5,53,10903,1988100,6300,6184317780.0,0.552,0.389,2026-08-21
MCX,70,232978,7548300,388800,172625288602.5,70,108381,7322625,141300,75009525738.75,0.97,0.465,2026-08-21
MFSL,70,12049,1913200,-229200,7770895260.0,69,3849,1040800,-177200,2398652900.0,0.544,0.319,2026-08-21
MIDCPNIFTY,382,286912,11521920,2862600,519512792940.0,382,261945,9944640,2212440,462243962286.0,0.863,0.913,2026-08-21
MOTHERSON,64,8753,55134750,-4329600,9408541830.0,66,5332,59126100,-965550,5359122853.5,1.072,0.609,2026-08-21
MOTILALOFS,55,47676,5025100,886600,37855597067.5,54,15046,3135650,345650,11342749030.0,0.624,0.316,2026-08-21
MPHASIS,56,7896,1346400,-260425,5471193997.5,57,4099,784025,-76450,2700869311.25,0.582,0.519,2026-08-21
MUTHOOTFIN,61,142823,5071000,-761750,122656307235.0,60,53765,3867325,482900,44043077746.25,0.763,0.376,2026-08-21
NAM-INDIA,51,11120,1710000,-222500,8908738812.5,50,5531,1737500,95625,4138829656.25,1.016,0.497,2026-08-21
NATIONALUM,50,46803,37483125,-1170000,36043827281.25,50,13372,25601250,727500,9672452156.25,0.683,0.286,2026-08-21
NAUKRI,62,11205,4651350,-417450,8637970440.0,64,5878,2842400,-172150,4311508767.5,0.611,0.525,2026-08-21
NBCC,45,4675,45831500,-1124500,2889515330.0,44,1064,20202000,130000,645498945.0,0.441,0.228,2026-08-21
NESTLEIND,121,13700,5030000,-614000,10328611275.0,122,7064,3254000,149500,5163619600.0,0.647,0.516,2026-08-21
NHPC,66,5085,55391500,-5038750,2808975523.0,65,2776,43340200,-1174550,1477335368.0,0.782,0.546,2026-08-21
NIFTY,830,26056415,263377820,24095785,41610130040436.75,850,30039723,293324455,24807010,46925105498716.25,1.114,1.153,2026-08-21
NIFTYFPI,183,17,261800,3300,30782345.0,183,2,5500,1100,3542055.0,0.021,0.118,2026-08-21
NIFTYNXT50,541,741,8600,2700,1422153143.75,541,422,12750,7100,764711185.0,1.483,0.57,2026-08-21
NMDC,67,14910,73237500,-9362250,8811158535.0,67,7071,43881750,-3348000,4037311282.5,0.599,0.474,2026-08-21
NTPC,56,37273,43359000,579000,19617070950.0,57,15608,21625500,435000,8337823050.0,0.499,0.419,2026-08-21
NYKAA,52,6932,17431250,-1996875,7395794062.5,52,2220,7878125,-565625,2270091093.75,0.452,0.32,2026-08-21
OBEROIRLTY,83,16531,3001250,-642600,11350863300.0,83,6761,1950900,-126000,4451163990.0,0.65,0.409,2026-08-21
OFSS,88,22189,1056100,-9300,27062227445.0,93,11545,797600,-92400,13148796615.0,0.755,0.52,2026-08-21
OIL,79,3548,7337400,-243600,2446358110.0,82,2049,4466000,-212800,1347087840.0,0.609,0.578,2026-08-21
ONGC,77,24894,57775500,-720000,13731365880.0,76,14080,27342000,351000,7533724567.5,0.473,0.566,2026-08-21
PAGEIND,86,35615,390300,-2820,27016066585.0,84,15291,132300,-500,10498488260.0,0.339,0.429,2026-08-21
PATANJALI,72,6771,12850550,-581575,2647057425.0,73,2881,6769275,-324650,1084631623.75,0.527,0.425,2026-08-21
PAYTM,87,80353,20425425,-1041100,97336577082.5,87,42241,16687325,255200,48703062985.0,0.817,0.526,2026-08-21
PERSISTENT,52,53839,1777500,-156750,39332631368.75,53,27363,1122375,-207750,19155180068.75,0.631,0.508,2026-08-21
PETRONET,47,4897,10522200,-672600,2781905140.0,47,2559,10239100,-353400,1385882325.0,0.973,0.523,2026-08-21
PFC,90,26556,43433000,1566500,13061866025.0,89,12516,25576200,263900,6122930905.0,0.589,0.471,2026-08-21
PGEL,57,10647,8030350,-981350,6409684722.5,57,3561,4950450,-475950,2039569345.0,0.616,0.334,2026-08-21
PHOENIXLTD,77,3613,1267000,-31850,2542133790.0,76,741,643650,16100,492298187.5,0.508,0.205,2026-08-21
PIDILITIND,70,3786,2287000,-212500,3214458025.0,70,2942,1993500,-119500,2386763950.0,0.872,0.777,2026-08-21
PIIND,56,11094,2166325,-181125,5073877410.0,57,7453,1330350,-15050,3173790226.25,0.614,0.672,2026-08-21
PNB,93,16349,76488000,-456000,15584768000.0,94,10906,68184000,-8944000,10081141120.0,0.891,0.667,2026-08-21
PNBHOUSING,54,10311,4153500,-513500,8134700730.0,54,4484,2403050,-185900,3375698820.0,0.579,0.435,2026-08-21
POLICYBZR,79,9675,2744350,-225750,6213587520.0,82,6074,1761550,-337050,3677781537.5,0.642,0.628,2026-08-21
POLYCAB,81,34867,1948375,136000,40651326093.75,80,18979,1060250,-22750,21218634106.25,0.544,0.544,2026-08-21
POWERGRID,100,109454,38676400,2547900,58273359480.0,100,47270,26672200,1252100,24454096775.0,0.69,0.432,2026-08-21
POWERINDIA,71,197288,748325,-51025,178644467805.0,72,74646,550675,-27050,61677894036.25,0.736,0.378,2026-08-21
PREMIERENE,50,42012,3939650,841750,29848453342.5,49,11294,1784250,413400,7635301602.5,0.453,0.269,2026-08-21
PRESTIGE,74,21195,2277000,21150,15735534637.5,74,5735,2066850,169200,4128104137.5,0.908,0.271,2026-08-21
RADICO,75,10137,697500,750,7403739577.5,75,4846,382650,-900,3273066307.5,0.549,0.478,2026-08-21
RBLBANK,65,6155,14770100,-311150,7817713917.5,67,3140,11306175,-406400,3863985636.25,0.765,0.51,2026-08-21
RECLTD,71,15611,28732725,108675,8428670302.5,71,7152,19730025,970200,3827185897.5,0.687,0.458,2026-08-21
RELIANCE,100,144283,71706500,541000,97662597375.0,101,71665,43616500,-142000,47346563475.0,0.608,0.497,2026-08-21
RVNL,47,11298,26514950,-469700,5189667540.75,46,3546,16023700,-78925,1613408623.75,0.604,0.314,2026-08-21
SAIL,69,896,24364800,-1560400,755107687.0,69,337,18315900,-220900,261117853.0,0.752,0.376,2026-08-21
SBICARD,59,20439,10002400,-490400,10896243520.0,58,13716,7611200,-30400,6987866920.0,0.761,0.671,2026-08-21
SBILIFE,79,11714,2907000,110625,8109523593.75,79,2523,1681125,36750,1681354818.75,0.578,0.215,2026-08-21
SBIN,90,132258,75682500,-4895250,107648162475.0,91,61794,45975000,1632000,49150116262.5,0.607,0.467,2026-08-21
SHREECEM,93,6193,129525,-3800,3908800432.5,93,5965,67450,2050,3458284636.25,0.521,0.963,2026-08-21
SHRIRAMFIN,53,26917,11451825,-806025,25887358323.75,55,10671,7038900,-83325,9766080225.0,0.615,0.396,2026-08-21
SIEMENS,70,16693,2118550,-250600,11865262596.25,70,7377,1219050,-122325,4807740778.75,0.575,0.442,2026-08-21
SOLARINDS,75,57797,854400,-104550,59877217920.0,75,35542,685850,-25150,33677351992.5,0.803,0.615,2026-08-21
SONACOMS,74,13480,8838375,297675,14029671915.0,74,10018,6662775,1400175,9796281206.25,0.754,0.743,2026-08-21
SRF,48,12960,2166600,-353400,7078132190.0,48,6482,1256200,-52200,3300878190.0,0.58,0.5,2026-08-21
SUNPHARMA,78,20749,8462650,-208950,14201374267.5,78,8751,4727100,-18900,5779174502.5,0.559,0.422,2026-08-21
SUPREMEIND,62,12670,884800,3850,8295410261.25,64,4230,690200,16625,2657811213.75,0.78,0.334,2026-08-21
SUZLON,59,13632,280898600,-5334000,8788984835.0,57,2929,118097300,2209800,1818615489.0,0.42,0.215,2026-08-21
SWIGGY,60,34454,39326925,-3337925,18518729151.25,62,13186,20153475,-1138800,6675749168.75,0.512,0.383,2026-08-21
TATACONSUM,88,11294,5632000,217800,6755184287.5,87,6186,3693800,111100,3592463655.0,0.656,0.548,2026-08-21
TATAELXSI,64,27694,1481625,-112125,13291419431.25,68,13504,881500,29875,6174384137.5,0.595,0.488,2026-08-21
TATAPOWER,60,19471,27387600,-562600,10979910762.5,58,10714,20852450,82650,6062726732.5,0.761,0.55,2026-08-21
TATASTEEL,66,48113,100240250,-2604250,25214241222.5,66,23302,67163250,1663750,12020736475.0,0.67,0.484,2026-08-21
TCS,113,135130,17347275,-497025,72352172857.5,122,91166,12476925,684900,47174710950.0,0.719,0.675,2026-08-21
TECHM,72,14903,6351600,-712200,14601670980.0,85,7346,3187800,-192600,6997959390.0,0.502,0.493,2026-08-21
TIINDIA,61,21001,1540000,187200,12741505300.0,61,13218,953400,-285400,7540983790.0,0.619,0.629,2026-08-21
TITAN,78,34219,4356800,-254450,30920590295.0,77,21594,3103275,-112350,18949263655.0,0.712,0.631,2026-08-21
TMPV,69,35505,63907200,507200,19098356720.0,68,13916,41596800,2524800,7295225040.0,0.651,0.392,2026-08-21
TORNTPHARM,82,12299,864750,1625,7818133918.75,84,9649,604750,10500,5899253025.0,0.699,0.785,2026-08-21
TRENT,56,45663,6517800,-411300,31613268903.75,54,18908,3082725,-80775,12475031287.5,0.473,0.414,2026-08-21
TVSMOTOR,78,19937,2514575,-316225,15602657953.75,79,8864,2100000,-124075,6643699886.25,0.835,0.445,2026-08-21
ULTRACEMCO,176,22945,890500,-86450,13605121557.5,179,11241,424600,-12300,6372892152.5,0.477,0.49,2026-08-21
UNIONBANK,71,7788,39475425,-4579875,6556769946.0,72,4419,33253875,-4101975,3562628299.5,0.842,0.567,2026-08-21
UNITDSPR,56,19602,2658800,56400,12421096320.0,53,5905,1746800,105200,3610603340.0,0.657,0.301,2026-08-21
UNOMINDA,55,4046,2179650,-179850,2880337845.0,57,1224,1116500,-57200,822316082.5,0.512,0.303,2026-08-21
UPL,60,10048,16119080,-1257440,8084716984.0,60,3613,10127270,-28455,2814616840.0,0.628,0.36,2026-08-21
VBL,48,13605,22609575,716550,7876672305.0,48,5873,10467750,425850,3311246463.75,0.463,0.432,2026-08-21
VEDL,60,113945,33948000,-1679000,37480669417.5,59,36165,22338750,3019900,11435372242.5,0.658,0.317,2026-08-21
VMM,47,8700,18410600,887550,4613171444.5,46,2372,8763950,625650,1192942375.0,0.476,0.273,2026-08-21
VOLTAS,63,28227,9162000,-1056000,13631798625.0,63,10472,5517375,-135375,4855291931.25,0.602,0.371,2026-08-21
WAAREEENER,55,28447,3151925,101500,13930079686.25,55,8536,1755250,25550,3981609668.75,0.557,0.3,2026-08-21
WIPRO,65,22353,71169000,-3900000,12613239780.0,65,11289,51111000,1464000,6204463560.0,0.718,0.505,2026-08-21
YESBANK,32,5158,391082500,-590900,3837628662.0,30,2624,197609400,-4478400,1875323158.0,0.505,0.509,2026-08-21
ZYDUSLIFE,100,12703,5837400,-922500,13121470440.0,100,4285,3941100,-264600,4274250390.0,0.675,0.337,2026-08-21
360ONE,50,6790,2278000,-72500,4208780350.0,52,3784,1695500,12500,2190087350.0,0.744,0.557,2026-08-24
ABB,69,38525,1585625,-246875,37304530162.5,69,15094,767625,-153875,13949483181.25,0.484,0.392,2026-08-24
ABCAPITAL,76,8158,19114600,-2309500,10729613205.0,77,3995,15155900,-852500,5046622215.0,0.793,0.49,2026-08-24
ADANIENSOL,76,12711,6241725,-774225,13924336590.0,75,5592,2692575,-372600,5814185366.25,0.431,0.44,2026-08-24
ADANIENT,49,27228,4250295,-309927,26006862759.6,48,12317,3221325,-231441,11502359113.35,0.758,0.452,2026-08-24
ADANIGREEN,79,15642,8362800,-1179600,12936575520.0,74,6421,4888800,-144000,5234667480.0,0.585,0.41,2026-08-24
ADANIPORTS,78,32623,10901725,-1166600,27068653192.5,75,16695,6480900,-40850,13421716683.75,0.594,0.512,2026-08-24
ADANIPOWER,43,19366,52589700,-3667150,14860334825.5,42,6408,28779850,-1033050,4693762359.0,0.547,0.331,2026-08-24
ALKEM,108,9569,849000,-212250,6703013168.75,108,6175,308750,-143250,4012821400.0,0.364,0.645,2026-08-24
AMBER,74,38737,1424400,-102800,29539956370.0,73,18610,891000,-166100,13268311885.0,0.626,0.48,2026-08-24
AMBUJACEM,76,13639,18978000,1004400,6979028640.0,76,6601,10740000,453600,3396065700.0,0.566,0.484,2026-08-24
ANGELONE,63,13980,25715000,-1652500,10659688500.0,61,6246,16495000,-620000,4569745000.0,0.641,0.447,2026-08-24
APLAPOLLO,103,12275,2009350,-365050,9473820650.0,103,4995,1225000,-113750,3686152085.0,0.61,0.407,2026-08-24
APOLLOHOSP,69,24993,1866750,-301750,27860220731.25,69,17231,1086875,-155750,18426818456.25,0.582,0.689,2026-08-24
ASHOKLEY,70,15575,90290000,-8115000,14059823150.0,72,9356,66855000,-6880000,7958210500.0,0.74,0.601,2026-08-24
ASIANPAINT,107,17540,5050750,-834250,12020122725.0,107,7851,3282250,-124000,5183406937.5,0.65,0.448,2026-08-24
ASTRAL,78,8985,3358775,-126650,6068126093.75,78,3664,1864900,-105825,2359584232.5,0.555,0.408,2026-08-24
AUBANK,53,17562,7057000,-333000,19982602250.0,53,9914,5548000,-288000,10756489750.0,0.786,0.565,2026-08-24
AUROPHARMA,64,12393,3845600,-572550,11481953670.0,65,8077,2345750,-12100,7147782345.0,0.61,0.652,2026-08-24
AXISBANK,62,55818,22166250,-2841875,44403594718.75,60,24030,15601875,161250,18686079656.25,0.704,0.431,2026-08-24
BAJAJ-AUTO,85,63310,1221150,37425,57116010405.0,97,30924,1246425,-95100,26693886360.0,1.021,0.488,2026-08-24
BAJAJFINSV,87,21785,8550900,93300,13509797295.0,87,14998,4150200,-245700,8963456445.0,0.485,0.688,2026-08-24
BAJAJHLDNG,86,2149,103650,-17325,1932054435.0,87,3002,99375,-3225,2396482530.0,0.959,1.397,2026-08-24
BAJFINANCE,99,38628,22121250,-637500,32388560025.0,101,27906,15933750,-1033500,22675127925.0,0.72,0.722,2026-08-24
BANDHANBNK,50,26337,36255600,-7556400,17775829116.0,45,14051,21160800,-3153600,9029861856.0,0.584,0.534,2026-08-24
BANKBARODA,48,24555,49856625,1389375,18155679252.75,48,26200,48440925,4644900,18872765964.0,0.972,1.067,2026-08-24
BANKINDIA,49,4255,28605200,-1820000,3262045228.0,48,4031,24362000,-1040000,2950436268.0,0.852,0.947,2026-08-24
BANKNIFTY,479,7575295,27751470,5416020,13239035302899.0,481,7980640,23083950,1131270,13686418729995.0,0.832,1.054,2026-08-24
BDL,61,34866,7462575,-359975,20937880297.5,61,13131,4697100,-223125,7455222372.5,0.629,0.377,2026-08-24
BEL,75,36941,50050275,-1124325,22209344767.5,74,22390,36830550,-1256850,13011528510.0,0.736,0.606,2026-08-24
BHARATFORG,99,11952,7344000,-913000,12806754500.0,99,7868,4136500,-459000,8077037675.0,0.563,0.658,2026-08-24
BHARTIARTL,74,40235,17161275,-1342825,38036348828.75,75,20647,9041150,-972325,19050216430.0,0.527,0.513,2026-08-24
BHEL,80,17141,36364125,-2945250,19220055881.25,78,7948,22157625,-1084125,8676144750.0,0.609,0.464,2026-08-24
BIOCON,69,6825,22882500,-2320000,7282213000.0,69,5211,18322500,117500,5394691875.0,0.801,0.764,2026-08-24
BLUESTARCO,86,6604,2052375,-372450,3369814321.25,86,3733,1529450,-76375,1853811228.75,0.745,0.565,2026-08-24
BOSCHLTD,93,102730,520250,-35475,127697482461.25,93,27298,397875,-71225,31529395105.0,0.765,0.266,2026-08-24
BPCL,55,5458,11893450,-11850,3475954673.75,55,3565,8622850,-691250,2191903387.5,0.725,0.653,2026-08-24
BRITANNIA,84,28228,1736875,-205500,19389766237.5,84,18458,1000250,-188250,12202350437.5,0.576,0.654,2026-08-24
BSE,45,336214,14825000,-2690400,237690499520.0,45,138918,8551000,-85600,90724255940.0,0.577,0.413,2026-08-24
CAMS,73,7925,7558650,-378675,5194239806.25,73,2807,3926175,136950,1768270226.25,0.519,0.354,2026-08-24
CANBK,48,10827,82086750,1350000,9766939567.5,46,10297,67911750,-1309500,8870895225.0,0.827,0.951,2026-08-24
CDSL,54,54153,7626125,290225,37112927335.0,54,18548,5340425,147725,12126792488.75,0.7,0.343,2026-08-24
CGPOWER,47,12013,7576900,-1783300,9197822077.5,47,5344,5169700,-266900,3917913585.0,0.682,0.445,2026-08-24
CHOLAFIN,78,13106,3608750,-230625,15658176031.25,81,6418,2488750,-356250,7377497031.25,0.69,0.49,2026-08-24
CIPLA,99,21184,6165900,436475,13185091731.25,100,16162,3637150,-45900,9753809903.75,0.59,0.763,2026-08-24
COALINDIA,76,30988,36956250,171450,17574723697.5,74,13051,26608500,-183600,7384185045.0,0.72,0.421,2026-08-24
COCHINSHIP,67,16990,2935600,-61200,10569806960.0,68,5832,2267600,-47200,3428377520.0,0.772,0.343,2026-08-24
COFORGE,87,27586,7856025,-283100,25252009090.0,89,19279,6820525,-1056400,16662417483.75,0.868,0.699,2026-08-24
COLPAL,104,12855,3458125,-353650,6971766147.5,104,7276,2523400,-57475,3821556983.75,0.73,0.566,2026-08-24
CONCOR,86,10664,9346250,-407500,7129252187.5,83,4810,4998750,-16250,3121724750.0,0.535,0.451,2026-08-24
CROMPTON,52,19048,25182950,-350450,10571698565.0,53,12252,15312300,597700,6521507602.5,0.608,0.643,2026-08-24
CUMMINSIND,52,20623,1647200,-242400,22093056450.0,52,7379,1021600,-180800,7641062410.0,0.62,0.358,2026-08-24
DABUR,79,9657,19165000,-1615000,5049129375.0,77,3862,10806250,-281250,1999002625.0,0.564,0.4,2026-08-24
DALBHARAT,29,10277,794300,-47450,6455081327.5,30,6231,592800,-73450,3793856560.0,0.746,0.606,2026-08-24
DELHIVERY,82,5492,15794900,-713800,5345022068.75,77,3823,9484825,-825850,3547976203.75,0.6,0.696,2026-08-24
DIVISLAB,78,26804,1293300,-199500,23466198595.0,78,17335,1203400,-158400,14157057510.0,0.93,0.647,2026-08-24
DIXON,58,425734,2897500,1000600,324282687922.5,60,221918,1612950,129950,158088365540.0,0.557,0.521,2026-08-24
DLF,55,28336,12066900,-866400,18848416005.0,55,15261,7767200,-1282500,9740646970.0,0.644,0.539,2026-08-24
DMART,71,26177,1780050,-280350,15976987117.5,70,10388,1089900,-58650,5985701115.0,0.612,0.397,2026-08-24
DRREDDY,108,22350,10186250,-161875,16942201562.5,106,9988,7365000,248125,7351478406.25,0.723,0.447,2026-08-24
EICHERMOT,69,38461,1974400,-172900,32036995280.0,71,19165,1464300,-73600,15071642320.0,0.742,0.498,2026-08-24
ETERNAL,58,29499,72786375,-4006100,23973017227.5,61,22016,50064125,-5174950,16993284621.25,0.688,0.746,2026-08-24
FEDERALBNK,57,9505,18940000,-1512500,8718547250.0,57,6185,16470000,-825000,5518708750.0,0.87,0.651,2026-08-24
FINNIFTY,240,211888,1962960,494160,337421405040.0,240,217617,1693860,385140,338991835821.0,0.863,1.027,2026-08-24
FORCEMOT,41,21229,265825,-30000,9990399310.0,41,8240,123050,-10875,3555688847.5,0.463,0.388,2026-08-24
FORTIS,92,4072,3450300,-792825,2973808571.25,92,2918,3906000,-285975,2030649613.75,1.132,0.717,2026-08-24
GAIL,61,10357,55291250,-7682200,6637376993.0,61,4025,24399150,-1412900,2508457548.0,0.441,0.389,2026-08-24
GLENMARK,88,36131,2661375,136125,32741245987.5,89,13583,2099250,369375,11730879900.0,0.789,0.376,2026-08-24
GMRAIRPORT,96,6904,62335575,-7093575,5064534317.25,92,4529,44200575,-2545875,3236133345.75,0.709,0.656,2026-08-24
GODFRYPHLP,47,7825,1480050,-284625,4803526860.0,48,6979,745800,-37675,4002947726.25,0.504,0.892,2026-08-24
GODREJCP,119,17536,9300500,-996000,8508319375.0,119,11003,7130000,-90500,5047685375.0,0.767,0.627,2026-08-24
GODREJPROP,88,14127,3027700,-244725,9637175307.5,90,6012,1870375,-267800,3950828180.0,0.618,0.426,2026-08-24
GRASIM,135,26627,4113500,-765500,22313405075.0,135,13839,2421250,-225500,11281454562.5,0.589,0.52,2026-08-24
GVT&D,52,37040,1246625,-361375,20372895075.0,53,12852,523750,-182625,6606698962.5,0.42,0.347,2026-08-24
HAL,85,87389,5095800,-117150,67008767437.5,87,45108,3045000,-494400,33047782597.5,0.598,0.516,2026-08-24
HAVELLS,50,5941,2826000,-224500,3869023550.0,50,2658,1688500,15500,1671289275.0,0.597,0.447,2026-08-24
HCLTECH,114,27663,6660400,-506000,15090224460.0,117,17506,4745200,-289600,9130651160.0,0.712,0.633,2026-08-24
HDFCAMC,49,7451,1575900,-154200,6027008340.0,46,11389,1408500,-84900,8414480820.0,0.894,1.529,2026-08-24
HDFCBANK,73,337539,164148400,-2470650,165638756107.5,71,116907,92415050,-5438550,56550066170.0,0.563,0.346,2026-08-24
HDFCLIFE,92,19059,20420400,-1483900,11891848320.0,91,10685,15133800,202400,6500720490.0,0.741,0.561,2026-08-24
HEROMOTOCO,58,26358,2176050,-189150,23447586007.5,58,13279,1670850,-139350,11001270367.5,0.768,0.504,2026-08-24
HINDALCO,53,81807,16312100,-1355900,62065548825.0,54,31145,10943800,-1082900,22559626530.0,0.671,0.381,2026-08-24
HINDPETRO,72,11247,12627900,-777600,8679554291.25,72,5300,10114875,617625,4020494130.0,0.801,0.471,2026-08-24
HINDUNILVR,92,37768,10894800,-464100,23894048280.0,91,18478,6831900,-59100,11659036380.0,0.627,0.489,2026-08-24
HINDZINC,57,96069,31195850,-2175600,73527260047.5,58,50134,21713125,867300,36470231192.5,0.696,0.522,2026-08-24
HYUNDAI,101,7105,2149125,-85800,4458545863.75,103,4614,1442375,-334950,2693868966.25,0.671,0.649,2026-08-24
ICICIBANK,101,64333,29652000,-1680700,65225929055.0,100,37724,19444600,-635600,37248813595.0,0.656,0.586,2026-08-24
ICICIGI,80,6534,1995500,-141375,3553197862.5,80,3656,1294800,-103350,1919563782.5,0.649,0.56,2026-08-24
ICICIPRULI,82,9605,5757200,764975,4675616601.25,80,3922,4539900,367225,1840323991.25,0.789,0.408,2026-08-24
IDEA,28,15202,1581741750,23586750,16389917955.0,27,5522,875354325,3216375,5568524332.5,0.553,0.363,2026-08-24
IDFCFIRSTB,68,11640,134162875,-1493275,9668502912.25,69,7034,100327675,-3710000,5561911703.25,0.748,0.604,2026-08-24
IEX,50,4099,28688250,-691650,2334639301.5,52,2395,17708850,-82650,1326460899.0,0.617,0.584,2026-08-24
INDHOTEL,57,5757,5859000,-254000,4337442550.0,57,2171,3729000,157000,1568197250.0,0.636,0.377,2026-08-24
INDIANB,75,4912,5368000,-524000,4422191550.0,76,3251,4898000,-207000,2816003350.0,0.912,0.662,2026-08-24
INDIGO,46,119378,3540750,-25500,97135018927.5,47,29536,1980000,-219900,22501124970.0,0.559,0.247,2026-08-24
INDUSINDBK,72,13298,5854100,-1224300,9668541155.0,72,6814,3540600,-403900,4799711140.0,0.605,0.512,2026-08-24
INDUSTOWER,133,11919,22037100,-2623100,7811244490.0,132,7270,15587300,-467500,4641841840.0,0.707,0.61,2026-08-24
INFY,65,171255,34456800,-1356800,80089355900.0,69,96661,25501600,-475200,43867228240.0,0.74,0.564,2026-08-24
INOXWIND,42,5818,52755200,-4038400,2976690624.0,41,2663,32665600,-2201600,1348884224.0,0.619,0.458,2026-08-24
IOC,50,11691,42032250,-2184000,8152555758.75,49,6194,36187125,-726375,4286688266.25,0.861,0.53,2026-08-24
IREDA,48,6503,40177475,0,3553969209.0,51,3103,31317525,416300,1690202616.0,0.779,0.477,2026-08-24
IRFC,80,12883,73633525,-8625750,6308755068.0,79,5036,49546525,-2761325,2445272366.25,0.673,0.391,2026-08-24
ITC,103,50721,143706300,-395025,24521626237.5,102,31572,77574975,-1371375,15138152707.5,0.54,0.622,2026-08-24
JINDALSTEL,44,18491,4496875,-213125,13433770968.75,45,8118,3723125,311875,5698511656.25,0.828,0.439,2026-08-24
JIOFIN,89,40809,129785800,-8551650,24716300545.0,93,16728,74661850,225600,9961291507.5,0.575,0.41,2026-08-24
JSWENERGY,48,8051,7957150,-450425,4938368110.0,48,3374,5925400,-254775,1972516801.25,0.745,0.419,2026-08-24
JSWSTEEL,53,35464,5395275,-643950,32001432918.75,54,15514,4876200,124200,13487822426.25,0.904,0.437,2026-08-24
JUBLFOOD,107,16553,13332500,-977500,10860870750.0,108,9969,8780000,-1291250,6237605062.5,0.659,0.602,2026-08-24
KALYANKJIL,125,35528,29382750,-2887650,30149714902.5,132,16702,18157500,-1614600,13417921147.5,0.618,0.47,2026-08-24
KAYNES,76,56948,1988100,-16500,34636143382.5,76,23102,1322850,-205350,13108790572.5,0.665,0.406,2026-08-24
KEI,66,10501,970900,-187425,10502223830.0,66,9907,797650,-36400,9247634392.5,0.822,0.943,2026-08-24
KFINTECH,43,17424,6254850,-796375,10163950901.25,43,6811,2888800,-25300,3755626846.25,0.462,0.391,2026-08-24
KOTAKBANK,63,28000,40870000,624000,22863154600.0,64,11693,28356000,-302000,9408502200.0,0.694,0.418,2026-08-24
KPITTECH,73,12367,11313450,-505300,6086421928.75,74,5329,5573025,-471200,2452972146.25,0.493,0.431,2026-08-24
LAURUSLABS,69,13305,10135400,-1294550,20899107802.5,72,9124,8122600,-425000,13726282417.5,0.801,0.686,2026-08-24
LICHSGFIN,54,16952,13829000,-822000,8687760000.0,54,13028,11422000,325000,6508351450.0,0.826,0.769,2026-08-24
LICI,82,15215,24925600,-2374400,9225976620.0,80,9550,20776000,812000,5558291340.0,0.834,0.628,2026-08-24
LODHA,57,20903,4933125,-585625,16834182718.75,56,10198,4125000,-169375,7785251687.5,0.836,0.488,2026-08-24
LT,66,62216,6136900,-89425,45298258390.0,69,30326,4606525,65450,21525463041.25,0.751,0.487,2026-08-24
LTF,53,19681,23683500,-1381500,14652314662.5,53,7933,21550500,110250,5627957400.0,0.91,0.403,2026-08-24
LTM,87,30870,1517850,-324750,21485425417.5,92,13928,924750,-24450,9294053512.5,0.609,0.451,2026-08-24
LUPIN,115,13373,7676350,-594575,13199796221.25,113,7235,3778250,-301325,6853087111.25,0.492,0.541,2026-08-24
M&M,64,44183,6613400,-150400,31067813580.0,67,27353,4020200,-613200,18492021250.0,0.608,0.619,2026-08-24
MANAPPURAM,59,27660,19614000,-3510000,31390806150.0,61,12159,14823000,1701000,13049739450.0,0.756,0.44,2026-08-24
MANKIND,107,7103,1636000,-377750,4405699175.0,107,4342,1090000,-138250,2559591550.0,0.666,0.611,2026-08-24
MARICO,65,3321,6692400,-996000,3483764280.0,65,1573,4796400,-397200,1598294280.0,0.717,0.474,2026-08-24
MARUTI,104,89804,2363650,-196200,63245181907.5,103,44491,995750,-18550,29941115612.5,0.421,0.495,2026-08-24
MAXHEALTH,102,12907,6265875,206850,7124278061.25,101,5920,3631425,-99225,3171196087.5,0.58,0.459,2026-08-24
MAZDOCK,53,26060,3192075,-411075,15453778972.5,53,13250,1921275,-66825,7502677042.5,0.602,0.508,2026-08-24
MCX,72,225955,6834375,-713925,170256779550.0,72,105179,7473375,150750,74267516486.25,1.093,0.465,2026-08-24
MFSL,70,7269,1750000,-163200,4692315480.0,69,5336,1006000,-34800,3200605100.0,0.575,0.734,2026-08-24
MIDCPNIFTY,382,614932,11861040,339120,1111821496146.0,382,541841,10566720,622080,961190065254.0,0.891,0.881,2026-08-24
MOTHERSON,64,7249,53056050,-2078700,7812019050.0,66,6003,53621850,-5504250,5957726830.5,1.011,0.828,2026-08-24
MOTILALOFS,58,21703,3978850,-1046250,17357607885.0,58,7134,2924075,-211575,5371149590.0,0.735,0.329,2026-08-24
MPHASIS,56,7534,1265000,-81400,5239617061.25,57,3724,733150,-50875,2470968926.25,0.58,0.494,2026-08-24
MUTHOOTFIN,65,306905,6400350,1329350,274677118127.5,65,109546,5386700,1519375,93206075572.5,0.842,0.357,2026-08-24
NAM-INDIA,54,10773,1740625,30625,8685446093.75,53,4862,1600625,-136875,3729757500.0,0.92,0.451,2026-08-24
NATIONALUM,50,47692,33774375,-3708750,37201949250.0,50,19103,25273125,-328125,13997333062.5,0.748,0.401,2026-08-24
NAUKRI,62,10003,4319700,-331650,7693347365.0,64,4416,2582800,-259600,3229283502.5,0.598,0.441,2026-08-24
NBCC,45,5339,44167500,-1664000,3273239385.0,44,1834,19968000,-234000,1121876730.0,0.452,0.344,2026-08-24
NESTLEIND,121,9783,4575000,-455000,7436096025.0,122,7773,2674500,-579500,5679140650.0,0.585,0.795,2026-08-24
NHPC,66,5325,52020750,-3370750,2932798599.5,65,3826,37488300,-5851900,2032732803.0,0.721,0.718,2026-08-24
NIFTY,830,52792363,339454780,76076960,84227996104060.25,850,56555082,281394570,-11929885,88481525848085.5,0.829,1.071,2026-08-24
NIFTYFPI,183,7,266200,4400,12518000.0,183,4,5500,0,6843925.0,0.021,0.571,2026-08-24
NIFTYNXT50,541,719,13000,4400,1348873303.75,541,513,16750,4000,934832118.75,1.288,0.713,2026-08-24
NMDC,67,23581,67425750,-5811750,14089497007.5,67,10639,43686000,-195750,6137466997.5,0.648,0.451,2026-08-24
NTPC,56,15112,44596500,1237500,7930181250.0,57,7435,20697000,-928500,3815614725.0,0.464,0.492,2026-08-24
NYKAA,52,3744,14440625,-2990625,3997583593.75,52,1997,7406250,-471875,2061437187.5,0.513,0.533,2026-08-24
OBEROIRLTY,83,8304,2692200,-309050,5664838515.0,83,3568,1840300,-110600,2356376977.5,0.684,0.43,2026-08-24
OFSS,88,31937,1035100,-21000,38734185330.0,93,19719,699300,-98300,22527396360.0,0.676,0.617,2026-08-24
OIL,79,3417,6330800,-1006600,2349912040.0,82,2167,4149600,-316400,1415258320.0,0.655,0.634,2026-08-24
ONGC,77,21294,53165250,-4610250,11798043930.0,76,6684,27166500,-175500,3605457015.0,0.511,0.314,2026-08-24
PAGEIND,86,22008,328540,-61760,16822623989.0,84,10286,120500,-11800,7134420926.0,0.367,0.467,2026-08-24
PATANJALI,73,11452,11811025,-1039525,4468418207.5,74,4800,6806900,37625,1831339577.5,0.576,0.419,2026-08-24
PAYTM,87,41502,19298050,-1127375,50104906636.25,87,27488,13638700,-3048625,31273072925.0,0.707,0.662,2026-08-24
PERSISTENT,52,26615,1594125,-183375,19488737193.75,53,13913,1032875,-89500,9676279618.75,0.648,0.523,2026-08-24
PETRONET,49,8799,10410100,-112100,5081648515.0,49,3621,9971200,-267900,1990647195.0,0.958,0.412,2026-08-24
PFC,90,26713,39800800,-3632200,13291037760.0,89,11943,24462100,-1114100,5949142615.0,0.615,0.447,2026-08-24
PGEL,57,9809,7550600,-479750,5815624737.5,57,5962,4586600,-363850,3419265175.0,0.607,0.608,2026-08-24
PHOENIXLTD,77,4561,1113350,-153650,3167081627.5,76,2184,688800,45150,1465429490.0,0.619,0.479,2026-08-24
PIDILITIND,70,3773,1983000,-304000,3210175575.0,70,2362,1864000,-129500,1884095025.0,0.94,0.626,2026-08-24
PIIND,56,10526,2002175,-164150,4821864643.75,57,7599,1284850,-45500,3308119771.25,0.642,0.722,2026-08-24
PNB,93,7795,74240000,-2248000,7451200080.0,94,5967,66592000,-1592000,5543376560.0,0.897,0.765,2026-08-24
PNBHOUSING,54,6999,3732950,-420550,5462886617.5,54,3295,2219100,-183950,2457185412.5,0.594,0.471,2026-08-24
POLICYBZR,79,9798,2621150,-123200,6299475647.5,82,5129,1540350,-221200,3131126705.0,0.588,0.523,2026-08-24
POLYCAB,81,28797,1602250,-346125,33551211437.5,80,14955,1065125,4875,16640009137.5,0.665,0.519,2026-08-24
POWERGRID,100,23452,36111400,-2565000,12411128605.0,100,11042,23991300,-2680900,5764810330.0,0.664,0.471,2026-08-24
POWERINDIA,71,119463,770700,22375,107618885277.5,72,76509,491050,-59625,63206819141.25,0.637,0.64,2026-08-24
PREMIERENE,50,10572,3757000,-182650,7454079977.5,49,6537,1745250,-39000,4270577967.5,0.465,0.618,2026-08-24
PRESTIGE,74,6858,2201400,-75600,5157626197.5,74,4347,1769400,-297450,3106927215.0,0.804,0.634,2026-08-24
RADICO,75,8778,733650,36150,6234413310.0,75,9502,450000,67350,6243334830.0,0.613,1.082,2026-08-24
RBLBANK,67,5926,14084300,-685800,7527125376.25,69,4144,10290175,-1016000,5039331742.5,0.731,0.699,2026-08-24
RECLTD,71,14019,27342000,-1390725,7579631430.0,71,8924,20002500,272475,4895236631.25,0.732,0.637,2026-08-24
RELIANCE,100,179164,71627500,-79000,120642350575.0,101,82393,45197000,1580500,54397413425.0,0.631,0.46,2026-08-24
RVNL,47,13112,25531275,-983675,5981040276.75,46,5889,16714775,691075,2609385220.75,0.655,0.449,2026-08-24
SAIL,69,1452,21615300,-2749500,1235259546.0,69,1395,16205600,-2110300,1116809112.0,0.75,0.961,2026-08-24
SBICARD,59,19477,9224800,-777600,10442397880.0,58,11747,6845600,-765600,6004920560.0,0.742,0.603,2026-08-24
SBILIFE,79,10533,3521250,614250,7327379906.25,79,4402,1706250,25125,2909258887.5,0.485,0.418,2026-08-24
SBIN,90,121346,70094250,-5588250,97902858600.0,91,57686,44679750,-1295250,45098205225.0,0.637,0.475,2026-08-24
SHREECEM,93,4435,117450,-12075,2836779087.5,93,4476,69300,1850,2636039376.25,0.59,1.009,2026-08-24
SHRIRAMFIN,53,18517,9764700,-1687125,17696170923.75,55,12255,6190800,-848100,11155754940.0,0.634,0.662,2026-08-24
SIEMENS,82,184034,2478700,360150,134320597223.75,82,57129,1500800,281750,39979678803.75,0.605,0.31,2026-08-24
SOLARINDS,75,37604,753200,-101200,38856028767.5,75,18813,590450,-95400,17912287720.0,0.784,0.5,2026-08-24
SONACOMS,74,8481,8464750,-373625,8916595231.25,74,4501,6106625,-556150,4432095753.75,0.721,0.531,2026-08-24
SRF,48,9428,1914600,-252000,5099834390.0,48,4779,1234600,-21600,2526339740.0,0.645,0.507,2026-08-24
SUNPHARMA,78,28110,7727300,-735350,19330435722.5,78,14002,4452700,-274400,9359858410.0,0.576,0.498,2026-08-24
SUPREMEIND,62,10867,842275,-42525,7044384786.25,64,4076,607250,-82950,2538696308.75,0.721,0.375,2026-08-24
SUZLON,59,11509,266103100,-14795500,7303550290.0,57,3934,111975900,-6121400,2528213257.0,0.421,0.342,2026-08-24
SWIGGY,60,20596,35204250,-4122675,11138502060.0,62,8936,19310325,-843150,4527464015.0,0.549,0.434,2026-08-24
TATACONSUM,90,9912,5214000,-418000,5915033245.0,89,5130,3649800,-44000,2992780532.5,0.7,0.518,2026-08-24
TATAELXSI,64,25258,1385750,-95875,12179857031.25,68,11532,786625,-94875,5383605831.25,0.568,0.457,2026-08-24
TATAPOWER,62,17532,27483300,95700,9946071130.0,60,12491,20494300,-358150,7191148342.5,0.746,0.712,2026-08-24
TATASTEEL,66,73100,92658500,-7581750,38416797760.0,66,41461,67573000,409750,21343759992.5,0.729,0.567,2026-08-24
TCS,113,113959,16678350,-668925,61179604728.75,122,63561,11966400,-510525,33282952245.0,0.717,0.558,2026-08-24
TECHM,72,13584,5678400,-673200,13312694340.0,85,6047,3102000,-85800,5772078150.0,0.546,0.445,2026-08-24
TIINDIA,61,12147,1314000,-226000,7288778080.0,61,4944,828400,-125000,2801612910.0,0.63,0.407,2026-08-24
TITAN,78,23783,4040925,-315875,21518427428.75,77,15978,2841125,-262150,13899215610.0,0.703,0.672,2026-08-24
TMPV,69,32682,61446400,-2460800,17379001520.0,68,21162,40420800,-1176000,11103417040.0,0.658,0.648,2026-08-24
TORNTPHARM,82,8152,749125,-115625,5174184312.5,84,4510,630500,25750,2702301468.75,0.842,0.553,2026-08-24
TRENT,56,35106,5688675,-829125,24280718906.25,54,15188,2915775,-166950,10091569691.25,0.513,0.433,2026-08-24
TVSMOTOR,78,19483,2342550,-172025,15248344230.0,79,14584,1958250,-141750,10822913342.5,0.836,0.749,2026-08-24
ULTRACEMCO,176,21912,839550,-50950,12940578397.5,179,12524,398900,-25700,7128673925.0,0.475,0.572,2026-08-24
UNIONBANK,71,5874,36475275,-3000150,4941615785.25,72,4474,29842200,-3411675,3612790542.0,0.818,0.762,2026-08-24
UNITDSPR,56,7678,2462400,-196400,4894254280.0,53,3636,1787200,40400,2224161400.0,0.726,0.474,2026-08-24
UNOMINDA,55,2893,2010250,-169400,2040778767.5,57,2712,994950,-121550,1813389847.5,0.495,0.937,2026-08-24
UPL,60,8065,15148900,-970180,6465749501.75,60,5067,10265480,138210,4015841616.25,0.678,0.628,2026-08-24
VBL,48,15227,20185800,-2423775,8803505122.5,48,7545,9317700,-1150050,4182244481.25,0.462,0.496,2026-08-24
VEDL,60,65038,33674300,-273700,21541664530.0,59,39048,22244450,-94300,12391767097.5,0.661,0.6,2026-08-24
VMM,48,113775,42447200,24036600,64648883155.5,48,44145,23527350,14763400,23712283652.5,0.554,0.388,2026-08-24
VOLTAS,63,26915,7099875,-2062125,13012876068.75,63,12641,5116875,-400500,5906432831.25,0.721,0.47,2026-08-24
WAAREEENER,55,27137,2976575,-175350,13163162320.0,55,13553,1797075,41825,6286165506.25,0.604,0.499,2026-08-24
WIPRO,65,35250,65556000,-5613000,19902975570.0,65,19081,48972000,-2139000,10489751940.0,0.747,0.541,2026-08-24
YESBANK,32,6048,409618100,18535600,4545789968.0,30,2328,206752800,9143400,1680743831.0,0.505,0.385,2026-08-24
ZYDUSLIFE,100,10478,5692500,-144900,10801152630.0,100,7156,3972600,31500,7132807215.0,0.698,0.683,2026-08-24
360ONE,47,2408,1171500,452500,1547701800.0,47,1183,820000,293500,692876100.0,0.7,0.491,2026-08-26
ABB,58,7762,477250,89125,7839284156.25,58,4456,407875,70625,4152869156.25,0.855,0.574,2026-08-26
ABCAPITAL,64,3324,8422700,858700,4488631670.0,64,2789,9768100,3738600,3459667890.0,1.16,0.839,2026-08-26
ADANIENSOL,62,11186,2824200,523800,12844876185.0,62,4312,1648350,309825,4612307298.75,0.584,0.385,2026-08-26
ADANIENT,42,33542,3874242,561453,34103366908.8,42,22456,2699424,165006,21049342201.95,0.697,0.669,2026-08-26
ADANIGREEN,61,11462,3948000,594000,9717272310.0,60,5516,2998800,297600,4434211350.0,0.76,0.481,2026-08-26
ADANIPORTS,65,14063,4814125,491625,11901419618.75,64,7497,4113025,408500,6031745201.25,0.854,0.533,2026-08-26
ADANIPOWER,38,33227,30320550,13756250,26824906712.5,37,9139,19315550,3624550,6719633830.0,0.637,0.275,2026-08-26
ALKEM,91,1911,163625,50500,1346808425.0,91,2227,92875,26000,1297801437.5,0.568,1.165,2026-08-26
AMBER,64,10638,449000,64500,8394043845.0,64,5685,387600,122200,4147241460.0,0.863,0.534,2026-08-26
AMBUJACEM,68,16094,9962400,873600,8460589020.0,68,7581,8202000,336000,3819781740.0,0.823,0.471,2026-08-26
ANGELONE,54,9773,14437500,4267500,7875139000.0,54,4824,10462500,830000,3570887875.0,0.725,0.494,2026-08-26
APLAPOLLO,83,2194,676900,144550,1711285450.0,83,1270,470400,133700,943976057.5,0.695,0.579,2026-08-26
APOLLOHOSP,62,9287,565875,144250,10761848475.0,62,6100,443125,132750,6567314756.25,0.783,0.657,2026-08-26
ASHOKLEY,54,19562,39825000,8210000,18478265000.0,54,11582,37135000,7055000,10030401050.0,0.932,0.592,2026-08-26
ASIANPAINT,95,18631,2503250,1309250,13065437700.0,95,10190,1760000,864000,6573733475.0,0.703,0.547,2026-08-26
ASTRAL,67,2921,1499825,237575,1989552308.75,67,1293,964750,155550,820882038.75,0.643,0.443,2026-08-26
ATHERENERG,49,5256,355875,355875,3103175812.5,49,967,187500,187500,534009506.25,0.527,0.184,2026-08-26
AUBANK,46,5172,4451000,375000,6133462100.0,46,5257,3977000,1294000,5798296650.0,0.894,1.016,2026-08-26
AUROPHARMA,57,3353,1563100,337700,3144264942.5,57,1385,1159400,184800,1225402227.5,0.742,0.413,2026-08-26
AXISBANK,54,38552,12431250,2020000,31414227375.0,53,23853,10758125,2066875,18255715468.75,0.865,0.619,2026-08-26
BAJAJ-AUTO,77,16502,570450,211500,15315485831.25,80,10910,465225,85050,9517980330.0,0.816,0.661,2026-08-26
BAJAJFINSV,72,10116,2719200,946800,6419891055.0,72,6329,2064900,567300,3668045130.0,0.759,0.626,2026-08-26
BAJAJHLDNG,64,196,24975,3375,174271511.25,64,103,12450,4350,85199313.75,0.498,0.526,2026-08-26
BAJFINANCE,82,14079,10788750,1659000,12080026537.5,83,9614,7401750,1233750,7695159525.0,0.686,0.683,2026-08-26
BANDHANBNK,40,6520,16146000,2509200,4419940212.0,36,2870,13446000,1206000,1785968712.0,0.833,0.44,2026-08-26
BANKBARODA,42,13921,34737300,5534100,10499004447.75,42,7967,34395075,3410550,5578783616.25,0.99,0.572,2026-08-26
BANKINDIA,44,6353,17591600,5829200,5094621012.0,44,4148,19219200,7649200,3091052744.0,1.093,0.653,2026-08-26
BANKNIFTY,423,758911,10413360,1834560,1362448307037.0,425,736191,12110820,2018250,1257860482269.0,1.163,0.97,2026-08-26
BDL,52,20551,4144175,753100,12560639571.25,52,10319,2778225,668100,5807469450.0,0.67,0.502,2026-08-26
BEL,66,13402,25654275,4024200,8217841976.25,65,7570,23320125,3211950,4369683911.25,0.909,0.565,2026-08-26
BHARATFORG,86,4388,2161500,300000,4696992150.0,86,2683,1848000,245000,2718166425.0,0.855,0.611,2026-08-26
BHARTIARTL,65,32467,9869075,3147825,30885174832.5,65,21961,6636700,1815450,19972063061.25,0.672,0.676,2026-08-26
BHEL,64,5865,18432750,1002750,6833426118.75,64,3216,12492375,742875,3493621687.5,0.678,0.548,2026-08-26
BIOCON,62,4015,13200000,1075000,4381153250.0,62,2351,12332500,605000,2423365625.0,0.934,0.586,2026-08-26
BLUESTARCO,70,3162,939250,415025,1607579707.5,70,1338,657150,185250,643657998.75,0.7,0.423,2026-08-26
BOSCHLTD,78,6617,92900,14500,8476705106.25,78,2425,61475,15575,2899034236.25,0.662,0.366,2026-08-26
BPCL,49,6780,7343050,1664925,4516284936.25,49,2964,5500375,501650,1846264068.75,0.749,0.437,2026-08-26
BRITANNIA,77,5223,559375,148500,3667443787.5,77,4490,492875,124750,2903647643.75,0.881,0.86,2026-08-26
BSE,39,69359,7815800,958400,50358975720.0,39,34064,5021800,482800,22232554450.0,0.643,0.491,2026-08-26
CAMS,66,2587,3049200,500775,1711616857.5,66,1212,2155725,263175,737166581.25,0.707,0.468,2026-08-26
CANBK,42,8216,46514250,4239000,7598118060.0,42,4279,45542250,2706750,3694208782.5,0.979,0.521,2026-08-26
CDSL,46,46176,5203625,673550,32969977311.25,46,19244,3752025,637925,12712293876.25,0.721,0.417,2026-08-26
CGPOWER,42,4006,3362600,893350,3175079630.0,42,4662,3459500,1841100,3402800367.5,1.029,1.164,2026-08-26
CHOLAFIN,67,10563,1850625,828750,13187425531.25,67,4026,841875,253125,4728709281.25,0.455,0.381,2026-08-26
CIPLA,92,12422,3360475,1122000,7820715572.5,92,11971,2069750,771800,7090691287.5,0.616,0.964,2026-08-26
COALINDIA,66,15487,23043150,2956500,8779872285.0,65,6349,15743700,1290600,3444353550.0,0.683,0.41,2026-08-26
COCHINSHIP,60,15043,2010400,435200,9746932220.0,60,5260,1252400,716000,3146345400.0,0.623,0.35,2026-08-26
COFORGE,63,10875,3371550,585675,10355517393.75,63,6510,2585425,496850,5795723591.25,0.767,0.599,2026-08-26
COLPAL,89,3447,1961850,223300,1886502791.25,89,2192,1937100,215875,1124480967.5,0.987,0.636,2026-08-26
CONCOR,70,5371,4136250,703750,3652775500.0,70,828,2456250,231250,531664000.0,0.594,0.154,2026-08-26
CROMPTON,46,12228,16249700,4601000,6854754055.0,47,6066,11171400,3175550,3212203630.0,0.687,0.496,2026-08-26
CUMMINSIND,46,7265,645600,175600,7939634670.0,46,5889,659000,305800,5988405290.0,1.021,0.811,2026-08-26
DABUR,67,6717,9281250,2021250,3520669250.0,65,3788,7475000,1688750,1844270562.5,0.805,0.564,2026-08-26
DELHIVERY,71,4746,8773100,2450575,4689556751.25,71,2907,6092200,3029500,2640197733.75,0.694,0.613,2026-08-26
DIVISLAB,60,57849,1022700,472900,53704684710.0,60,34723,1060300,687200,29826773385.0,1.037,0.6,2026-08-26
DIXON,49,49306,1601250,106950,38154900010.0,49,19067,925250,-42800,13326187735.0,0.578,0.387,2026-08-26
DLF,49,7000,6734550,1062100,4786051930.0,49,3513,4372850,449350,2229564595.0,0.649,0.502,2026-08-26
DMART,62,36142,1267050,691650,21997553797.5,62,25892,904800,487050,14632645050.0,0.714,0.716,2026-08-26
DRREDDY,92,9250,4996875,1440625,7228704906.25,92,6925,3517500,1201250,4953479031.25,0.704,0.749,2026-08-26
EICHERMOT,59,14113,843200,111100,12005213700.0,59,4528,634300,53200,3625916025.0,0.752,0.321,2026-08-26
ETERNAL,48,17208,40725450,7260450,14495568086.25,49,9551,18973200,1988500,7477180252.5,0.466,0.555,2026-08-26
FEDERALBNK,49,10707,15630000,1920000,9743918875.0,49,7293,12145000,130000,6389535125.0,0.777,0.681,2026-08-26
FINNIFTY,192,10847,138480,65880,17814275223.0,192,3056,71340,50640,4880285727.0,0.515,0.282,2026-08-26
FORCEMOT,37,2691,70925,13500,1278411491.25,37,527,36100,2600,234068827.5,0.509,0.196,2026-08-26
FORTIS,80,1607,1140025,279000,1200342940.0,80,836,1095075,65100,594634288.75,0.961,0.52,2026-08-26
GAIL,57,4136,18321550,333700,2730082592.5,57,1686,13379950,205900,1031330806.0,0.73,0.408,2026-08-26
GLENMARK,87,9824,1386750,-49125,9340284075.0,87,4633,994125,52500,4150610100.0,0.717,0.472,2026-08-26
GMRAIRPORT,84,4218,34414650,6528600,3115305909.0,84,2777,24984450,1492650,1897498111.5,0.726,0.658,2026-08-26
GODFRYPHLP,43,3151,249150,103675,1975879881.25,43,1333,186175,66550,784621021.25,0.747,0.423,2026-08-26
GODREJCP,97,5507,4214500,753000,2696437825.0,97,3448,3472500,302500,1590921300.0,0.824,0.626,2026-08-26
GODREJPROP,75,9446,1534650,474825,6736273651.25,75,3374,1003925,404950,2233854333.75,0.654,0.357,2026-08-26
GRASIM,113,6415,1511000,303000,5497286100.0,113,4331,804750,284750,3472527200.0,0.533,0.675,2026-08-26
GVT&D,44,12882,538125,99375,7424790606.25,44,5735,356625,101125,3014682943.75,0.663,0.445,2026-08-26
HAL,71,17547,2242800,186300,13666737105.0,71,6898,1483050,100050,5038196332.5,0.661,0.393,2026-08-26
HAVELLS,44,1645,1250000,159500,1092768475.0,44,1174,942500,118500,724339850.0,0.754,0.714,2026-08-26
HCLTECH,84,6980,3124800,806800,3898402500.0,86,5384,2562000,528400,2726339040.0,0.82,0.771,2026-08-26
HDFCAMC,45,4772,828600,60000,4030559685.0,44,2711,680400,25500,2129416680.0,0.821,0.568,2026-08-26
HDFCBANK,62,147382,96636800,8602750,73853367607.5,60,59860,67238600,3454750,28250462045.0,0.696,0.406,2026-08-26
HDFCLIFE,84,27501,13994200,4814700,17688045760.0,84,13148,10666700,2895200,7840007615.0,0.762,0.478,2026-08-26
HEROMOTOCO,48,20250,1107900,466350,18210737167.5,48,10349,616200,188850,8625355807.5,0.556,0.511,2026-08-26
HINDALCO,46,20565,6730500,1419600,16034499180.0,46,11502,4956000,1028300,8265576130.0,0.736,0.559,2026-08-26
HINDPETRO,57,5250,7514775,1306125,4215522993.75,57,1704,7198875,411075,1291102537.5,0.958,0.325,2026-08-26
HINDUNILVR,80,26184,6148200,1456500,16943590650.0,79,13107,4780200,848700,7902014445.0,0.777,0.501,2026-08-26
HINDZINC,58,100942,19934425,2119250,80955776667.5,58,40821,19069575,8799175,30108720381.25,0.957,0.404,2026-08-26
HYUNDAI,86,8299,792000,333300,5383538476.25,86,3257,581900,330550,1979963961.25,0.735,0.392,2026-08-26
ICICIBANK,93,43384,14458500,4024300,45220382200.0,93,33382,11701200,3399900,33452010060.0,0.809,0.769,2026-08-26
ICICIGI,67,3088,722150,337675,1714444322.5,67,1615,496275,99450,838063005.0,0.687,0.523,2026-08-26
ICICIPRULI,70,8850,2413325,478225,4449738538.75,70,3131,2654750,293225,1475405987.5,1.1,0.354,2026-08-26
IDEA,28,16362,1201423275,97920750,20116833162.0,28,6772,648135300,33450300,7032872683.5,0.539,0.414,2026-08-26
IDFCFIRSTB,60,6800,74571000,11491725,5692464284.5,62,4636,52106950,11927650,3636283969.5,0.699,0.682,2026-08-26
IEX,44,2555,14920500,2818800,1451625885.0,44,1628,11736300,2188050,849221920.5,0.787,0.637,2026-08-26
INDHOTEL,52,4161,3743000,1284000,3164427800.0,52,1214,2703000,420000,875576100.0,0.722,0.292,2026-08-26
INDIANB,66,6193,2803000,1120000,5785992450.0,66,2098,1893000,328000,1834465000.0,0.675,0.339,2026-08-26
INDIGO,42,23040,1586550,58950,19039421452.5,42,10748,1174050,86400,8308883100.0,0.74,0.466,2026-08-26
INDUSINDBK,63,9840,3189900,940800,7229579000.0,63,5977,2627800,744800,4177867260.0,0.824,0.607,2026-08-26
INDUSTOWER,103,7934,12700700,1387200,5427185910.0,103,3587,7048200,969000,2286244490.0,0.555,0.452,2026-08-26
INFY,46,45976,15820000,3839600,22077856020.0,47,30099,11993600,1603600,13381707460.0,0.758,0.655,2026-08-26
INOXWIND,35,3058,31737600,4160000,1583478336.0,34,885,21273600,166400,413662080.0,0.67,0.289,2026-08-26
IOC,43,8523,28114125,6352125,6116967382.5,43,3827,24730875,2608125,2538555240.0,0.88,0.449,2026-08-26
IREDA,43,9391,34322125,9959525,5194505470.25,44,3224,25683900,4502375,1679399993.0,0.748,0.343,2026-08-26
IRFC,74,3997,35213675,1106700,1991453213.75,74,2024,32615100,884275,917376939.5,0.926,0.506,2026-08-26
ITC,90,34834,63286800,5989200,17209924023.75,90,21572,52100175,5309550,9927838938.75,0.823,0.619,2026-08-26
JINDALSTEL,43,13869,1970000,243750,10576345031.25,43,7358,2114375,598750,5309672250.0,1.073,0.531,2026-08-26
JIOFIN,80,21248,65308850,9047500,13224171920.0,82,10072,48407650,7437750,5672379357.5,0.741,0.474,2026-08-26
JSWENERGY,44,4581,3011075,777225,2839358853.75,44,2868,2678900,325725,1691472617.5,0.89,0.626,2026-08-26
JSWSTEEL,48,17298,4017600,1408050,16330513072.5,48,9595,4057425,2463075,8330527417.5,1.01,0.555,2026-08-26
JUBLFOOD,81,11634,5663750,1177500,7795405562.5,81,3390,3250000,312500,2137169500.0,0.574,0.291,2026-08-26
KALYANKJIL,72,7096,14809500,1379700,6377018625.0,75,3884,8876250,1181250,3094991572.5,0.599,0.547,2026-08-26
KAYNES,59,34562,1006650,160050,22404399510.0,59,10601,686850,173250,6236196592.5,0.682,0.307,2026-08-26
KEI,55,5196,333025,120050,5323669811.25,55,4624,555275,305200,4303634991.25,1.667,0.89,2026-08-26
KFINTECH,37,5704,2582325,-95450,3357964953.75,37,2145,1488100,121900,1161073695.0,0.576,0.376,2026-08-26
KOTAKBANK,57,58661,31090000,10998000,50101351600.0,57,26223,23716000,8452000,21384272300.0,0.763,0.447,2026-08-26
KPITTECH,61,4600,4751525,416175,2350553028.75,62,2237,2641200,48050,998204417.5,0.556,0.486,2026-08-26
LAURUSLABS,52,16255,6308700,878050,27165052972.5,52,8061,4433600,1249500,12654877902.5,0.703,0.496,2026-08-26
LICHSGFIN,50,37923,6777000,1075000,20680743650.0,50,18949,7094000,532000,9759597700.0,1.047,0.5,2026-08-26
LICI,69,10739,14569800,2695000,6677898710.0,68,8884,11888800,2108400,5129420310.0,0.816,0.827,2026-08-26
LODHA,45,10143,2681250,863125,8402599031.25,45,4408,2726250,871875,3341836656.25,1.017,0.435,2026-08-26
LT,59,37215,3846325,1221675,27543375440.0,60,17687,2911300,350175,12671756527.5,0.757,0.475,2026-08-26
LTF,46,6785,10950750,589500,5226921000.0,46,5476,15714000,4880250,3872495250.0,1.435,0.807,2026-08-26
LTM,70,3799,434100,80400,2728662607.5,70,2367,376350,64950,1570298055.0,0.867,0.623,2026-08-26
LUPIN,97,16153,2397000,564400,15943354332.5,97,7314,1602675,343400,6792205521.25,0.669,0.453,2026-08-26
M&M,53,13689,2860000,376400,9842678150.0,54,8390,2111800,309200,5650416240.0,0.738,0.613,2026-08-26
MAHABANK,69,6149,8385000,8385000,3653214240.0,69,1265,3022500,3022500,691815150.0,0.36,0.206,2026-08-26
MANAPPURAM,51,2714,7251000,621000,3169934400.0,51,1654,6651000,660000,1795492950.0,0.917,0.609,2026-08-26
MANKIND,95,5744,409500,244000,3612331375.0,95,2017,311250,103750,1212018537.5,0.76,0.351,2026-08-26
MARICO,60,3001,2676000,1446000,3194645940.0,60,2544,2126400,1312800,2480700360.0,0.795,0.848,2026-08-26
MARUTI,92,34317,1042800,386550,24642653725.0,92,25253,620900,182650,16613704840.0,0.595,0.736,2026-08-26
MAXHEALTH,86,4671,2369325,448350,2612118993.75,86,3159,1976100,294525,1673397022.5,0.834,0.676,2026-08-26
MAZDOCK,47,25750,1641150,406350,16119137081.25,47,10934,1075500,263025,6312334263.75,0.655,0.425,2026-08-26
MCX,59,37544,3706425,221850,29582366602.5,59,27846,3569175,623475,19917763785.0,0.963,0.742,2026-08-26
MFSL,61,2521,1044800,8400,1703702740.0,61,969,556800,84400,595812300.0,0.533,0.384,2026-08-26
MIDCPNIFTY,308,36941,2053080,881400,68584099104.0,308,37976,2169360,725520,67663149114.0,1.057,1.028,2026-08-26
MOTHERSON,53,5366,25325700,3001200,5916536037.0,53,4322,27822600,14766150,4327959610.5,1.099,0.805,2026-08-26
MOTILALOFS,49,10955,2001825,-52700,9299050160.0,49,3612,1330675,357275,2817206452.5,0.665,0.33,2026-08-26
MPHASIS,41,2293,532125,129800,1628444633.75,40,1199,334400,67375,793622403.75,0.628,0.523,2026-08-26
MUTHOOTFIN,56,11162,2680975,6325,10422777653.75,56,6641,2217600,94600,5656636466.25,0.827,0.595,2026-08-26
NAM-INDIA,48,1199,755625,138125,996557062.5,48,515,581875,89375,384694187.5,0.77,0.43,2026-08-26
NATIONALUM,41,9592,15450000,1183125,7712415375.0,41,4380,10389375,804375,3223948781.25,0.672,0.457,2026-08-26
NAUKRI,49,2464,1643950,286550,1919438207.5,49,1988,709500,84150,1444459967.5,0.432,0.807,2026-08-26
NBCC,39,2828,23224500,5479500,1763217235.0,39,662,12779000,877500,383686290.0,0.55,0.234,2026-08-26
NESTLEIND,102,3538,1418000,437500,2703275150.0,102,2322,988000,277000,1682898500.0,0.697,0.656,2026-08-26
NHPC,60,2480,25082550,5254200,1391642215.5,60,1256,15957200,2606250,647264133.5,0.636,0.506,2026-08-26
NIFTY,782,20913990,217329765,69935045,33623137486415.75,802,24189156,196898680,24747335,37926438887967.5,0.906,1.157,2026-08-26
NIFTYFPI,178,0,4400,0,0.0,178,0,0,0,0.0,0.0,,2026-08-26
NIFTYNXT50,441,12,225,25,22802711.25,441,0,0,0,0.0,0.0,0.0,2026-08-26
NMDC,64,23629,50800500,11475000,14764570987.5,64,8376,36436500,8640000,4881473235.0,0.717,0.354,2026-08-26
NTPC,54,23829,23023500,8032500,12650687250.0,54,9276,12807000,2283000,4636111950.0,0.556,0.389,2026-08-26
NYKAA,46,4659,6337500,3081250,5116850781.25,46,836,2693750,787500,860499218.75,0.425,0.179,2026-08-26
OBEROIRLTY,70,4073,1504650,166250,2844572517.5,70,1862,766150,72450,1207189585.0,0.509,0.457,2026-08-26
OFSS,73,20474,508400,147100,25968471175.0,74,7986,372100,164000,9291626065.0,0.732,0.39,2026-08-26
OIL,67,1567,2230200,533400,1088337880.0,67,1203,1409800,480200,776115270.0,0.632,0.768,2026-08-26
ONGC,70,10817,25996500,4362750,5951032155.0,71,5273,19194750,1550250,2755665855.0,0.738,0.487,2026-08-26
PAGEIND,71,2258,62040,12000,1750258853.0,71,886,33920,3980,614177981.0,0.547,0.392,2026-08-26
PATANJALI,62,3441,4525750,720250,1374108591.25,62,2470,3754975,693375,924394005.0,0.83,0.718,2026-08-26
PAYTM,72,18776,7945275,1228875,24817623842.5,72,14495,6114650,1496400,17461902928.75,0.77,0.772,2026-08-26
PERSISTENT,40,9410,810875,79625,7049538262.5,41,4937,466875,38875,3399652187.5,0.576,0.525,2026-08-26
PETRONET,46,2939,6712700,904400,1728833275.0,46,1280,4132500,191900,702797745.0,0.616,0.436,2026-08-26
PFC,76,11378,22158500,2826200,5708121185.0,75,3668,16201900,919100,1750404305.0,0.731,0.322,2026-08-26
PGEL,46,3543,2622000,821750,2150224157.5,46,2308,1735650,755250,1281062602.5,0.662,0.651,2026-08-26
PHOENIXLTD,66,992,391300,149450,739083835.0,66,772,299250,116200,500308952.5,0.765,0.778,2026-08-26
PIDILITIND,63,1176,513500,173500,1015972375.0,63,728,318500,76000,591542000.0,0.62,0.619,2026-08-26
PIIND,49,6427,891100,172725,2981549147.5,49,3348,747075,6125,1422273160.0,0.838,0.521,2026-08-26
PNB,81,7693,43712000,7880000,7577322480.0,81,3636,35472000,4152000,3359163360.0,0.811,0.473,2026-08-26
PNBHOUSING,49,9427,1773200,871000,7754818760.0,49,2701,920400,286650,2068579695.0,0.519,0.287,2026-08-26
POLICYBZR,68,22259,1315650,538650,15192181847.5,68,5472,836850,314300,3510571452.5,0.636,0.246,2026-08-26
POLYCAB,73,13663,823875,201125,16242723543.75,73,6644,616125,167625,7520592825.0,0.748,0.486,2026-08-26
POWERGRID,88,10427,21173600,5198400,5634977440.0,88,5337,17024000,3762000,2675823580.0,0.804,0.512,2026-08-26
POWERINDIA,60,10244,208900,27150,9449810112.5,60,3449,133875,14825,2799200050.0,0.641,0.337,2026-08-26
PREMIERENE,47,12673,3469050,2136550,8823273387.5,47,7117,1827150,1030250,4651962867.5,0.527,0.562,2026-08-26
PRESTIGE,63,3236,861750,203400,2519071920.0,63,2122,985500,482850,1535712142.5,1.144,0.656,2026-08-26
RADICO,60,925,220350,24900,677320530.0,60,1303,169350,55050,831496132.5,0.769,1.409,2026-08-26
RBLBANK,60,1598,7712075,898525,2051793426.25,60,726,4457700,222250,872761145.0,0.578,0.454,2026-08-26
RECLTD,63,6612,15737400,1349775,3586920513.75,63,2619,14634900,637875,1370890237.5,0.93,0.396,2026-08-26
RELIANCE,90,111748,49677000,11178000,77209453125.0,90,53012,37282500,5814500,34358741675.0,0.75,0.474,2026-08-26
RVNL,44,7144,14010150,1049125,3273448101.0,44,4202,12402775,850850,1771369022.5,0.885,0.588,2026-08-26
SAGILITY,37,6421,20616000,20616000,3768471360.0,37,1655,9060000,9060000,876560040.0,0.439,0.258,2026-08-26
SAIL,78,23656,20567200,8789000,22547698220.0,78,14974,21093600,10114400,13093434652.0,1.026,0.633,2026-08-26
SBICARD,49,8543,4852000,848800,4754060800.0,49,4527,3704000,455200,2286993560.0,0.763,0.53,2026-08-26
SBILIFE,71,9439,2004750,629250,6646088812.5,71,3364,1102125,447750,2178939581.25,0.55,0.356,2026-08-26
SBIN,81,71343,35928750,6091500,59374398900.0,82,32415,26315250,1902000,25294945725.0,0.732,0.454,2026-08-26
SHREECEM,82,9459,42725,20725,6478652002.5,82,2520,24350,10375,1505773290.0,0.57,0.266,2026-08-26
SHRIRAMFIN,45,18492,5913600,1532025,18082465953.75,45,17409,4847700,2042700,15862594728.75,0.82,0.941,2026-08-26
SIEMENS,68,10570,1181075,179375,7967107618.75,68,5377,819875,261100,3785961917.5,0.694,0.509,2026-08-26
SOLARINDS,63,10805,300200,32100,11567926817.5,63,3408,206050,38250,3294642245.0,0.686,0.315,2026-08-26
SONACOMS,58,4381,4946550,1265425,4695404358.75,58,1156,2764825,371175,1106878701.25,0.559,0.264,2026-08-26
SRF,41,3402,848000,56800,1843887530.0,40,1996,823200,118600,1034785560.0,0.971,0.587,2026-08-26
SUNPHARMA,71,9652,3299800,900550,6734881737.5,71,7503,2367750,803250,4884023900.0,0.718,0.777,2026-08-26
SUPREMEIND,56,1473,237125,46725,969136008.75,56,619,178850,32200,383661250.0,0.754,0.42,2026-08-26
SUZLON,48,6629,114325400,16421100,4385409949.0,46,2131,63550800,6578600,1280103866.0,0.556,0.321,2026-08-26
SWIGGY,47,14016,16496175,3688325,7916007032.5,48,5631,10791225,2527625,2924692348.75,0.654,0.402,2026-08-26
TATACONSUM,83,5706,2578950,1401950,3518340237.5,83,5101,2693350,1350800,2806526800.0,1.044,0.894,2026-08-26
TATAELXSI,60,3348,583625,71875,1643725106.25,61,2057,402250,42250,917834468.75,0.689,0.614,2026-08-26
TATAPOWER,58,25723,24887800,9326400,14419922517.5,58,12933,18800700,4564600,6929808317.5,0.755,0.503,2026-08-26
TATASTEEL,62,51321,63959500,12490500,27943558335.0,62,21437,51650500,7942000,10796036927.5,0.808,0.418,2026-08-26
TCS,88,31827,7255575,1127700,17567357186.25,93,25055,7505100,803700,12630899666.25,1.034,0.787,2026-08-26
TECHM,56,6340,2548200,1030800,6424907040.0,57,4502,2021400,774000,4132408170.0,0.793,0.71,2026-08-26
TIINDIA,52,4181,502800,117400,2602895910.0,52,2053,280000,66800,1142634630.0,0.557,0.491,2026-08-26
TITAN,65,11859,2036825,527275,10998380513.75,65,9133,1485400,310450,7987269316.25,0.729,0.77,2026-08-26
TMPV,66,17169,33468800,5809600,9355537760.0,66,8605,27382400,4080000,4267863520.0,0.818,0.501,2026-08-26
TORNTPHARM,70,2872,368500,49875,1877602062.5,70,1104,263750,36500,668977993.75,0.716,0.384,2026-08-26
TRENT,46,10224,2381850,433800,7157929443.75,46,5185,1423575,-90000,3388474980.0,0.598,0.507,2026-08-26
TVSMOTOR,60,14868,1142400,318675,12132984710.0,61,7179,749000,267225,5496716995.0,0.656,0.483,2026-08-26
ULTRACEMCO,133,18450,298350,104200,11168232920.0,133,7222,150700,68400,4160378950.0,0.505,0.391,2026-08-26
UNIONBANK,59,17251,26647350,12721875,15233241624.0,59,4635,13199775,3478050,3800520326.25,0.495,0.269,2026-08-26
UNITDSPR,45,2867,1180400,98000,1844652020.0,45,1654,933200,48400,1009292680.0,0.791,0.577,2026-08-26
UNOMINDA,47,625,286550,114400,457195007.5,47,403,201300,70400,263994995.0,0.702,0.645,2026-08-26
UPL,50,6233,5968775,250675,5171112380.5,50,3625,6032460,140920,2830452928.25,1.011,0.582,2026-08-26
VBL,41,62009,26627100,16752225,36170029961.25,41,37511,15036075,9952650,20474562892.5,0.565,0.605,2026-08-26
VEDL,50,59724,20790850,4440150,20591166127.5,50,20553,14550950,3847900,6745953130.0,0.7,0.344,2026-08-26
VMM,43,4143,15888600,-742050,2411319411.0,43,2366,9341100,1251300,1234392512.0,0.588,0.571,2026-08-26
VOLTAS,52,12640,3853500,1090500,6201090281.25,52,8661,3080625,656625,3960530193.75,0.799,0.685,2026-08-26
WAAREEENER,47,5874,1280650,287700,2894549183.75,47,2284,903700,116200,1042660202.5,0.706,0.389,2026-08-26
WIPRO,56,14661,42990000,11124000,8444645700.0,57,6184,32877000,3948000,3231485850.0,0.765,0.422,2026-08-26
YESBANK,29,4007,211759900,30353600,3011214582.0,28,1738,145921200,19997300,1212115658.0,0.689,0.434,2026-08-26
ZYDUSLIFE,88,8576,2535300,360000,9185790420.0,88,4411,1764000,204300,4454523900.0,0.696,0.514,2026-08-26
360ONE,40,1632,1373500,202000,1038787225.0,43,492,840000,20000,291313400.0,0.612,0.301,2026-08-27
ABB,55,7104,518125,40875,7109662950.0,55,4663,497500,89625,4357477262.5,0.96,0.656,2026-08-27
ABCAPITAL,61,1690,8965200,542500,2263370760.0,59,2047,11510300,1742200,2545355905.0,1.284,1.211,2026-08-27
ADANIENSOL,60,17125,3524850,700650,19558390511.25,58,3927,1830600,182250,4222796760.0,0.519,0.229,2026-08-27
ADANIENT,41,24836,3987027,112785,25348470774.0,40,12119,2863503,164079,11567805699.599998,0.718,0.488,2026-08-27
ADANIGREEN,57,8508,4419000,471000,7141080420.0,57,2872,3276600,277800,2272672530.0,0.741,0.338,2026-08-27
ADANIPORTS,65,19671,5586000,771875,16637550070.0,65,7575,4161475,48450,6137775437.5,0.745,0.385,2026-08-27
ADANIPOWER,35,67957,39965900,9645350,55325915466.0,34,23244,29500500,10184950,17274970098.0,0.738,0.342,2026-08-27
ALKEM,78,1565,216000,52375,1096858725.0,76,1341,131125,38250,843565468.75,0.607,0.857,2026-08-27
AMBER,56,41293,673200,224200,33486637185.0,59,16074,502800,115200,12091944385.0,0.747,0.389,2026-08-27
AMBUJACEM,63,7166,10264800,302400,3764412420.0,61,3138,8212800,10800,1579420860.0,0.8,0.438,2026-08-27
ANGELONE,50,5079,15972500,1535000,4032479625.0,51,2643,10980000,517500,1952021000.0,0.687,0.52,2026-08-27
APLAPOLLO,67,20156,1527750,850850,16268908425.0,67,4951,701050,230650,3784494227.5,0.459,0.246,2026-08-27
APOLLOHOSP,59,9814,786250,220375,11333612750.0,57,6483,671125,228000,6944089868.75,0.854,0.661,2026-08-27
ASHOKLEY,51,15686,49480000,9655000,14846569350.0,51,7937,40315000,3180000,6959631400.0,0.815,0.506,2026-08-27
ASIANPAINT,93,10898,3010000,506750,7617939900.0,88,6795,2129250,369250,4314166550.0,0.707,0.624,2026-08-27
ASTRAL,59,6190,1804125,304300,4219729672.5,60,2267,1011925,47175,1417481037.5,0.561,0.366,2026-08-27
ATHERENERG,48,4309,494625,138750,2566109325.0,50,1414,265500,78000,790951968.75,0.537,0.328,2026-08-27
AUBANK,44,9663,5230000,779000,11258740950.0,43,6615,3974000,-3000,7262227600.0,0.76,0.685,2026-08-27
AUROPHARMA,53,4064,2054250,491150,3823063585.0,52,1734,1302950,143550,1532184967.5,0.634,0.427,2026-08-27
AXISBANK,50,33803,13325625,894375,27600836687.5,49,20878,11782500,1024375,16271739125.0,0.884,0.618,2026-08-27
BAJAJ-AUTO,70,14522,635925,65475,13389028477.5,71,9608,564975,99750,8317486076.25,0.888,0.662,2026-08-27
BAJAJFINSV,68,7740,3308100,588900,4903764330.0,66,5323,2519700,454800,3064008840.0,0.762,0.688,2026-08-27
BAJAJHLDNG,56,307,31125,6150,273851156.25,56,245,21150,8700,205072106.25,0.68,0.798,2026-08-27
BAJFINANCE,75,26145,12069750,1281000,22488915412.5,74,13757,8687250,1285500,11107716412.5,0.72,0.526,2026-08-27
BANDHANBNK,37,4285,19252800,3106800,2851675956.0,33,2650,15890400,2444400,1640270376.0,0.825,0.618,2026-08-27
BANKBARODA,43,6873,37287900,2550600,5143998775.5,42,4187,34927425,532350,2925823943.25,0.937,0.609,2026-08-27
BANKINDIA,38,2512,18179200,587600,1994844644.0,38,2345,22224800,3005600,1720936932.0,1.223,0.934,2026-08-27
BANKNIFTY,427,647559,11312160,898800,1156570930179.0,429,680125,12682500,571680,1169941596613.5,1.121,1.05,2026-08-27
BDL,48,6240,4508825,364650,3817788982.5,51,3779,3206625,428400,2107361501.25,0.711,0.606,2026-08-27
BEL,59,22093,28558425,2904150,13569565492.5,62,8026,24709500,1389375,4637763033.75,0.865,0.363,2026-08-27
BHARATFORG,82,5507,2381500,220000,5873246175.0,74,3125,2066500,218500,3164524125.0,0.868,0.567,2026-08-27
BHARTIARTL,66,47965,13037800,3168725,45207313605.0,65,43465,9109075,2472375,38840934561.25,0.699,0.906,2026-08-27
BHEL,71,41112,23002875,4570125,49327965618.75,70,18828,17936625,5444250,21109129387.5,0.78,0.458,2026-08-27
BIOCON,56,3876,13417500,217500,4223355000.0,56,2342,12082500,-250000,2433579625.0,0.901,0.604,2026-08-27
BLUESTARCO,61,3914,1069900,130650,2005511722.5,60,1360,754325,97175,653666373.75,0.705,0.347,2026-08-27
BOSCHLTD,62,2786,94250,1350,3572058302.5,62,1962,70875,9400,2339306536.25,0.752,0.704,2026-08-27
BPCL,47,4249,7888150,545100,2791019538.75,46,2742,5881550,381175,1719583223.75,0.746,0.645,2026-08-27
BRITANNIA,72,5926,698625,139250,4138085750.0,73,4633,630750,137875,2969309162.5,0.903,0.782,2026-08-27
BSE,35,36772,8181400,365600,26518782740.0,35,17859,5321800,300000,11700555100.0,0.65,0.486,2026-08-27
CAMS,63,3488,3602775,553575,2329434607.5,60,1819,2475825,320100,1093022535.0,0.687,0.522,2026-08-27
CANBK,39,5622,51475500,4961250,5163084652.5,42,2857,46737000,1194750,2458949130.0,0.908,0.508,2026-08-27
CDSL,48,15695,5802600,598975,11221275265.0,49,9015,4196150,444125,5945534815.0,0.723,0.574,2026-08-27
CGPOWER,40,54994,5103400,1740800,44211790010.0,38,12684,4131850,672350,9445053077.5,0.81,0.231,2026-08-27
CHOLAFIN,63,4270,2163750,313125,5266595656.25,59,2554,1434375,592500,2964100750.0,0.663,0.598,2026-08-27
CIPLA,89,8957,3980975,620500,5658708697.5,85,5201,2762925,693175,3022334460.0,0.694,0.581,2026-08-27
COALINDIA,63,13451,26140050,3096900,7655695965.0,63,6347,18369450,2625750,3361131787.5,0.703,0.472,2026-08-27
COCHINSHIP,52,17681,2832000,821600,11593182700.0,53,3616,1410000,157600,2206989400.0,0.498,0.205,2026-08-27
COFORGE,57,8279,3952950,581400,7887792667.5,59,6381,3184875,599450,5650130035.0,0.806,0.771,2026-08-27
COLPAL,77,4227,2113650,151800,2271910822.5,79,2208,2056725,119625,1128947022.5,0.973,0.522,2026-08-27
CONCOR,64,2459,4430000,293750,1673764937.5,62,688,2613750,157500,443783687.5,0.59,0.28,2026-08-27
CROMPTON,47,5340,17019400,769700,2952423430.0,46,1921,11375650,204250,1005567792.5,0.668,0.36,2026-08-27
CUMMINSIND,42,5700,754400,108800,6237738990.0,42,4036,807800,148800,4047257080.0,1.071,0.708,2026-08-27
DABUR,67,6114,11561250,2280000,3171621500.0,67,3597,8652500,1177500,1731797500.0,0.748,0.588,2026-08-27
DELHIVERY,65,13153,10553450,1780350,13196145307.5,63,3384,6996900,904700,3196903218.75,0.663,0.257,2026-08-27
DIVISLAB,58,27966,1229700,207000,26509626070.0,58,19200,1230500,170200,16948351980.0,1.001,0.687,2026-08-27
DIXON,41,33578,1563100,-38150,25827871537.5,42,20667,1022700,97450,14436424435.0,0.654,0.615,2026-08-27
DLF,48,9374,7101250,366700,6385549972.5,49,3973,4642650,269800,2532654352.5,0.654,0.424,2026-08-27
DMART,60,15677,1502100,235050,9569701080.0,60,9614,1114050,209250,5429553997.5,0.742,0.613,2026-08-27
DRREDDY,86,10126,6326250,1329375,7875678406.25,86,6136,4404375,886875,4411829406.25,0.696,0.606,2026-08-27
EICHERMOT,55,10560,918500,75300,8862464285.0,56,5230,667300,33000,4179182070.0,0.727,0.495,2026-08-27
ETERNAL,45,13945,44503600,3778150,11695442653.75,46,7077,21036875,2063675,5549891617.5,0.473,0.507,2026-08-27
FEDERALBNK,48,4976,16355000,725000,4523937500.0,47,2890,12052500,-92500,2527639875.0,0.737,0.581,2026-08-27
FINNIFTY,197,4374,156120,17640,7154928222.0,197,2715,86520,15180,4341832143.0,0.554,0.621,2026-08-27
FORCEMOT,33,2697,96025,25100,1259480991.25,35,707,44175,8075,316954857.5,0.46,0.262,2026-08-27
FORTIS,69,1084,1247750,107725,826043670.0,69,469,1156300,61225,323965771.25,0.927,0.433,2026-08-27
GAIL,53,4768,21644350,3322800,3084589107.0,53,2012,14182250,802300,1225861114.5,0.655,0.422,2026-08-27
GLENMARK,76,7710,1597875,211125,7420326731.25,78,3091,993000,-1125,2801364225.0,0.621,0.401,2026-08-27
GMRAIRPORT,80,2536,38564775,4150125,1869493486.5,74,3378,39666825,14682375,2287913343.75,1.029,1.332,2026-08-27
GODFRYPHLP,37,1377,315975,66825,873017695.0,34,642,232925,46750,377482710.0,0.737,0.466,2026-08-27
GODREJCP,78,5169,4692500,478000,2513163975.0,78,2117,3516500,44000,981505775.0,0.749,0.41,2026-08-27
GODREJPROP,67,13428,1980550,445900,9569608490.0,66,3789,1086800,82875,2527329106.25,0.549,0.282,2026-08-27
GRASIM,104,4351,1733750,222750,3728718875.0,103,2394,821250,16500,1946932000.0,0.474,0.55,2026-08-27
GVT&D,38,40958,890625,352500,24481720956.25,41,12074,488875,132250,6605416218.75,0.549,0.295,2026-08-27
HAL,63,12420,2380650,137850,9640719187.5,64,6950,1745250,262200,5091105090.0,0.733,0.56,2026-08-27
HAVELLS,42,2220,1530500,280500,1457191025.0,43,1691,1017000,74500,1008606250.0,0.664,0.762,2026-08-27
HCLTECH,83,9995,4074000,949200,5506896680.0,84,7948,3149200,587200,4090984320.0,0.773,0.795,2026-08-27
HDFCAMC,39,9697,1219800,391200,8008012875.0,38,8767,921900,241500,6718537680.0,0.756,0.904,2026-08-27
HDFCBANK,62,262618,114027550,17390750,129829760060.0,59,122931,75723700,8485100,56847493950.0,0.664,0.468,2026-08-27
HDFCLIFE,81,11300,15571600,1577400,7227017820.0,82,7291,12095600,1428900,4325114640.0,0.777,0.645,2026-08-27
HEROMOTOCO,44,16810,1341450,233550,14863921065.0,43,10388,796500,180300,8540336985.0,0.594,0.618,2026-08-27
HINDALCO,41,22338,8914500,2184000,17176614665.0,41,19681,7345800,2389800,13976829230.0,0.824,0.881,2026-08-27
HINDPETRO,46,3235,8059500,544725,2575027260.0,44,1196,7563375,364500,896548095.0,0.938,0.37,2026-08-27
HINDUNILVR,77,13522,6899100,750900,8638883955.0,77,9354,5444700,664500,5517618330.0,0.789,0.692,2026-08-27
HINDZINC,46,22518,20886250,951825,18146479557.5,51,15360,17150000,-1919575,11546025207.5,0.821,0.682,2026-08-27
HYUNDAI,75,5507,876425,84425,3567657170.0,72,1639,630025,48125,1000471463.75,0.719,0.298,2026-08-27
ICICIBANK,89,45474,16226700,1768200,47446914235.0,88,36494,14220500,2519300,36924499360.0,0.876,0.803,2026-08-27
ICICIGI,62,3205,986700,264550,1769198811.25,63,1328,542425,46150,680656080.0,0.55,0.414,2026-08-27
ICICIPRULI,68,2184,2534500,121175,1091088883.75,70,1131,2630700,-24050,530231506.25,1.038,0.518,2026-08-27
IDEA,26,13427,1302203025,100779750,16108897553.25,26,5415,677225625,29090325,5532391575.75,0.52,0.403,2026-08-27
IDFCFIRSTB,57,7661,88984350,14413350,6334182242.5,58,5084,64498350,12391400,3957060030.0,0.725,0.664,2026-08-27
IEX,39,1765,16269000,1348500,1000281760.5,42,805,12127800,391500,427864564.5,0.745,0.456,2026-08-27
INDHOTEL,49,4224,3938000,195000,3174118000.0,50,1378,2979000,276000,978962450.0,0.756,0.326,2026-08-27
INDIANB,57,2504,3220000,417000,2333403150.0,55,1539,2063000,170000,1343229100.0,0.641,0.615,2026-08-27
INDIGO,39,12521,1733400,146850,10278606412.5,38,8005,1200000,25950,6210081525.0,0.692,0.639,2026-08-27
INDUSINDBK,65,5238,3389400,199500,3863826190.0,64,2422,2665600,37800,1692511450.0,0.786,0.462,2026-08-27
INDUSTOWER,72,10329,13571100,870400,6954114265.0,73,3264,7434100,385900,2106470425.0,0.548,0.316,2026-08-27
INFY,46,37364,17909200,2089200,17844405560.0,46,27277,13198800,1205200,11975792160.0,0.737,0.73,2026-08-27
INOXWIND,33,4087,39641600,7904000,2082045632.0,33,2085,23302400,2028800,941380608.0,0.588,0.51,2026-08-27
IOC,41,5864,32199375,4085250,4154960550.0,43,2921,25642500,911625,1921619992.5,0.796,0.498,2026-08-27
IREDA,41,5549,41847200,7525075,3026752816.25,43,2440,29398925,3715025,1228682526.25,0.703,0.44,2026-08-27
IRFC,69,4711,39754400,4540725,2341042275.25,71,1776,34009325,1394225,811989533.25,0.855,0.377,2026-08-27
ITC,86,32605,76131150,12844350,15915758212.5,86,15161,54744600,2644425,6952590333.75,0.719,0.465,2026-08-27
JINDALSTEL,41,12731,3558750,1588750,9893428875.0,43,8857,3392500,1278125,6384457281.25,0.953,0.696,2026-08-27
JIOFIN,78,18531,72483400,7174550,11276715522.5,77,9215,52407350,3999700,5237332435.0,0.723,0.497,2026-08-27
JSWENERGY,40,8210,3548575,537500,5016567856.25,41,5759,2885300,206400,3311870750.0,0.813,0.701,2026-08-27
JSWSTEEL,48,15905,5360175,1342575,15058052820.0,48,7370,4712850,655425,6436901452.5,0.879,0.463,2026-08-27
JUBLFOOD,70,5605,6327500,663750,3699475937.5,70,1965,3530000,280000,1214300062.5,0.558,0.351,2026-08-27
KALYANKJIL,64,43950,17859150,3049650,39481640055.0,64,16356,10891800,2015550,13696241265.0,0.61,0.372,2026-08-27
KAYNES,48,16133,1158150,151500,10496186175.0,53,6463,779400,92550,3856125360.0,0.673,0.401,2026-08-27
KEI,47,6133,398825,65800,6260024583.75,47,5493,815150,259875,5103755133.75,2.044,0.896,2026-08-27
KFINTECH,37,3989,2892250,309925,2335394326.25,35,2160,1616325,128225,1165518100.0,0.559,0.541,2026-08-27
KOTAKBANK,58,63159,40664000,9574000,55564588200.0,60,39568,36476000,12760000,33114076100.0,0.897,0.626,2026-08-27
KPITTECH,56,3248,4915050,163525,1608762205.0,59,1303,2818675,177475,579627305.0,0.573,0.401,2026-08-27
LAURUSLABS,52,14685,6968300,659600,24626900612.5,52,7764,5499500,1065900,12271909892.5,0.789,0.529,2026-08-27
LICHSGFIN,42,57330,8689000,1912000,32142794950.0,46,33413,9404000,2310000,17679094350.0,1.082,0.583,2026-08-27
LICI,59,5941,15538600,968800,3641954890.0,62,3643,12586000,697200,2107735490.0,0.81,0.613,2026-08-27
LODHA,40,4419,2595625,-85625,3628049437.5,38,2062,2737500,11250,1554552625.0,1.055,0.467,2026-08-27
LT,57,19766,4082575,236250,14555137353.75,57,10305,3148075,236775,7308627427.5,0.771,0.521,2026-08-27
LTF,45,3009,11862000,911250,2300486175.0,44,1548,15504750,-209250,1097612437.5,1.307,0.514,2026-08-27
LTM,66,2789,468900,34800,2000323950.0,63,1334,403200,26850,878437560.0,0.86,0.478,2026-08-27
LUPIN,84,13193,3009000,612000,12830459916.25,79,9969,2339625,736950,9117527103.75,0.778,0.756,2026-08-27
M&M,49,21418,3405000,545000,15132342720.0,48,13891,2388800,277000,9351736900.0,0.702,0.649,2026-08-27
MAHABANK,55,1945,8950500,565500,1154601110.0,55,819,4608500,1586000,451607715.0,0.515,0.421,2026-08-27
MANAPPURAM,60,8082,11553000,4302000,9160707000.0,60,8435,10221000,3570000,8909939100.0,0.885,1.044,2026-08-27
MANKIND,82,1396,427750,18250,876023775.0,80,1625,573250,262000,956470075.0,1.34,1.164,2026-08-27
MARICO,59,4776,3920400,1244400,5036904660.0,55,1918,2330400,204000,1913103540.0,0.594,0.402,2026-08-27
MARUTI,88,33218,1275050,232250,23690630907.5,88,21043,766250,145350,13909668277.5,0.601,0.633,2026-08-27
MAXHEALTH,82,2454,2478000,108675,1372959682.5,73,1449,2109975,133875,762918870.0,0.851,0.59,2026-08-27
MAZDOCK,40,10753,2321325,680175,6793379662.5,42,5554,1414125,338625,3163493790.0,0.609,0.517,2026-08-27
MCX,54,26756,4155300,448875,21156485073.75,57,20695,3488400,-80775,15124302911.25,0.84,0.773,2026-08-27
MFSL,54,1823,1042000,-2800,1216761540.0,58,1188,589200,32400,741447600.0,0.565,0.652,2026-08-27
MIDCPNIFTY,310,37238,2604480,551400,68729351136.0,310,36915,2804760,635400,65392900482.0,1.077,0.991,2026-08-27
MOTHERSON,46,4250,26672550,1346850,4634575425.0,44,2165,28702050,879450,2180355748.5,1.076,0.509,2026-08-27
MOTILALOFS,47,3679,2331200,329375,3141750645.0,46,1725,1353925,23250,1349063580.0,0.581,0.469,2026-08-27
MPHASIS,39,954,564025,31900,673338792.5,37,600,358325,23925,387724947.5,0.635,0.629,2026-08-27
MUTHOOTFIN,48,22127,3130875,449900,20300552635.0,49,24902,2169475,-48125,21361140350.0,0.693,1.125,2026-08-27
NAM-INDIA,42,1396,865000,109375,1148214687.5,44,656,723750,141875,490345156.25,0.837,0.47,2026-08-27
NATIONALUM,37,6647,17092500,1642500,5302906875.0,36,5765,12211875,1822500,4252670625.0,0.714,0.867,2026-08-27
NAUKRI,45,3347,1774850,130900,2591518600.0,42,1906,817300,107800,1402248100.0,0.46,0.569,2026-08-27
NBCC,34,1801,24869000,1644500,1113073260.0,36,812,13312000,533000,468888485.0,0.535,0.451,2026-08-27
NESTLEIND,90,2325,1528000,110000,1760315650.0,91,1290,1048500,60500,939807025.0,0.686,0.555,2026-08-27
NHPC,57,3419,29613950,4531400,1894025120.0,57,4248,31122100,15164900,2181917750.0,1.051,1.242,2026-08-27
NIFTY,785,23596678,286363320,69033555,37842818417621.75,805,23694650,221251275,24352595,37013883166458.25,0.773,1.004,2026-08-27
NIFTYFPI,179,1,4400,0,1819400.0,179,0,0,0,0.0,0.0,0.0,2026-08-27
NIFTYNXT50,441,30,500,275,58248150.0,441,0,0,0,0.0,0.0,0.0,2026-08-27
NMDC,63,9254,57739500,6939000,5792138685.0,66,5921,35255250,-1181250,3365278852.5,0.611,0.64,2026-08-27
NTPC,51,24894,30918000,7894500,13018206750.0,52,9308,15904500,3097500,4563163650.0,0.514,0.374,2026-08-27
NYKAA,41,2172,6328125,-9375,2395880312.5,40,657,2875000,181250,683341406.25,0.454,0.302,2026-08-27
OBEROIRLTY,62,2714,1585150,80500,1887992330.0,59,1365,760550,-5600,872236190.0,0.48,0.503,2026-08-27
OFSS,69,5542,486500,-21900,6986704700.0,72,2510,394100,22000,2931071880.0,0.81,0.453,2026-08-27
OIL,57,941,2434600,204400,648103400.0,57,470,1506400,96600,307096720.0,0.619,0.499,2026-08-27
ONGC,73,13225,34233750,8237250,7235046922.5,72,5501,21282750,2088000,2862201690.0,0.622,0.416,2026-08-27
PAGEIND,63,12947,76720,14680,9901969176.0,61,3649,43200,9280,2564693112.0,0.563,0.282,2026-08-27
PATANJALI,59,1303,4610675,84925,517851848.75,60,901,3806575,51600,326542967.5,0.826,0.691,2026-08-27
PAYTM,56,11504,8333875,388600,15128738342.5,58,11539,7234775,1120125,14000398512.5,0.868,1.003,2026-08-27
PERSISTENT,41,8249,848125,37250,6167765456.25,41,4376,480500,13625,3018583656.25,0.567,0.53,2026-08-27
PETRONET,39,2176,6600600,-112100,1268642065.0,39,658,4276900,144400,361590615.0,0.648,0.302,2026-08-27
PFC,67,18642,25162800,3004300,9142792945.0,66,11271,18172700,1970800,5289157380.0,0.722,0.605,2026-08-27
PGEL,43,9156,3408600,786600,5568672475.0,38,3238,2246750,511100,1802467727.5,0.659,0.354,2026-08-27
PHOENIXLTD,66,726,449400,58100,525296292.5,67,617,344050,44800,407998307.5,0.766,0.85,2026-08-27
PIDILITIND,58,2078,607000,93500,1788655425.0,60,836,382000,63500,676783975.0,0.629,0.402,2026-08-27
PIIND,46,4390,955150,64050,2030547846.25,45,1710,765625,18550,727223586.25,0.802,0.39,2026-08-27
PNB,76,4994,48272000,4560000,4875849840.0,74,2470,37672000,2200000,2271346000.0,0.78,0.495,2026-08-27
PNBHOUSING,44,1746,1824550,51350,1428581927.5,44,583,956150,35750,442730795.0,0.524,0.334,2026-08-27
POLICYBZR,57,3589,1288350,-27300,2440254337.5,60,2766,1238300,401450,1743424725.0,0.961,0.771,2026-08-27
POLYCAB,67,20975,922500,98625,24844172231.25,66,12258,898750,282625,13650984668.75,0.974,0.584,2026-08-27
POWERGRID,84,12799,27352400,6178800,6856652360.0,82,6282,20164700,3140700,3094361945.0,0.737,0.491,2026-08-27
POWERINDIA,54,27948,216400,7500,25760829781.25,51,9649,150625,16750,8063221340.0,0.696,0.345,2026-08-27
PREMIERENE,41,12185,4632550,1163500,8552969587.5,40,7353,3183050,1355900,4612149197.5,0.687,0.603,2026-08-27
PRESTIGE,54,1357,909900,48150,1045005345.0,58,885,1083150,97650,627147945.0,1.19,0.652,2026-08-27
RADICO,52,718,235950,15600,521723962.5,52,1018,175650,6300,668932717.5,0.744,1.418,2026-08-27
RBLBANK,56,2566,7924800,212725,3280202513.75,57,687,4800600,342900,834741155.0,0.606,0.268,2026-08-27
RECLTD,59,8518,17526600,1789200,4553343033.75,60,5009,15844500,1209600,2535146302.5,0.904,0.588,2026-08-27
RELIANCE,91,108749,55750000,6073000,74010105825.0,92,56113,41659000,4376500,36210591600.0,0.747,0.516,2026-08-27
RVNL,42,8436,17550225,3540075,3791666879.0,42,4234,13680975,1278200,1770117868.75,0.78,0.502,2026-08-27
SAGILITY,33,4649,27924000,7308000,2703088440.0,32,1962,17772000,8712000,1047225720.0,0.636,0.422,2026-08-27
SAIL,55,1029,17850600,-2716600,988873091.0,58,903,19147800,-1945800,798050318.0,1.073,0.878,2026-08-27
SBICARD,47,4998,4668000,-184000,2767795320.0,47,2281,3813600,109600,1154314080.0,0.817,0.456,2026-08-27
SBILIFE,66,10514,2489625,484875,7358878781.25,63,3992,1378875,276750,2596119225.0,0.554,0.38,2026-08-27
SBIN,78,38606,39188250,3259500,31965392062.5,77,20573,27135750,820500,15935857837.5,0.692,0.533,2026-08-27
SHREECEM,70,1825,43925,1200,1224374502.5,68,923,23400,-950,544472680.0,0.533,0.506,2026-08-27
SHRIRAMFIN,44,15086,7017450,1103850,14529561667.5,43,12530,5114175,266475,11339405467.5,0.729,0.831,2026-08-27
SIEMENS,54,13279,1192625,11550,9997853433.75,52,3262,873075,53200,2286195598.75,0.732,0.246,2026-08-27
SOLARINDS,55,32728,441650,141450,35483367885.0,58,11079,249150,43100,11022146502.5,0.564,0.339,2026-08-27
SONACOMS,51,6410,5583550,637000,6758941297.5,46,1763,2908150,143325,1724974256.25,0.521,0.275,2026-08-27
SRF,41,6610,911600,63600,3605119530.0,40,3072,890200,67000,1606273020.0,0.977,0.465,2026-08-27
SUNPHARMA,66,9241,3717700,417900,6380918057.5,63,7084,2913400,545650,4666326787.5,0.784,0.767,2026-08-27
SUPREMEIND,51,7146,355425,118300,4715687112.5,49,1880,186725,7875,1169126026.25,0.525,0.263,2026-08-27
SUZLON,48,3108,128435100,14109700,2016644938.0,45,1050,65747900,2197100,614941747.0,0.512,0.338,2026-08-27
SWIGGY,44,7472,18330300,1834125,4163481817.5,44,3037,12107050,1315825,1549265860.0,0.66,0.406,2026-08-27
TATACONSUM,78,5830,3615700,1036750,3549884690.0,74,4609,3467750,774400,2558418472.5,0.959,0.791,2026-08-27
TATAELXSI,57,2330,623125,39500,1132029937.5,58,1141,433000,30750,503803237.5,0.695,0.49,2026-08-27
TATAPOWER,60,62892,38001600,13113800,34165365377.5,60,43121,26455250,7654550,22222557030.0,0.696,0.686,2026-08-27
TATASTEEL,58,46555,74008000,10048500,25394342352.5,57,28142,59504500,7854000,14464851252.5,0.804,0.604,2026-08-27
TCS,87,26552,8027550,771975,14473577385.0,91,18525,8050725,545625,9226341810.0,1.003,0.698,2026-08-27
TECHM,54,8490,3299400,751200,8619902280.0,54,5795,2943600,922200,5385221010.0,0.892,0.683,2026-08-27
TIINDIA,48,2623,538200,35400,1604661010.0,50,2037,326600,46600,1089626370.0,0.607,0.777,2026-08-27
TITAN,62,29862,2248750,211925,27878390478.75,62,19411,1756125,270725,17140914000.0,0.781,0.65,2026-08-27
TMPV,65,26499,36124800,2656000,14538871840.0,64,12299,30100800,2718400,6065113840.0,0.833,0.464,2026-08-27
TORNTPHARM,68,5315,394375,25875,3434889850.0,65,1290,265125,1375,781887593.75,0.672,0.243,2026-08-27
TRENT,41,9518,2671425,289575,6591345108.75,41,3977,1490625,67050,2594464425.0,0.558,0.418,2026-08-27
TVSMOTOR,53,10225,1244600,102200,8243167913.75,54,6765,885150,136150,5158413636.25,0.711,0.662,2026-08-27
ULTRACEMCO,91,15090,434500,136150,9127280757.5,96,6119,201400,50700,3554645440.0,0.464,0.406,2026-08-27
UNIONBANK,50,7019,29023575,2376225,6173363741.25,50,5215,22355100,9155325,4246764628.5,0.77,0.743,2026-08-27
UNITDSPR,46,2975,1469600,289200,1893910540.0,47,1698,969600,36400,1039107780.0,0.66,0.571,2026-08-27
UNOMINDA,43,5620,872850,586300,4124620555.0,44,996,383350,182050,670585657.5,0.439,0.177,2026-08-27
UPL,47,4155,6399665,430890,3449240507.25,49,2200,6143570,111110,1713906844.5,0.96,0.529,2026-08-27
VBL,41,22900,26921625,294525,13163082787.5,41,13833,17471325,2435250,7383449328.75,0.649,0.604,2026-08-27
VEDL,48,26675,24619200,3828350,9242174640.0,48,18120,18653000,4102050,5865453100.0,0.758,0.679,2026-08-27
VMM,42,3661,17731600,1843000,2110282530.0,40,2255,10752450,1411350,1182090063.5,0.606,0.616,2026-08-27
VOLTAS,51,11892,4107750,254250,5810056162.5,51,6460,3183750,103125,2956847962.5,0.775,0.543,2026-08-27
WAAREEENER,47,6198,1444450,163800,3013653238.75,47,1949,996625,92925,879406946.25,0.69,0.314,2026-08-27
WIPRO,55,10071,47946000,4956000,5749360860.0,56,6776,37971000,5094000,3541710360.0,0.792,0.673,2026-08-27
YESBANK,28,3849,224573100,12813200,2861654993.0,27,1940,161377900,15456700,1314828073.0,0.719,0.504,2026-08-27
ZYDUSLIFE,75,19494,3027600,492300,21489846435.0,75,8163,2289600,525600,8404453170.0,0.756,0.419,2026-08-27
360ONE,40,2190,1573000,199500,1397750150.0,43,603,928000,88000,352785650.0,0.59,0.275,2026-08-28
ABB,56,4386,563375,45250,4345928137.5,56,2935,520375,22875,2728358156.25,0.924,0.669,2026-08-28
ABCAPITAL,61,1810,9616200,651000,2402946865.0,59,1101,11749000,238700,1376120225.0,1.222,0.608,2026-08-28
ADANIENSOL,63,6891,3457350,-67500,7817938053.75,61,3609,1900800,70200,3872262611.25,0.55,0.524,2026-08-28
ADANIENT,46,12035,4005258,18231,12287222682.3,45,6800,2884515,21012,6484938921.150001,0.72,0.565,2026-08-28
ADANIGREEN,60,6921,4730400,311400,5803480170.0,59,2732,3402600,126000,2164304760.0,0.719,0.395,2026-08-28
ADANIPORTS,67,15162,6272850,686850,12831361033.75,67,7302,4255050,93575,5963840555.0,0.678,0.482,2026-08-28
ADANIPOWER,40,19726,47861100,7895200,16158891633.0,39,8023,32518000,3017500,5929631349.5,0.679,0.407,2026-08-28
ALKEM,78,3331,245375,29375,2352564275.0,76,1870,157250,26125,1201181131.25,0.641,0.561,2026-08-28
AMBER,63,10939,715600,42400,8903110860.0,65,4515,486600,-16200,3434822805.0,0.68,0.413,2026-08-28
AMBUJACEM,67,6357,11361600,1096800,3295503420.0,65,2627,8367600,154800,1307660520.0,0.736,0.413,2026-08-28
ANGELONE,50,5375,18190000,2217500,4221748250.0,51,2483,11700000,720000,1825884875.0,0.643,0.462,2026-08-28
APLAPOLLO,69,16131,1369200,-158550,13159667605.0,69,6479,849800,148750,5008180170.0,0.621,0.402,2026-08-28
APOLLOHOSP,59,10939,815250,29000,12556762093.75,57,5285,702000,30875,5767624925.0,0.861,0.483,2026-08-28
ASHOKLEY,53,7398,53605000,4125000,6964824400.0,52,3411,42560000,2245000,2992618600.0,0.794,0.461,2026-08-28
ASIANPAINT,93,9939,3219750,209750,6795620825.0,88,6116,2219750,90500,3932199275.0,0.689,0.615,2026-08-28
ASTRAL,59,7944,1736975,-67150,5448123237.5,60,2381,1007675,-4250,1515371733.75,0.58,0.3,2026-08-28
ATHERENERG,61,63317,2606625,2112000,39930021487.5,63,19187,1584375,1318875,11277257137.5,0.608,0.303,2026-08-28
AUBANK,45,6964,5851000,621000,8024251750.0,44,3329,4214000,240000,3622351500.0,0.72,0.478,2026-08-28
AUROPHARMA,54,8025,2615250,561000,7561795120.0,53,3047,1412400,109450,2704164210.0,0.54,0.38,2026-08-28
AXISBANK,50,19199,13461875,136250,15650794343.75,49,13764,12069375,286875,10791441375.0,0.897,0.717,2026-08-28
BAJAJ-AUTO,70,39418,695475,59550,36630204097.5,71,17474,672450,107475,15451581821.25,0.967,0.443,2026-08-28
BAJAJFINSV,68,4768,3336000,27900,2995199175.0,66,3146,2532900,13200,1845343110.0,0.759,0.66,2026-08-28
BAJAJHLDNG,58,564,38775,7650,505464307.5,58,37,21150,0,30586665.0,0.545,0.066,2026-08-28
BAJFINANCE,77,13174,12618000,548250,11173331962.5,75,14388,10491000,1803750,11480441100.0,0.831,1.092,2026-08-28
BANDHANBNK,38,2884,21207600,1954800,1892709144.0,34,1756,16999200,1108800,1074263148.0,0.802,0.609,2026-08-28
BANKBARODA,43,5938,38460825,1172925,4396206350.25,42,3312,35456850,529425,2292316737.75,0.922,0.558,2026-08-28
BANKINDIA,39,4762,29541200,11362000,3901470924.0,39,891,22500400,275600,648529544.0,0.762,0.187,2026-08-28
BANKNIFTY,427,799240,11731170,419010,1429008861670.5,429,713787,13325550,643050,1221701388937.5,1.136,0.893,2026-08-28
BDL,50,18057,5754075,1245250,10745052427.5,52,12934,3648625,442000,7136667957.5,0.634,0.716,2026-08-28
BEL,60,16628,31223175,2664750,10147336935.0,63,7029,25935000,1225500,4118402688.75,0.831,0.423,2026-08-28
BHARATFORG,86,4073,2522000,140500,4329160375.0,80,2620,2104000,37500,2660532925.0,0.834,0.643,2026-08-28
BHARTIARTL,71,37608,15400450,2362650,35069262017.5,70,21720,10090425,981350,19386362933.75,0.655,0.578,2026-08-28
BHEL,72,11673,23966250,963375,14061120412.5,71,6663,17122875,-813750,7481996156.25,0.714,0.571,2026-08-28
BIOCON,56,4501,14792500,1375000,4898693000.0,56,3447,12162500,80000,3530603000.0,0.822,0.766,2026-08-28
BLUESTARCO,62,2373,1274650,204750,1211593386.25,61,841,855075,100750,398759725.0,0.671,0.354,2026-08-28
BOSCHLTD,62,4920,102475,8225,6302398896.25,62,3624,73100,2225,4312414893.75,0.713,0.737,2026-08-28
BPCL,47,3149,8458925,570775,2067852353.75,46,2141,6037575,156025,1336841357.5,0.714,0.68,2026-08-28
BRITANNIA,73,5286,738750,40125,3652672875.0,74,2643,644000,13250,1725611825.0,0.872,0.5,2026-08-28
BSE,35,75237,8011600,-169800,54628403280.0,35,36833,5804000,482200,24413697590.0,0.724,0.49,2026-08-28
CAMS,63,9663,3739725,136950,6359866053.75,60,3995,2546775,70950,2454730822.5,0.681,0.413,2026-08-28
CANBK,39,4460,53244000,1768500,4070730802.5,42,2311,47877750,1140750,1961740890.0,0.899,0.518,2026-08-28
CDSL,50,11642,6230575,427975,8239037093.75,51,5116,4357650,161500,3351273318.75,0.699,0.439,2026-08-28
CGPOWER,41,8794,5038800,-64600,7041167270.0,39,4383,4027300,-104550,3238940640.0,0.799,0.498,2026-08-28
CHOLAFIN,63,2511,2200625,36875,3085504625.0,59,1345,1451250,16875,1547358500.0,0.659,0.536,2026-08-28
CIPLA,93,5013,4150125,169150,3140164477.5,90,2295,2799050,36125,1362966053.75,0.674,0.458,2026-08-28
COALINDIA,65,39652,31893750,5753700,22299623460.0,65,15931,20437650,2068200,8571493035.0,0.641,0.402,2026-08-28
COCHINSHIP,52,3069,2896000,64000,1992086360.0,53,1321,1423600,13600,806497340.0,0.492,0.43,2026-08-28
COFORGE,83,68178,5272025,1319075,67009877801.25,85,31928,5302900,2118025,29498469427.5,1.006,0.468,2026-08-28
COLPAL,80,3376,2287725,174075,1802619706.25,82,2108,2162600,105875,1049331717.5,0.945,0.624,2026-08-28
CONCOR,81,19969,5441250,1011250,13426739375.0,81,4450,3088750,475000,2851012812.5,0.568,0.223,2026-08-28
CROMPTON,47,14180,19715500,2696100,7675134500.0,46,7312,12145350,769700,3712776627.5,0.616,0.516,2026-08-28
CUMMINSIND,42,4530,830800,76400,4942242150.0,42,2483,897800,90000,2499910910.0,1.081,0.548,2026-08-28
DABUR,68,4811,12260000,698750,2455898312.5,68,2515,9306250,653750,1205428687.5,0.759,0.523,2026-08-28
DELHIVERY,71,4301,11045225,491775,4355029090.0,70,1536,7523950,527050,1479857318.75,0.681,0.357,2026-08-28
DIVISLAB,58,42438,1429400,199700,40610565195.0,58,28872,1550900,320400,25759228185.0,1.085,0.68,2026-08-28
DIXON,41,55231,1533000,-30100,42733880657.5,42,23456,980250,-42450,16581822040.0,0.639,0.425,2026-08-28
DLF,48,5100,7665550,564300,3453038862.5,49,2490,4983700,341050,1576302510.0,0.65,0.488,2026-08-28
DMART,60,6051,1634100,132000,3683834797.5,60,2278,1115100,1050,1288905262.5,0.682,0.376,2026-08-28
DRREDDY,87,6711,6726875,400625,5150513781.25,87,3100,4604375,200000,2255418187.5,0.684,0.462,2026-08-28
EICHERMOT,59,9778,1001100,82600,8192911695.0,60,6273,714100,46800,5013369090.0,0.713,0.642,2026-08-28
ETERNAL,46,12396,45340225,836625,10401906550.0,48,7193,21832275,795400,5598664915.0,0.482,0.58,2026-08-28
FEDERALBNK,51,5061,17772500,1417500,4583046000.0,50,2838,12482500,430000,2450390875.0,0.702,0.561,2026-08-28
FINNIFTY,197,4513,184500,28380,7362908667.0,197,9913,116400,29880,15652482102.0,0.631,2.197,2026-08-28
FORCEMOT,33,2138,100175,4150,999301225.0,35,418,43575,-600,185204858.75,0.435,0.196,2026-08-28
FORTIS,69,6015,1560850,313100,4521354998.75,69,2162,1164050,7750,1559306820.0,0.746,0.359,2026-08-28
GAIL,54,2855,22116500,472150,1831362249.5,55,1319,14888700,706450,809602740.5,0.673,0.462,2026-08-28
GLENMARK,80,12494,1701000,103125,12145235718.75,82,5232,1281750,288750,4781282775.0,0.754,0.419,2026-08-28
GMRAIRPORT,80,2388,42149925,3585150,1745015334.75,74,1245,41173425,1506600,853557115.5,0.977,0.521,2026-08-28
GODFRYPHLP,40,2351,345125,29150,1504561148.75,37,312,250800,17875,180305303.75,0.727,0.133,2026-08-28
GODREJCP,78,4940,4864000,171500,2387273325.0,78,1871,3699000,182500,866826575.0,0.76,0.379,2026-08-28
GODREJPROP,69,7442,2168075,187525,5267271815.0,69,2347,1164475,77675,1551972825.0,0.537,0.315,2026-08-28
GRASIM,108,5939,1725000,-8750,5031830300.0,107,3267,858500,37250,2675745900.0,0.498,0.55,2026-08-28
GVT&D,40,5649,890125,-500,3343309681.25,42,3002,495000,6125,1633168412.5,0.556,0.531,2026-08-28
HAL,64,13200,2573550,192900,10198691265.0,65,6513,1828950,83700,4735104630.0,0.711,0.493,2026-08-28
HAVELLS,42,9055,1972500,442000,5786948025.0,43,7308,1402000,385000,4403630675.0,0.711,0.807,2026-08-28
HCLTECH,87,36115,5159200,1085200,20135823580.0,88,15789,3537200,388000,8293025320.0,0.686,0.437,2026-08-28
HDFCAMC,43,4021,1233600,13800,3295833750.0,42,2389,937200,15300,1806159015.0,0.76,0.594,2026-08-28
HDFCBANK,64,162869,115516700,1489150,80354984905.0,61,62786,76787750,1064050,28958659372.5,0.665,0.386,2026-08-28
HDFCLIFE,82,7546,15704700,133100,4748613375.0,83,3355,12174800,79200,2008841560.0,0.775,0.445,2026-08-28
HEROMOTOCO,44,20072,1432500,91050,17864775660.0,43,8298,861150,64650,6880094572.5,0.601,0.413,2026-08-28
HINDALCO,42,12099,10220000,1305500,9257324125.0,42,8510,8009400,663600,5989222400.0,0.784,0.703,2026-08-28
HINDPETRO,47,4126,9379800,1320300,3232034763.75,45,1993,7449975,-113400,1493925525.0,0.794,0.483,2026-08-28
HINDUNILVR,82,11172,7454100,555000,7053336510.0,80,6233,5692200,247500,3732443850.0,0.764,0.558,2026-08-28
HINDZINC,48,27892,23157400,2271150,22489860750.0,53,10717,17651025,501025,7952906535.0,0.762,0.384,2026-08-28
HYUNDAI,75,4193,915200,38775,2707302042.5,72,1459,759275,129250,881060592.5,0.83,0.348,2026-08-28
ICICIBANK,89,37007,17472000,1245300,38305751085.0,88,28251,13568100,-652400,28436255050.0,0.777,0.763,2026-08-28
ICICIGI,62,5508,1370200,383500,2967961977.5,63,3782,822575,280150,1921561118.75,0.6,0.687,2026-08-28
ICICIPRULI,69,2015,2667700,133200,997055788.75,71,1144,2633475,2775,533991492.5,0.987,0.568,2026-08-28
IDEA,27,12989,1391761200,89558175,15325910370.75,27,5537,709174950,31949325,5608358064.75,0.51,0.426,2026-08-28
IDFCFIRSTB,57,8352,112561400,23577050,6897619015.0,58,3000,67614750,3116400,2327469891.25,0.601,0.359,2026-08-28
IEX,39,1275,17286900,1017900,717642555.0,42,426,12441000,313200,223231995.0,0.72,0.334,2026-08-28
INDHOTEL,49,4136,4400000,462000,3075437350.0,50,3752,3446000,467000,2657630900.0,0.783,0.907,2026-08-28
INDIANB,59,1777,3280000,60000,1648181250.0,57,696,2127000,64000,600411650.0,0.648,0.392,2026-08-28
INDIGO,40,12481,2110800,377400,10179150510.0,39,7182,1308450,108450,5546203987.5,0.62,0.575,2026-08-28
INDUSINDBK,65,4832,3683400,294000,3545477075.0,64,3429,2908500,242900,2387815325.0,0.79,0.71,2026-08-28
INDUSTOWER,72,4695,13504800,-66300,3180805910.0,73,1191,7515700,81600,772607075.0,0.557,0.254,2026-08-28
INFY,46,86568,19155200,1246000,41663280980.0,46,47525,13410000,211200,21327174660.0,0.7,0.549,2026-08-28
INOXWIND,36,1930,40518400,876800,970365376.0,36,1091,23718400,416000,489066688.0,0.585,0.565,2026-08-28
IOC,42,3645,33949500,1750125,2572409141.25,44,1563,26539500,897000,1023326313.75,0.782,0.429,2026-08-28
IREDA,42,4111,45340500,3493300,2233252888.75,44,1197,30521125,1122200,604103835.25,0.673,0.291,2026-08-28
IRFC,74,3714,43220975,3466575,1818471772.25,75,1590,35745325,1736000,719285614.25,0.827,0.428,2026-08-28
ITC,86,33086,84193800,8062650,15913944633.75,86,13843,55971075,1226475,6359821166.25,0.665,0.418,2026-08-28
JINDALSTEL,41,10929,3843125,284375,8452849437.5,43,6595,3462500,70000,4798612500.0,0.901,0.603,2026-08-28
JIOFIN,80,17501,80689600,8206200,10559523370.0,79,6002,55131000,2723650,3376624525.0,0.683,0.343,2026-08-28
JSWENERGY,40,1653,3857100,308525,1004969608.75,41,845,3004625,119325,489470075.0,0.779,0.511,2026-08-28
JSWSTEEL,49,10211,6320700,960525,9656192216.25,49,4041,4856625,143775,3591918472.5,0.768,0.396,2026-08-28
JUBLFOOD,70,3414,6233750,-93750,2233583062.5,70,1613,3632500,102500,997053500.0,0.583,0.472,2026-08-28
KALYANKJIL,66,16861,19570950,1711800,15195084975.0,67,7634,11379150,487350,6340965727.5,0.581,0.453,2026-08-28
KAYNES,48,8580,1171350,13200,5507907555.0,53,3711,816150,36750,2192364592.5,0.697,0.433,2026-08-28
KEI,47,3673,438900,40075,3748011076.25,47,2187,840525,25375,2029375530.0,1.915,0.595,2026-08-28
KFINTECH,37,1997,2994600,102350,1173643367.5,35,599,1645075,28750,325736407.5,0.549,0.3,2026-08-28
KOTAKBANK,60,19624,43530000,2866000,17249654700.0,62,16895,39046000,2570000,14166541400.0,0.897,0.861,2026-08-28
KPITTECH,59,44001,6039575,1124525,22069786018.75,62,11193,3099225,280550,5160954748.75,0.513,0.254,2026-08-28
LAURUSLABS,57,11769,7213950,245650,19892551572.5,57,5937,5938100,438600,9411698950.0,0.823,0.504,2026-08-28
LICHSGFIN,45,1100,8102000,-587000,617067650.0,48,766,9077000,-327000,401867450.0,1.12,0.696,2026-08-28
LICI,61,14188,16269400,730800,8629299350.0,63,6333,13834800,1248800,3654810180.0,0.85,0.446,2026-08-28
LODHA,42,4609,2633750,38125,3800678718.75,40,1468,2734375,-3125,1106021093.75,1.038,0.319,2026-08-28
LT,57,20488,4499950,417375,15024405838.75,57,9323,3161375,13300,6643011523.75,0.703,0.455,2026-08-28
LTF,45,3293,12726000,864000,2495286900.0,44,1484,15788250,283500,1045872787.5,1.241,0.451,2026-08-28
LTM,77,63912,807750,338850,46770382965.0,77,16713,620100,216900,11512824817.5,0.768,0.262,2026-08-28
LUPIN,88,5881,3546200,537200,5708093378.75,83,1932,2363425,23800,1766222883.75,0.666,0.329,2026-08-28
M&M,52,24224,4035200,630200,16911339650.0,51,13527,2561000,172200,9016489380.0,0.635,0.558,2026-08-28
MAHABANK,59,860,9477000,526500,504291840.0,59,432,4602000,-6500,229278205.0,0.486,0.502,2026-08-28
MANAPPURAM,60,3273,12990000,1437000,3662375850.0,60,1500,10275000,54000,1544076900.0,0.791,0.458,2026-08-28
MANKIND,84,2211,521250,93500,1405826850.0,82,616,595500,22250,363460000.0,1.142,0.279,2026-08-28
MARICO,59,2334,4004400,84000,2441792100.0,55,1136,2401200,70800,1144191300.0,0.6,0.487,2026-08-28
MARUTI,91,37694,1463100,188050,26602614465.0,91,19034,829650,63400,12541520392.5,0.567,0.505,2026-08-28
MAXHEALTH,82,2744,2562525,84525,1525563165.0,73,1594,2107875,-2100,855321836.25,0.823,0.581,2026-08-28
MAZDOCK,42,7627,2383200,61875,4724802888.75,44,2706,1409850,-4275,1558492211.25,0.592,0.355,2026-08-28
MCX,57,28293,3986100,-169200,22410595215.0,59,19499,3615750,127350,14306775232.5,0.907,0.689,2026-08-28
MFSL,59,2046,1034800,-7200,1351075400.0,61,510,606400,17200,316735680.0,0.586,0.249,2026-08-28
MIDCPNIFTY,310,43139,3186960,582480,79585137132.0,310,38184,3346080,541320,67657605666.0,1.05,0.885,2026-08-28
MOTHERSON,46,2509,27293700,621150,2722705798.5,44,1309,28831200,129150,1319733051.0,1.056,0.522,2026-08-28
MOTILALOFS,47,4124,2293225,-37975,3533229960.0,46,1144,1377950,24025,905765052.5,0.601,0.277,2026-08-28
MPHASIS,39,7506,724625,160600,5362894927.5,37,2380,461175,102850,1595327470.0,0.636,0.317,2026-08-28
MUTHOOTFIN,51,9146,3167450,36575,8281778491.25,52,4721,2073500,-95975,3973067257.5,0.655,0.516,2026-08-28
NAM-INDIA,45,931,965625,100625,756790312.5,46,521,768125,44375,378444812.5,0.795,0.56,2026-08-28
NATIONALUM,40,7391,20566875,3474375,5887198687.5,39,2323,12566250,354375,1675588875.0,0.611,0.314,2026-08-28
NAUKRI,45,15733,2208800,433950,12308684052.5,42,4408,936100,118800,3264975807.5,0.424,0.28,2026-08-28
NBCC,36,1603,26052000,1183000,982199660.0,37,691,14553500,1241500,382881590.0,0.559,0.431,2026-08-28
NESTLEIND,90,1716,1728000,200000,1291842525.0,91,1000,1124000,75500,714682375.0,0.65,0.583,2026-08-28
NHPC,58,3560,33075050,3461100,1944552106.5,58,2365,33978550,2856450,1220318391.0,1.027,0.664,2026-08-28
NIFTY,787,41819369,291247580,4884260,66627730486109.0,807,46221890,259053100,37801825,72109921258638.25,0.889,1.105,2026-08-28
NIFTYFPI,180,0,4400,0,0.0,180,0,0,0,0.0,0.0,,2026-08-28
NIFTYNXT50,443,6,600,100,11338225.0,443,42,375,375,79491862.5,0.625,7.0,2026-08-28
NMDC,68,7141,61715250,3975750,4432644945.0,69,3175,36409500,1154250,1833516675.0,0.59,0.445,2026-08-28
NTPC,53,15253,32485500,1567500,7863428700.0,54,5120,16543500,639000,2541531975.0,0.509,0.336,2026-08-28
NYKAA,41,1475,6975000,646875,1619842031.25,40,473,3112500,237500,500034062.5,0.446,0.321,2026-08-28
OBEROIRLTY,62,4358,1879850,294700,3000754872.5,59,976,844200,83650,628320000.0,0.449,0.224,2026-08-28
OFSS,69,31016,698500,212000,40003700445.0,72,11051,542100,148000,13209894580.0,0.776,0.356,2026-08-28
OIL,57,4989,2966600,532000,3523395750.0,57,1985,1646400,140000,1317430870.0,0.555,0.398,2026-08-28
ONGC,73,10289,39179250,4945500,5601894322.5,72,4200,21645000,362250,2188160955.0,0.552,0.408,2026-08-28
PAGEIND,65,4384,85980,9260,3355687160.0,63,1091,43700,500,762097398.0,0.508,0.249,2026-08-28
PATANJALI,59,2489,5537325,926650,993710757.5,60,964,3881825,75250,361081588.75,0.701,0.387,2026-08-28
PAYTM,59,18830,10068075,1734200,24414827400.0,62,10645,6836750,-398025,12919343871.25,0.679,0.565,2026-08-28
PERSISTENT,41,56842,1226625,378500,43506824000.0,41,29119,924500,444000,20726780975.0,0.754,0.512,2026-08-28
PETRONET,40,1355,6746900,146300,782911530.0,40,544,4474500,197600,295862300.0,0.663,0.401,2026-08-28
PFC,69,11589,28385500,3222700,5664195615.0,68,4841,19457100,1284400,2258994530.0,0.685,0.418,2026-08-28
PGEL,46,2948,3665100,256500,1778595700.0,42,1299,2236300,-10450,723832217.5,0.61,0.441,2026-08-28
PHOENIXLTD,66,717,469700,20300,514067837.5,67,601,394100,50050,392170765.0,0.839,0.838,2026-08-28
PIDILITIND,58,2137,720500,113500,1824247525.0,60,1529,524000,142000,1245516850.0,0.727,0.715,2026-08-28
PIIND,49,6841,1176000,220850,3129502923.75,47,3323,801850,36225,1432227580.0,0.682,0.486,2026-08-28
PNB,77,6953,53872000,5600000,6768130800.0,75,2994,37840000,168000,2749001200.0,0.702,0.431,2026-08-28
PNBHOUSING,45,1416,1788800,-35750,1147479255.0,45,671,998400,42250,507075465.0,0.558,0.474,2026-08-28
POLICYBZR,57,1742,1351700,63350,1175603992.5,60,1160,1292200,53900,731701390.0,0.956,0.666,2026-08-28
POLYCAB,67,8652,903750,-18750,10265455475.0,66,5743,969625,70875,6445587243.75,1.073,0.664,2026-08-28
POWERGRID,85,6306,28270100,917700,3347823180.0,83,2587,20067800,-96900,1301411555.0,0.71,0.41,2026-08-28
POWERINDIA,58,8544,230225,13825,7837722620.0,55,3240,146650,-3975,2708094637.5,0.637,0.379,2026-08-28
PREMIERENE,41,24357,4739800,107250,16998696227.5,40,13081,3197350,14300,8354050412.5,0.675,0.537,2026-08-28
PRESTIGE,56,2545,1272150,362250,1972467045.0,60,1074,1127700,44550,758640262.5,0.886,0.422,2026-08-28
RADICO,52,664,261450,25500,480029145.0,52,434,193800,18150,294916162.5,0.741,0.654,2026-08-28
RBLBANK,58,973,8286750,361950,1248645585.0,59,474,4848225,47625,565659905.0,0.585,0.487,2026-08-28
RECLTD,59,7113,19347300,1820700,3777056403.75,60,3359,16425675,581175,1691091123.75,0.849,0.472,2026-08-28
RELIANCE,94,94745,59878000,4128000,64213657100.0,93,40703,44403500,2744500,26123622300.0,0.742,0.43,2026-08-28
RVNL,42,4677,19292350,1742125,2086931346.5,42,1998,14069825,388850,830594957.5,0.729,0.427,2026-08-28
SAGILITY,33,10936,34548000,6624000,6454243800.0,32,3273,23148000,5376000,1758129960.0,0.67,0.299,2026-08-28
SAIL,55,586,16854200,-996400,574133106.0,58,194,18776500,-371300,168257180.0,1.114,0.331,2026-08-28
SBICARD,51,3658,4906400,238400,2002132160.0,51,2301,3928000,114400,1163423400.0,0.801,0.629,2026-08-28
SBILIFE,66,5452,2729625,240000,3764128781.25,63,2517,1431750,52875,1651203900.0,0.525,0.462,2026-08-28
SBIN,80,34959,38955000,-233250,28966765162.5,80,15474,28293000,1157250,12065590387.5,0.726,0.443,2026-08-28
SHREECEM,73,4040,60600,16675,2602117905.0,70,1640,28475,5075,978455808.75,0.47,0.406,2026-08-28
SHRIRAMFIN,44,8865,8664150,1646700,8592506175.0,43,5054,5449950,335775,4558911101.25,0.629,0.57,2026-08-28
SIEMENS,58,4452,1247400,54775,3339929932.5,57,1614,897225,24150,1140879582.5,0.719,0.363,2026-08-28
SOLARINDS,58,15251,521500,79850,16706451047.5,61,5669,261750,12600,5606552052.5,0.502,0.372,2026-08-28
SONACOMS,53,6104,6959225,1375675,6479412590.0,49,2019,3296475,388325,1991113897.5,0.474,0.331,2026-08-28
SRF,41,2288,935400,23800,1244146650.0,40,995,917800,27600,509758920.0,0.981,0.435,2026-08-28
SUNPHARMA,68,8135,3968300,250600,5638557155.0,67,5129,3061450,148050,3449143407.5,0.771,0.63,2026-08-28
SUPREMEIND,54,16282,530075,174650,10980019496.25,53,3068,237650,50925,1941087881.25,0.448,0.188,2026-08-28
SUZLON,48,2975,133337300,4902200,1924652996.0,45,972,67983100,2235200,574756661.0,0.51,0.327,2026-08-28
SWIGGY,46,4016,18932550,602250,2248223522.5,46,1081,12136250,29200,551606615.0,0.641,0.269,2026-08-28
TATACONSUM,80,3002,3909950,294250,1810952522.5,76,1896,3482600,14850,1069628175.0,0.891,0.632,2026-08-28
TATAELXSI,59,14509,678125,55000,7120362906.25,59,3629,477250,44250,1649075456.25,0.704,0.25,2026-08-28
TATAPOWER,65,18635,38833900,832300,10054820332.5,65,7964,26723500,268250,4071601232.5,0.688,0.427,2026-08-28
TATASTEEL,60,37786,89889250,15881250,20413782702.5,60,18949,63076750,3572250,9739558235.0,0.702,0.501,2026-08-28
TCS,92,130325,9382950,1355400,71718052578.75,94,65612,9013275,962550,33910535272.5,0.961,0.503,2026-08-28
TECHM,55,27256,4059600,760200,28058494770.0,54,14101,3895800,952200,13568439720.0,0.96,0.517,2026-08-28
TIINDIA,48,1565,585400,47200,957522890.0,50,817,345000,18400,443878970.0,0.589,0.522,2026-08-28
TITAN,62,10778,2283400,34650,10073991348.75,62,8540,1815275,59150,7587131650.0,0.795,0.792,2026-08-28
TMPV,65,13176,38326400,2201600,7147919280.0,65,5829,30924800,824000,2921544960.0,0.807,0.442,2026-08-28
TORNTPHARM,72,7083,424625,30250,4595409162.5,70,1749,287125,22000,1080853156.25,0.676,0.247,2026-08-28
TRENT,42,10032,2914425,243000,6894036618.75,42,4508,1485000,-5625,2961094646.25,0.51,0.449,2026-08-28
TVSMOTOR,70,69487,2263450,1018850,54645495660.0,71,57002,1405950,520800,41999242180.0,0.621,0.82,2026-08-28
ULTRACEMCO,91,10512,468000,33500,6292877095.0,96,6480,245250,43850,3705970617.5,0.524,0.616,2026-08-28
UNIONBANK,55,5104,37280625,8257050,4501312045.5,54,1162,23217975,862875,930264475.5,0.623,0.228,2026-08-28
UNITDSPR,46,2462,1709200,239600,1561133900.0,47,1238,1046000,76400,755700240.0,0.612,0.503,2026-08-28
UNOMINDA,43,3061,968550,95700,2241001152.5,44,541,435050,51700,381864725.0,0.449,0.177,2026-08-28
UPL,48,2566,6850880,451215,2106146824.5,50,1411,6310235,166665,1097519919.0,0.921,0.55,2026-08-28
VBL,42,15133,30130800,3209175,8729262255.0,42,7711,17374425,-96900,4057618395.0,0.577,0.51,2026-08-28
VEDL,50,40599,28231350,3612150,14239623725.0,50,14094,19324600,671600,4615334617.5,0.685,0.347,2026-08-28
VMM,42,2332,18323300,591700,1342546396.5,40,938,10941600,189150,484895579.5,0.597,0.402,2026-08-28
VOLTAS,51,7892,4713375,605625,3837168787.5,51,4118,3429000,245250,1857568725.0,0.728,0.522,2026-08-28
WAAREEENER,47,12035,1608250,163800,5862021847.5,47,5988,1079050,82425,2755105841.25,0.671,0.498,2026-08-28
WIPRO,55,28554,50235000,2289000,16243529550.0,56,9638,40344000,2373000,5122807290.0,0.803,0.338,2026-08-28
YESBANK,28,3972,245565600,20992500,2934379855.0,27,1709,177456600,16078700,1170576321.0,0.723,0.43,2026-08-28
ZYDUSLIFE,81,6353,3399300,371700,7102618200.0,82,3796,2163600,-126000,3981496635.0,0.636,0.598,2026-08-28
360ONE,40,5823,1785500,212500,3636921275.0,43,4383,1286500,358500,2576132850.0,0.721,0.753,2026-08-31
ABB,56,8573,621625,58250,8405569931.25,56,4421,561500,41125,4035303737.5,0.903,0.516,2026-08-31
ABCAPITAL,62,2875,10028500,412300,3805871085.0,60,1658,12145800,396800,2061945470.0,1.211,0.577,2026-08-31
ADANIENSOL,83,31360,7000425,3543075,34301650095.0,81,19341,3192750,1291950,19793619708.75,0.456,0.617,2026-08-31
ADANIENT,53,85770,7523841,3518583,84782041288.35,53,64967,3842106,957591,60003945503.100006,0.511,0.757,2026-08-31
ADANIGREEN,67,15194,5683200,952800,12487612110.0,66,10935,3664200,261600,8297671200.0,0.645,0.72,2026-08-31
ADANIPORTS,80,32990,7177725,904875,27465017560.0,79,26289,5513800,1258750,20853446485.0,0.768,0.797,2026-08-31
ADANIPOWER,44,27542,58464950,10603850,22133322775.5,44,19793,36856100,4338100,14288835235.5,0.63,0.719,2026-08-31
ALKEM,80,1457,259625,14250,1018717850.0,79,924,151250,-6000,601467456.25,0.583,0.634,2026-08-31
AMBER,63,5077,721600,6000,4098005755.0,65,3650,483500,-3100,2752976565.0,0.67,0.719,2026-08-31
AMBUJACEM,67,8142,11832000,470400,4158852840.0,65,5230,9219600,852000,2535815040.0,0.779,0.642,2026-08-31
ANGELONE,56,14756,20845000,2655000,11358153500.0,56,13856,14402500,2702500,9717281500.0,0.691,0.939,2026-08-31
APLAPOLLO,79,7204,1545250,176050,5892429410.0,79,5012,841400,-8400,3778040000.0,0.545,0.696,2026-08-31
APOLLOHOSP,59,11301,869500,54250,12967304081.25,57,6493,719000,17000,7128381487.5,0.827,0.575,2026-08-31
ASHOKLEY,53,8894,58875000,5270000,8294510950.0,52,3664,45385000,2825000,3189854150.0,0.771,0.412,2026-08-31
ASIANPAINT,96,8616,3310250,90500,5857409850.0,91,5177,2420750,201000,3290613375.0,0.731,0.601,2026-08-31
ASTRAL,60,31923,1960950,223975,22140194460.0,61,14644,1275850,268175,9557946295.0,0.651,0.459,2026-08-31
ATHERENERG,79,74036,3767250,1160625,48889359956.25,81,28549,2394750,810375,17641803806.25,0.636,0.386,2026-08-31
AUBANK,47,6211,6079000,228000,7086327600.0,46,2599,4444000,230000,2800504200.0,0.731,0.418,2026-08-31
AUROPHARMA,55,35295,3867050,1251800,34070873127.5,54,12468,1741300,328900,11448039735.0,0.45,0.353,2026-08-31
AXISBANK,53,28322,13412500,-49375,23101374218.75,51,17370,11826250,-243125,13656356187.5,0.882,0.613,2026-08-31
BAJAJ-AUTO,75,38731,818850,123375,36183824137.5,77,17154,753600,81150,15320176912.5,0.92,0.443,2026-08-31
BAJAJFINSV,69,6779,3394200,58200,4230312105.0,68,4554,2577600,44700,2692610805.0,0.759,0.672,2026-08-31
BAJAJHLDNG,60,843,41700,2925,755808311.25,60,85,22050,900,73449678.75,0.529,0.101,2026-08-31
BAJFINANCE,77,15845,13860000,1242000,13312006087.5,75,14417,11434500,943500,11434872037.5,0.825,0.91,2026-08-31
BANDHANBNK,38,5076,23619600,2412000,3284280972.0,34,3682,18468000,1468800,2168116848.0,0.782,0.725,2026-08-31
BANKBARODA,43,12066,41415075,2954250,8864883056.25,42,7766,36808200,1351350,5340129356.25,0.889,0.644,2026-08-31
BANKINDIA,39,3738,32671600,3130400,2934300304.0,39,2223,25381200,2880800,1633558992.0,0.777,0.595,2026-08-31
BANKNIFTY,427,810491,12313770,582600,1438525981272.0,429,759265,14096850,771300,1299432555547.5,1.145,0.937,2026-08-31
BDL,54,18983,6682700,928625,11183487697.5,55,9460,4231725,583100,5032305617.5,0.633,0.498,2026-08-31
BEL,60,22790,32799225,1576050,13897135800.0,63,9535,26775750,840750,5573279737.5,0.816,0.418,2026-08-31
BHARATFORG,86,3251,2618000,96000,3480747450.0,80,1989,2179500,75500,2008552675.0,0.833,0.612,2026-08-31
BHARTIARTL,71,47504,16827825,1427375,44292634035.0,70,27286,11466025,1375600,24348637298.75,0.681,0.574,2026-08-31
BHEL,72,12167,25606875,1640625,14553115631.25,71,7511,17453625,330750,8416555218.75,0.682,0.617,2026-08-31
BIOCON,61,5846,17342500,2550000,6248189875.0,59,3061,12600000,437500,3135394625.0,0.727,0.524,2026-08-31
BLUESTARCO,62,2202,1280175,5525,1114399341.25,61,1232,903500,48425,593256885.0,0.706,0.559,2026-08-31
BOSCHLTD,64,6406,105525,3050,8256996172.5,64,2656,79700,6600,3179917951.25,0.755,0.415,2026-08-31
BPCL,47,5105,8453000,-5925,3327646887.5,46,4045,6734750,697175,2513254946.25,0.797,0.792,2026-08-31
BRITANNIA,73,3620,754750,16000,2495441975.0,74,2462,672750,28750,1600214943.75,0.891,0.68,2026-08-31
BSE,36,103929,9504000,1492400,74380746320.0,36,95586,6192400,388400,61163325480.0,0.652,0.92,2026-08-31
CAMS,64,31828,4307325,567600,21295745625.0,61,9467,3046725,499950,5953657380.0,0.707,0.297,2026-08-31
CANBK,39,7683,60223500,6979500,6956964315.0,42,4062,53075250,5197500,3478253467.5,0.881,0.529,2026-08-31
CDSL,50,13225,6187350,-43225,9319843567.5,51,6299,4479250,121600,4089641320.0,0.724,0.476,2026-08-31
CGPOWER,41,7019,5320150,281350,5590348892.5,39,2847,4033250,5950,2123782247.5,0.758,0.406,2026-08-31
CHOLAFIN,63,3762,2245000,44375,4566113843.75,59,1993,1550625,99375,2257791343.75,0.691,0.53,2026-08-31
CIPLA,93,6263,4292925,142800,3913660482.5,90,5596,2907425,108375,3313923538.75,0.677,0.894,2026-08-31
COALINDIA,65,30816,33682500,1788750,17250033712.5,65,11679,20736000,298350,6336500197.5,0.616,0.379,2026-08-31
COCHINSHIP,54,4698,2988800,92800,3034529880.0,55,2181,1412800,-10800,1298028720.0,0.473,0.464,2026-08-31
COFORGE,83,18215,5542300,270275,18085573296.25,85,15188,4842625,-460275,14260560580.0,0.874,0.834,2026-08-31
COLPAL,82,7891,2392225,104500,4189704420.0,84,3372,2207150,44550,1676539603.75,0.923,0.427,2026-08-31
CONCOR,81,3848,5460000,18750,2595548500.0,81,1640,3203750,115000,1051603625.0,0.587,0.426,2026-08-31
CROMPTON,49,9296,20334700,619200,5016854505.0,48,3439,12401200,255850,1722991080.0,0.61,0.37,2026-08-31
CUMMINSIND,42,3145,922600,91800,3420322600.0,42,1504,938200,40400,1520309610.0,1.017,0.478,2026-08-31
DABUR,68,3849,12768750,508750,1947702187.5,68,2291,9690000,383750,1093047812.5,0.759,0.595,2026-08-31
DELHIVERY,74,3456,10839800,-205425,3499577658.75,73,1287,7378700,-145250,1227173882.5,0.681,0.372,2026-08-31
DIVISLAB,63,16989,1483700,54300,16382864380.0,63,14895,1501800,-49100,13380802310.0,1.012,0.877,2026-08-31
DIXON,41,25795,1555500,22500,19848561742.5,42,14655,974200,-6050,10295152362.5,0.626,0.568,2026-08-31
DLF,48,7530,8101600,436050,5052083375.0,49,3579,5096750,113050,2249546990.0,0.629,0.475,2026-08-31
DMART,60,12794,1750950,116850,7700791717.5,60,5474,1098300,-16800,3093657697.5,0.627,0.428,2026-08-31
DRREDDY,87,7036,7061250,334375,5381090281.25,87,3365,4691250,86875,2459678875.0,0.664,0.478,2026-08-31
EICHERMOT,59,8332,1042800,41700,6937224050.0,60,5555,762900,48800,4392273315.0,0.732,0.667,2026-08-31
ETERNAL,46,67883,54826825,9486600,56560830586.25,48,35179,28622275,6790000,27330230635.0,0.522,0.518,2026-08-31
FEDERALBNK,51,6460,17660000,-112500,5831173250.0,50,4770,12877500,395000,4140043625.0,0.729,0.738,2026-08-31
FINNIFTY,197,6069,226320,41820,9863203212.0,197,6343,126840,10440,9993612981.0,0.56,1.045,2026-08-31
FORCEMOT,33,7280,109950,9775,3431745530.0,35,1512,47975,4400,638434318.75,0.436,0.208,2026-08-31
FORTIS,71,4015,1582550,21700,2983154296.25,71,2441,1300450,136400,1715393292.5,0.822,0.608,2026-08-31
GAIL,55,4986,22272700,156200,3188835354.0,56,1994,15367950,479250,1210232026.5,0.69,0.4,2026-08-31
GLENMARK,86,7936,1738500,37500,7717807031.25,88,4656,1167000,-114750,4294517625.0,0.671,0.587,2026-08-31
GMRAIRPORT,82,7009,50994225,8844300,5032565799.75,76,3819,45923400,4749975,2569557287.25,0.901,0.545,2026-08-31
GODFRYPHLP,40,1857,390500,45375,1163327453.75,37,1177,296725,45925,629682143.75,0.76,0.634,2026-08-31
GODREJCP,78,4971,5037500,173500,2368212125.0,78,2981,3718500,19500,1368466850.0,0.738,0.6,2026-08-31
GODREJPROP,69,6661,2291900,123825,4628682370.0,69,3535,1320475,156000,2303896903.75,0.576,0.531,2026-08-31
GRASIM,108,6792,1756250,31250,5799787012.5,107,4432,927000,68500,3612659187.5,0.528,0.653,2026-08-31
GVT&D,40,4754,947375,57250,2776137856.25,42,1944,502875,7875,1041810418.75,0.531,0.409,2026-08-31
HAL,64,12492,2646300,72750,9553671712.5,65,8045,1909500,80550,5842423162.5,0.722,0.644,2026-08-31
HAVELLS,45,3266,2092500,120000,2093547550.0,46,3218,1510500,108500,1924453775.0,0.722,0.985,2026-08-31
HCLTECH,89,12457,5272400,113200,6868260320.0,91,8205,3700000,162800,4317686900.0,0.702,0.659,2026-08-31
HDFCAMC,43,4024,1261500,27900,3251767365.0,42,1940,976800,39600,1466624235.0,0.774,0.482,2026-08-31
HDFCBANK,64,659167,149273150,33756450,326331466370.0,61,387506,79252550,2464800,181026801702.5,0.531,0.588,2026-08-31
HDFCLIFE,82,7652,15768500,63800,4802693610.0,83,4112,12085700,-89100,2464550440.0,0.766,0.537,2026-08-31
HEROMOTOCO,44,10626,1488000,55500,9361178910.0,43,4451,946200,85050,3702501600.0,0.636,0.419,2026-08-31
HINDALCO,42,20018,10974600,754600,15092677425.0,42,17509,8087800,78400,12362170310.0,0.737,0.875,2026-08-31
HINDPETRO,49,5838,9920475,540675,4509525858.75,48,3849,7923825,473850,2841407100.0,0.799,0.659,2026-08-31
HINDUNILVR,82,20713,8329200,875100,12989930010.0,80,10425,5877300,185100,6241791390.0,0.706,0.503,2026-08-31
HINDZINC,48,36279,24361575,1204175,28625347546.25,53,24915,17867850,216825,18235095935.0,0.733,0.687,2026-08-31
HYUNDAI,77,5170,1037025,121825,3336595143.75,74,2395,816200,56925,1458958146.25,0.787,0.463,2026-08-31
ICICIBANK,92,49597,17610600,138600,51446873905.0,90,39009,15597400,2029300,39358230555.0,0.886,0.787,2026-08-31
ICICIGI,67,5247,1350700,-19500,2798272473.75,68,1757,903500,80925,881848142.5,0.669,0.335,2026-08-31
ICICIPRULI,72,2095,2819400,151700,1025996541.25,73,1127,2649200,15725,525058258.75,0.94,0.538,2026-08-31
IDEA,27,15340,1469311575,77550375,18011917284.0,27,4722,724827975,15653025,4857034307.25,0.493,0.308,2026-08-31
IDFCFIRSTB,59,7331,117078325,4516925,6010362498.0,60,3992,71807050,4192300,3104832034.5,0.613,0.545,2026-08-31
IEX,39,1956,18283050,996150,1097636935.5,42,792,12723750,282750,408107386.5,0.696,0.405,2026-08-31
INDHOTEL,51,11631,5083000,683000,8700048450.0,52,5151,3692000,246000,3659351800.0,0.726,0.443,2026-08-31
INDIANB,59,3453,3796000,516000,3165047400.0,57,2018,2553000,426000,1757258200.0,0.673,0.584,2026-08-31
INDIGO,40,14627,2333550,222750,11800218420.0,39,13389,1507050,198600,10175394772.5,0.646,0.915,2026-08-31
INDUSINDBK,65,6067,3464300,-219100,4401170165.0,64,3295,3108000,199500,2298302440.0,0.897,0.543,2026-08-31
INDUSTOWER,72,8459,16277500,2772700,5723024670.0,73,3435,9530200,2014500,2183589140.0,0.585,0.406,2026-08-31
INFY,47,49425,19789600,634400,23609976940.0,47,32113,13346400,-63600,14365878000.0,0.674,0.65,2026-08-31
INOXWIND,36,4555,44729600,4211200,2233373248.0,36,2647,25068800,1350400,1206227136.0,0.56,0.581,2026-08-31
IOC,44,6362,37420500,3471000,4429797937.5,45,4130,28474875,1935375,2704776506.25,0.761,0.649,2026-08-31
IREDA,42,4686,49010275,3669775,2530279952.25,44,1192,31091275,570150,599790831.5,0.634,0.254,2026-08-31
IRFC,74,4112,48179425,4958450,1989720794.25,75,1393,36276975,531650,632542034.25,0.753,0.339,2026-08-31
ITC,90,37381,88275150,4081350,17833771308.75,90,24271,57911700,1940625,11064805845.0,0.656,0.649,2026-08-31
JINDALSTEL,41,4835,3818750,-24375,3700548906.25,43,4468,3471875,9375,3216774437.5,0.909,0.924,2026-08-31
JIOFIN,80,25434,87232000,6542400,15455519832.5,79,6687,57330600,2199600,3734638682.5,0.657,0.263,2026-08-31
JSWENERGY,41,11522,4539725,682625,6861712637.5,42,6501,3192750,188125,3722785683.75,0.703,0.564,2026-08-31
JSWSTEEL,49,6438,6362550,41850,6017177880.0,49,5201,4901175,44550,4556596005.0,0.77,0.808,2026-08-31
JUBLFOOD,73,4017,6376250,142500,2616844312.5,73,1767,3675000,42500,1062776062.5,0.576,0.44,2026-08-31
KALYANKJIL,66,11604,20341800,770850,10330746480.0,67,5384,12513150,1134000,4405503060.0,0.615,0.464,2026-08-31
KAYNES,67,34671,1973400,802050,21296063235.0,68,34939,1536300,720150,19378764937.5,0.779,1.008,2026-08-31
KEI,47,6372,485450,46550,6468653738.75,47,3081,865375,24850,2891425792.5,1.783,0.484,2026-08-31
KFINTECH,38,3741,2642700,-351900,2174413387.5,36,1227,1618625,-26450,645419042.5,0.612,0.328,2026-08-31
KOTAKBANK,60,16207,42564000,-966000,14218040400.0,62,11664,40038000,992000,9801540700.0,0.941,0.72,2026-08-31
KPITTECH,61,13714,6761100,721525,6760641161.25,63,5844,3011650,-87575,2700982492.5,0.445,0.426,2026-08-31
LAURUSLABS,57,33546,10334300,3120350,56501054905.0,57,22780,6143800,205700,35950614722.5,0.595,0.679,2026-08-31
LICHSGFIN,45,215,7971000,-131000,119839700.0,48,259,8949000,-128000,132997500.0,1.123,1.205,2026-08-31
LICI,61,8805,16437400,168000,5378613240.0,63,6634,13370000,-464800,3884373990.0,0.813,0.753,2026-08-31
LODHA,53,5824,2910625,276875,4778342406.25,52,5139,3030000,295625,3849817937.5,1.041,0.882,2026-08-31
LT,57,21696,4607575,107625,15823816006.25,57,10642,3327975,166600,7517207530.0,0.722,0.491,2026-08-31
LTF,47,4919,13734000,1008000,3664092487.5,46,2367,16411500,623250,1646536275.0,1.195,0.481,2026-08-31
LTM,77,10242,877200,69450,7429784332.5,77,5830,602700,-17400,3979943467.5,0.687,0.569,2026-08-31
LUPIN,88,5046,3509225,-36975,4914211653.75,83,1718,2361300,-2125,1577810460.0,0.673,0.34,2026-08-31
M&M,52,27371,4273400,238200,19118584590.0,51,10674,2649400,88400,7115153500.0,0.62,0.39,2026-08-31
MAHABANK,59,1552,10757500,1280500,905604700.0,59,283,5044000,442000,154645140.0,0.469,0.182,2026-08-31
MANAPPURAM,60,4443,12990000,0,4914386850.0,60,3761,10359000,84000,3860484750.0,0.797,0.847,2026-08-31
MANKIND,85,6247,870250,349000,4000642037.5,84,1151,632500,37000,682423100.0,0.727,0.184,2026-08-31
MARICO,62,2496,4158000,153600,2600801700.0,58,951,2499600,98400,947944020.0,0.601,0.381,2026-08-31
MARUTI,92,42786,1477600,14500,30073483310.0,92,20135,896900,67250,13291841282.5,0.607,0.471,2026-08-31
MAXHEALTH,83,2867,2686950,124425,1584937935.0,75,1779,2180850,72975,946736253.75,0.812,0.621,2026-08-31
MAZDOCK,42,9674,2605500,222300,5883183821.25,44,5947,1458450,48600,3405654258.75,0.56,0.615,2026-08-31
MCX,57,50170,4505175,519075,39978032557.5,59,27561,3761775,146025,20442978798.75,0.835,0.549,2026-08-31
MFSL,59,1481,1093600,58800,977839800.0,61,418,648400,42000,255960400.0,0.593,0.282,2026-08-31
MIDCPNIFTY,310,53413,3329280,142320,97926139122.0,310,50309,3625680,279600,89127544392.0,1.089,0.942,2026-08-31
MOTHERSON,46,4311,28000950,707250,4680316173.0,44,2375,30282600,1451400,2438940186.0,1.081,0.551,2026-08-31
MOTILALOFS,47,2416,2463725,170500,2071055246.25,46,2546,1364000,-13950,1964835218.75,0.554,1.054,2026-08-31
MPHASIS,40,2897,713900,-10725,2050261152.5,39,1177,460900,-275,776379381.25,0.646,0.406,2026-08-31
MUTHOOTFIN,51,19466,3769425,601975,17371341088.75,52,19423,2400200,326700,16131253806.25,0.637,0.998,2026-08-31
NAM-INDIA,45,2225,1101875,136250,1794374000.0,46,893,802500,34375,666547281.25,0.728,0.401,2026-08-31
NATIONALUM,40,10112,22606875,2040000,7848051656.25,39,9181,14291250,1725000,6597810656.25,0.632,0.908,2026-08-31
NAUKRI,48,4077,2109800,-99000,3162216915.0,46,1766,958650,22550,1306516942.5,0.454,0.433,2026-08-31
NBCC,36,2510,28405000,2353000,1516785335.0,37,779,15028000,474500,448354920.0,0.529,0.31,2026-08-31
NESTLEIND,90,3004,1801500,73500,2254037775.0,91,1888,1168000,44000,1343500450.0,0.648,0.628,2026-08-31
NHPC,63,3172,35896750,2821700,1729691744.5,63,1393,33839550,-139000,716814312.5,0.943,0.439,2026-08-31
NIFTY,787,65659910,330509685,39262105,104078554309271.77,807,68756869,299537115,40484015,107001970302409.0,0.906,1.047,2026-08-31
NIFTYFPI,180,10,7700,3300,18456350.0,180,0,0,0,0.0,0.0,0.0,2026-08-31
NIFTYNXT50,445,56,850,250,105054550.0,445,125,525,150,228796780.0,0.618,2.232,2026-08-31
NMDC,68,6185,62403750,688500,3808352970.0,69,2447,35586000,-823500,1409125477.5,0.57,0.396,2026-08-31
NTPC,53,24810,37734000,5248500,12673896600.0,54,8066,17101500,558000,3941659875.0,0.453,0.325,2026-08-31
NYKAA,43,6918,7968750,993750,7670167343.75,41,1316,3675000,562500,1374062500.0,0.461,0.19,2026-08-31
OBEROIRLTY,62,3126,1952650,72800,2138448847.5,59,1683,901950,57750,1094409260.0,0.462,0.538,2026-08-31
OFSS,78,16500,756800,58300,21295113195.0,81,6649,569200,27100,7991813510.0,0.752,0.403,2026-08-31
OIL,63,12698,4132800,1166200,9113632220.0,64,3341,1870400,224000,2264222940.0,0.453,0.263,2026-08-31
ONGC,73,16211,42045750,2866500,8829352350.0,72,5876,21568500,-76500,3070867770.0,0.513,0.362,2026-08-31
PAGEIND,65,4882,88740,2760,3830045789.0,63,864,44940,1240,597972257.0,0.506,0.177,2026-08-31
PATANJALI,59,2389,5754475,217150,948601285.0,60,1216,4079625,197800,454656522.5,0.709,0.509,2026-08-31
PAYTM,61,20576,10364600,296525,26408996413.75,64,8518,6955650,118900,10209323777.5,0.671,0.414,2026-08-31
PERSISTENT,46,44955,1396875,170250,33916359125.0,46,36235,958250,33750,25413557450.0,0.686,0.806,2026-08-31
PETRONET,40,2214,6672800,-74100,1281034530.0,40,1224,4620800,146300,662629750.0,0.692,0.553,2026-08-31
PFC,74,12064,30201600,1816100,5880900740.0,73,5583,20237100,780000,2574494780.0,0.67,0.463,2026-08-31
PGEL,46,3192,3804750,139650,1908307797.5,42,1935,2313250,76950,1059899705.0,0.608,0.606,2026-08-31
PHOENIXLTD,66,860,498750,29050,615235740.0,67,510,401450,7350,336380310.0,0.805,0.593,2026-08-31
PIDILITIND,61,3061,779500,59000,2600605150.0,62,1726,577000,53000,1396970075.0,0.74,0.564,2026-08-31
PIIND,52,6346,1463525,287525,2825584125.0,50,2890,872025,70175,1213250780.0,0.596,0.455,2026-08-31
PNB,77,8767,57672000,3800000,8476746240.0,75,4757,41000000,3160000,4352619120.0,0.711,0.543,2026-08-31
PNBHOUSING,46,1542,1879150,90350,1237710240.0,46,618,1020500,22100,464182062.5,0.543,0.401,2026-08-31
POLICYBZR,61,1830,1361150,9450,1225606515.0,64,1280,1361150,68950,777941657.5,1.0,0.699,2026-08-31
POLYCAB,67,17117,992625,88875,20492202437.5,66,9779,1090375,120750,11053484518.75,1.098,0.571,2026-08-31
POWERGRID,85,7765,30295500,2025400,4100903380.0,83,3106,20597900,530100,1571952555.0,0.68,0.4,2026-08-31
POWERINDIA,58,9624,262875,32650,8627398875.0,55,4543,149150,2500,3699175687.5,0.567,0.472,2026-08-31
PREMIERENE,41,4908,4777500,37700,3450594582.5,40,3213,3328000,130650,2066310740.0,0.697,0.655,2026-08-31
PRESTIGE,58,2111,1333350,61200,1591614427.5,61,1395,1166850,39150,977240115.0,0.875,0.661,2026-08-31
RADICO,52,2372,320850,59400,1687580437.5,52,1553,222900,29100,1041447765.0,0.695,0.655,2026-08-31
RBLBANK,58,3050,10315575,2028825,3889178308.75,59,1444,5699125,850900,1756964037.5,0.552,0.473,2026-08-31
RECLTD,59,10080,21320775,1973475,5281010595.0,60,5072,16739100,313425,2525407290.0,0.785,0.503,2026-08-31
RELIANCE,94,169451,60435000,557000,114027908475.0,93,92546,46643000,2239500,59237727100.0,0.772,0.546,2026-08-31
RVNL,44,5930,22788150,3495800,2612667807.75,44,2515,15088150,1018325,1033286504.25,0.662,0.424,2026-08-31
SAGILITY,37,16922,41856000,7308000,10027359240.0,37,7785,29376000,6228000,4326075600.0,0.702,0.46,2026-08-31
SAIL,60,89,16732000,-122200,85689037.0,63,79,18673100,-103400,67505818.0,1.116,0.888,2026-08-31
SBICARD,51,37117,5983200,1076800,20506342800.0,51,20573,5364000,1436000,10672870640.0,0.897,0.554,2026-08-31
SBILIFE,66,4114,2762250,32625,2825794462.5,63,1623,1425000,-6750,1061164218.75,0.516,0.395,2026-08-31
SBIN,80,39297,39523500,568500,32186283600.0,80,22307,28720500,427500,17306465175.0,0.727,0.568,2026-08-31
SHREECEM,78,2480,66225,5625,1615571518.75,75,547,30075,1600,326793730.0,0.454,0.221,2026-08-31
SHRIRAMFIN,46,10898,9327450,663300,10400499697.5,45,7467,6128100,678150,6696747750.0,0.657,0.685,2026-08-31
SIEMENS,58,4778,1234975,-12425,3564922235.0,57,2502,912975,15750,1744794135.0,0.739,0.524,2026-08-31
SOLARINDS,58,10291,517450,-4050,11131743250.0,61,6230,267700,5950,6031294552.5,0.517,0.605,2026-08-31
SONACOMS,53,4777,6786500,-172725,5065492538.75,49,1470,3355275,58800,1444743623.75,0.494,0.308,2026-08-31
SRF,41,3356,963800,28400,1813275750.0,40,1851,916800,-1000,947387430.0,0.951,0.552,2026-08-31
SUNPHARMA,68,12147,4186700,218400,8430122505.0,67,6537,3146150,84700,4391439972.5,0.751,0.538,2026-08-31
SUPREMEIND,54,3659,488950,-41125,2452717496.25,53,1061,255500,17850,660377147.5,0.523,0.29,2026-08-31
SUZLON,48,5756,141528800,8191500,3703446111.0,45,1818,70091300,2108200,1075812936.0,0.495,0.316,2026-08-31
SWIGGY,47,6598,19591375,658825,3637040401.25,47,2503,12634475,498225,1256956340.0,0.645,0.379,2026-08-31
TATACONSUM,80,3234,4055700,145750,1939284765.0,76,1439,3561800,79200,799556312.5,0.878,0.445,2026-08-31
TATAELXSI,59,8142,826250,148125,3973433881.25,59,3646,501000,23750,1644088206.25,0.606,0.448,2026-08-31
TATAPOWER,65,14064,40410050,1576150,7549731312.5,65,5912,26814850,91350,3003075425.0,0.664,0.42,2026-08-31
TATASTEEL,60,31583,95975000,6085750,16859814317.5,60,17035,64031000,954250,8591932195.0,0.667,0.539,2026-08-31
TCS,96,35577,9201600,-181350,19588078811.25,99,29815,8313300,-699975,15452939857.5,0.903,0.838,2026-08-31
TECHM,60,6289,4094400,34800,6405839610.0,61,6406,3775800,-120000,6182818080.0,0.922,1.019,2026-08-31
TIINDIA,50,1870,633000,47600,1137758140.0,52,1167,361600,16600,639010610.0,0.571,0.624,2026-08-31
TITAN,64,12346,2423575,140175,11494114756.25,64,13825,1797600,-17675,12258468372.5,0.742,1.12,2026-08-31
TMPV,65,16842,39800000,1473600,9101398160.0,65,6510,31664000,739200,3255902560.0,0.796,0.387,2026-08-31
TORNTPHARM,73,4563,471750,47125,2952451281.25,71,2868,289875,2750,1781398431.25,0.614,0.629,2026-08-31
TRENT,42,11641,3059325,144900,7970462032.5,42,6272,1553850,68850,4096830667.5,0.508,0.539,2026-08-31
TVSMOTOR,70,30141,2357950,94500,23838209438.75,71,14783,1617175,211225,10957020620.0,0.686,0.49,2026-08-31
ULTRACEMCO,93,9275,491350,23350,5534498907.5,98,4675,243350,-1900,2659770147.5,0.495,0.504,2026-08-31
UNIONBANK,55,5103,38528475,1247850,4413377029.5,54,2592,24448125,1230150,2095995723.75,0.635,0.508,2026-08-31
UNITDSPR,46,3663,1738800,29600,2306771700.0,47,1303,1084800,38800,788081640.0,0.624,0.356,2026-08-31
UNOMINDA,43,4669,932800,-35750,3426458832.5,44,612,528000,92950,423286462.5,0.566,0.131,2026-08-31
UPL,50,3459,6987735,136855,2804931096.75,51,2259,6838685,528450,1722006492.5,0.979,0.653,2026-08-31
VBL,42,14293,31280850,1150050,8148270063.75,42,6316,17281350,-93075,3316126845.0,0.552,0.442,2026-08-31
VEDL,50,25210,30128850,1897500,8652015570.0,50,16379,19117600,-207000,5312604170.0,0.635,0.65,2026-08-31
VMM,44,4082,19754050,1430750,2316004737.5,42,1088,11334450,392850,564202537.0,0.574,0.267,2026-08-31
VOLTAS,53,8819,4856625,143250,4232587237.5,53,4799,3502875,73875,2158870068.75,0.721,0.544,2026-08-31
WAAREEENER,47,13635,1846950,238700,6591841375.0,47,3651,1134350,55300,1652263707.5,0.614,0.268,2026-08-31
WIPRO,57,16406,50892000,657000,9273312720.0,58,9500,39909000,-435000,5030476530.0,0.784,0.579,2026-08-31
YESBANK,28,4607,258596500,13030900,3421805490.0,27,2069,186817700,9361100,1398623291.0,0.722,0.449,2026-08-31
ZYDUSLIFE,84,5467,3755700,356400,6014985705.0,84,2512,2165400,1800,2629375110.0,0.577,0.459,2026-08-31
360ONE,43,2405,2017000,231500,1515631550.0,45,1041,1303500,17000,598470125.0,0.646,0.433,2026-09-01
ABB,56,6526,662000,40375,6373028181.25,56,6311,677750,116250,5672434543.75,1.024,0.967,2026-09-01
ABCAPITAL,62,3936,12012500,1984000,5117968715.0,60,2111,12582900,437100,2590595290.0,1.047,0.536,2026-09-01
ADANIENSOL,85,37527,9615375,2614950,39158574727.5,83,15772,4042575,849825,15065819403.75,0.42,0.42,2026-09-01
ADANIENT,56,67851,9127551,1603710,65184900005.55,56,36964,4950798,1108692,32957437365.15,0.542,0.545,2026-09-01
ADANIGREEN,74,34089,6199800,516600,27474727050.0,73,16014,4065000,400800,11987909940.0,0.656,0.47,2026-09-01
ADANIPORTS,82,33414,7391000,213275,27459745155.0,81,17851,5538500,24700,13864558970.0,0.749,0.534,2026-09-01
ADANIPOWER,44,41519,62891800,4426850,32723760627.0,44,15923,37605150,749050,11230926260.0,0.598,0.384,2026-09-01
ALKEM,80,1062,257250,-2375,738700406.25,79,566,157000,5750,367626956.25,0.61,0.533,2026-09-01
AMBER,63,5455,742300,20700,4355921225.0,65,3988,472900,-10600,2986754490.0,0.637,0.731,2026-09-01
AMBUJACEM,72,5714,12436800,604800,2910643800.0,70,2425,9019200,-200400,1178518020.0,0.725,0.424,2026-09-01
ANGELONE,57,5829,21590000,745000,4530996000.0,57,2419,14662500,260000,1725271625.0,0.679,0.415,2026-09-01
APLAPOLLO,79,4547,1677200,131950,3720811342.5,79,2505,841050,-350,1954844675.0,0.501,0.551,2026-09-01
APOLLOHOSP,59,6984,935375,65875,7962298612.5,57,5850,723125,4125,6365368256.25,0.773,0.838,2026-09-01
ASHOKLEY,53,29241,78220000,19345000,27001108600.0,52,12538,51490000,6105000,10645271200.0,0.658,0.429,2026-09-01
ASIANPAINT,97,10120,3671750,361500,6813589862.5,92,8055,2508000,87250,5161633325.0,0.683,0.796,2026-09-01
ASTRAL,60,11857,2218500,257550,8117000348.75,61,6834,1209550,-66300,4429458757.5,0.545,0.576,2026-09-01
ATHERENERG,79,43235,4295625,528375,29455449750.0,81,17790,3296625,901875,11142795168.75,0.767,0.411,2026-09-01
AUBANK,47,8249,6652000,573000,9434697350.0,46,3799,4653000,209000,4083698350.0,0.699,0.461,2026-09-01
AUROPHARMA,63,13947,4684900,817850,13558249925.0,63,4596,1991550,250250,4269738797.5,0.425,0.33,2026-09-01
AXISBANK,55,27080,13760000,347500,22190832000.0,55,17435,11829375,3125,13714318937.5,0.86,0.644,2026-09-01
BAJAJ-AUTO,79,101729,1112550,293700,97711359573.75,81,56755,1124175,370575,51642391616.25,1.01,0.558,2026-09-01
BAJAJFINSV,71,8407,3661200,267000,5191381725.0,70,4562,2656200,78600,2686087860.0,0.725,0.543,2026-09-01
BAJAJHLDNG,60,6,42150,450,5565390.0,60,103,24975,2925,86661761.25,0.593,17.167,2026-09-01
BAJFINANCE,80,13442,14581500,721500,11191685212.5,78,9457,12221250,786750,7517695575.0,0.838,0.704,2026-09-01
BANDHANBNK,43,5153,25941600,2322000,3292875576.0,39,2428,19004400,536400,1433213100.0,0.733,0.471,2026-09-01
BANKBARODA,43,12037,42014700,599625,8818331096.25,42,7451,36641475,-166725,5147828536.5,0.872,0.619,2026-09-01
BANKINDIA,44,1914,33181200,509600,1513096832.0,44,822,25344800,-36400,598453024.0,0.764,0.429,2026-09-01
BANKNIFTY,439,947745,13194090,880320,1682755838485.5,441,829621,14255850,159000,1419128220702.0,1.08,0.875,2026-09-01
BDL,56,13801,7181225,498525,7970165483.75,57,6554,4366875,135150,3485422237.5,0.608,0.475,2026-09-01
BEL,62,17036,34744350,1945125,10395563883.75,64,7319,27693450,917700,4284962175.0,0.797,0.43,2026-09-01
BHARATFORG,90,3810,2586000,-32000,4072415825.0,85,2510,2257500,78000,2565267300.0,0.873,0.659,2026-09-01
BHARTIARTL,78,40106,17028275,200450,37047719952.5,77,25801,11830350,364325,22826660301.25,0.695,0.643,2026-09-01
BHEL,73,12550,29848875,4242000,14999166393.75,72,6761,18445875,992250,7642201612.5,0.618,0.539,2026-09-01
BIOCON,61,5570,19712500,2370000,5921522000.0,59,2527,13350000,750000,2568279250.0,0.677,0.454,2026-09-01
BLUESTARCO,65,3187,1256450,-23725,1610205398.75,64,1504,970125,66625,718802077.5,0.772,0.472,2026-09-01
BOSCHLTD,69,7827,110725,5200,10034538836.25,69,6401,73550,-6150,7659703948.75,0.664,0.818,2026-09-01
BPCL,48,4912,8583350,130350,3224484046.25,47,3579,7734100,999350,2228402868.75,0.901,0.729,2026-09-01
BRITANNIA,75,6418,931625,176875,4372597131.25,76,4327,741750,69000,2765608275.0,0.796,0.674,2026-09-01
BSE,38,46335,10407400,903400,32943448220.0,38,35335,6436800,244400,22470421210.0,0.618,0.763,2026-09-01
CAMS,68,7065,4459950,152625,4720193321.25,65,5121,3028575,-18150,3215444265.0,0.679,0.725,2026-09-01
CANBK,41,6714,65745000,5521500,6026794200.0,43,2646,55275750,2200500,2247744262.5,0.841,0.394,2026-09-01
CDSL,50,8529,6346000,158650,5987916547.5,51,3729,4394700,-84550,2430730111.25,0.693,0.437,2026-09-01
CGPOWER,45,7080,5785100,464950,5658716390.0,43,2952,4227900,194650,2226367387.5,0.731,0.417,2026-09-01
CHOLAFIN,64,3362,2453750,208750,4053766375.0,60,2337,1646875,96250,2632245562.5,0.671,0.695,2026-09-01
CIPLA,93,6384,4458675,165750,3988810172.5,90,3586,2913800,6375,2142242675.0,0.654,0.562,2026-09-01
COALINDIA,65,23589,36038250,2355750,13205799900.0,65,8572,21535200,799200,4633705507.5,0.598,0.363,2026-09-01
COCHINSHIP,56,4623,3122800,134000,2950574260.0,57,1284,1366800,-46000,761785280.0,0.438,0.278,2026-09-01
COFORGE,83,16136,5662000,119700,15943264372.5,85,7924,4810325,-32300,7423012957.5,0.85,0.491,2026-09-01
COLPAL,84,3968,2388925,-3300,2129354837.5,86,1656,2241525,34375,829763618.75,0.938,0.417,2026-09-01
CONCOR,81,5191,6008750,548750,3486047625.0,81,1372,3406250,202500,888548750.0,0.567,0.264,2026-09-01
CROMPTON,49,5132,21168900,834200,2782041391.0,48,2117,12534500,133300,1052969487.5,0.592,0.413,2026-09-01
CUMMINSIND,44,4120,1044000,121400,4452220760.0,44,2813,1060800,122600,2796327360.0,1.016,0.683,2026-09-01
DABUR,72,4940,13597500,828750,2484205312.5,72,2599,9918750,228750,1243282000.0,0.729,0.526,2026-09-01
DELHIVERY,74,2565,10696625,-143175,2594422715.0,73,1181,7297775,-80925,1117730808.75,0.682,0.46,2026-09-01
DIVISLAB,68,18251,1467500,-16200,17493677995.0,68,18928,1379500,-122300,16605074670.0,0.94,1.037,2026-09-01
DIXON,43,22659,1521700,-33800,17391923475.0,44,11543,953400,-20800,8152885867.5,0.627,0.509,2026-09-01
DLF,51,11481,7969550,-132050,7720651947.5,52,6192,5272500,175750,3933804697.5,0.662,0.539,2026-09-01
DMART,62,9236,1837650,86700,5538636112.5,63,4611,1148700,50400,2591368117.5,0.625,0.499,2026-09-01
DRREDDY,93,7555,7373125,311875,5772828937.5,92,3358,4774375,83125,2447317468.75,0.648,0.444,2026-09-01
EICHERMOT,59,25056,1157300,114500,20871673620.0,60,14917,910900,148000,11591332535.0,0.787,0.595,2026-09-01
ETERNAL,46,25633,51208725,-3618100,21471835973.75,48,17003,29267325,645050,13196006585.0,0.572,0.663,2026-09-01
FEDERALBNK,55,4631,17187500,-472500,4214348875.0,54,3180,12785000,-92500,2751069750.0,0.744,0.687,2026-09-01
FINNIFTY,197,9692,308340,82020,15694604880.0,197,6540,150120,23280,10288859256.0,0.487,0.675,2026-09-01
FORCEMOT,36,15515,110725,775,7463471268.75,37,3470,52800,4825,1493186122.5,0.477,0.224,2026-09-01
FORTIS,73,3410,1546900,-35650,2508429325.0,73,2021,1222175,-78275,1425270570.0,0.79,0.593,2026-09-01
GAIL,57,3845,22045500,-227200,2466232428.0,58,1986,15524150,156200,1208613546.0,0.704,0.517,2026-09-01
GLENMARK,86,3750,1713375,-25125,3641268768.75,88,2655,1196250,29250,2462333287.5,0.698,0.708,2026-09-01
GMRAIRPORT,93,5259,55318725,4324500,3710035631.25,87,1949,46837125,913725,1301143144.5,0.847,0.371,2026-09-01
GODFRYPHLP,40,674,423500,33000,416850747.5,37,462,299200,2475,253727017.5,0.706,0.685,2026-09-01
GODREJCP,82,5213,5496000,458500,2455236900.0,82,3130,4101000,382500,1423393025.0,0.746,0.6,2026-09-01
GODREJPROP,70,3230,2355275,63375,2239702643.75,70,1973,1426425,105950,1279927805.0,0.606,0.611,2026-09-01
GRASIM,115,4255,1788500,32250,3628364437.5,115,3357,937000,10000,2761750425.0,0.524,0.789,2026-09-01
GVT&D,40,3887,950250,2875,2270851331.25,42,1877,526875,24000,992528668.75,0.554,0.483,2026-09-01
HAL,66,10931,2800950,154650,8320803255.0,67,7418,1981800,72300,5350842795.0,0.708,0.679,2026-09-01
HAVELLS,45,2123,2123000,30500,1354444025.0,46,1867,1571500,61000,1118846425.0,0.74,0.879,2026-09-01
HCLTECH,89,51338,6008800,736400,28964802340.0,91,27129,4252800,552800,14482820080.0,0.708,0.528,2026-09-01
HDFCAMC,43,3738,1323900,62400,3004073670.0,42,2465,1031700,54900,1859106390.0,0.779,0.659,2026-09-01
HDFCBANK,67,328605,158924350,9651200,160348633185.0,64,180163,82371250,3118700,82482187027.5,0.518,0.548,2026-09-01
HDFCLIFE,86,7844,16149100,380600,4885219295.0,86,3950,12362900,277200,2369899510.0,0.766,0.504,2026-09-01
HEROMOTOCO,45,62588,1887450,399450,55317222757.5,44,24163,1086750,140550,19991959387.5,0.576,0.386,2026-09-01
HINDALCO,44,10759,11587100,612500,8167034575.0,43,7379,7991200,-96600,5172336155.0,0.69,0.686,2026-09-01
HINDPETRO,49,2375,9819225,-101250,1840511767.5,48,1933,8831025,907200,1403313356.25,0.899,0.814,2026-09-01
HINDUNILVR,86,15787,8802300,473100,9851175675.0,84,9413,5963400,86100,5529378945.0,0.677,0.596,2026-09-01
HINDZINC,50,22696,24855250,493675,17772259820.0,55,11996,17189200,-678650,8711289457.5,0.692,0.529,2026-09-01
HYUNDAI,80,6799,1172600,135575,4352147635.0,78,4281,908050,91850,2546896921.25,0.774,0.63,2026-09-01
ICICIBANK,95,37673,19052600,1442000,39050807040.0,94,31084,14077700,-1519700,31310381095.0,0.739,0.825,2026-09-01
ICICIGI,67,2773,1295125,-55575,1475536351.25,68,932,926250,22750,469535771.25,0.715,0.336,2026-09-01
ICICIPRULI,72,1965,2966475,147075,953912632.5,73,2281,2762050,112850,1051919157.5,0.931,1.161,2026-09-01
IDEA,28,17424,1594035450,124723875,19856099509.5,28,6263,759064500,34236525,6229407198.75,0.476,0.359,2026-09-01
IDFCFIRSTB,62,6331,117913075,834750,5217824043.25,63,3736,73671325,1864275,2909342488.5,0.625,0.59,2026-09-01
IEX,41,1670,19209600,926550,925235256.0,44,730,13463250,739500,377347405.5,0.701,0.437,2026-09-01
INDHOTEL,55,4585,5402000,319000,3425067300.0,56,2042,3763000,71000,1440402600.0,0.697,0.445,2026-09-01
INDIANB,62,5169,3899000,103000,4768982350.0,62,1942,2751000,198000,1690865350.0,0.706,0.376,2026-09-01
INDIGO,40,22260,2709150,375600,17782823452.5,39,36766,2075550,568500,27468790890.0,0.766,1.652,2026-09-01
INDUSINDBK,67,5112,3823400,359100,3706856580.0,67,3282,3330600,222600,2299217410.0,0.871,0.642,2026-09-01
INDUSTOWER,76,6084,17164900,887400,4103207890.0,78,2330,9611800,81600,1489020905.0,0.56,0.383,2026-09-01
INFY,47,81400,20006000,216400,39425631180.0,47,49863,14419200,1072800,22372497440.0,0.721,0.613,2026-09-01
INOXWIND,36,1897,45478400,748800,934278720.0,36,1054,25747200,678400,472875072.0,0.566,0.556,2026-09-01
IOC,44,6976,36372375,-1048125,4895819175.0,45,3980,29069625,594750,2601085061.25,0.799,0.571,2026-09-01
IREDA,42,4768,50023875,1013600,2561428513.75,44,1438,32552850,1461575,739832477.25,0.651,0.302,2026-09-01
IRFC,76,4333,50967875,2788450,2069876308.5,77,1227,37237200,960225,552015287.25,0.731,0.283,2026-09-01
ITC,100,150224,97341750,9066600,71647648766.25,100,62936,59783325,1871625,28677196173.75,0.614,0.419,2026-09-01
JINDALSTEL,44,4299,3925000,106250,3273658281.25,46,2448,3534375,62500,1752778562.5,0.9,0.569,2026-09-01
JIOFIN,82,18073,92300950,5068950,10751242010.0,80,6252,58688900,1358300,3463081941.5,0.636,0.346,2026-09-01
JSWENERGY,46,6326,4584875,45150,3752601238.75,47,3561,3171250,-21500,2017271147.5,0.692,0.563,2026-09-01
JSWSTEEL,51,6217,6675750,313200,5785684571.25,51,4103,4948425,47250,3579602793.75,0.741,0.66,2026-09-01
JUBLFOOD,73,1839,6510000,133750,1183755125.0,73,819,3767500,92500,491708375.0,0.579,0.445,2026-09-01
KALYANKJIL,73,36765,25232850,4891050,31835046667.5,72,36763,15163200,2650050,28813654260.0,0.601,1.0,2026-09-01
KAYNES,67,20841,2159400,186000,12525836482.5,68,12056,1496850,-39450,6487729095.0,0.693,0.578,2026-09-01
KEI,53,13396,784525,299075,13427471478.75,54,15473,961625,96250,14347509540.0,1.226,1.155,2026-09-01
KFINTECH,38,2498,2879600,236900,1440499918.75,36,1005,1688775,70150,530203733.75,0.586,0.402,2026-09-01
KOTAKBANK,60,24197,43408000,844000,21392196400.0,62,17849,39692000,-346000,15036446600.0,0.914,0.738,2026-09-01
KPITTECH,61,7035,6425525,-335575,3429676358.75,63,2624,3027150,15500,1200748807.5,0.471,0.373,2026-09-01
LAURUSLABS,57,18322,10736350,402050,30461551362.5,57,11219,6354600,210800,17599644697.5,0.592,0.612,2026-09-01
LICHSGFIN,45,217,7835000,-136000,121652550.0,48,221,8808000,-141000,115501400.0,1.124,1.018,2026-09-01
LICI,61,8029,16149000,-288400,4845510110.0,63,3210,13864200,494200,1861481090.0,0.859,0.4,2026-09-01
LODHA,53,5674,2915625,5000,4600494437.5,52,3443,3016250,-13750,2552017156.25,1.035,0.607,2026-09-01
LT,57,23778,5239850,632275,17254184745.0,57,10969,3394125,66150,7746804038.75,0.648,0.461,2026-09-01
LTF,47,8180,15592500,1858500,6063697800.0,46,3899,16323750,-87750,2737234012.5,1.047,0.477,2026-09-01
LTM,77,10161,760650,-116550,7361892165.0,77,3178,598050,-4650,2132934532.5,0.786,0.313,2026-09-01
LUPIN,88,5140,3545775,36550,5034695732.5,83,1999,2422075,60775,1825421750.0,0.683,0.389,2026-09-01
M&M,53,56484,5627200,1353800,39074261920.0,52,30178,3067800,418400,19775700640.0,0.545,0.534,2026-09-01
MAHABANK,64,2859,14410500,3653000,1647239425.0,63,332,5707000,663000,180467495.0,0.396,0.116,2026-09-01
MANAPPURAM,61,2657,14157000,1167000,2907076950.0,61,2956,10719000,360000,2992530600.0,0.757,1.113,2026-09-01
MANKIND,85,1782,888250,18000,1127073525.0,84,472,624500,-8000,276151662.5,0.703,0.265,2026-09-01
MARICO,62,4024,4429200,271200,4183252860.0,58,1763,2703600,204000,1767054300.0,0.61,0.438,2026-09-01
MARUTI,113,176502,2851050,1373450,121733393112.5,113,106898,1282950,386050,69064427887.5,0.45,0.606,2026-09-01
MAXHEALTH,87,5178,2771475,84525,2866668288.75,79,5475,2180325,-525,2905186856.25,0.787,1.057,2026-09-01
MAZDOCK,45,8756,2721150,115650,5244559481.25,47,3717,1505700,47250,2050457917.5,0.553,0.425,2026-09-01
MCX,57,24703,4674150,168975,19610272856.25,59,19105,3751425,-10350,14011069578.75,0.803,0.773,2026-09-01
MFSL,59,2663,1090000,-3600,1758198020.0,61,1708,664800,16400,1046670100.0,0.61,0.641,2026-09-01
MIDCPNIFTY,354,51107,3745560,416280,93430291452.0,354,45864,3883200,257520,80850276108.0,1.037,0.897,2026-09-01
MOTHERSON,49,5370,28548300,547350,5823550927.5,48,2561,29981250,-301350,2588494594.5,1.05,0.477,2026-09-01
MOTILALOFS,47,2040,2430400,-33325,1734700518.75,46,1373,1345400,-18600,1083169760.0,0.554,0.673,2026-09-01
MPHASIS,40,13586,751025,37125,9824181070.0,39,4027,537075,76175,2724645646.25,0.715,0.296,2026-09-01
MUTHOOTFIN,54,19700,4585900,816475,17215336792.5,55,16308,2545125,144925,13165284577.5,0.555,0.828,2026-09-01
NAM-INDIA,48,2450,1400625,298750,1943644062.5,48,1039,986875,184375,777997687.5,0.705,0.424,2026-09-01
NATIONALUM,40,9222,24843750,2236875,7071376875.0,39,4165,15007500,716250,2968279968.75,0.604,0.452,2026-09-01
NAUKRI,49,15260,2488750,378950,11985920155.0,47,4399,1002100,43450,3232207962.5,0.403,0.288,2026-09-01
NBCC,38,2151,30758000,2353000,1285815505.0,37,723,14898000,-130000,413188425.0,0.484,0.336,2026-09-01
NESTLEIND,99,6507,2102500,301000,4890267975.0,98,3794,1257000,89000,2758188075.0,0.598,0.583,2026-09-01
NHPC,63,2818,35820300,-76450,1540746681.5,63,1408,33624100,-215450,727451704.5,0.939,0.5,2026-09-01
NIFTY,787,184710754,407682140,77172455,290989918410223.5,807,193022222,357183970,57646855,300507703982060.25,0.876,1.045,2026-09-01
NIFTYFPI,181,12,18700,11000,22015345.0,181,2,1100,1100,3341965.0,0.059,0.167,2026-09-01
NIFTYNXT50,506,50,1075,225,93435323.75,506,56,550,25,102666812.5,0.512,1.12,2026-09-01
NMDC,68,9315,65279250,2875500,5689730385.0,69,3973,36267750,681750,2328281145.0,0.556,0.427,2026-09-01
NTPC,54,12181,38320500,586500,6195280800.0,55,4944,17419500,318000,2418034275.0,0.455,0.406,2026-09-01
NYKAA,46,2730,7887500,-81250,3030549062.5,45,1051,3565625,-109375,1111340937.5,0.452,0.385,2026-09-01
OBEROIRLTY,63,4406,1948450,-4200,3019174182.5,60,2280,980000,78050,1467066632.5,0.503,0.517,2026-09-01
OFSS,86,8153,758800,2000,10506772910.0,89,4127,540600,-28600,4923845300.0,0.712,0.506,2026-09-01
OIL,63,6057,4216800,84000,4336816750.0,64,1868,2081800,211400,1276480100.0,0.494,0.308,2026-09-01
ONGC,73,17465,41269500,-776250,9531460597.5,72,6620,20855250,-713250,3496505782.5,0.505,0.379,2026-09-01
PAGEIND,65,2634,88920,180,2062302941.0,63,474,45540,600,332780213.0,0.512,0.18,2026-09-01
PATANJALI,59,2464,5941525,187050,966420915.0,60,1455,4195725,116100,538001326.25,0.706,0.591,2026-09-01
PAYTM,70,14382,10812650,448050,18416771900.0,72,8206,7136175,180525,9785729477.5,0.66,0.571,2026-09-01
PERSISTENT,46,56694,1528875,132000,42919553618.75,46,23243,1065500,107250,16366898893.75,0.697,0.41,2026-09-01
PETRONET,45,3698,6701300,28500,2142575470.0,45,1457,4649300,28500,805356135.0,0.694,0.394,2026-09-01
PFC,79,14469,32470100,2268500,6936923175.0,78,5857,21188700,951600,2658225440.0,0.653,0.405,2026-09-01
PGEL,48,3337,4254100,449350,1956548750.0,44,1752,2490900,177650,949076220.0,0.586,0.525,2026-09-01
PHOENIXLTD,66,709,516250,17500,498041442.5,67,776,429100,27650,507966305.0,0.831,1.094,2026-09-01
PIDILITIND,62,2612,796500,17000,2224054400.0,63,1641,610000,33000,1342959925.0,0.766,0.628,2026-09-01
PIIND,54,5724,1537375,73850,2535740681.25,52,2695,918400,46375,1130019870.0,0.597,0.471,2026-09-01
PNB,79,8790,58312000,640000,8486221920.0,79,5137,41472000,472000,4725461280.0,0.711,0.584,2026-09-01
PNBHOUSING,47,1756,1921400,42250,1401969952.5,47,824,1036750,16250,616337605.0,0.54,0.469,2026-09-01
POLICYBZR,66,2699,1361150,0,1816618405.0,69,1403,1385650,24500,889845407.5,1.018,0.52,2026-09-01
POLYCAB,79,23963,1510750,518125,28425979137.5,79,22095,1290500,200125,24566516187.5,0.854,0.922,2026-09-01
POWERGRID,85,8860,31327200,1031700,4653834065.0,83,3384,21346500,748600,1709298805.0,0.681,0.382,2026-09-01
POWERINDIA,58,10114,294550,31675,9093193682.5,55,4149,156675,7525,3351242766.25,0.532,0.41,2026-09-01
PREMIERENE,44,4746,4438200,-339300,3342069965.0,44,2336,3118700,-209300,1529240245.0,0.703,0.492,2026-09-01
PRESTIGE,70,3931,1503000,169650,2937263377.5,70,5528,1361700,194850,3920484307.5,0.906,1.406,2026-09-01
RADICO,57,4965,373800,52950,3532819905.0,57,3179,240000,17100,2119868355.0,0.642,0.64,2026-09-01
RBLBANK,58,3078,11445875,1130300,3898408351.25,59,1686,6248400,549275,2073175305.0,0.546,0.548,2026-09-01
RECLTD,59,10426,21843675,522900,5440898925.0,60,4032,16688700,-50400,2027981733.75,0.764,0.387,2026-09-01
RELIANCE,94,177975,61500500,1065500,120726108550.0,93,109317,46019500,-623500,70613859125.0,0.748,0.614,2026-09-01
RVNL,46,7551,24572625,1784475,3292453818.5,46,2135,15488550,400400,856554776.0,0.63,0.283,2026-09-01
SAGILITY,41,3318,45720000,3864000,1969671240.0,42,1242,30720000,1344000,686581200.0,0.672,0.374,2026-09-01
SAIL,60,116,16548700,-183300,111052775.0,63,96,18480400,-192700,83361221.0,1.117,0.828,2026-09-01
SBICARD,51,18727,7073600,1090400,10264952880.0,51,15124,5750400,386400,7735576040.0,0.813,0.808,2026-09-01
SBILIFE,66,3965,2814750,52500,2699885831.25,63,1893,1463625,38625,1230619275.0,0.52,0.477,2026-09-01
SBIN,81,55194,44957250,5433750,45073733175.0,81,31757,29435250,714750,24645166912.5,0.655,0.575,2026-09-01
SHREECEM,88,2767,74700,8475,1773409393.75,85,414,32300,2225,240799105.0,0.432,0.15,2026-09-01
SHRIRAMFIN,50,15280,11667150,2339700,14369411677.5,49,9620,6778200,650100,8488861342.5,0.581,0.63,2026-09-01
SIEMENS,58,6343,1240750,5775,4726167285.0,57,2418,939750,26775,1665596187.5,0.757,0.381,2026-09-01
SOLARINDS,58,9846,542450,25000,10586385287.5,61,7814,274950,7250,7348097777.5,0.507,0.794,2026-09-01
SONACOMS,53,5927,6966575,180075,6255585000.0,49,1410,3421425,66150,1384631710.0,0.491,0.238,2026-09-01
SRF,41,3264,1015000,51200,1753727760.0,40,1024,925400,8600,526283150.0,0.912,0.314,2026-09-01
SUNPHARMA,74,39589,5646900,1460200,27669482750.0,74,15613,3563350,417200,10598820907.5,0.631,0.394,2026-09-01
SUPREMEIND,54,4999,564550,75600,3328373501.25,53,1884,250250,-5250,1144975545.0,0.443,0.377,2026-09-01
SUZLON,49,4555,143243300,1714500,2930106154.0,47,1369,69926200,-165100,811091215.0,0.488,0.301,2026-09-01
SWIGGY,47,4805,20113325,521950,2643444153.75,47,1706,13057875,423400,849995027.5,0.649,0.355,2026-09-01
TATACONSUM,80,4785,4500100,444400,2832097455.0,76,1888,3740550,178750,1063688367.5,0.831,0.395,2026-09-01
TATAELXSI,59,8990,826250,0,4381330050.0,59,2450,500625,-375,1090540143.75,0.606,0.273,2026-09-01
TATAPOWER,68,12819,40816050,406000,6864807355.0,68,5268,27232450,417600,2677590517.5,0.667,0.411,2026-09-01
TATASTEEL,61,69911,93131500,-2843500,37574947905.0,61,43622,65617750,1586750,22133000560.0,0.705,0.624,2026-09-01
TCS,100,56983,8877825,-323775,31519130557.5,104,32874,8345250,31950,17025667155.0,0.94,0.577,2026-09-01
TECHM,60,9323,4247400,153000,9536373750.0,61,5775,3974400,198600,5617051680.0,0.936,0.619,2026-09-01
TIINDIA,51,2453,746400,113400,1469866560.0,53,1363,383200,21600,703357280.0,0.513,0.556,2026-09-01
TITAN,64,26659,2795100,371525,24565886143.75,64,50431,2083550,285950,43492070431.25,0.745,1.892,2026-09-01
TMPV,66,33877,46128000,6328000,18140500640.0,66,19327,32996800,1332800,9629725120.0,0.715,0.571,2026-09-01
TORNTPHARM,73,2507,462875,-8875,1616487206.25,71,808,300875,11000,499259193.75,0.65,0.322,2026-09-01
TRENT,42,7843,3223800,164475,5352765727.5,42,5392,1646550,92700,3471814957.5,0.511,0.687,2026-09-01
TVSMOTOR,70,67668,2781625,423675,53404991552.5,71,36359,1676500,59325,26962063458.75,0.603,0.537,2026-09-01
ULTRACEMCO,98,9174,542600,51250,5448195550.0,102,6091,263750,20400,3447807507.5,0.486,0.664,2026-09-01
UNIONBANK,55,4395,38347050,-181425,3794536443.0,54,1749,24992400,544275,1420998878.25,0.652,0.398,2026-09-01
UNITDSPR,49,2810,1871600,132800,1756741740.0,50,1024,1156800,72000,604274800.0,0.618,0.364,2026-09-01
UNOMINDA,43,12436,1614800,682000,9202125267.5,44,2655,732050,204050,1866430967.5,0.453,0.213,2026-09-01
UPL,53,3002,7054130,66395,2415793457.0,53,1839,6922695,84010,1400956044.5,0.981,0.613,2026-09-01
VBL,47,14182,31495050,214200,7996033278.75,47,5912,16860600,-420750,3095353263.75,0.535,0.417,2026-09-01
VEDL,50,17227,32195400,2066550,5861508140.0,50,7031,19118750,1150,2266471635.0,0.594,0.408,2026-09-01
VMM,44,2757,21136300,1382250,1552287993.0,42,2330,15238700,3904250,1239424581.0,0.721,0.845,2026-09-01
VOLTAS,53,4722,4980000,123375,2266057556.25,53,2029,3580125,77250,907928456.25,0.719,0.43,2026-09-01
WAAREEENER,47,6079,1934800,87850,2939575782.5,47,1322,1123675,-10675,592247582.5,0.581,0.217,2026-09-01
WIPRO,59,19534,52392000,1500000,11141127660.0,60,11942,41658000,1749000,6379881240.0,0.795,0.611,2026-09-01
YESBANK,28,5053,271005400,12408900,3705080773.0,27,2436,201217000,14399300,1677893516.0,0.742,0.482,2026-09-01
ZYDUSLIFE,84,4954,3927600,171900,5461042815.0,84,2128,2234700,69300,2230745490.0,0.569,0.43,2026-09-01
360ONE,43,2549,2088000,71000,1571852700.0,45,1266,1291500,-12000,731938575.0,0.619,0.497,2026-09-02
ABB,58,6383,673125,11125,6208084750.0,58,4917,721125,43375,4354756456.25,1.071,0.77,2026-09-02
ABCAPITAL,67,3705,13175000,1162500,4765633100.0,64,2262,12855700,272800,2758395190.0,0.976,0.611,2026-09-02
ADANIENSOL,86,21941,9761850,146475,22361791601.25,84,6080,4282875,240300,5745326996.25,0.439,0.277,2026-09-02
ADANIENT,56,43592,9006423,-121128,41344783577.4,56,18418,5178222,227424,16248661268.7,0.575,0.423,2026-09-02
ADANIGREEN,74,28682,5959200,-240600,23424825300.0,73,9812,4377600,312600,7478776410.0,0.735,0.342,2026-09-02
ADANIPORTS,82,42486,7258950,-132050,34910328537.5,81,15104,5684325,145825,11884226732.5,0.783,0.356,2026-09-02
ADANIPOWER,44,34917,63083500,191700,27675556789.5,44,10477,40221500,2616350,7411200348.5,0.638,0.3,2026-09-02
ALKEM,80,2417,284500,27250,1680007893.75,79,1737,183875,26875,1132515150.0,0.646,0.719,2026-09-02
AMBER,63,9415,768400,26100,7414727790.0,65,5711,487700,14800,4183074130.0,0.635,0.607,2026-09-02
AMBUJACEM,72,6681,13596000,1159200,3355097340.0,70,3037,8881200,-138000,1478150580.0,0.653,0.455,2026-09-02
ANGELONE,59,6173,22157500,567500,4688487375.0,59,3230,15145000,482500,2289602625.0,0.684,0.523,2026-09-02
APLAPOLLO,79,6263,1873550,196350,5061407400.0,79,2249,921550,80500,1723053815.0,0.492,0.359,2026-09-02
APOLLOHOSP,59,6524,1018125,82750,7361000806.25,57,5388,781125,58000,5737240700.0,0.767,0.826,2026-09-02
ASHOKLEY,57,20063,83610000,5390000,18123464550.0,56,8667,55285000,3795000,7243245000.0,0.661,0.432,2026-09-02
ASIANPAINT,102,14407,4185000,513250,9673336275.0,97,15620,2733750,225750,9875814775.0,0.653,1.084,2026-09-02
ASTRAL,61,8671,2473925,255425,5829669218.75,62,4250,1341300,131750,2702824092.5,0.542,0.49,2026-09-02
ATHERENERG,80,23057,4188375,-107250,15685518243.75,82,17050,2773125,-523500,10722319256.25,0.662,0.739,2026-09-02
AUBANK,47,4481,7089000,437000,5056394100.0,46,2622,4836000,183000,2828485300.0,0.682,0.585,2026-09-02
AUROPHARMA,63,16873,5115550,430650,16265153300.0,63,12091,2374900,383350,11155439487.5,0.464,0.717,2026-09-02
AXISBANK,55,30329,14876250,1116250,24723258343.75,55,18183,11970000,140625,14269808031.25,0.805,0.6,2026-09-02
BAJAJ-AUTO,85,54150,1285350,172800,51227506143.75,87,59315,984600,-139575,53211864292.5,0.766,1.095,2026-09-02
BAJAJFINSV,72,14534,4477500,816300,8945634210.0,73,5929,2808600,152400,3481011660.0,0.627,0.408,2026-09-02
BAJAJHLDNG,60,683,56400,14250,601147500.0,60,228,32325,7350,198071835.0,0.573,0.334,2026-09-02
BAJFINANCE,80,18523,15206250,624750,15387804750.0,78,12170,12588750,367500,9543162187.5,0.828,0.657,2026-09-02
BANDHANBNK,43,5336,27457200,1515600,3407774472.0,39,1929,18943200,-61200,1107481284.0,0.69,0.362,2026-09-02
BANKBARODA,43,11326,42087825,73125,8340805336.5,42,7237,37943100,1301625,5008381004.25,0.902,0.639,2026-09-02
BANKINDIA,44,2648,34132800,951600,2085651048.0,44,1330,26426400,1081600,960750024.0,0.774,0.502,2026-09-02
BANKNIFTY,439,724012,13634550,440460,1282829423208.0,441,730368,14776320,520470,1241553747271.5,1.084,1.009,2026-09-02
BDL,59,12176,7671675,490450,7002092961.25,59,5397,4499900,133025,2869439520.0,0.587,0.443,2026-09-02
BEL,62,28712,36394500,1650150,17485596948.75,64,14925,28850550,1157100,8675939077.5,0.793,0.52,2026-09-02
BHARATFORG,90,4556,2683500,97500,4826778900.0,85,4155,2300000,42500,4185329350.0,0.857,0.912,2026-09-02
BHARTIARTL,78,27089,17796350,768075,24960820006.25,77,17569,11849350,19000,15499951575.0,0.666,0.649,2026-09-02
BHEL,73,12338,30518250,669375,14549424487.5,72,6588,19272750,826875,7380385425.0,0.632,0.534,2026-09-02
BIOCON,66,6323,21320000,1607500,6689281125.0,64,2450,13747500,397500,2506728125.0,0.645,0.387,2026-09-02
BLUESTARCO,65,7197,1517750,261300,3599929482.5,64,4069,1018875,48750,1926220107.5,0.671,0.565,2026-09-02
BOSCHLTD,69,13608,125800,15075,17037031445.0,69,17217,108175,34625,19492931748.75,0.86,1.265,2026-09-02
BPCL,48,4719,8972425,389075,3081946321.25,47,4983,8458925,724825,3091384550.0,0.943,1.056,2026-09-02
BRITANNIA,78,8473,1063750,132125,5723457875.0,79,6502,812125,70375,4061521562.5,0.763,0.767,2026-09-02
BSE,38,124418,12359800,1952400,86459726170.0,38,84427,6769600,332800,53223116540.0,0.548,0.679,2026-09-02
CAMS,68,6458,5082825,622875,4218785216.25,65,3202,3059100,30525,1944056152.5,0.602,0.496,2026-09-02
CANBK,43,7311,67041000,1296000,6555370972.5,44,3028,57469500,2193750,2581458255.0,0.857,0.414,2026-09-02
CDSL,51,10557,6464750,118750,7306850828.75,52,5888,4509175,114475,3745520350.0,0.698,0.558,2026-09-02
CGPOWER,45,5476,5973800,188700,4335047727.5,43,3053,4296750,68850,2259039772.5,0.719,0.558,2026-09-02
CHOLAFIN,67,3536,2470625,16875,4245139812.5,64,2859,1892500,245625,3162421812.5,0.766,0.809,2026-09-02
CIPLA,93,6021,4738750,280075,3744937246.25,90,4901,3030675,116875,2904866266.25,0.64,0.814,2026-09-02
COALINDIA,74,185062,43183800,7145550,107271917662.5,73,88650,28158300,6623100,49302979762.5,0.652,0.479,2026-09-02
COCHINSHIP,60,3280,3146000,23200,2079186860.0,61,1510,1352000,-14800,870487620.0,0.43,0.46,2026-09-02
COFORGE,83,9825,5882400,220400,9659787838.75,85,7352,4834075,23750,6782775443.75,0.822,0.748,2026-09-02
COLPAL,84,2730,2357300,-31625,1456249891.25,86,1622,2225025,-16500,812331561.25,0.944,0.594,2026-09-02
CONCOR,81,6634,6390000,381250,4448065062.5,81,1500,3772500,366250,984112312.5,0.59,0.226,2026-09-02
CROMPTON,51,8273,23020050,1851150,4389879868.5,50,3126,13106400,571900,1511441615.0,0.569,0.378,2026-09-02
CUMMINSIND,44,3717,1047000,3000,3996159490.0,44,3572,1090800,30000,3575220780.0,1.042,0.961,2026-09-02
DABUR,72,6282,14992500,1395000,3142871375.0,72,3004,10485000,566250,1422343812.5,0.699,0.478,2026-09-02
DELHIVERY,74,2510,10489125,-207500,2517044201.25,73,1653,7571675,273900,1580088948.75,0.722,0.659,2026-09-02
DIVISLAB,68,23849,1426000,-41500,22869757310.0,68,13330,1433500,54000,11844362180.0,1.005,0.559,2026-09-02
DIXON,45,35996,1446650,-75050,27655970822.5,46,23721,992550,39150,16522489047.5,0.686,0.659,2026-09-02
DLF,51,16532,8606050,636500,10985857427.5,52,12738,5782650,510150,7994286622.5,0.672,0.771,2026-09-02
DMART,62,5918,1822800,-14850,3549345105.0,63,3271,1144500,-4200,1833790845.0,0.628,0.553,2026-09-02
DRREDDY,93,4859,7851875,478750,3680010281.25,92,3087,4893125,118750,2230164625.0,0.623,0.635,2026-09-02
EICHERMOT,73,78388,1746500,589200,63148130030.0,73,88146,1354600,443700,66660835690.0,0.776,1.124,2026-09-02
ETERNAL,46,25886,54191475,2982750,21579703975.0,48,18448,29793550,526225,14454929208.75,0.55,0.713,2026-09-02
FEDERALBNK,55,9144,17005000,-182500,8335595625.0,54,5768,13615000,830000,5030134250.0,0.801,0.631,2026-09-02
FINNIFTY,201,11724,372000,63660,19089947403.0,201,4748,233040,82920,7335697698.0,0.626,0.405,2026-09-02
FORCEMOT,36,9766,134800,24075,4704182685.0,37,2683,60150,7350,1161449881.25,0.446,0.275,2026-09-02
FORTIS,73,1302,1568600,21700,960976595.0,73,843,1247750,25575,591816698.75,0.795,0.647,2026-09-02
GAIL,57,4050,22691600,646100,2581508383.0,58,2239,16447150,923000,1357528449.0,0.725,0.553,2026-09-02
GLENMARK,86,3435,1750125,36750,3298199850.0,88,1797,1116375,-79875,1635554512.5,0.638,0.523,2026-09-02
GMRAIRPORT,93,3095,59092200,3773475,2168411157.0,87,1114,47157975,320850,734032887.75,0.798,0.36,2026-09-02
GODFRYPHLP,41,1769,565950,142450,1092873636.25,38,579,321750,22550,330004276.25,0.569,0.327,2026-09-02
GODREJCP,82,4761,5481000,-15000,2268804725.0,82,1954,4206000,105000,869050850.0,0.767,0.41,2026-09-02
GODREJPROP,75,8468,2344875,-10400,5843144401.25,75,4015,1555775,129350,2566971582.5,0.663,0.474,2026-09-02
GRASIM,115,5769,1825250,36750,4880737325.0,115,4360,950500,13500,3555317387.5,0.521,0.756,2026-09-02
GVT&D,40,5976,949125,-1125,3451918975.0,42,3236,526750,-125,1710775631.25,0.555,0.541,2026-09-02
HAL,66,25253,3094050,293100,19106751847.5,67,10935,2113200,131400,7791179107.5,0.683,0.433,2026-09-02
HAVELLS,45,5009,2433000,310000,3159302025.0,46,4023,1818000,246500,2382788200.0,0.747,0.803,2026-09-02
HCLTECH,94,26384,6155600,146800,14722935720.0,96,14991,4206000,-46800,8069767940.0,0.683,0.568,2026-09-02
HDFCAMC,44,5357,1414200,90300,4273770075.0,43,3090,1090500,58800,2273024715.0,0.771,0.577,2026-09-02
HDFCBANK,67,198344,176328100,17403750,96124217865.0,64,97917,86320650,3949400,44628498590.0,0.49,0.494,2026-09-02
HDFCLIFE,86,5953,16842100,693000,3683025225.0,86,2612,12478400,115500,1544292530.0,0.741,0.439,2026-09-02
HEROMOTOCO,51,95840,3305850,1418400,81384728332.5,50,103770,1787850,701100,81645378480.0,0.541,1.083,2026-09-02
HINDALCO,44,14861,11907000,319900,11103843870.0,43,7680,8153600,162400,5389286245.0,0.685,0.517,2026-09-02
HINDPETRO,49,5078,10116900,297675,3912853635.0,48,3576,9466875,635850,2612513148.75,0.936,0.704,2026-09-02
HINDUNILVR,86,15953,9360900,558600,9908832510.0,84,10817,6208500,245100,6273624675.0,0.663,0.678,2026-09-02
HINDZINC,50,16684,25037775,182525,12884333236.25,55,12253,16963800,-225400,8890292398.75,0.678,0.734,2026-09-02
HYUNDAI,85,6375,1301850,129250,4003052900.0,83,4216,1077450,169400,2472251361.25,0.828,0.661,2026-09-02
ICICIBANK,95,35391,21178500,2125900,36525207845.0,94,27216,14236600,158900,27314278880.0,0.672,0.769,2026-09-02
ICICIGI,67,3141,1428375,133250,1649782338.75,68,1766,997100,70850,907728250.0,0.698,0.562,2026-09-02
ICICIPRULI,77,2779,3004400,37925,1338554180.0,77,1812,2865650,103600,832735181.25,0.954,0.652,2026-09-02
IDEA,28,31053,1696745025,102709575,35712463737.0,28,8686,794158725,35094225,8778018434.25,0.468,0.28,2026-09-02
IDFCFIRSTB,62,5558,117950175,37100,4587789617.25,63,3920,76017900,2346575,3055939150.25,0.644,0.705,2026-09-02
IEX,41,2447,20231850,1022250,1345065414.0,44,762,13863450,400200,386850285.0,0.685,0.311,2026-09-02
INDHOTEL,55,8278,5421000,19000,6241539600.0,56,4116,3706000,-57000,2933091450.0,0.684,0.497,2026-09-02
INDIANB,62,6078,3923000,24000,5586096400.0,62,2421,2885000,134000,2121495650.0,0.735,0.398,2026-09-02
INDIGO,42,26224,2917650,208500,20673390907.5,41,30617,2310450,234900,22743225420.0,0.792,1.168,2026-09-02
INDUSINDBK,67,10171,4112500,289100,7272220690.0,67,7346,3857000,526400,5076737680.0,0.938,0.722,2026-09-02
INDUSTOWER,78,6078,17489600,324700,4071319035.0,79,2158,9921200,309400,1397057365.0,0.567,0.355,2026-09-02
INFY,47,99711,22978400,2972400,48072648900.0,47,66605,14598000,178800,29798426460.0,0.635,0.668,2026-09-02
INOXWIND,36,5662,47027200,1548800,2786918528.0,36,1926,26502400,755200,848022784.0,0.564,0.34,2026-09-02
IOC,44,5575,35499750,-872625,3905645786.25,45,3234,29708250,638625,2106765716.25,0.837,0.58,2026-09-02
IREDA,45,4445,51680025,1656150,2386926775.75,46,1005,32770050,217200,497689274.5,0.634,0.226,2026-09-02
IRFC,78,5270,50441650,-526225,2511436208.75,79,1806,38794175,1556975,810393986.5,0.769,0.343,2026-09-02
ITC,100,66745,97421100,79350,31960744368.75,100,33816,59188200,-595125,15528249037.5,0.608,0.507,2026-09-02
JINDALSTEL,44,4029,3885000,-40000,3055220187.5,46,3161,3493750,-40625,2249847687.5,0.899,0.785,2026-09-02
JIOFIN,84,29816,97550850,5249900,17577319275.5,80,11466,60547750,1858850,6394269019.0,0.621,0.385,2026-09-02
JSWENERGY,46,29665,5278250,693375,17894179368.75,47,9298,3994700,823450,5280398011.25,0.757,0.313,2026-09-02
JSWSTEEL,51,5013,6785100,109350,4646600977.5,51,2898,4954500,6075,2534900467.5,0.73,0.578,2026-09-02
JUBLFOOD,76,2648,6460000,-50000,1705411750.0,74,895,3838750,71250,542645187.5,0.594,0.338,2026-09-02
KALYANKJIL,76,53130,25613550,380700,45031241182.5,75,27074,16568550,1405350,20829960675.0,0.647,0.51,2026-09-02
KAYNES,69,17781,2324400,165000,10487645752.5,69,9657,1619700,122850,5077127730.0,0.697,0.543,2026-09-02
KEI,54,10131,1029700,245175,9947196901.25,55,7507,1038800,77175,6791377923.75,1.009,0.741,2026-09-02
KFINTECH,39,4890,2991150,111550,2771308582.5,37,2256,1727875,39100,1174039168.75,0.578,0.461,2026-09-02
KOTAKBANK,63,33883,54502000,11094000,29564182200.0,65,17990,42580000,2888000,15222530500.0,0.781,0.531,2026-09-02
KPITTECH,61,4944,6420100,-5425,2396080597.5,63,1732,3027925,775,794351478.75,0.472,0.35,2026-09-02
LAURUSLABS,58,17898,11025350,289000,29435081927.5,58,10645,6605350,250750,16439057417.5,0.599,0.595,2026-09-02
LICHSGFIN,45,263,7717000,-118000,146841250.0,48,257,8613000,-195000,135161800.0,1.116,0.977,2026-09-02
LICI,61,5524,16765000,616000,3333370250.0,63,1705,13854400,-9800,982708440.0,0.826,0.309,2026-09-02
LODHA,53,4191,3033125,117500,3338743968.75,52,2766,3059375,43125,2011022968.75,1.009,0.66,2026-09-02
LT,57,33527,6041350,801500,24193321250.0,57,15155,3421950,27825,10615144811.25,0.566,0.452,2026-09-02
LTF,48,9041,14859000,-733500,6635937150.0,47,3164,16920000,596250,2195127337.5,1.139,0.35,2026-09-02
LTM,77,5358,796350,35700,3855992910.0,77,3770,601350,3300,2558365365.0,0.755,0.704,2026-09-02
LUPIN,88,6681,3617175,71400,6618625491.25,83,2139,2493900,71825,1938445973.75,0.689,0.32,2026-09-02
M&M,54,49111,6597000,969800,33191206910.0,53,32697,3499600,431800,20798376570.0,0.53,0.666,2026-09-02
MAHABANK,64,2156,16055000,1644500,1248389935.0,63,135,5791500,84500,73275085.0,0.361,0.063,2026-09-02
MANAPPURAM,61,5534,15504000,1347000,5989085850.0,61,3094,10551000,-168000,3173297100.0,0.681,0.559,2026-09-02
MANKIND,89,5718,898500,10250,3555801750.0,88,909,614000,-10500,540259737.5,0.683,0.159,2026-09-02
MARICO,62,2185,4543200,114000,2256644640.0,58,1090,2950800,247200,1083442260.0,0.649,0.499,2026-09-02
MARUTI,114,102640,3234250,383200,69627113847.5,114,58288,1405600,122650,37035814090.0,0.435,0.568,2026-09-02
MAXHEALTH,87,4821,2842350,70875,2638659003.75,79,2840,2231775,51450,1503847301.25,0.785,0.589,2026-09-02
MAZDOCK,45,6404,2871675,150525,3840872816.25,47,2182,1523925,18225,1217002972.5,0.531,0.341,2026-09-02
MCX,57,38416,5202900,528750,30256566761.25,59,20752,3951000,199575,15090543450.0,0.759,0.54,2026-09-02
MFSL,64,3263,1143600,53600,2100151160.0,65,3467,653200,-11600,2102476680.0,0.571,1.063,2026-09-02
MIDCPNIFTY,367,69661,4229400,483840,126259622430.0,367,67212,4359480,476280,117102887064.0,1.031,0.965,2026-09-02
MOTHERSON,49,7652,30829950,2281650,8138260191.0,48,3751,30922200,940950,3743850076.5,1.003,0.49,2026-09-02
MOTILALOFS,48,4045,2553625,123225,3398010401.25,48,2600,1299675,-45725,2028239402.5,0.509,0.643,2026-09-02
MPHASIS,42,5725,773850,22825,4139214983.75,41,4592,567875,30800,3093296593.75,0.734,0.802,2026-09-02
MUTHOOTFIN,58,19672,4967050,381150,16887452903.75,58,12099,2687025,141900,9683933861.25,0.541,0.615,2026-09-02
NAM-INDIA,48,3622,1634375,233750,2908702343.75,48,1410,1027500,40625,1047489156.25,0.629,0.389,2026-09-02
NATIONALUM,41,8709,26088750,1245000,6606712875.0,40,3635,15108750,101250,2525501625.0,0.579,0.417,2026-09-02
NAUKRI,49,9196,2509650,20900,7140030755.0,47,5974,1192950,190850,4288525725.0,0.475,0.65,2026-09-02
NBCC,38,1407,32324500,1566500,837552950.0,37,465,15099500,201500,265179200.0,0.467,0.33,2026-09-02
NESTLEIND,101,6359,2205500,103000,4762505675.0,100,2631,1421000,164000,1873660950.0,0.644,0.414,2026-09-02
NHPC,63,3979,31622500,-4197800,2192917376.0,63,2295,32074250,-1549850,1191311454.0,1.014,0.577,2026-09-02
NIFTY,757,25888573,252410605,52107390,40963457749864.0,777,24252553,220167400,41952350,37377533724765.0,0.872,0.937,2026-09-02
NIFTYFPI,182,4,18700,0,7268470.0,182,2,2200,1100,3370400.0,0.118,0.5,2026-09-02
NIFTYNXT50,508,198,1550,475,367091610.0,508,83,600,50,150893276.25,0.387,0.419,2026-09-02
NMDC,68,7463,67284000,2004750,4531206487.5,69,2743,37381500,1113750,1571731695.0,0.556,0.368,2026-09-02
NTPC,54,25378,35713500,-2607000,12990412875.0,55,9308,17115000,-304500,4605074025.0,0.479,0.367,2026-09-02
NYKAA,46,2059,7671875,-215625,2268919843.75,45,2076,4546875,981250,2134963593.75,0.593,1.008,2026-09-02
OBEROIRLTY,64,2953,2017050,68600,2024166672.5,61,2514,1115800,135800,1592542245.0,0.553,0.851,2026-09-02
OFSS,86,6278,737700,-21100,8047000580.0,89,3734,575000,34400,4368524440.0,0.779,0.595,2026-09-02
OIL,67,14688,4443600,226800,10592843030.0,68,3903,2385600,303800,2685414340.0,0.537,0.266,2026-09-02
ONGC,76,42389,45092250,3822750,23386451917.5,76,12702,21915000,1059750,6758940870.0,0.486,0.3,2026-09-02
PAGEIND,65,6241,86920,-2000,4805128097.0,63,1378,46680,1140,964763644.0,0.537,0.221,2026-09-02
PATANJALI,59,5997,6252200,310675,2413871220.0,60,3323,4826750,631025,1230178668.75,0.772,0.554,2026-09-02
PAYTM,70,16450,11915375,1102725,20712495891.25,72,9007,7530575,394400,10431542150.0,0.632,0.548,2026-09-02
PERSISTENT,46,19762,1539625,10750,14944824650.0,46,13946,999250,-66250,9879992293.75,0.649,0.706,2026-09-02
PETRONET,45,1851,7104100,402800,1070009795.0,45,1747,4873500,224200,974142635.0,0.686,0.944,2026-09-02
PFC,79,15270,33751900,1281800,7322756675.0,78,4823,21628100,439400,2185182935.0,0.641,0.316,2026-09-02
PGEL,52,4481,4160050,-94050,2617448597.5,48,2008,2585900,95000,1079791707.5,0.622,0.448,2026-09-02
PHOENIXLTD,68,743,514500,-1750,517641932.5,68,898,481600,52500,588805052.5,0.936,1.209,2026-09-02
PIDILITIND,62,1365,802500,6000,1157892450.0,63,1687,658000,48000,1373800725.0,0.82,1.236,2026-09-02
PIIND,54,4473,1545950,8575,1966810308.75,52,1629,964250,45850,671503770.0,0.624,0.364,2026-09-02
PNB,79,14462,56800000,-1512000,14071612160.0,79,8263,44792000,3320000,7624379920.0,0.789,0.571,2026-09-02
PNBHOUSING,47,1653,1977300,55900,1307010282.5,47,910,1064050,27300,670622745.0,0.538,0.551,2026-09-02
POLICYBZR,66,3428,1365000,3850,2311151185.0,69,1711,1484000,98350,1098360025.0,1.087,0.499,2026-09-02
POLYCAB,82,20550,1599125,88375,23994742000.0,82,15050,1337625,47125,16544119462.5,0.836,0.732,2026-09-02
POWERGRID,85,21375,31217000,-110200,11348089815.0,83,5742,20909500,-437000,2884623510.0,0.67,0.269,2026-09-02
POWERINDIA,59,14408,327350,32800,12993158682.5,56,4292,165950,9275,3428625642.5,0.507,0.298,2026-09-02
PREMIERENE,44,3150,4808050,369850,2206680255.0,44,1882,3064750,-53950,1223468642.5,0.637,0.597,2026-09-02
PRESTIGE,70,2020,1552950,49950,1505628697.5,70,1938,1366200,4500,1366041622.5,0.88,0.959,2026-09-02
RADICO,57,2139,414600,40800,1510748625.0,57,1034,246000,6000,674116387.5,0.593,0.483,2026-09-02
RBLBANK,58,9605,12055475,609600,12388340571.25,59,4973,8489950,2241550,6060469527.5,0.704,0.518,2026-09-02
RECLTD,62,8566,22407525,563850,4458930525.0,63,3826,16693425,4725,1915799917.5,0.745,0.447,2026-09-02
RELIANCE,95,188193,61762500,262000,128225675600.0,95,100913,46467500,448000,65671301525.0,0.752,0.536,2026-09-02
RVNL,47,9354,26919200,2346575,4056428068.0,47,3230,15967875,479325,1283476713.75,0.593,0.345,2026-09-02
SAGILITY,41,3718,48792000,3072000,2219155080.0,42,982,31536000,816000,545815200.0,0.646,0.264,2026-09-02
SAIL,60,16,16520500,-28200,15443119.0,63,30,18377000,-103400,23834640.0,1.112,1.875,2026-09-02
SBICARD,52,12818,7524000,450400,6887240520.0,52,8046,5357600,-392800,4135032040.0,0.712,0.628,2026-09-02
SBILIFE,69,6065,3323250,508500,4108263525.0,66,2719,1557750,94125,1743078318.75,0.469,0.448,2026-09-02
SBIN,82,75975,53112750,8155500,61451551237.5,82,49593,33417750,3982500,37848564450.0,0.629,0.653,2026-09-02
SHREECEM,88,2796,73025,-1675,1751479923.75,85,582,34650,2350,339388762.5,0.474,0.208,2026-09-02
SHRIRAMFIN,52,17169,13325400,1658250,15833957535.0,52,11396,7381275,603075,9818360268.75,0.554,0.664,2026-09-02
SIEMENS,58,4282,1263325,22575,3158783066.25,57,1955,950950,11200,1332070372.5,0.753,0.457,2026-09-02
SOLARINDS,58,20111,546700,4250,21728678785.0,61,7712,308750,33800,7421829830.0,0.565,0.383,2026-09-02
SONACOMS,53,7603,7446775,480200,7867077155.0,49,6226,4073125,651700,6009463818.75,0.547,0.819,2026-09-02
SRF,41,2680,1019800,4800,1443687390.0,40,1090,936800,11400,552932490.0,0.919,0.407,2026-09-02
SUNPHARMA,74,57450,8472450,2825550,40061466077.5,74,19596,4036550,473200,13232429840.0,0.476,0.341,2026-09-02
SUPREMEIND,54,2331,552475,-12075,1540414881.25,53,1752,281925,31675,1055648746.25,0.51,0.752,2026-09-02
SUZLON,49,7445,154749500,11506200,4719458557.0,47,3012,73050400,3124200,1751003991.0,0.472,0.405,2026-09-02
SWIGGY,47,23143,24478725,4365400,12238185922.5,47,18870,16105625,3047750,9335063431.25,0.658,0.815,2026-09-02
TATACONSUM,80,5211,4864750,364650,3068393047.5,76,3008,3799950,59400,1679562582.5,0.781,0.577,2026-09-02
TATAELXSI,59,6142,939250,113000,2991579012.5,59,2549,541000,40375,1127889531.25,0.576,0.415,2026-09-02
TATAPOWER,68,75391,36648750,-4167300,40997030807.5,68,30801,28888350,1655900,15945423655.0,0.788,0.409,2026-09-02
TATASTEEL,61,24329,97234500,4103000,12962860927.5,61,11809,66706750,1089000,5927213050.0,0.686,0.485,2026-09-02
TCS,100,55747,9392175,514350,30794427236.25,104,42057,8511975,166725,21906235822.5,0.906,0.754,2026-09-02
TECHM,60,8007,4651800,404400,8143704000.0,61,6725,3897000,-77400,6467364150.0,0.838,0.84,2026-09-02
TIINDIA,51,3264,784600,38200,1936266420.0,53,3430,411400,28200,1815559310.0,0.524,1.051,2026-09-02
TITAN,65,17672,2735425,-59675,16193070425.0,65,23852,2162825,79275,20551690302.5,0.791,1.35,2026-09-02
TMPV,66,32535,47057600,929600,17217072400.0,66,14734,34379200,1382400,7280638960.0,0.731,0.453,2026-09-02
TORNTPHARM,73,10273,503375,40500,6616682537.5,71,2368,316375,15500,1450063000.0,0.629,0.231,2026-09-02
TRENT,44,14762,3368925,145125,10035048768.75,44,7641,1692450,45900,4863433905.0,0.502,0.518,2026-09-02
TVSMOTOR,70,40578,3106075,324450,31169046440.0,71,28303,1855875,179375,20415523861.25,0.597,0.697,2026-09-02
ULTRACEMCO,98,10008,582800,40200,5904571605.0,102,6615,297100,33350,3730130757.5,0.51,0.661,2026-09-02
UNIONBANK,55,5206,38116950,-230100,4494167484.75,54,2958,25231350,238950,2408570997.75,0.662,0.568,2026-09-02
UNITDSPR,50,2646,1908000,36400,1643889400.0,51,1342,1282800,126000,779231240.0,0.672,0.507,2026-09-02
UNOMINDA,43,5672,1697850,83050,4104943150.0,44,2706,799700,67650,1870704247.5,0.471,0.477,2026-09-02
UPL,53,6165,7464695,410565,4996624220.25,53,3036,7161175,238480,2335993848.5,0.959,0.492,2026-09-02
VBL,47,24890,29039400,-2455650,13921557465.0,47,17309,19816050,2955450,8949697387.5,0.682,0.695,2026-09-02
VEDL,52,18108,34413750,2218350,6055817947.5,52,8722,20386050,1267300,2769085057.5,0.592,0.482,2026-09-02
VMM,44,4279,22373050,1236750,2398786720.0,42,1732,16014700,776000,911162855.5,0.716,0.405,2026-09-02
VOLTAS,53,24067,6471750,1491750,11307102318.75,53,18275,3983250,403125,8019573056.25,0.615,0.759,2026-09-02
WAAREEENER,47,12497,2009350,74550,5972151990.0,47,2893,1141875,18200,1305032076.25,0.568,0.231,2026-09-02
WIPRO,59,17370,55659000,3267000,9791106180.0,60,10791,43797000,2139000,5728502250.0,0.787,0.621,2026-09-02
YESBANK,28,6020,287954900,16949500,4416834129.0,27,2456,214341200,13124200,1693295791.0,0.744,0.408,2026-09-02
ZYDUSLIFE,84,3638,4028400,100800,3982389030.0,84,1346,2258100,23400,1397954475.0,0.561,0.37,2026-09-02
360ONE,43,2065,2180500,92500,1286879250.0,45,865,1338000,46500,501927150.0,0.614,0.419,2026-09-03
ABB,58,3970,650500,-22625,3887474506.25,58,1683,725375,4250,1503833006.25,1.115,0.424,2026-09-03
ABCAPITAL,67,3264,12778200,-396800,4230639285.0,64,1954,12920800,65100,2402273390.0,1.011,0.599,2026-09-03
ADANIENSOL,86,8921,9828675,66825,9166992277.5,84,2560,4286250,3375,2408496288.75,0.436,0.287,2026-09-03
ADANIENT,56,17373,9179154,172731,16499459527.35,56,7475,5158137,-20085,6647569591.799999,0.562,0.43,2026-09-03
ADANIGREEN,74,8434,5755200,-204000,6972425520.0,73,3729,4357200,-20400,2848211820.0,0.757,0.442,2026-09-03
ADANIPORTS,82,46778,7303600,44650,39213374081.25,81,21410,5735150,50825,17213046010.0,0.785,0.458,2026-09-03
ADANIPOWER,44,31866,63786400,702900,25524221360.5,44,12506,40910200,688700,9042324138.0,0.641,0.392,2026-09-03
ALKEM,86,2975,359000,74500,2040752568.75,84,1448,223125,39250,927799668.75,0.622,0.487,2026-09-03
AMBER,63,4095,791500,23100,3207046210.0,65,2842,500000,12300,2104112390.0,0.632,0.694,2026-09-03
AMBUJACEM,72,2218,13478400,-117600,1122748320.0,70,605,8914800,33600,293899740.0,0.661,0.273,2026-09-03
ANGELONE,59,7679,21475000,-682500,5856689875.0,59,2926,15215000,70000,2072209875.0,0.708,0.381,2026-09-03
APLAPOLLO,79,7979,2208500,334950,6391075670.0,79,5173,1088850,167300,3935971655.0,0.493,0.648,2026-09-03
APOLLOHOSP,59,12471,1074500,56375,14039233600.0,57,4401,800125,19000,4756342762.5,0.745,0.353,2026-09-03
ASHOKLEY,59,11202,86450000,2840000,10048501800.0,58,3969,56475000,1190000,3298308450.0,0.653,0.354,2026-09-03
ASIANPAINT,107,12849,4276250,91250,8567120987.5,102,5718,2808500,74750,3585376075.0,0.657,0.445,2026-09-03
ASTRAL,63,4646,2472650,-1275,3113793950.0,64,1934,1355750,14450,1215415403.75,0.548,0.416,2026-09-03
ATHERENERG,80,13958,4287000,98625,9248563012.5,82,8849,2781000,7875,5456994168.75,0.649,0.634,2026-09-03
AUBANK,47,5162,7654000,565000,5816112600.0,46,2777,4899000,63000,3003557850.0,0.64,0.538,2026-09-03
AUROPHARMA,63,11401,5519800,404250,10941481210.0,63,10188,2703250,328350,9202602860.0,0.49,0.894,2026-09-03
AXISBANK,55,46462,14829375,-46875,38190810906.25,55,30591,11915000,-55000,24088874750.0,0.803,0.658,2026-09-03
BAJAJ-AUTO,85,21956,1323600,38250,20723141805.0,87,19387,1073475,88875,17198607813.75,0.811,0.883,2026-09-03
BAJAJFINSV,72,6108,4640100,162600,3776857500.0,73,2564,2844000,35400,1512960750.0,0.613,0.42,2026-09-03
BAJAJHLDNG,64,447,60600,4200,391654657.5,64,128,31350,-975,109480331.25,0.517,0.286,2026-09-03
BAJFINANCE,80,17133,16378500,1172250,14151944325.0,78,11303,12937500,348750,8974330950.0,0.79,0.66,2026-09-03
BANDHANBNK,43,14212,28288800,831600,9070539300.0,39,3793,19792800,849600,2273160060.0,0.7,0.267,2026-09-03
BANKBARODA,43,10643,42330600,242775,7907014615.5,42,6987,38346750,403650,4904821116.0,0.906,0.656,2026-09-03
BANKINDIA,44,5502,35271600,1138800,4408739244.0,44,1694,27206400,780000,1248724412.0,0.771,0.308,2026-09-03
BANKNIFTY,440,725943,13574190,-60360,1286879523378.0,442,829027,14507220,-269100,1417711297797.0,1.069,1.142,2026-09-03
BDL,59,10368,7900750,229075,5958749878.75,59,3139,4569175,69275,1657319098.75,0.578,0.303,2026-09-03
BEL,62,22394,35704800,-689700,13594170397.5,64,11771,28009800,-840750,6866165208.75,0.784,0.526,2026-09-03
BHARATFORG,90,10816,3055000,371500,11338161200.0,85,8208,2370000,70000,8282370675.0,0.776,0.759,2026-09-03
BHARTIARTL,78,18353,18192975,396625,16886493437.5,77,10734,11900175,50825,9475422336.25,0.654,0.585,2026-09-03
BHEL,73,13701,31337250,819000,16331958693.75,72,6141,20125875,853125,6877764468.75,0.642,0.448,2026-09-03
BIOCON,66,3979,21697500,377500,4205044500.0,64,1334,13632500,-115000,1358077750.0,0.628,0.335,2026-09-03
BLUESTARCO,67,6690,1441700,-76050,3381191742.5,66,2734,1053325,34450,1306367091.25,0.731,0.409,2026-09-03
BOSCHLTD,73,9458,138725,12925,12094207481.25,75,6012,112025,3850,6678142455.0,0.808,0.636,2026-09-03
BPCL,48,3620,9424700,452275,2384977511.25,47,2337,8928975,470050,1471017426.25,0.947,0.646,2026-09-03
BRITANNIA,80,3330,1089500,25750,2235828893.75,81,2410,825625,13500,1516456118.75,0.758,0.724,2026-09-03
BSE,38,132079,10739600,-1620200,93044416460.0,38,80609,7315600,546000,51245681180.0,0.681,0.61,2026-09-03
CAMS,68,3248,5131500,48675,2104540267.5,65,1765,3167175,108075,1073668860.0,0.617,0.543,2026-09-03
CANBK,43,10950,70638750,3597750,9890007727.5,44,4051,57793500,324000,3473994757.5,0.818,0.37,2026-09-03
CDSL,55,12792,6573050,108300,8854204820.0,55,5014,4528650,19475,3221251616.25,0.689,0.392,2026-09-03
CGPOWER,45,12034,5293800,-680000,9627143817.5,43,3849,4425100,128350,2872397520.0,0.836,0.32,2026-09-03
CHOLAFIN,67,3543,2358750,-111875,4279177718.75,64,1722,1943750,51250,1953444375.0,0.824,0.486,2026-09-03
CIPLA,93,6999,5108075,369325,4335382627.5,90,3688,3045975,15300,2183739526.25,0.596,0.527,2026-09-03
COALINDIA,75,117330,46630350,3446550,69009545092.5,74,53846,26360100,-1798200,30102438240.0,0.565,0.459,2026-09-03
COCHINSHIP,60,4468,3095200,-50800,2805549260.0,61,1536,1367600,15600,898852520.0,0.442,0.344,2026-09-03
COFORGE,83,10083,6062900,180500,9847655017.5,85,7674,4786100,-47975,7130671571.25,0.789,0.761,2026-09-03
COLPAL,84,2481,2354000,-3300,1326615537.5,86,1427,2241800,16775,700262021.25,0.952,0.575,2026-09-03
CONCOR,81,2121,6728750,338750,1419751187.5,81,598,3770000,-2500,384002437.5,0.56,0.282,2026-09-03
CROMPTON,52,4101,23671500,651450,2185467453.5,51,1463,13314950,208550,708262696.5,0.562,0.357,2026-09-03
CUMMINSIND,46,4143,1072600,25600,4427892440.0,46,1824,1114600,23800,1820234250.0,1.039,0.44,2026-09-03
DABUR,72,5292,15538750,546250,2634269500.0,72,2111,10645000,160000,1007027625.0,0.685,0.399,2026-09-03
DELHIVERY,74,5124,10833575,344450,5089830061.25,73,1563,7719000,147325,1493198738.75,0.713,0.305,2026-09-03
DIVISLAB,68,16093,1490100,64100,15486356260.0,68,14519,1441200,7700,12399181465.0,0.967,0.902,2026-09-03
DIXON,45,46632,1628750,182100,35853468797.5,46,31272,1043150,50600,22001375900.0,0.64,0.671,2026-09-03
DLF,51,16695,8688700,82650,11400789830.0,52,9953,6019200,236550,6356270117.5,0.693,0.596,2026-09-03
DMART,62,5942,2001000,178200,3551096880.0,63,1978,1176750,32250,1108665997.5,0.588,0.333,2026-09-03
DRREDDY,93,4620,7871250,19375,3504585812.5,92,1637,4880625,-12500,1184574187.5,0.62,0.354,2026-09-03
EICHERMOT,73,17773,1807100,60600,14277725615.0,73,17454,1457100,102500,13116227525.0,0.806,0.982,2026-09-03
ETERNAL,46,23199,56696500,2505025,19442660236.25,48,16187,31585625,1792075,12598820628.75,0.557,0.698,2026-09-03
FEDERALBNK,55,23755,25975000,8970000,21594510250.0,54,13199,14357500,742500,11457341000.0,0.553,0.556,2026-09-03
FINNIFTY,207,18425,461820,89820,29492390904.0,207,7452,253440,20400,11622832602.0,0.549,0.404,2026-09-03
FORCEMOT,36,8461,130550,-4250,4154204810.0,37,1278,60900,750,560445605.0,0.466,0.151,2026-09-03
FORTIS,73,849,1565500,-3100,626250142.5,73,372,1221400,-26350,262761347.5,0.78,0.438,2026-09-03
GAIL,57,2653,24079650,1388050,1696812705.5,58,1530,17377250,930100,936123320.5,0.722,0.577,2026-09-03
GLENMARK,86,3032,1803375,53250,2908814662.5,88,1473,1111875,-4500,1341033206.25,0.617,0.486,2026-09-03
GMRAIRPORT,93,7081,58778325,-313875,5000122912.5,87,2134,48769200,1611225,1425360919.5,0.83,0.301,2026-09-03
GODFRYPHLP,44,1161,589875,23925,718751921.25,41,223,321475,-275,124338087.5,0.545,0.192,2026-09-03
GODREJCP,82,43351,7744500,2263500,19935654000.0,82,34967,5349000,1143000,15448853100.0,0.691,0.807,2026-09-03
GODREJPROP,75,16375,2336100,-8775,11362737766.25,75,5649,1671475,115700,3657541858.75,0.715,0.345,2026-09-03
GRASIM,115,6226,1932500,107250,5272186675.0,115,3907,991750,41250,3225456200.0,0.513,0.628,2026-09-03
GVT&D,43,12306,1142250,193125,7147359593.75,45,3552,574750,48000,1857532000.0,0.503,0.289,2026-09-03
HAL,66,18363,3228450,134400,13850539305.0,67,6989,2133150,19950,5016477285.0,0.661,0.381,2026-09-03
HAVELLS,48,2395,2433000,0,1500798300.0,48,1367,1799500,-18500,797699950.0,0.74,0.571,2026-09-03
HCLTECH,94,14233,6346000,190400,7887719540.0,96,8196,4289600,83600,4382953140.0,0.676,0.576,2026-09-03
HDFCAMC,44,3773,1512600,98400,2995800495.0,43,1971,1199100,108600,1464920340.0,0.793,0.522,2026-09-03
HDFCBANK,67,230836,168533300,-7794800,112086723417.5,64,108795,86919950,599300,49952026702.5,0.516,0.471,2026-09-03
HDFCLIFE,91,9208,18470100,1628000,5660991655.0,91,3447,13074600,596200,2049874695.0,0.708,0.374,2026-09-03
HEROMOTOCO,52,22597,3071700,-234150,19152008992.5,51,11124,1637700,-150150,8653225365.0,0.533,0.492,2026-09-03
HINDALCO,45,14721,12316500,409500,11020688770.0,44,9516,8397200,243600,6645747255.0,0.682,0.646,2026-09-03
HINDPETRO,49,2044,10619100,502200,1570311056.25,48,1184,9843525,376650,859431161.25,0.927,0.579,2026-09-03
HINDUNILVR,86,21605,9986400,625500,13459662765.0,84,11093,6718500,510000,6547276935.0,0.673,0.513,2026-09-03
HINDZINC,52,12341,26184375,1146600,9515423925.0,56,5062,16892750,-71050,3652871293.75,0.645,0.41,2026-09-03
HYUNDAI,85,6038,1342000,40150,3767559372.5,83,4116,1389025,311575,2381237498.75,1.035,0.682,2026-09-03
ICICIBANK,95,64554,22259300,1080800,67024368180.0,94,47787,15120000,883400,48310806495.0,0.679,0.74,2026-09-03
ICICIGI,70,4259,1722500,294125,2232037015.0,71,1557,1105000,107900,770784072.5,0.642,0.366,2026-09-03
ICICIPRULI,77,1451,3315200,310800,697857046.25,77,1265,2917450,51800,552564567.5,0.88,0.872,2026-09-03
IDEA,28,13960,1745991300,49246275,16199854494.0,28,4070,807667500,13508775,4065655245.0,0.463,0.292,2026-09-03
IDFCFIRSTB,62,30861,126214200,8264025,26001175037.25,63,17062,96441450,20423550,13636739873.75,0.764,0.553,2026-09-03
IEX,41,1662,21562950,1331100,917137165.5,44,428,14550750,687300,223116372.0,0.675,0.258,2026-09-03
INDHOTEL,55,5521,5164000,-257000,4189756450.0,56,2895,3766000,60000,2097632400.0,0.729,0.524,2026-09-03
INDIANB,62,20334,5929000,2006000,19047959450.0,62,9603,3785000,900000,8569939050.0,0.638,0.472,2026-09-03
INDIGO,44,27016,3072000,154350,21206956057.5,43,20875,2073300,-237150,15658910107.5,0.675,0.773,2026-09-03
INDUSINDBK,72,12506,3910200,-202300,9059185835.0,72,8799,4319700,462700,6095601715.0,1.105,0.704,2026-09-03
INDUSTOWER,78,5721,17052700,-436900,3843985515.0,79,1152,10048700,127500,748652800.0,0.589,0.201,2026-09-03
INFY,47,43497,23624800,646400,20788962740.0,47,25259,14814800,216800,11302488900.0,0.627,0.581,2026-09-03
INOXWIND,36,17638,46265600,-761600,8844978688.0,36,4953,28288000,1785600,2243116416.0,0.611,0.281,2026-09-03
IOC,44,3158,35660625,160875,2212822950.0,45,2248,30327375,619125,1481869983.75,0.85,0.712,2026-09-03
IREDA,45,3703,51277300,-402725,1998778927.5,46,742,32702175,-67875,391917806.75,0.638,0.2,2026-09-03
IRFC,78,4408,53338600,2896950,2115406163.5,79,1698,40231800,1437625,765159468.5,0.754,0.385,2026-09-03
ITC,100,50462,109846275,12425175,24023183865.0,100,25315,59409000,220800,11612572522.5,0.541,0.502,2026-09-03
JINDALSTEL,45,6234,4085000,200000,4699868343.75,47,2976,3476250,-17500,2125779343.75,0.851,0.477,2026-09-03
JIOFIN,84,22347,99238150,1687300,13243865437.0,80,7542,60089500,-458250,4220607120.5,0.606,0.337,2026-09-03
JSWENERGY,46,9814,5439500,161250,5984466735.0,47,4077,4073175,78475,2347909865.0,0.749,0.415,2026-09-03
JSWSTEEL,51,8564,7111800,326700,7913897572.5,51,4507,5107050,152550,3927275313.75,0.718,0.526,2026-09-03
JUBLFOOD,76,1858,6742500,282500,1198444500.0,74,478,3926250,87500,288815437.5,0.582,0.257,2026-09-03
KALYANKJIL,76,25701,28710450,3096900,22082995305.0,75,10632,17011350,442800,8339666445.0,0.593,0.414,2026-09-03
KAYNES,69,23561,2880900,556500,13707773857.5,69,11300,1758450,138750,5846390415.0,0.61,0.48,2026-09-03
KEI,56,12221,961100,-68600,12005092636.25,57,5268,1042825,4025,4759784645.0,1.085,0.431,2026-09-03
KFINTECH,39,2300,3029675,38525,1310120393.75,37,621,1720400,-7475,321112947.5,0.568,0.27,2026-09-03
KOTAKBANK,63,16123,55448000,946000,14139213000.0,65,11498,42856000,276000,9755184000.0,0.773,0.713,2026-09-03
KPITTECH,61,4185,6748700,328600,2032535886.25,63,1112,3114725,86800,509423542.5,0.462,0.266,2026-09-03
LAURUSLABS,58,9802,10793300,-232050,16257014532.5,58,4699,6705650,100300,7330823640.0,0.621,0.479,2026-09-03
LICHSGFIN,46,793,7412000,-305000,446099700.0,49,692,8314000,-299000,356995400.0,1.122,0.873,2026-09-03
LICI,62,5348,16527000,-238000,3234098630.0,64,2281,13946800,92400,1324627220.0,0.844,0.427,2026-09-03
LODHA,53,11343,3017500,-15625,9245716187.5,52,4267,2973125,-86250,3157175156.25,0.985,0.376,2026-09-03
LT,57,24752,6580350,539000,17909184545.0,57,9176,3417225,-4725,6456716892.5,0.519,0.371,2026-09-03
LTF,48,6699,14841000,-18000,4980928612.5,47,2963,17313750,393750,2046961687.5,1.167,0.442,2026-09-03
LTM,77,4436,839700,43350,3175082970.0,77,2564,603600,2250,1751339040.0,0.719,0.578,2026-09-03
LUPIN,88,3810,3809275,192100,3683389362.5,83,1518,2521525,27625,1346738640.0,0.662,0.398,2026-09-03
M&M,56,26845,7305000,708000,18067845040.0,56,15192,3696000,196400,9631928310.0,0.506,0.566,2026-09-03
MAHABANK,68,14042,23738000,7683000,8307590330.0,68,4136,10172500,4381000,2297915555.0,0.429,0.295,2026-09-03
MANAPPURAM,61,2282,16851000,1347000,2463015000.0,61,905,10806000,255000,937347750.0,0.641,0.397,2026-09-03
MANKIND,89,1158,915500,17000,729439900.0,88,350,616250,2250,204260125.0,0.673,0.302,2026-09-03
MARICO,62,2759,4611600,68400,2840051460.0,58,1342,2912400,-38400,1332551700.0,0.632,0.486,2026-09-03
MARUTI,116,62205,3176400,-57850,42046069192.5,116,27347,1404700,-900,17458406415.0,0.442,0.44,2026-09-03
MAXHEALTH,89,2636,2832375,-9975,1428288645.0,81,1139,2208675,-23100,597232991.25,0.78,0.432,2026-09-03
MAZDOCK,45,7316,2844900,-26775,4366152483.75,47,1839,1535400,11475,1019507490.0,0.54,0.251,2026-09-03
MCX,57,63611,6603075,1400175,49372300113.75,59,46977,4224825,273825,33719031843.75,0.64,0.739,2026-09-03
MFSL,65,2249,1190400,46800,1444698260.0,66,1304,736000,82800,784389580.0,0.618,0.58,2026-09-03
MIDCPNIFTY,367,48797,4495200,265800,88426780554.0,367,43584,4383720,24240,76241206074.0,0.975,0.893,2026-09-03
MOTHERSON,51,2592,32029200,1199250,2737544887.5,51,1417,31088250,166050,1411942584.0,0.971,0.547,2026-09-03
MOTILALOFS,48,2702,2621825,68200,2312333981.25,48,1014,1289600,-10075,791684277.5,0.492,0.375,2026-09-03
MPHASIS,42,3242,766150,-7700,2317020131.25,41,1599,551100,-16775,1069109373.75,0.719,0.493,2026-09-03
MUTHOOTFIN,58,19277,5136725,169675,16639039037.5,58,6978,2786025,99000,5650151870.0,0.542,0.362,2026-09-03
NAM-INDIA,48,1806,1735000,100625,1435444187.5,48,456,1026250,-1250,336878187.5,0.591,0.252,2026-09-03
NATIONALUM,41,9721,26611875,523125,7339413187.5,40,3679,15172500,63750,2583354562.5,0.57,0.378,2026-09-03
NAUKRI,49,3956,2576200,66550,3065017807.5,47,2202,1045550,-147400,1591919450.0,0.406,0.557,2026-09-03
NBCC,38,1960,33247500,923000,1175540795.0,37,542,16022500,923000,305238635.0,0.482,0.277,2026-09-03
NESTLEIND,106,3193,2439500,234000,2362167250.0,105,1672,1458000,37000,1192147525.0,0.598,0.524,2026-09-03
NHPC,63,4242,29759900,-1862600,2358334256.5,63,2467,32192400,118150,1300366197.5,1.082,0.582,2026-09-03
NIFTY,774,26823283,318034545,65623940,42462121713592.75,794,27008025,252933105,32765705,41693045121471.25,0.795,1.007,2026-09-03
NIFTYFPI,185,541,29700,11000,982738515.0,185,10,12100,9900,16593500.0,0.407,0.018,2026-09-03
NIFTYNXT50,508,78,1550,0,144732887.5,508,55,875,275,101571842.5,0.565,0.705,2026-09-03
NMDC,68,9695,73554750,6270750,5879848657.5,69,3808,38812500,1431000,2193584692.5,0.528,0.393,2026-09-03
NTPC,54,14887,36852000,1138500,7647134775.0,55,5148,16926000,-189000,2544556725.0,0.459,0.346,2026-09-03
NYKAA,46,1173,8018750,346875,1286833125.0,45,864,4543750,-3125,900588593.75,0.567,0.737,2026-09-03
OBEROIRLTY,64,18075,2497250,480200,12592529547.5,61,4860,1320200,204400,3179613237.5,0.529,0.269,2026-09-03
OFSS,86,5478,748800,11100,7000703400.0,89,2105,580300,5300,2523840070.0,0.775,0.384,2026-09-03
OIL,70,6253,4090800,-352800,4535415360.0,72,2134,2389800,4200,1474711700.0,0.584,0.341,2026-09-03
ONGC,78,13738,46100250,1008000,7560320715.0,78,4932,21127500,-787500,2614539667.5,0.458,0.359,2026-09-03
PAGEIND,65,5153,86100,-820,3986800732.0,63,2681,46140,-540,1919236624.0,0.536,0.52,2026-09-03
PATANJALI,59,3208,6282300,30100,1249689166.25,60,2559,3932350,-894400,948140916.25,0.626,0.798,2026-09-03
PAYTM,70,12499,12253950,338575,15673871497.5,72,4580,7742275,211700,5371353791.25,0.632,0.366,2026-09-03
PERSISTENT,46,27947,1482500,-57125,20859066212.5,46,17589,1108250,109000,12240446768.75,0.748,0.629,2026-09-03
PETRONET,45,1795,7691200,587100,1028015615.0,45,980,4951400,77900,545473850.0,0.644,0.546,2026-09-03
PFC,79,20536,36931700,3179800,9816130870.0,78,8806,23891400,2263300,4062043375.0,0.647,0.429,2026-09-03
PGEL,52,3418,4888700,728650,1961427285.0,48,1962,3004850,418950,1038573012.5,0.615,0.574,2026-09-03
PHOENIXLTD,68,5274,793100,278600,3753152410.0,68,1680,512050,30450,1119344642.5,0.646,0.319,2026-09-03
PIDILITIND,62,1125,847500,45000,949665250.0,63,1471,782500,124500,1176790175.0,0.923,1.308,2026-09-03
PIIND,54,6286,1444275,-101675,2759739561.25,52,2697,998200,33950,1123561363.75,0.691,0.429,2026-09-03
PNB,80,8891,60248000,3448000,8727369520.0,80,4684,45912000,1120000,4378235840.0,0.762,0.527,2026-09-03
PNBHOUSING,47,1584,1997450,20150,1265683412.5,47,585,1076400,12350,429548762.5,0.539,0.369,2026-09-03
POLICYBZR,66,2763,1375150,10150,1874131735.0,69,1269,1474550,-9450,806380942.5,1.072,0.459,2026-09-03
POLYCAB,82,11458,1567500,-31625,13344648150.0,82,8380,1292750,-44875,9161622650.0,0.825,0.731,2026-09-03
POWERGRID,85,15659,32982100,1765100,8341956270.0,83,4776,20957000,47500,2428742070.0,0.635,0.305,2026-09-03
POWERINDIA,63,11658,353300,25950,10241579971.25,61,4996,202775,36825,3902497385.0,0.574,0.429,2026-09-03
PREMIERENE,44,2253,4817800,9750,1572124710.0,44,559,3060850,-3900,361129437.5,0.635,0.248,2026-09-03
PRESTIGE,70,8422,1637550,84600,6433685122.5,70,3049,1388250,22050,2187802080.0,0.848,0.362,2026-09-03
RADICO,57,5126,411750,-2850,3682184685.0,57,856,238650,-7350,576240660.0,0.58,0.167,2026-09-03
RBLBANK,70,47362,21980525,9925050,63548001396.25,71,18246,17872075,9382125,23142755340.0,0.813,0.385,2026-09-03
RECLTD,62,8123,23965200,1557675,4232141865.0,63,4142,17143875,450450,2060331682.5,0.715,0.51,2026-09-03
RELIANCE,95,92330,63669500,1907000,62937219425.0,95,56044,45793000,-674500,36510294600.0,0.719,0.607,2026-09-03
RVNL,47,11241,25173225,-1745975,4868413627.0,47,2797,16237375,269500,1117796949.5,0.645,0.249,2026-09-03
SAGILITY,41,3125,47724000,-1068000,1876407000.0,42,736,32280000,744000,408438360.0,0.676,0.236,2026-09-03
SAIL,60,41,16454700,-65800,39420216.0,63,20,18367600,-9400,17845806.0,1.116,0.488,2026-09-03
SBICARD,56,48209,8912800,1388800,26918116240.0,56,18569,6004000,646400,9708403520.0,0.674,0.385,2026-09-03
SBILIFE,72,5248,3478875,155625,3623968050.0,69,1494,1531500,-26250,958014993.75,0.44,0.285,2026-09-03
SBIN,84,74085,53796750,684000,59627440537.5,83,42052,33372750,-45000,32225592187.5,0.62,0.568,2026-09-03
SHREECEM,88,3136,69325,-3700,1968283040.0,85,987,36775,2125,581719027.5,0.53,0.315,2026-09-03
SHRIRAMFIN,52,12630,13683450,358050,11617234035.0,52,6438,7481100,99825,5573911818.75,0.547,0.51,2026-09-03
SIEMENS,59,16332,1388975,125650,12193664175.0,58,4494,966350,15400,3157294393.75,0.696,0.275,2026-09-03
SOLARINDS,75,79520,615650,68950,89694498795.0,78,42059,492400,183650,43306400085.0,0.8,0.529,2026-09-03
SONACOMS,55,4400,7423500,-23275,4544364615.0,52,1672,4063325,-9800,1609357960.0,0.547,0.38,2026-09-03
SRF,41,11244,1083200,63400,6156411730.0,40,4071,952600,15800,2104437790.0,0.879,0.362,2026-09-03
SUNPHARMA,74,16169,8376200,-96250,11223877822.5,74,9011,3966200,-70350,6033441277.5,0.474,0.557,2026-09-03
SUPREMEIND,54,3191,634550,82075,2102946466.25,53,1707,297150,15225,1031248575.0,0.468,0.535,2026-09-03
SUZLON,52,5466,154419300,-330200,3472160442.0,50,2207,74358500,1308100,1283613003.0,0.482,0.404,2026-09-03
SWIGGY,51,30321,28533875,4055150,15987058126.25,50,17425,21712025,5606400,8667677173.75,0.761,0.575,2026-09-03
TATACONSUM,86,4341,4956050,91300,2530045512.5,82,1510,3844500,44550,844184715.0,0.776,0.348,2026-09-03
TATAELXSI,59,4323,1015125,75875,2085818681.25,59,1363,539125,-1875,606819331.25,0.531,0.315,2026-09-03
TATAPOWER,68,40967,35712050,-936700,22859612355.0,68,22129,29765600,877250,11642282652.5,0.833,0.54,2026-09-03
TATASTEEL,61,55565,105787000,8552500,29630939470.0,61,24259,67952500,1245750,12284251650.0,0.642,0.437,2026-09-03
TCS,100,31021,9481950,89775,17083292073.75,104,19655,8443575,-68400,10220783647.5,0.89,0.634,2026-09-03
TECHM,60,6885,4818600,166800,6945703260.0,61,5704,3997800,100800,5499603510.0,0.83,0.828,2026-09-03
TIINDIA,54,2640,835600,51000,1540959280.0,55,1314,415200,3800,681843240.0,0.497,0.498,2026-09-03
TITAN,65,20161,2956625,221200,18311302931.25,65,20840,2077600,-85225,18018030528.75,0.703,1.034,2026-09-03
TMPV,66,14617,49012800,1955200,7797471600.0,66,5259,34184000,-195200,2615633280.0,0.697,0.36,2026-09-03
TORNTPHARM,73,6272,518750,15375,4018826012.5,71,4046,346500,30125,2497487093.75,0.668,0.645,2026-09-03
TRENT,44,9673,3474675,105750,6564397848.75,44,5449,1605600,-86850,3468069337.5,0.462,0.563,2026-09-03
TVSMOTOR,70,13275,3108175,2100,10183914728.75,71,8188,1848350,-7525,5900093578.75,0.595,0.617,2026-09-03
ULTRACEMCO,99,6472,588600,5800,3800663190.0,103,4099,306650,9550,2337619865.0,0.521,0.633,2026-09-03
UNIONBANK,55,12386,39603750,1486800,10825045738.5,54,5117,28262475,3031125,4258923156.75,0.714,0.413,2026-09-03
UNITDSPR,52,3941,2049600,141600,2431836280.0,53,1938,1373600,90800,1134083740.0,0.67,0.492,2026-09-03
UNOMINDA,46,2747,1693450,-4400,1965631057.5,47,822,849200,49500,539160682.5,0.501,0.299,2026-09-03
UPL,53,6487,7448435,-16260,5332736441.75,53,2621,7067680,-93495,2023371839.25,0.949,0.404,2026-09-03
VBL,47,8346,30478875,1439475,4679200147.5,47,9443,18835575,-980475,4926496023.75,0.618,1.131,2026-09-03
VEDL,52,15278,34633400,219650,5095835035.0,52,4329,20472300,86250,1351000852.5,0.591,0.283,2026-09-03
VMM,44,2548,24904750,2531700,1424802784.5,42,1047,16383300,368600,542429335.0,0.658,0.411,2026-09-03
VOLTAS,58,15894,5915250,-556500,7406562112.5,58,9755,3837750,-145500,4252616362.5,0.649,0.614,2026-09-03
WAAREEENER,47,8936,2156875,147525,4262380850.0,47,2845,1181600,39725,1283199496.25,0.548,0.318,2026-09-03
WIPRO,59,9339,58701000,3042000,5259480810.0,60,6428,44613000,816000,3399590130.0,0.76,0.688,2026-09-03
YESBANK,28,7784,283694200,-4260700,5766839101.0,27,3303,208587700,-5753500,2278002848.0,0.735,0.424,2026-09-03
ZYDUSLIFE,84,3299,4328100,299700,3572687520.0,84,1631,2351700,93600,1679779035.0,0.543,0.494,2026-09-03
360ONE,44,2660,2366500,186000,1638712525.0,46,1375,1594500,256500,785761600.0,0.674,0.517,2026-09-04
ABB,58,4521,682125,31625,4414026643.75,58,2595,744125,18750,2353225818.75,1.091,0.574,2026-09-04
ABCAPITAL,67,4290,11721100,-1057100,5608780710.0,64,2631,13159500,238700,3253084355.0,1.123,0.613,2026-09-04
ADANIENSOL,86,13344,9795600,-33075,13587608452.5,84,4445,4114800,-171450,4304262476.25,0.42,0.333,2026-09-04
ADANIENT,56,40113,8373900,-805254,38379708183.15001,56,18589,4922988,-235149,16666441968.599998,0.588,0.463,2026-09-04
ADANIGREEN,74,7360,5641200,-114000,6043673580.0,73,3465,4261800,-95400,2651382480.0,0.755,0.471,2026-09-04
ADANIPORTS,82,16881,7314525,10925,14179399562.5,81,9309,5960300,225150,7454075962.5,0.815,0.551,2026-09-04
ADANIPOWER,44,13701,67535200,3748800,10955048482.5,44,4944,40977650,67450,3544436333.5,0.607,0.361,2026-09-04
ALKEM,86,2227,363125,4125,1507330900.0,84,1479,241250,18125,951601581.25,0.664,0.664,2026-09-04
AMBER,63,7547,789400,-2100,5931620235.0,65,2609,496300,-3700,1908005270.0,0.629,0.346,2026-09-04
AMBUJACEM,72,4967,13171200,-307200,2518405620.0,70,1437,9064800,150000,704329560.0,0.688,0.289,2026-09-04
ANGELONE,59,59742,26600000,5125000,47548780625.0,59,24361,17537500,2322500,18041426250.0,0.659,0.408,2026-09-04
APLAPOLLO,79,17890,2240700,32200,14537208490.0,79,8217,1238650,149800,6271425300.0,0.553,0.459,2026-09-04
APOLLOHOSP,62,8920,1192125,117625,10264202987.5,60,2869,811250,11125,3092938856.25,0.681,0.322,2026-09-04
ASHOKLEY,59,18758,87385000,935000,17000012100.0,58,7479,57130000,655000,6309080450.0,0.654,0.399,2026-09-04
ASIANPAINT,107,10661,4441000,164750,7092565512.5,102,4565,2869750,61250,2869825512.5,0.646,0.428,2026-09-04
ASTRAL,63,5327,2479025,6375,3557143133.75,64,2357,1395700,39950,1495795893.75,0.563,0.442,2026-09-04
ATHERENERG,80,31128,5268750,981750,20159173368.75,82,18012,2519625,-261375,10715687493.75,0.478,0.579,2026-09-04
AUBANK,47,3674,7738000,84000,4141817700.0,46,2373,4890000,-9000,2536095750.0,0.632,0.646,2026-09-04
AUROPHARMA,63,8976,5542900,23100,8622871702.5,63,5185,2753300,50050,4678210432.5,0.497,0.578,2026-09-04
AXISBANK,55,36380,14233750,-595625,29891302718.75,55,22399,11694375,-220625,17695499937.5,0.822,0.616,2026-09-04
BAJAJ-AUTO,85,19087,1383675,60075,17880866028.75,87,13646,1077000,3525,12070364186.25,0.778,0.715,2026-09-04
BAJAJFINSV,72,8202,5425500,785400,5053489590.0,73,2878,2977500,133500,1710966630.0,0.549,0.351,2026-09-04
BAJAJHLDNG,64,972,60450,-150,855190983.75,64,162,35100,3750,136652737.5,0.581,0.167,2026-09-04
BAJFINANCE,83,13604,16287000,-91500,11238988312.5,80,8416,12979500,42000,6671254725.0,0.797,0.619,2026-09-04
BANDHANBNK,43,3685,28699200,410400,2341721052.0,39,1187,19792800,0,707974848.0,0.69,0.322,2026-09-04
BANKBARODA,43,5447,42903900,573300,4016757127.5,42,3414,38378925,32175,2373675583.5,0.895,0.627,2026-09-04
BANKINDIA,44,2703,34725600,-546000,2157020840.0,44,1302,28641600,1435200,956068984.0,0.825,0.482,2026-09-04
BANKNIFTY,440,707532,13770690,196500,1255208060943.0,442,681864,14606970,99750,1168676425728.0,1.061,0.964,2026-09-04
BDL,59,28945,7780475,-120275,16710525105.0,59,9436,4458675,-110500,4944138666.25,0.573,0.326,2026-09-04
BEL,62,28527,39084900,3380100,17365220857.5,64,13847,29121300,1111500,8054519733.75,0.745,0.485,2026-09-04
BHARATFORG,92,8129,3534000,479000,8428063425.0,87,5203,2504000,134000,5169765925.0,0.709,0.64,2026-09-04
BHARTIARTL,78,27547,19161975,969000,25312265191.25,77,14766,12013700,113525,13028724341.25,0.627,0.536,2026-09-04
BHEL,73,16666,31229625,-107625,20034345318.75,72,8343,20614125,488250,9419607618.75,0.66,0.501,2026-09-04
BIOCON,66,6058,24327500,2630000,6398934000.0,64,2363,14037500,405000,2397747500.0,0.577,0.39,2026-09-04
BLUESTARCO,67,6429,1473550,31850,3238087271.25,66,2526,1119300,65975,1209682581.25,0.76,0.393,2026-09-04
BOSCHLTD,73,5418,145775,7050,6930730648.75,75,5069,113325,1300,5391492395.0,0.777,0.936,2026-09-04
BPCL,48,2660,9691325,266625,1753119217.5,47,2181,8972425,43450,1372976648.75,0.926,0.82,2026-09-04
BRITANNIA,82,4609,1141750,52250,3088155468.75,83,2560,853875,28250,1628502081.25,0.748,0.555,2026-09-04
BSE,39,196998,10609400,-130200,144930767870.0,39,125349,7782000,466400,83635251530.0,0.734,0.636,2026-09-04
CAMS,68,4438,5291550,160050,2918426651.25,65,2190,3689400,522225,1383339003.75,0.697,0.493,2026-09-04
CANBK,43,5501,69039000,-1599750,4963895190.0,44,2333,56983500,-810000,1995564735.0,0.825,0.424,2026-09-04
CDSL,55,22616,7391475,818425,15803648952.5,55,8690,4748100,219450,5696313192.5,0.642,0.384,2026-09-04
CGPOWER,45,5577,5601500,307700,4475187142.5,43,2470,4445500,20400,1836381862.5,0.794,0.443,2026-09-04
CHOLAFIN,67,2225,2354375,-4375,2695188937.5,64,1094,1954375,10625,1240630312.5,0.83,0.492,2026-09-04
CIPLA,95,13078,5479100,371025,8031525857.5,92,10590,3163700,117725,6227562527.5,0.577,0.81,2026-09-04
COALINDIA,75,27582,44262450,-2367900,16118860950.0,74,16639,26534250,174150,9303873232.5,0.599,0.603,2026-09-04
COCHINSHIP,60,13624,3112400,17200,8600018380.0,61,4162,1561200,193600,2462872520.0,0.502,0.305,2026-09-04
COFORGE,83,10715,6170725,107825,10556215723.75,85,5168,4842150,56050,4809691777.5,0.785,0.482,2026-09-04
COLPAL,84,3519,2580875,226875,1867672372.5,86,2029,2321000,79200,1008082226.25,0.899,0.577,2026-09-04
CONCOR,81,2980,7297500,568750,1977500937.5,81,1325,4335000,565000,877515312.5,0.594,0.445,2026-09-04
CROMPTON,52,16147,22714750,-956750,8602829249.5,51,4614,14250200,935250,2290546231.0,0.627,0.286,2026-09-04
CUMMINSIND,46,3837,1188200,115600,4073633250.0,46,1916,1126800,12200,1926862280.0,0.948,0.499,2026-09-04
DABUR,72,7697,15502500,-36250,3821640375.0,72,2612,10761250,116250,1259815187.5,0.694,0.339,2026-09-04
DELHIVERY,74,3683,11597175,763600,3669160665.0,73,857,7658825,-60175,823259570.0,0.66,0.233,2026-09-04
DIVISLAB,68,13504,1561900,71800,12928127040.0,68,12637,1378100,-63100,11133189005.0,0.882,0.936,2026-09-04
DIXON,45,81892,1892950,264200,62192270485.0,46,41274,1086050,42900,28497341030.0,0.574,0.504,2026-09-04
DLF,51,11906,9596900,908200,8184658072.5,52,8397,6302300,283100,5369146397.5,0.657,0.705,2026-09-04
DMART,64,7959,2129100,128100,4743367500.0,65,3754,1193250,16500,2093387850.0,0.56,0.472,2026-09-04
DRREDDY,93,4280,8053125,181875,3225824625.0,92,2473,5040000,159375,1788418093.75,0.626,0.578,2026-09-04
EICHERMOT,73,17110,1867200,60100,13673803770.0,73,15339,1718800,261700,11570271335.0,0.921,0.896,2026-09-04
ETERNAL,48,21967,59174850,2478350,18304741960.0,49,13961,30496800,-1088825,10833912176.25,0.515,0.636,2026-09-04
FEDERALBNK,55,8267,27010000,1035000,7438682375.0,54,4864,15250000,892500,4185642625.0,0.565,0.588,2026-09-04
FINNIFTY,207,13428,429900,-31920,21507676491.0,207,11453,283260,29820,17955890991.0,0.659,0.853,2026-09-04
FORCEMOT,36,8921,120625,-9925,4350346260.0,37,2153,59125,-1775,919262238.75,0.49,0.241,2026-09-04
FORTIS,73,893,1602700,37200,655461636.25,73,907,1412050,190650,632790483.75,0.881,1.016,2026-09-04
GAIL,57,3468,24296200,216550,2210419570.0,58,1990,18346400,969150,1207355000.0,0.755,0.574,2026-09-04
GLENMARK,86,2364,1819125,15750,2258924250.0,88,1453,1113375,1500,1317265687.5,0.612,0.615,2026-09-04
GMRAIRPORT,93,5076,58778325,0,3608473563.0,87,1908,48427425,-341775,1285779660.75,0.824,0.376,2026-09-04
GODFRYPHLP,44,1657,662200,72325,1010328866.25,41,1310,378400,56925,678694472.5,0.571,0.791,2026-09-04
GODREJCP,88,12023,7747500,3000,5500264250.0,88,7555,5462000,113000,3311327100.0,0.705,0.628,2026-09-04
GODREJPROP,75,5984,2509975,173875,4132451472.5,75,2517,1740375,68900,1620822888.75,0.693,0.421,2026-09-04
GRASIM,115,6385,1822500,-110000,5436176400.0,115,5312,1043750,52000,4397258725.0,0.573,0.832,2026-09-04
GVT&D,43,7033,1170000,27750,4081406443.75,45,2320,587125,12375,1218937106.25,0.502,0.33,2026-09-04
HAL,66,104360,3128100,-100350,79943467845.0,67,33398,2142600,9450,24432084472.5,0.685,0.32,2026-09-04
HAVELLS,48,17992,4164000,1731000,10948360075.0,48,14962,2492500,693000,8666748275.0,0.599,0.832,2026-09-04
HCLTECH,94,18567,7299200,953200,10194778820.0,96,10355,4391600,102000,5481600140.0,0.602,0.558,2026-09-04
HDFCAMC,46,6037,1766700,254100,4772267220.0,45,4092,1424400,225300,3018990135.0,0.806,0.678,2026-09-04
HDFCBANK,67,150289,165413950,-3119350,73379257802.5,64,80466,87066850,146900,37063086807.5,0.526,0.535,2026-09-04
HDFCLIFE,91,38314,18458000,-12100,23755779080.0,91,17367,13489300,414700,10385131020.0,0.731,0.453,2026-09-04
HEROMOTOCO,52,18245,3068550,-3150,15392685277.5,51,10300,1588350,-49350,8009978580.0,0.518,0.565,2026-09-04
HINDALCO,45,17256,12625900,309400,12896743930.0,44,8455,8636600,239400,5927266380.0,0.684,0.49,2026-09-04
HINDPETRO,49,2090,11368350,749250,1595715086.25,48,1187,10208025,364500,865443993.75,0.898,0.568,2026-09-04
HINDUNILVR,86,48419,11480100,1493700,29823910065.0,84,19346,6696000,-22500,11482276830.0,0.583,0.4,2026-09-04
HINDZINC,52,20082,25971225,-213150,15577284852.5,56,7868,17142650,249900,5653901627.5,0.66,0.392,2026-09-04
HYUNDAI,85,7824,1261425,-80575,4921573387.5,83,4670,1429725,40700,2747815826.25,1.133,0.597,2026-09-04
ICICIBANK,95,32834,22710100,450800,33827575915.0,94,24092,15633800,513800,24240426665.0,0.688,0.734,2026-09-04
ICICIGI,72,4422,1956175,233675,2306566730.0,73,2256,1305850,200850,1111705221.25,0.668,0.51,2026-09-04
ICICIPRULI,77,3927,3300400,-14800,1888724477.5,77,1423,2995150,77700,656639046.25,0.908,0.362,2026-09-04
IDEA,28,29822,1682307075,-63684225,35233773504.75,28,9861,847479075,39811575,10192933245.75,0.504,0.331,2026-09-04
IDFCFIRSTB,65,10973,128922500,2708300,9261977529.0,67,5601,91776125,-4665325,4507230306.25,0.712,0.51,2026-09-04
IEX,41,10952,27826950,6264000,6006697935.0,44,2177,16991100,2440350,1132176501.0,0.611,0.199,2026-09-04
INDHOTEL,55,5052,5467000,303000,3826109300.0,56,3391,3831000,65000,2429423700.0,0.701,0.671,2026-09-04
INDIANB,62,8748,6899000,970000,8125825300.0,62,3054,4306000,521000,2678642600.0,0.624,0.349,2026-09-04
INDIGO,45,15196,3210450,138450,11965134802.5,44,9137,1994850,-78450,6810996135.0,0.621,0.601,2026-09-04
INDUSINDBK,72,8479,4075400,165200,6172221370.0,72,7283,4343500,23800,5091369255.0,1.066,0.859,2026-09-04
INDUSTOWER,81,4661,16855500,-197200,3122051700.0,82,994,10227200,178500,642516190.0,0.607,0.213,2026-09-04
INFY,47,50597,24164800,540000,24236532160.0,47,28147,15390000,575200,12576882720.0,0.637,0.556,2026-09-04
INOXWIND,36,957,42028800,-4236800,485835456.0,36,383,26835200,-1452800,175440512.0,0.638,0.4,2026-09-04
IOC,44,2323,35855625,195000,1625982052.5,45,2187,30415125,87750,1436122447.5,0.848,0.941,2026-09-04
IREDA,45,4130,48155050,-3122250,2225829716.75,46,1513,31349200,-1352975,757847724.0,0.651,0.366,2026-09-04
IRFC,78,6236,50843100,-2495500,2987234260.5,79,1884,41512100,1280300,851077092.25,0.816,0.302,2026-09-04
ITC,100,49884,108135075,-1711200,23602752806.25,100,22722,58900125,-508875,10380009048.75,0.545,0.455,2026-09-04
JINDALSTEL,47,8573,3965625,-119375,6491733812.5,48,5661,3883125,406875,4076061406.25,0.979,0.66,2026-09-04
JIOFIN,84,29417,102215600,2977450,17598749654.0,80,9301,61015400,925900,5195126811.0,0.597,0.316,2026-09-04
JSWENERGY,46,4828,5559900,120400,2930473596.25,47,1855,4065650,-7525,1071043355.0,0.731,0.384,2026-09-04
JSWSTEEL,51,12365,7005150,-106650,11434489065.0,51,6278,5530950,423900,5523372045.0,0.79,0.508,2026-09-04
JUBLFOOD,76,3083,7068750,326250,1972206687.5,74,816,3946250,20000,492934312.5,0.558,0.265,2026-09-04
KALYANKJIL,76,42374,28969650,259200,36560174580.0,75,17452,17770050,758700,13886417115.0,0.613,0.412,2026-09-04
KAYNES,71,2666,2652750,-228150,1555140802.5,71,820,1684500,-73950,424108147.5,0.635,0.308,2026-09-04
KEI,58,64341,3044650,2083550,59883707292.5,59,48582,1812825,770000,41171796592.5,0.595,0.755,2026-09-04
KFINTECH,39,4355,3161350,131675,2496890177.5,37,1373,1804350,83950,729172622.5,0.571,0.315,2026-09-04
KOTAKBANK,63,12589,55286000,-162000,11054637900.0,65,8193,44412000,1556000,6921538100.0,0.803,0.651,2026-09-04
KPITTECH,61,7316,7042425,293725,3604584791.25,63,1895,3309250,194525,855086368.75,0.47,0.259,2026-09-04
LAURUSLABS,58,6837,11415500,622200,11305672010.0,58,4118,6772800,67150,6414406765.0,0.593,0.602,2026-09-04
LICHSGFIN,50,891,7165000,-247000,519249500.0,52,504,8126000,-188000,263544100.0,1.134,0.566,2026-09-04
LICI,62,5702,16823800,296800,3478183380.0,64,3364,14519400,572600,1945536670.0,0.863,0.59,2026-09-04
LODHA,53,11570,5047500,2030000,9933832312.5,52,2320,3053750,80625,1705076156.25,0.605,0.201,2026-09-04
LT,57,17667,6641425,61075,12733415362.5,57,9324,3429475,12250,6546792026.25,0.516,0.528,2026-09-04
LTF,48,7144,15216750,375750,5373830812.5,47,3535,17997750,684000,2468189587.5,1.183,0.495,2026-09-04
LTM,77,9384,898200,58500,6754207852.5,77,2716,604800,1200,1845694245.0,0.673,0.289,2026-09-04
LUPIN,91,6807,4193475,384200,6528499651.25,86,2432,2618000,96475,2179390097.5,0.624,0.357,2026-09-04
M&M,58,22162,7368000,63000,14813515260.0,58,10740,3836800,140800,6746633080.0,0.521,0.485,2026-09-04
MAHABANK,69,2584,23517000,-221000,1539616065.0,69,1101,10263500,91000,617863740.0,0.436,0.426,2026-09-04
MANAPPURAM,61,5053,19356000,2505000,5469410850.0,61,1054,11364000,558000,1071532650.0,0.587,0.209,2026-09-04
MANKIND,89,2151,964750,49250,1333719700.0,88,865,640000,23750,496003100.0,0.663,0.402,2026-09-04
MARICO,62,2850,5132400,520800,2909493540.0,58,1192,2968800,56400,1178811780.0,0.578,0.418,2026-09-04
MARUTI,116,68406,3780400,604000,46073493407.5,116,34015,1548450,143750,21621690152.5,0.41,0.497,2026-09-04
MAXHEALTH,89,4020,2962050,129675,2203585203.75,81,1388,2163000,-45675,734012160.0,0.73,0.345,2026-09-04
MAZDOCK,45,24923,3006450,161550,14961140505.0,47,7110,1568025,32625,3986685146.25,0.522,0.285,2026-09-04
MCX,60,99727,6405300,-197775,77664346560.0,61,38890,4368600,143775,27856978650.0,0.682,0.39,2026-09-04
MFSL,65,3383,1149200,-41200,2203679040.0,66,1484,779600,43600,905320120.0,0.678,0.439,2026-09-04
MIDCPNIFTY,367,51951,4629360,134160,94323244698.0,367,48603,4586760,203040,85342616916.0,0.991,0.936,2026-09-04
MOTHERSON,53,2549,33216150,1186950,2700294399.0,53,1675,33505200,2416950,1643652751.5,1.009,0.657,2026-09-04
MOTILALOFS,48,8323,2946550,324725,7108135661.25,48,2024,1357800,68200,1596065728.75,0.461,0.243,2026-09-04
MPHASIS,42,3244,835175,69025,2315337310.0,41,1354,540375,-10725,915096050.0,0.647,0.417,2026-09-04
MUTHOOTFIN,58,19835,5432350,295625,17003047297.5,58,6922,2815725,29700,5576938317.5,0.518,0.349,2026-09-04
NAM-INDIA,48,1625,1808125,73125,1268833875.0,48,260,1043125,16875,191240312.5,0.577,0.16,2026-09-04
NATIONALUM,41,9409,27129375,517500,7144003218.75,40,4382,15806250,633750,3056172281.25,0.583,0.466,2026-09-04
NAUKRI,49,4453,2719200,143000,3441952827.5,47,1923,1137950,92400,1392193000.0,0.418,0.432,2026-09-04
NBCC,38,1016,34066500,819000,614749525.0,37,301,15990000,-32500,170662960.0,0.469,0.296,2026-09-04
NESTLEIND,107,3741,2644000,204500,2766671950.0,106,2112,1581500,123500,1511244875.0,0.598,0.565,2026-09-04
NHPC,63,2193,30816300,1056400,1222809201.5,63,866,32456500,264100,458030784.5,1.053,0.395,2026-09-04
NIFTY,780,44187907,314627780,-3406765,69733198355752.75,800,46191164,289872250,36939145,71387471016917.25,0.921,1.045,2026-09-04
NIFTYFPI,185,386,56100,26400,699639655.0,185,37,17600,5500,59581445.0,0.314,0.096,2026-09-04
NIFTYNXT50,508,120,2225,675,224414790.0,508,71,1175,300,129641838.75,0.528,0.592,2026-09-04
NMDC,71,5339,75917250,2362500,3216094875.0,71,1695,39845250,1032750,981562725.0,0.525,0.317,2026-09-04
NTPC,54,16039,37293000,441000,8291916900.0,55,6088,17425500,499500,3014184900.0,0.467,0.38,2026-09-04
NYKAA,48,1564,8900000,881250,1712280625.0,47,791,4640625,96875,818460468.75,0.521,0.506,2026-09-04
OBEROIRLTY,67,12877,2680650,183400,9031253437.5,65,5032,1435700,115500,3293848040.0,0.536,0.391,2026-09-04
OFSS,86,9292,782600,33800,11936423825.0,89,3204,589600,9300,3832740595.0,0.753,0.345,2026-09-04
OIL,70,2053,4092200,1400,1481924430.0,72,748,2394000,4200,504840420.0,0.585,0.364,2026-09-04
ONGC,78,10829,46134000,33750,5924799832.5,78,4547,20308500,-819000,2411884665.0,0.44,0.42,2026-09-04
PAGEIND,65,4678,90160,4060,3611302466.0,63,2317,45440,-700,1517599832.0,0.504,0.495,2026-09-04
PATANJALI,61,1492,6271550,-10750,582993140.0,62,1030,4135525,203175,375771571.25,0.659,0.69,2026-09-04
PAYTM,70,48838,11310000,-943950,62630717353.75,72,19623,8164950,422675,23573453082.5,0.722,0.402,2026-09-04
PERSISTENT,46,18577,1538500,56000,13893428450.0,46,8393,1114000,5750,5818356850.0,0.724,0.452,2026-09-04
PETRONET,45,1471,8126300,435100,847880605.0,45,765,5035000,83600,423436470.0,0.62,0.52,2026-09-04
PFC,79,53423,35601800,-1329900,25859141165.0,78,25729,23957700,66300,11818806220.0,0.673,0.482,2026-09-04
PGEL,54,3981,5008400,119700,2278351797.5,50,1858,2947850,-57000,978337977.5,0.589,0.467,2026-09-04
PHOENIXLTD,71,2588,828800,35700,1839919655.0,71,933,498750,-13300,622913427.5,0.602,0.361,2026-09-04
PIDILITIND,62,1156,903000,55500,976949175.0,63,1142,828000,45500,921814425.0,0.917,0.988,2026-09-04
PIIND,54,35183,1300425,-143850,15930871057.5,52,10122,986475,-11725,4296752783.75,0.759,0.288,2026-09-04
PNB,80,4858,61248000,1000000,4754299760.0,80,3263,45640000,-272000,3041732400.0,0.745,0.672,2026-09-04
PNBHOUSING,47,9631,2157350,159900,7753313685.0,47,3287,1205100,128700,2468488652.5,0.559,0.341,2026-09-04
POLICYBZR,66,2822,1421000,45850,1908203552.5,69,2095,1521800,47250,1315865792.5,1.071,0.742,2026-09-04
POLYCAB,91,99517,3562250,1994750,111541310918.75,91,68544,1907625,614875,71682534818.75,0.536,0.689,2026-09-04
POWERGRID,85,9652,35414100,2432000,5104522140.0,83,3278,21118500,161500,1641658045.0,0.596,0.34,2026-09-04
POWERINDIA,63,16753,422550,69250,14707517117.5,61,4960,222750,19975,3901710223.75,0.527,0.296,2026-09-04
PREMIERENE,44,2656,5213000,395200,1851404880.0,44,789,3129100,68250,504146922.5,0.6,0.297,2026-09-04
PRESTIGE,70,8554,1830150,192600,6527468812.5,70,5394,1501200,112950,3854332012.5,0.82,0.631,2026-09-04
RADICO,57,1969,410850,-900,1386880785.0,57,1465,241650,3000,965905995.0,0.588,0.744,2026-09-04
RBLBANK,72,18721,24003000,2022475,25611453253.75,73,10851,20802600,2930525,13993783448.75,0.867,0.58,2026-09-04
RECLTD,62,19477,24247125,281925,10195622718.75,63,10765,17970750,826875,5400127372.5,0.741,0.553,2026-09-04
RELIANCE,95,234701,66400500,2731000,161447058225.0,95,125561,48003500,2210500,82719619025.0,0.723,0.535,2026-09-04
RVNL,47,12066,25092375,-80850,5227446416.5,47,4332,16501100,263725,1758767164.0,0.658,0.359,2026-09-04
SAGILITY,41,1761,47136000,-588000,1053385440.0,42,851,33672000,1392000,454746120.0,0.714,0.483,2026-09-04
SAIL,60,94,16276100,-178600,90613039.0,63,55,18339400,-28200,48425980.0,1.127,0.585,2026-09-04
SBICARD,56,14690,9013600,100800,8247828480.0,56,7768,6512000,508000,4061253520.0,0.722,0.529,2026-09-04
SBILIFE,72,27084,3488250,9375,18498139425.0,69,9230,1804125,272625,6069312900.0,0.517,0.341,2026-09-04
SBIN,84,54896,57342000,3545250,44006792175.0,83,35289,35052750,1680000,26888601600.0,0.611,0.643,2026-09-04
SHREECEM,88,2609,67000,-2325,1650468565.0,85,424,38500,1725,254537118.75,0.575,0.163,2026-09-04
SHRIRAMFIN,52,11572,14558775,875325,10606707581.25,52,5539,7914225,433125,4750279338.75,0.544,0.479,2026-09-04
SIEMENS,59,5670,1490475,101500,4198782201.25,58,2133,951300,-15050,1489256965.0,0.638,0.376,2026-09-04
SOLARINDS,76,23031,664150,48500,26237959922.5,79,18120,482250,-10150,18620405087.5,0.726,0.787,2026-09-04
SONACOMS,55,2986,7555800,132300,3090534921.25,52,1396,4214000,150675,1342632462.5,0.558,0.468,2026-09-04
SRF,41,15063,1191000,107800,8096545770.0,40,10576,985400,32800,5411542250.0,0.827,0.702,2026-09-04
SUNPHARMA,74,17719,9487100,1110900,12204991085.0,74,8677,4032000,65800,5776973615.0,0.425,0.49,2026-09-04
SUPREMEIND,55,3600,751275,116725,2411032050.0,55,1198,324800,27650,700226292.5,0.432,0.333,2026-09-04
SUZLON,52,8072,177825400,23406100,5026608311.0,50,2992,76974700,2616200,1764448338.0,0.433,0.371,2026-09-04
SWIGGY,52,74913,34302700,5768825,40668769937.5,51,46593,27278275,5566250,23605106260.0,0.795,0.622,2026-09-04
TATACONSUM,86,3889,5415300,459250,2269933132.5,82,2096,3949550,105050,1183291532.5,0.729,0.539,2026-09-04
TATAELXSI,59,9569,1192625,177500,4588557950.0,59,3404,623500,84375,1507735962.5,0.523,0.356,2026-09-04
TATAPOWER,70,14842,35910700,198650,8249497035.0,70,9283,29858400,92800,4851130440.0,0.831,0.625,2026-09-04
TATASTEEL,61,86804,100438250,-5348750,47070756480.0,61,45991,75515000,7562500,23468049935.0,0.752,0.53,2026-09-04
TCS,100,47443,10328175,846225,26029585226.25,104,25900,8574300,130725,13572493245.0,0.83,0.546,2026-09-04
TECHM,60,7290,5298600,480000,7333902960.0,61,4126,4119600,121800,3963296940.0,0.777,0.566,2026-09-04
TIINDIA,54,2286,900600,65000,1341489980.0,55,1543,455200,40000,810454610.0,0.505,0.675,2026-09-04
TITAN,66,10882,2933000,-23625,9896061577.5,66,8324,2154075,76475,7215616651.25,0.734,0.765,2026-09-04
TMPV,66,15913,48825600,-187200,8517183680.0,66,5478,33776000,-408000,2728434560.0,0.692,0.344,2026-09-04
TORNTPHARM,73,6418,693250,174500,4142945568.75,71,3043,430375,83875,1822259056.25,0.621,0.474,2026-09-04
TRENT,47,21429,3537000,62325,14537536155.0,47,7736,1664100,58500,4956593445.0,0.47,0.361,2026-09-04
TVSMOTOR,70,12425,3162600,54425,9557084792.5,71,8160,1839250,-9100,5832000282.5,0.582,0.657,2026-09-04
ULTRACEMCO,103,16155,629000,40400,9497894207.5,107,5155,336400,29750,2861014980.0,0.535,0.319,2026-09-04
UNIONBANK,57,6581,41745450,2141700,5768195475.0,56,2302,28833300,570825,1895580261.0,0.691,0.35,2026-09-04
UNITDSPR,52,2569,2205600,156000,1588061760.0,53,1264,1401600,28000,746201880.0,0.635,0.492,2026-09-04
UNOMINDA,46,2044,1760000,66550,1464425022.5,47,1869,1001550,152350,1274558642.5,0.569,0.914,2026-09-04
UPL,53,5675,7521605,73170,4685419812.0,53,2801,6938955,-128725,2195179132.0,0.923,0.494,2026-09-04
VBL,47,8896,31528200,1049325,4991713676.25,47,3866,18743775,-91800,2009147613.75,0.595,0.435,2026-09-04
VEDL,52,18626,35154350,520950,6201604080.0,52,5894,21399200,926900,1850226892.5,0.609,0.316,2026-09-04
VMM,44,1505,25612850,708100,837682591.0,42,479,16543350,160050,245450497.5,0.646,0.318,2026-09-04
VOLTAS,58,9967,6013125,97875,4691166506.25,58,5702,3916875,79125,2502455962.5,0.651,0.572,2026-09-04
WAAREEENER,47,17976,2045575,-111300,8610557418.75,47,4859,1226050,44450,2197058255.0,0.599,0.27,2026-09-04
WIPRO,61,14715,59772000,1071000,8253405150.0,62,6828,46506000,1893000,3653631150.0,0.778,0.464,2026-09-04
YESBANK,28,5443,298435600,14741400,4018074283.0,27,1654,211542200,2954500,1161473040.0,0.709,0.304,2026-09-04
ZYDUSLIFE,87,2995,4648500,320400,3233645775.0,86,1644,2422800,71100,1682684730.0,0.521,0.549,2026-09-04
360ONE,49,2450,2424500,58000,1491698925.0,49,738,1595500,1000,412312450.0,0.658,0.301,2026-09-07
ABB,58,3998,729875,47750,3881634343.75,58,2151,733250,-10875,1979045087.5,1.005,0.538,2026-09-07
ABCAPITAL,67,1899,11761400,40300,2482059020.0,64,1393,12703800,-455700,1716999945.0,1.08,0.734,2026-09-07
ADANIENSOL,86,11485,9941400,145800,11716351818.75,84,3453,4135050,20250,3285782415.0,0.416,0.301,2026-09-07
ADANIENT,56,20522,8507697,133797,19654146205.35,56,13113,4964394,41406,11770072572.75,0.584,0.639,2026-09-07
ADANIGREEN,74,6337,5547000,-94200,5243531460.0,73,2870,4218000,-43800,2220629460.0,0.76,0.453,2026-09-07
ADANIPORTS,82,11714,7550600,236075,9804614626.25,81,8305,5682425,-277875,6663596186.25,0.753,0.709,2026-09-07
ADANIPOWER,44,11574,73708650,6173450,9118037686.0,44,5053,42955000,1977350,3611803015.0,0.583,0.437,2026-09-07
ALKEM,86,2367,416375,53250,1596150981.25,84,1048,248500,7250,669502500.0,0.597,0.443,2026-09-07
AMBER,63,3794,812100,22700,2973637135.0,65,1840,503100,6800,1366612920.0,0.62,0.485,2026-09-07
AMBUJACEM,72,3940,13791600,620400,1985124360.0,70,2200,9062400,-2400,1059554580.0,0.657,0.558,2026-09-07
ANGELONE,59,27640,27220000,620000,22123231125.0,59,11531,17382500,-155000,8632271375.0,0.639,0.417,2026-09-07
APLAPOLLO,79,8400,2449300,208600,6829425400.0,79,3858,1294650,56000,2978965535.0,0.529,0.459,2026-09-07
APOLLOHOSP,62,29664,1090500,-101625,33597692750.0,60,11607,864750,53500,12571351793.75,0.793,0.391,2026-09-07
ASHOKLEY,59,14599,85985000,-1400000,13253489400.0,58,7429,57820000,690000,6234270100.0,0.672,0.509,2026-09-07
ASIANPAINT,107,9530,4611250,170250,6374708312.5,102,6027,2840500,-29250,3772836212.5,0.616,0.632,2026-09-07
ASTRAL,63,3650,2502400,23375,2447222313.75,64,1898,1427150,31450,1202418500.0,0.57,0.52,2026-09-07
ATHERENERG,80,23172,5331000,62250,14906267381.25,82,8486,2636250,116625,4992494456.25,0.495,0.366,2026-09-07
AUBANK,47,9604,8300000,562000,10753656700.0,46,4982,5088000,198000,5303661750.0,0.613,0.519,2026-09-07
AUROPHARMA,63,5527,5639150,96250,5252391512.5,63,3356,2736250,-17050,3053436512.5,0.485,0.607,2026-09-07
AXISBANK,55,22541,15244375,1010625,18439794468.75,55,15934,11890000,195625,12549644406.25,0.78,0.707,2026-09-07
BAJAJ-AUTO,85,19468,1371600,-12075,18023975231.25,87,16075,1102275,25275,14095973966.25,0.804,0.826,2026-09-07
BAJAJFINSV,72,10145,6045000,619500,6210000225.0,73,3179,3029700,52200,1865708175.0,0.501,0.313,2026-09-07
BAJAJHLDNG,64,357,66075,5625,312661383.75,64,104,35100,0,87635096.25,0.531,0.291,2026-09-07
BAJFINANCE,83,14227,17100750,813750,11772100575.0,80,7078,13143000,163500,5606862262.5,0.769,0.498,2026-09-07
BANDHANBNK,43,9693,29149200,450000,6105358764.0,39,5071,21117600,1324800,3013434576.0,0.724,0.523,2026-09-07
BANKBARODA,43,9557,46557225,3653325,7016733506.25,42,6430,38846925,468000,4443148768.5,0.834,0.673,2026-09-07
BANKINDIA,44,2463,35791600,1066000,1931693868.0,44,1301,27944800,-696800,946930348.0,0.781,0.528,2026-09-07
BANKNIFTY,440,818776,14804040,1033350,1446655317114.0,442,728797,14829060,222090,1234084751268.0,1.002,0.89,2026-09-07
BDL,59,13963,8412025,631550,8101131805.0,59,5672,4645675,187000,3025711170.0,0.552,0.406,2026-09-07
BEL,62,24917,43251600,4166700,15053458106.25,64,10001,30238500,1117200,5775940815.0,0.699,0.401,2026-09-07
BHARATFORG,95,6793,3633500,99500,7024782000.0,90,3730,2644000,140000,3652413100.0,0.728,0.549,2026-09-07
BHARTIARTL,78,42091,19635550,473575,38461467440.0,77,23586,12394175,380475,20645807953.75,0.631,0.56,2026-09-07
BHEL,73,14532,34363875,3134250,17230311787.5,72,8463,20157375,-456750,9448134543.75,0.587,0.582,2026-09-07
BIOCON,68,9245,26260000,1932500,9671032000.0,66,3851,14565000,527500,3819653625.0,0.555,0.417,2026-09-07
BLUESTARCO,67,2489,1473225,-325,1257845046.25,66,1048,1168050,48750,504301687.5,0.793,0.421,2026-09-07
BOSCHLTD,74,35583,155600,9825,45751395311.25,76,11605,133250,19925,13145675996.25,0.856,0.326,2026-09-07
BPCL,49,3159,9894750,203425,2053525111.25,48,2408,7996775,-975650,1498254552.5,0.808,0.762,2026-09-07
BRITANNIA,82,10958,1427500,285750,7319466812.5,83,5275,871875,18000,3315062900.0,0.611,0.481,2026-09-07
BSE,39,80128,9843600,-765800,58909423570.0,39,54793,7501600,-280400,36741109850.0,0.762,0.684,2026-09-07
CAMS,68,3366,5467275,175725,2251525938.75,65,1172,3676200,-13200,704317308.75,0.672,0.348,2026-09-07
CANBK,43,7697,79501500,10462500,6851164140.0,44,2947,57732750,749250,2513409007.5,0.726,0.383,2026-09-07
CDSL,55,56429,8127250,735775,40066412188.75,55,17219,5092000,343900,11441526495.0,0.627,0.305,2026-09-07
CGPOWER,45,37534,6771950,1170450,30347872702.5,43,9674,4898550,453050,7283092017.5,0.723,0.258,2026-09-07
CHOLAFIN,67,4017,2362500,8125,4839502531.25,64,3737,2169375,215000,4236218156.25,0.918,0.93,2026-09-07
CIPLA,98,7004,5561550,82450,4286832391.25,95,3365,3163275,-425,1981279556.25,0.569,0.48,2026-09-07
COALINDIA,75,53957,40201650,-4060800,31571079885.0,74,31782,27062100,527850,17820205132.5,0.673,0.589,2026-09-07
COCHINSHIP,60,7415,3450800,338400,4746186080.0,61,2630,1601600,40400,1552035320.0,0.464,0.355,2026-09-07
COFORGE,83,9998,6179275,8550,9742919655.0,85,7043,4792750,-49400,6467069472.5,0.776,0.704,2026-09-07
COLPAL,84,3636,2680975,100100,1926703033.75,86,2098,2365000,44000,1017034947.5,0.882,0.577,2026-09-07
CONCOR,81,2562,7670000,372500,1700744875.0,81,565,4407500,72500,356833000.0,0.575,0.221,2026-09-07
CROMPTON,52,2903,23013600,298850,1542550911.0,51,1238,14577000,326800,606555592.0,0.633,0.426,2026-09-07
CUMMINSIND,46,4449,1261600,73400,4714189280.0,46,2395,1151800,25000,2399025910.0,0.913,0.538,2026-09-07
DABUR,72,9382,17057500,1555000,4697754312.5,72,3788,11151250,390000,1821763187.5,0.654,0.404,2026-09-07
DELHIVERY,74,2636,11489275,-107900,2623344272.5,73,1038,7530175,-128650,973539266.25,0.655,0.394,2026-09-07
DIVISLAB,68,38253,1684700,122800,36769803245.0,68,16123,1528900,150800,14468187200.0,0.908,0.421,2026-09-07
DIXON,47,65931,1907250,14300,49775193037.5,48,31975,1099850,13800,22005748635.0,0.577,0.485,2026-09-07
DLF,51,7161,10375900,779000,4857835545.0,52,4655,6499900,197600,2953142022.5,0.626,0.65,2026-09-07
DMART,64,11217,2382750,253650,6617378265.0,65,4703,1252650,59400,2611597425.0,0.526,0.419,2026-09-07
DRREDDY,93,5736,8334375,281250,4317790062.5,92,2780,5185625,145625,2025634406.25,0.622,0.485,2026-09-07
EICHERMOT,73,26122,1810800,-56400,20881029835.0,73,13327,1680700,-38100,10093100570.0,0.928,0.51,2026-09-07
ETERNAL,48,27374,60375225,1200375,22592257268.75,49,12914,31001200,504400,10083145392.5,0.513,0.472,2026-09-07
FEDERALBNK,55,11362,28940000,1930000,10145652875.0,54,5957,16330000,1080000,5122780000.0,0.564,0.524,2026-09-07
FINNIFTY,207,8903,439680,9780,14245991811.0,207,6273,281160,-2100,9787750797.0,0.639,0.705,2026-09-07
FORCEMOT,36,9514,124275,3650,4601977373.75,37,3092,58175,-950,1272762447.5,0.468,0.325,2026-09-07
FORTIS,73,2279,1584100,-18600,1658781092.5,73,1138,1404300,-7750,799827202.5,0.886,0.499,2026-09-07
GAIL,57,15021,25620350,1324150,9745227333.0,58,4748,17629300,-717100,2937859229.0,0.688,0.316,2026-09-07
GLENMARK,86,4337,1872750,53625,4159543237.5,88,1075,1129875,16500,953193843.75,0.603,0.248,2026-09-07
GMRAIRPORT,93,2949,59127075,348750,2099262750.75,87,2168,48455325,27900,1470490355.25,0.82,0.735,2026-09-07
GODFRYPHLP,44,1039,721050,58850,634114360.0,41,594,341275,-37125,317907411.25,0.473,0.572,2026-09-07
GODREJCP,88,11261,8830500,1083000,5135252775.0,88,5581,5675000,213000,2444002375.0,0.643,0.496,2026-09-07
GODREJPROP,75,13248,2829775,319800,8915030263.75,75,12388,1963000,222625,7854531148.75,0.694,0.935,2026-09-07
GRASIM,115,5939,1931250,108750,5047541850.0,115,4373,1072500,28750,3629018587.5,0.555,0.736,2026-09-07
GVT&D,43,6205,1211625,41625,3582815918.75,45,1916,600125,13000,1014225781.25,0.495,0.309,2026-09-07
HAL,66,36517,3678750,550650,27915779940.0,67,12885,2102400,-40200,9441430282.5,0.571,0.353,2026-09-07
HAVELLS,53,7407,4511000,347000,4465676925.0,53,3586,2647500,155000,2073380925.0,0.587,0.484,2026-09-07
HCLTECH,94,23939,7924400,625200,12983481900.0,96,16093,4586400,194800,8307197460.0,0.579,0.672,2026-09-07
HDFCAMC,47,4549,1866000,99300,3566382795.0,46,2974,1499400,75000,2166296400.0,0.804,0.654,2026-09-07
HDFCBANK,67,140981,166566400,1152450,68636818217.5,64,70315,86775000,-291850,32436464677.5,0.521,0.499,2026-09-07
HDFCLIFE,91,13390,19300600,842600,8306318570.0,91,6590,13555300,66000,3938330220.0,0.702,0.492,2026-09-07
HEROMOTOCO,52,25145,3223800,155250,21152909497.5,51,10980,1596300,7950,8562616755.0,0.495,0.437,2026-09-07
HINDALCO,45,14600,12828900,203000,10924016180.0,44,12585,9334500,697900,8869580195.0,0.728,0.862,2026-09-07
HINDPETRO,49,5561,11933325,564975,4243343658.75,48,2566,9995400,-212625,1842054007.5,0.838,0.461,2026-09-07
HINDUNILVR,86,20991,11631600,151500,12894630600.0,84,9409,6846900,150900,5571214590.0,0.589,0.448,2026-09-07
HINDZINC,52,14204,26823825,852600,10991509725.0,56,7109,17105900,-36750,5119147661.25,0.638,0.5,2026-09-07
HYUNDAI,85,3800,1297450,36025,2399943617.5,83,1549,1462450,32725,904561446.25,1.127,0.408,2026-09-07
ICICIBANK,95,43175,25097800,2387700,44362779265.0,94,33261,16310700,676900,33288982510.0,0.65,0.77,2026-09-07
ICICIGI,72,4557,2175550,219375,2390615760.0,73,1303,1315275,9425,630272093.75,0.605,0.286,2026-09-07
ICICIPRULI,79,8788,5268800,1968400,4135921882.5,79,5909,3930325,935175,2642886088.75,0.746,0.672,2026-09-07
IDEA,28,41847,1740130350,57823275,51389151250.5,28,13872,920812425,73333350,14723905750.5,0.529,0.331,2026-09-07
IDFCFIRSTB,65,7870,128495850,-426650,6572114652.25,67,4977,90839350,-936775,3971574013.75,0.707,0.632,2026-09-07
IEX,41,3895,30310800,2483850,2124411327.0,44,981,17634900,643800,506164303.5,0.582,0.252,2026-09-07
INDHOTEL,55,5310,5780000,313000,3972077250.0,56,2711,3712000,-119000,1930626150.0,0.642,0.511,2026-09-07
INDIANB,62,5652,7643000,744000,5193986350.0,62,2598,4459000,153000,2269982400.0,0.583,0.46,2026-09-07
INDIGO,45,14786,3305400,94950,11615576812.5,44,11721,2069250,74400,8694910650.0,0.626,0.793,2026-09-07
INDUSINDBK,72,9290,4357500,282100,6794988095.0,72,8433,4436600,93100,5916286530.0,1.018,0.908,2026-09-07
INDUSTOWER,81,14700,18045500,1190000,9885718875.0,82,2825,11029600,802400,1841258865.0,0.611,0.192,2026-09-07
INFY,47,103996,29936800,5772000,48557932340.0,47,81834,16910000,1520000,36021461660.0,0.565,0.787,2026-09-07
INOXWIND,36,197,41350400,-678400,99765760.0,36,185,26201600,-633600,87145600.0,0.634,0.939,2026-09-07
IOC,44,3473,37142625,1287000,2413837676.25,45,1838,29810625,-604500,1198869701.25,0.803,0.529,2026-09-07
IREDA,45,3212,49969575,1814525,1721992822.5,46,833,31656900,307700,426536862.25,0.634,0.259,2026-09-07
IRFC,78,4867,54293400,3450300,2315426184.75,79,1442,41555500,43400,652710611.0,0.765,0.296,2026-09-07
ITC,100,32601,108411075,276000,15491718022.5,100,15080,57932400,-967725,6861090555.0,0.534,0.463,2026-09-07
JINDALSTEL,47,8440,4401875,436250,6333203343.75,48,8222,3870000,-13125,5879421375.0,0.879,0.974,2026-09-07
JIOFIN,84,23372,109911850,7696250,13816607507.5,80,7411,62467700,1452300,4157661712.5,0.568,0.317,2026-09-07
JSWENERGY,46,5834,5939375,379475,3530940431.25,47,3078,3768950,-296700,1788459762.5,0.635,0.528,2026-09-07
JSWSTEEL,51,15664,8544825,1539675,14446465087.5,51,8174,5416200,-114750,7219395371.25,0.634,0.522,2026-09-07
JUBLFOOD,76,3503,7446250,377500,2242095312.5,74,941,4056250,110000,556962062.5,0.545,0.269,2026-09-07
KALYANKJIL,76,11591,30562650,1593000,10019953935.0,75,5923,18409950,639900,4712283405.0,0.602,0.511,2026-09-07
KAYNES,71,843,2566200,-86550,495711577.5,71,373,1651950,-32550,192384832.5,0.644,0.442,2026-09-07
KEI,64,40555,3825500,780850,36853994082.5,63,26981,2115575,302750,22751760928.75,0.553,0.665,2026-09-07
KFINTECH,39,2396,3399975,238625,1368115957.5,37,929,1768700,-35650,486601138.75,0.52,0.388,2026-09-07
KOTAKBANK,63,25570,69994000,14708000,22268201100.0,65,13100,46350000,1938000,11064817800.0,0.662,0.512,2026-09-07
KPITTECH,62,7330,7823625,781200,3501562142.5,64,2705,3595225,285975,1183081210.0,0.46,0.369,2026-09-07
LAURUSLABS,61,9952,11363650,-51850,16419398830.0,61,4908,7313400,540600,7674263802.5,0.644,0.493,2026-09-07
LICHSGFIN,50,113,7138000,-27000,65721900.0,52,146,8110000,-16000,84570950.0,1.136,1.292,2026-09-07
LICI,62,5923,17631600,807800,3595526760.0,64,2083,14688800,169400,1200148250.0,0.833,0.352,2026-09-07
LODHA,53,8785,4425000,-622500,7404767375.0,52,2365,3048750,-5000,1777698843.75,0.689,0.269,2026-09-07
LT,59,27197,6504925,-136500,19616738391.25,59,15058,3473400,43925,10510567007.5,0.534,0.554,2026-09-07
LTF,48,3308,15869250,652500,2462030100.0,47,1950,18243000,245250,1347692175.0,1.15,0.589,2026-09-07
LTM,77,11963,1051800,153600,8428397017.5,77,15540,799800,195000,10422676072.5,0.76,1.299,2026-09-07
LUPIN,94,8453,4456550,263075,7989546355.0,89,2804,2672400,54400,2510011006.25,0.6,0.332,2026-09-07
M&M,58,23401,7442400,74400,15684764850.0,58,10769,3949600,112800,6815273430.0,0.531,0.46,2026-09-07
MAHABANK,69,2498,23549500,32500,1482849550.0,69,960,9776000,-487500,533785850.0,0.415,0.384,2026-09-07
MANAPPURAM,61,17776,26253000,6897000,18779859000.0,61,14480,14451000,3087000,14427736500.0,0.55,0.815,2026-09-07
MANKIND,93,1824,991000,26250,1122405862.5,91,894,655750,15750,516022850.0,0.662,0.49,2026-09-07
MARICO,63,3187,5496000,363600,3248910000.0,59,1335,3068400,99600,1307134200.0,0.558,0.419,2026-09-07
MARUTI,118,104556,3648950,-131450,69999079162.5,118,40527,1551800,3350,25705116957.5,0.425,0.388,2026-09-07
MAXHEALTH,91,5504,2915325,-46725,2983194112.5,83,2233,2177700,14700,1163514502.5,0.747,0.406,2026-09-07
MAZDOCK,45,10118,3320325,313875,5998219661.25,47,3914,1620450,52425,2189668038.75,0.488,0.387,2026-09-07
MCX,60,78000,5653800,-751500,61767061391.25,61,31845,4314375,-54225,23423351478.75,0.763,0.408,2026-09-07
MFSL,65,1756,1237600,88400,1132826420.0,66,1190,763200,-16400,713453720.0,0.617,0.678,2026-09-07
MIDCPNIFTY,367,65235,5148360,519000,118099963974.0,367,52463,4723080,136320,92056994910.0,0.917,0.804,2026-09-07
MOTHERSON,53,6663,35731500,2515350,7037441310.0,53,2738,33732750,227550,2702038600.5,0.944,0.411,2026-09-07
MOTILALOFS,48,10832,3237950,291400,9290429912.5,48,2446,1517450,159650,1949374395.0,0.469,0.226,2026-09-07
MPHASIS,42,4683,911900,76725,3268749371.25,41,4190,645425,105050,2743655282.5,0.708,0.895,2026-09-07
MUTHOOTFIN,58,16251,5650700,218350,13821135501.25,58,9338,2829750,14025,7425559996.25,0.501,0.575,2026-09-07
NAM-INDIA,49,6129,1666875,-141250,4820650468.75,49,1456,1164375,121250,1057705468.75,0.699,0.238,2026-09-07
NATIONALUM,41,8499,28710000,1580625,6387112031.25,40,7162,15691875,-114375,5070178781.25,0.547,0.843,2026-09-07
NAUKRI,49,6453,2515700,-203500,4956523440.0,47,2636,1170950,33000,1873126860.0,0.465,0.408,2026-09-07
NBCC,38,1275,36562500,2496000,763534395.0,37,367,15925000,-65000,210812030.0,0.436,0.288,2026-09-07
NESTLEIND,109,3664,2768000,124000,2688536825.0,108,1843,1706000,124500,1298808425.0,0.616,0.503,2026-09-07
NHPC,63,2930,32783150,1966850,1614134511.5,63,1256,32539900,83400,663267412.0,0.993,0.429,2026-09-07
NIFTY,780,61140579,424989070,110361290,96159502312149.23,800,62006663,294195785,4323535,95509244097374.23,0.692,1.014,2026-09-07
NIFTYFPI,185,207,50600,-5500,375726890.0,185,135,19800,2200,216928415.0,0.391,0.652,2026-09-07
NIFTYNXT50,508,310,2925,700,578051626.25,508,36,1175,0,65996593.75,0.402,0.116,2026-09-07
NMDC,71,8778,78975000,3057750,5272028572.5,71,4093,41053500,1208250,2350260022.5,0.52,0.466,2026-09-07
NTPC,54,8285,37377000,84000,4289503575.0,55,4159,16887000,-538500,2062299600.0,0.452,0.502,2026-09-07
NYKAA,48,3224,8943750,43750,3530684843.75,47,1257,4765625,125000,1310900156.25,0.533,0.39,2026-09-07
OBEROIRLTY,67,3603,2838500,157850,2499462437.5,65,2129,1505000,69300,1364687852.5,0.53,0.591,2026-09-07
OFSS,86,8371,884700,102100,10546588770.0,89,5170,584700,-4900,6076482255.0,0.661,0.618,2026-09-07
OIL,70,2926,4237800,145600,2082004680.0,72,1088,2394000,0,739210570.0,0.565,0.372,2026-09-07
ONGC,78,10377,48456000,2322000,5670032377.5,78,3792,19966500,-342000,2003371402.5,0.412,0.365,2026-09-07
PAGEIND,67,5534,92560,2400,4253436957.0,65,1663,44340,-1100,1140109558.0,0.479,0.301,2026-09-07
PATANJALI,61,2640,6491925,220375,1020213807.5,62,1745,4120475,-15050,641717003.75,0.635,0.661,2026-09-07
PAYTM,70,20241,13396550,2086550,25942042655.0,72,9036,9211850,1046900,10673505172.5,0.688,0.446,2026-09-07
PERSISTENT,46,16488,1666625,128125,12146630181.25,46,11521,1143250,29250,7964740300.0,0.686,0.699,2026-09-07
PETRONET,45,3407,8548100,421800,1955880045.0,45,1205,5149000,114000,668267240.0,0.602,0.354,2026-09-07
PFC,79,17104,36444200,842400,8304338965.0,78,10403,23845900,-111800,4835285325.0,0.654,0.608,2026-09-07
PGEL,54,2653,5157550,149150,1507317167.5,50,865,3021000,73150,458929610.0,0.586,0.326,2026-09-07
PHOENIXLTD,71,2388,922250,93450,1694846037.5,71,958,490350,-8400,637129937.5,0.532,0.401,2026-09-07
PIDILITIND,62,3255,1149000,246000,2718297825.0,63,3906,1003000,175000,3070105975.0,0.873,1.2,2026-09-07
PIIND,54,4959,1332275,31850,2236231112.5,52,2795,929775,-56700,1174105931.25,0.698,0.564,2026-09-07
PNB,80,4795,63088000,1840000,4654264080.0,80,3360,43328000,-2312000,3125372560.0,0.687,0.701,2026-09-07
PNBHOUSING,47,5356,2210650,53300,4283278252.5,47,2143,1292200,87100,1608617887.5,0.585,0.4,2026-09-07
POLICYBZR,66,8130,1495550,74550,5385354327.5,69,7312,1586550,64750,4578649075.0,1.061,0.899,2026-09-07
POLYCAB,94,41166,3921625,359375,45608212100.0,94,24853,2006750,99125,25586454400.0,0.512,0.604,2026-09-07
POWERGRID,85,10695,35305800,-108300,5647016220.0,83,4599,20892400,-226100,2314128465.0,0.592,0.43,2026-09-07
POWERINDIA,63,18443,447650,25100,16318887236.25,61,3272,224550,1800,2607770400.0,0.502,0.177,2026-09-07
PREMIERENE,44,3163,5282550,69550,2200227250.0,44,1248,3110250,-18850,808363172.5,0.589,0.395,2026-09-07
PRESTIGE,70,2577,1886850,56700,1932089130.0,70,1485,1533150,31950,1048699035.0,0.813,0.576,2026-09-07
RADICO,57,1153,407850,-3000,816243945.0,57,1231,239250,-2400,786738690.0,0.587,1.068,2026-09-07
RBLBANK,73,10384,24015700,12700,14192058706.25,74,7036,20364450,-438150,9110998097.5,0.848,0.678,2026-09-07
RECLTD,62,10951,25650450,1403325,5726418232.5,63,5848,17748675,-222075,2953483627.5,0.692,0.534,2026-09-07
RELIANCE,95,134187,71510000,5109500,91567422075.0,95,79967,45721000,-2282500,52247867000.0,0.639,0.596,2026-09-07
RVNL,47,23066,31031000,5938625,10008098485.0,47,5705,17317300,816200,2317634665.5,0.558,0.247,2026-09-07
SAGILITY,41,2052,46836000,-300000,1222122600.0,42,816,34380000,708000,445347120.0,0.734,0.398,2026-09-07
SAIL,60,223,16200900,-75200,208937231.0,63,274,17944600,-394800,254150479.0,1.108,1.229,2026-09-07
SBICARD,56,23375,9532000,518400,13110523840.0,56,10985,6954400,442400,5744145760.0,0.73,0.47,2026-09-07
SBILIFE,72,13343,3923625,435375,9087095437.5,69,6753,1569000,-235125,4421894737.5,0.4,0.506,2026-09-07
SBIN,85,109467,66240000,8898000,87108799950.0,84,56080,37377750,2325000,42437051212.5,0.564,0.512,2026-09-07
SHREECEM,88,2236,70525,3525,1433534116.25,85,408,39675,1175,240855841.25,0.563,0.182,2026-09-07
SHRIRAMFIN,52,13927,14117400,-441375,12958300286.25,52,9537,8803575,889350,8368887326.25,0.624,0.685,2026-09-07
SIEMENS,59,7044,1558550,68075,5178658117.5,58,2924,1020250,68950,2017709715.0,0.655,0.415,2026-09-07
SOLARINDS,76,67088,786450,122300,78245395980.0,79,30287,561850,79600,32009769360.0,0.714,0.451,2026-09-07
SONACOMS,55,1780,7647675,91875,1836547746.25,52,970,4379375,165375,929729185.0,0.573,0.545,2026-09-07
SRF,43,3992,1187000,-4000,2139335020.0,42,2387,955800,-29600,1196531400.0,0.805,0.598,2026-09-07
SUNPHARMA,74,15054,9565500,78400,10300128720.0,74,10507,4117750,85750,6935325845.0,0.43,0.698,2026-09-07
SUPREMEIND,56,27987,725025,-26250,18409883170.0,56,5162,402675,77875,3200374966.25,0.555,0.184,2026-09-07
SUZLON,52,6103,181673500,3848100,3796856008.0,50,1743,76771500,-203200,1009747155.0,0.423,0.286,2026-09-07
SWIGGY,52,26304,34107425,-195275,14267366283.75,51,13509,25477000,-1801275,6737758745.0,0.747,0.514,2026-09-07
TATACONSUM,86,5590,5592950,177650,3244626357.5,82,1803,4025450,75900,1010061277.5,0.72,0.323,2026-09-07
TATAELXSI,61,6892,1347875,155250,3267060675.0,61,2764,630125,6625,1203153068.75,0.467,0.401,2026-09-07
TATAPOWER,70,11076,35313300,-597400,6147263182.5,70,7304,29465450,-392950,3834204477.5,0.834,0.659,2026-09-07
TATASTEEL,61,71088,117169250,16731000,38235868192.5,61,39979,71211250,-4303750,20476564652.5,0.608,0.562,2026-09-07
TCS,100,50404,11366550,1038375,27389339403.75,104,38764,8786925,212625,19865581256.25,0.773,0.769,2026-09-07
TECHM,60,12007,5904600,606000,11888888400.0,61,11044,4397400,277800,10392089100.0,0.745,0.92,2026-09-07
TIINDIA,55,2930,985000,84400,1699117070.0,56,992,452600,-2600,522431720.0,0.459,0.339,2026-09-07
TITAN,67,11948,3029250,96250,10819216476.25,67,11898,2130625,-23450,10287460233.75,0.703,0.996,2026-09-07
TMPV,66,28024,53238400,4412800,14771147920.0,66,11882,35035200,1259200,5853891600.0,0.658,0.424,2026-09-07
TORNTPHARM,73,4849,680500,-12750,3114022806.25,71,1404,447875,17500,839243012.5,0.658,0.29,2026-09-07
TRENT,47,26781,3946500,409500,17991677328.75,47,13622,1710675,46575,8605085726.25,0.433,0.509,2026-09-07
TVSMOTOR,70,12472,3212300,49700,9522575343.75,71,6259,1853425,14175,4509974323.75,0.577,0.502,2026-09-07
ULTRACEMCO,103,11928,669500,40500,7069812742.5,107,4423,356750,20350,2487190390.0,0.533,0.371,2026-09-07
UNIONBANK,57,6604,44878350,3132900,5712745490.25,56,2844,29036850,203550,2316769239.75,0.647,0.431,2026-09-07
UNITDSPR,52,3404,2464000,258400,2100765980.0,53,1976,1403600,2000,1144116520.0,0.57,0.58,2026-09-07
UNOMINDA,46,1897,1819950,59950,1356121992.5,47,1997,1030700,29150,1329751500.0,0.566,1.053,2026-09-07
UPL,53,3564,7911845,390240,2925659632.0,53,2554,6844105,-94850,1993671052.25,0.865,0.717,2026-09-07
VBL,47,7748,32923050,1394850,4346563931.25,47,2436,18830475,86700,1259402797.5,0.572,0.314,2026-09-07
VEDL,52,19541,32654250,-2500100,6677970937.5,52,4314,21472800,73600,1342614132.5,0.658,0.221,2026-09-07
VMM,45,4411,28590750,2977900,2423660333.0,44,2204,17717050,1173700,1113784264.0,0.62,0.5,2026-09-07
VOLTAS,58,6353,5832375,-180750,3006483750.0,58,3762,3899625,-17250,1639803393.75,0.669,0.592,2026-09-07
WAAREEENER,47,9794,2191700,146125,4706336871.25,47,3037,1177225,-48825,1363409643.75,0.537,0.31,2026-09-07
WIPRO,61,23614,71805000,12033000,13042176000.0,62,12280,49965000,3459000,6402435930.0,0.696,0.52,2026-09-07
YESBANK,28,3475,298902100,466500,2547838888.0,27,1603,213377100,1834900,1108543950.0,0.714,0.461,2026-09-07
ZYDUSLIFE,92,17740,5241600,593100,19264041720.0,91,6599,2854800,432000,6784602165.0,0.545,0.372,2026-09-07
360ONE,49,3367,2397000,-27500,2019444475.0,49,2925,1667000,71500,1636810725.0,0.695,0.869,2026-09-08
ABB,58,4508,745875,16000,4380451806.25,58,1880,739125,5875,1723791300.0,0.991,0.417,2026-09-08
ABCAPITAL,67,3136,12179900,418500,4062559920.0,64,2321,12821600,117800,2853290685.0,1.053,0.74,2026-09-08
ADANIENSOL,86,10044,9436500,-504900,10129634820.0,84,2812,4124250,-10800,2634849978.75,0.437,0.28,2026-09-08
ADANIENT,56,21604,8457330,-50367,20678857428.300003,56,11991,4919280,-45114,10778517188.85,0.582,0.555,2026-09-08
ADANIGREEN,74,5166,5590200,43200,4229800680.0,73,2413,4252800,34800,1852178130.0,0.761,0.467,2026-09-08
ADANIPORTS,82,10273,7502625,-47975,8601472733.75,81,7297,5889525,207100,5828349797.5,0.785,0.71,2026-09-08
ADANIPOWER,44,19014,71252050,-2456600,14921111216.0,44,7924,43061500,106500,5693819404.5,0.604,0.417,2026-09-08
ALKEM,86,2501,420000,3625,1699493612.5,84,2439,256125,7625,1555119937.5,0.61,0.975,2026-09-08
AMBER,63,7533,855400,43300,5837087725.0,65,3772,509600,6500,2768752385.0,0.596,0.501,2026-09-08
AMBUJACEM,72,5623,14157600,366000,2854223760.0,70,1238,9134400,72000,597269220.0,0.645,0.22,2026-09-08
ANGELONE,59,9234,26657500,-562500,7365357625.0,59,4758,15645000,-1737500,3562717500.0,0.587,0.515,2026-09-08
APLAPOLLO,79,6160,2483250,33950,4961105100.0,79,4138,1334200,39550,3188026520.0,0.537,0.672,2026-09-08
APOLLOHOSP,62,17187,1100125,9625,19616394362.5,60,8322,836125,-28625,9030760856.25,0.76,0.484,2026-09-08
ASHOKLEY,59,10122,88330000,2345000,9108933050.0,58,7410,55275000,-2545000,6287689350.0,0.626,0.732,2026-09-08
ASIANPAINT,110,9427,4582250,-29000,6246392487.5,105,5271,2915500,75000,3288641062.5,0.636,0.559,2026-09-08
ASTRAL,63,3022,2535125,32725,2022122693.75,64,1889,1408450,-18700,1219374937.5,0.556,0.625,2026-09-08
ATHERENERG,80,11385,5416125,85125,7324987950.0,82,4279,2670750,34500,2522445468.75,0.493,0.376,2026-09-08
AUBANK,49,8678,8244000,-56000,9714880750.0,48,6914,5654000,566000,7392544600.0,0.686,0.797,2026-09-08
AUROPHARMA,63,15990,5667750,28600,15376012217.5,63,6814,2581150,-155100,6246106405.0,0.455,0.426,2026-09-08
AXISBANK,55,43790,16933750,1689375,35450256000.0,55,29878,11335000,-555000,23431059718.75,0.669,0.682,2026-09-08
BAJAJ-AUTO,85,17798,1371900,300,16413124721.25,87,12769,1115925,13650,11208257377.5,0.813,0.717,2026-09-08
BAJAJFINSV,76,7852,6069300,24300,4771026855.0,76,3933,3054600,24900,2295046755.0,0.503,0.501,2026-09-08
BAJAJHLDNG,66,294,69000,2925,254868712.5,66,122,36675,1575,102586061.25,0.532,0.415,2026-09-08
BAJFINANCE,83,7765,17349750,249000,6408185925.0,80,4704,13087500,-55500,3712641150.0,0.754,0.606,2026-09-08
BANDHANBNK,43,46042,36010800,6861600,29801174580.0,39,20586,24224400,3106800,12525152148.0,0.673,0.447,2026-09-08
BANKBARODA,45,8586,49286250,2729025,6268950587.25,44,4591,38846925,0,3173754138.75,0.788,0.535,2026-09-08
BANKINDIA,44,3417,36218000,426400,2650520496.0,44,2351,30149600,2204800,1734467904.0,0.832,0.688,2026-09-08
BANKNIFTY,440,809466,16158090,1354050,1426077730606.5,442,676141,14867610,38550,1149933913288.5,0.92,0.835,2026-09-08
BDL,59,23422,9590550,1178525,13283815342.5,59,8782,4986950,341275,4716176188.75,0.52,0.375,2026-09-08
BEL,64,85740,41645625,-1605975,52160609441.25,64,42434,32284800,2046300,24794593233.75,0.775,0.495,2026-09-08
BHARATFORG,95,19838,3533500,-100000,20645153950.0,90,8269,2729000,85000,8145125100.0,0.772,0.417,2026-09-08
BHARTIARTL,78,37216,21476175,1840625,33823132720.0,77,22091,13248225,854050,19259287133.75,0.617,0.594,2026-09-08
BHEL,73,10925,34503000,139125,12807054225.0,72,5700,20829375,672000,6374245762.5,0.604,0.522,2026-09-08
BIOCON,71,13792,27585000,1325000,14322852500.0,69,5892,14157500,-407500,5919693375.0,0.513,0.427,2026-09-08
BLUESTARCO,67,9830,1650025,176800,4907712631.25,66,11657,1248650,80600,5502738198.75,0.757,1.186,2026-09-08
BOSCHLTD,74,18889,137425,-18175,24599103743.75,76,6140,140700,7450,7047280191.25,1.024,0.325,2026-09-08
BPCL,50,12344,12744675,2849925,7860936277.5,49,10686,9278550,1281775,6505941411.25,0.728,0.866,2026-09-08
BRITANNIA,88,6542,1362000,-65500,4354395381.25,89,2585,897375,25500,1612797987.5,0.659,0.395,2026-09-08
BSE,39,52303,9745200,-98400,38249708420.0,39,53119,7020000,-481600,35233950520.0,0.72,1.016,2026-09-08
CAMS,69,3288,5490375,23100,2160457736.25,66,982,3819750,143550,587476147.5,0.696,0.299,2026-09-08
CANBK,44,4077,81499500,1998000,3605376622.5,45,1850,58509000,776250,1569903120.0,0.718,0.454,2026-09-08
CDSL,55,13702,8276400,149150,9679402560.0,55,4586,5035475,-56525,3008025802.5,0.608,0.335,2026-09-08
CGPOWER,45,26249,8060550,1288600,21350093705.0,43,8853,5223250,324700,6728295020.0,0.648,0.337,2026-09-08
CHOLAFIN,67,3030,2481250,118750,3649330187.5,64,3290,2287500,118125,3754693812.5,0.922,1.086,2026-09-08
CIPLA,98,4828,5713700,152150,2953365226.25,95,2770,3244450,81175,1633886022.5,0.568,0.574,2026-09-08
COALINDIA,75,30963,39872250,-329400,18193772475.0,74,18393,27919350,857250,10377492187.5,0.7,0.594,2026-09-08
COCHINSHIP,60,11647,3641200,190400,7412553800.0,61,2108,1681200,79600,1242895920.0,0.462,0.181,2026-09-08
COFORGE,83,14240,6458100,278825,13761590750.0,85,7777,5029775,237025,7135693817.5,0.779,0.546,2026-09-08
COLPAL,86,5807,2759075,78100,3068659137.5,88,1736,2359225,-5775,873236581.25,0.855,0.299,2026-09-08
CONCOR,81,6088,8000000,330000,4023841937.5,81,2014,4698750,291250,1268025250.0,0.587,0.331,2026-09-08
CROMPTON,52,6477,23187750,174150,3445077418.5,51,2150,14357700,-219300,1053541645.5,0.619,0.332,2026-09-08
CUMMINSIND,46,4347,1292400,30800,4604699870.0,46,2135,1161000,9200,2107658430.0,0.898,0.491,2026-09-08
DABUR,72,7227,18116250,1058750,3590494375.0,72,2656,11432500,281250,1264820187.5,0.631,0.368,2026-09-08
DELHIVERY,74,3715,11659425,170150,3641873896.25,73,809,7484525,-45650,765627793.75,0.642,0.218,2026-09-08
DIVISLAB,68,95320,2036300,351600,93456838430.0,68,45104,2102300,573400,41566280270.0,1.032,0.473,2026-09-08
DIXON,47,27654,1984750,77500,21073516627.5,48,11932,1090500,-9350,8222502532.5,0.549,0.431,2026-09-08
DLF,51,11645,10669450,293550,7802285827.5,52,8762,6241500,-258400,5561613262.5,0.585,0.752,2026-09-08
DMART,67,10394,2284200,-98550,6138916042.5,68,3875,1296600,43950,2108168467.5,0.568,0.373,2026-09-08
DRREDDY,96,5314,8492500,158125,4009254687.5,95,1827,5328750,143125,1312240375.0,0.627,0.344,2026-09-08
EICHERMOT,73,16249,1730100,-80700,13034428640.0,73,9747,1653400,-27300,7405301445.0,0.956,0.6,2026-09-08
ETERNAL,49,15985,61735650,1360425,13146230065.0,50,10430,29085450,-1915750,8110992196.25,0.471,0.652,2026-09-08
FEDERALBNK,55,7334,27562500,-1377500,6582156500.0,54,4696,16225000,-105000,4009306250.0,0.589,0.64,2026-09-08
FINNIFTY,207,10014,466680,27000,15971261667.0,207,5561,289800,8640,8617470573.0,0.621,0.555,2026-09-08
FORCEMOT,36,9005,133275,9000,4421043231.25,37,1085,60975,2800,462990301.25,0.458,0.12,2026-09-08
FORTIS,73,1008,1642225,58125,734087711.25,73,433,1433750,29450,304573643.75,0.873,0.43,2026-09-08
GAIL,57,4098,26667600,1047250,2649371922.5,58,2099,18445800,816500,1273449148.5,0.692,0.512,2026-09-08
GLENMARK,86,6891,2031000,158250,6641187900.0,88,1787,1030500,-99375,1597464581.25,0.507,0.259,2026-09-08
GMRAIRPORT,93,3904,59650200,523125,2770018438.5,87,1433,49145850,690525,978625422.0,0.824,0.367,2026-09-08
GODFRYPHLP,44,839,751300,30250,503632607.5,41,405,358050,16775,222915220.0,0.477,0.483,2026-09-08
GODREJCP,92,6918,8687000,-143500,3143413000.0,91,3823,5579500,-95500,1666534400.0,0.642,0.553,2026-09-08
GODREJPROP,82,6179,2912650,82875,4097020460.0,82,5213,2078375,115375,3260391387.5,0.714,0.844,2026-09-08
GRASIM,115,4777,2000250,69000,4050417587.5,115,2761,1069500,-3000,2275123987.5,0.535,0.578,2026-09-08
GVT&D,45,115530,1606750,395125,71785671075.0,47,55944,1387625,787500,31756731931.25,0.864,0.484,2026-09-08
HAL,66,161893,3312000,-366750,126566505525.0,67,64725,2625300,522900,48282307897.5,0.793,0.4,2026-09-08
HAVELLS,53,6455,4569000,58000,3865580000.0,53,2617,2732000,84500,1516604175.0,0.598,0.405,2026-09-08
HCLTECH,94,15986,8288400,364000,8578356220.0,96,9507,4858000,271600,4912271240.0,0.586,0.595,2026-09-08
HDFCAMC,50,3432,1917000,51000,2676737775.0,49,1372,1508700,9300,995419575.0,0.787,0.4,2026-09-08
HDFCBANK,67,141789,169445250,2878850,69015180130.0,64,60598,88282350,1507350,27868510832.5,0.521,0.427,2026-09-08
HDFCLIFE,91,28744,21925200,2624600,17755832490.0,91,8975,13711500,156200,5340199810.0,0.625,0.312,2026-09-08
HEROMOTOCO,53,15160,3166650,-57150,12731216857.5,53,7846,1567800,-28500,6146396527.5,0.495,0.518,2026-09-08
HINDALCO,45,25839,13265700,436800,19227373760.0,44,11860,9416400,81900,8358753130.0,0.71,0.459,2026-09-08
HINDPETRO,49,6909,14079825,2146500,5158802520.0,48,4202,10396350,400950,2990536402.5,0.738,0.608,2026-09-08
HINDUNILVR,86,26275,11308200,-323400,16143085680.0,84,9860,6737100,-109800,5813062275.0,0.596,0.375,2026-09-08
HINDZINC,52,39463,26863025,39200,30537206332.5,56,15931,16011975,-1093925,11562313971.25,0.596,0.404,2026-09-08
HYUNDAI,85,2205,1375550,78100,1388366567.5,83,961,1511950,49500,571497107.5,1.099,0.436,2026-09-08
ICICIBANK,95,86953,29145900,4048100,88536833105.0,94,54865,18802700,2492000,54399405655.0,0.645,0.631,2026-09-08
ICICIGI,75,4365,2355925,180375,2243026305.0,76,1901,1391975,76700,928110771.25,0.591,0.436,2026-09-08
ICICIPRULI,89,9050,6533275,1264475,4174374687.5,89,4629,4269800,339475,2015790895.0,0.654,0.511,2026-09-08
IDEA,30,19518,1783158300,43027950,24306250228.5,30,7588,914451150,-6361275,7997303442.0,0.513,0.389,2026-09-08
IDFCFIRSTB,65,6222,130564175,2068325,5197286967.25,67,3024,92963325,2123975,2413646884.25,0.712,0.486,2026-09-08
IEX,41,2688,31289550,978750,1448205001.5,44,998,18113400,478500,518405464.5,0.579,0.371,2026-09-08
INDHOTEL,55,2794,5653000,-127000,2094880950.0,56,1337,3689000,-23000,960327500.0,0.653,0.479,2026-09-08
INDIANB,65,6612,8189000,546000,6009028200.0,65,4353,4776000,317000,3778096850.0,0.583,0.658,2026-09-08
INDIGO,45,13674,3395100,89700,10702354155.0,44,12717,2199900,130650,9492140910.0,0.648,0.93,2026-09-08
INDUSINDBK,72,4067,4414200,56700,2942832130.0,72,2971,4471600,35000,2085614510.0,1.013,0.731,2026-09-08
INDUSTOWER,81,6187,19483700,1438200,4114086275.0,82,2485,10725300,-304300,1612125895.0,0.55,0.402,2026-09-08
INFY,50,61247,31767600,1830800,28290164960.0,50,39907,17459600,549600,17239134160.0,0.55,0.652,2026-09-08
INOXWIND,36,137,40774400,-576000,69381056.0,36,105,25753600,-448000,50384960.0,0.632,0.766,2026-09-08
IOC,44,5810,39341250,2198625,4009527356.25,45,4175,30800250,989625,2707528687.5,0.783,0.719,2026-09-08
IREDA,45,2639,51743375,1773800,1424479140.5,46,988,32394475,737575,626000265.0,0.626,0.374,2026-09-08
IRFC,78,4273,56599025,2305625,2024028711.25,79,1007,41902700,347200,454856629.5,0.74,0.236,2026-09-08
ITC,100,30249,107555475,-855600,14422447361.25,100,13545,59138175,1205775,6145090147.5,0.55,0.448,2026-09-08
JINDALSTEL,47,3189,4556875,155000,2388861781.25,48,1491,3901250,31250,1058830187.5,0.856,0.468,2026-09-08
JIOFIN,85,19761,115775100,5863250,11546737220.0,81,7712,64881150,2413450,4269270474.0,0.56,0.39,2026-09-08
JSWENERGY,46,5223,6373675,434300,3120192391.25,47,2307,4034475,265525,1320078338.75,0.633,0.442,2026-09-08
JSWSTEEL,51,10278,8492175,-52650,9426003480.0,51,3724,5464800,48600,3277683596.25,0.644,0.362,2026-09-08
JUBLFOOD,77,2761,7551250,105000,1759809937.5,76,963,4037500,-18750,569854750.0,0.535,0.349,2026-09-08
KALYANKJIL,76,50723,27517050,-3045600,44089300080.0,75,21648,19782900,1372950,17441430030.0,0.719,0.427,2026-09-08
KAYNES,71,1381,2443950,-122250,813927825.0,71,397,1618350,-33600,202208872.5,0.662,0.287,2026-09-08
KEI,66,30618,3985275,159775,27440862303.75,65,13904,2215850,100275,11324174408.75,0.556,0.454,2026-09-08
KFINTECH,39,1753,3446550,46575,999028776.25,37,518,1749150,-19550,271435362.5,0.508,0.295,2026-09-08
KOTAKBANK,63,16735,69448000,-546000,14547902700.0,65,13654,45342000,-1008000,11490545200.0,0.653,0.816,2026-09-08
KPITTECH,66,4375,7732175,-91450,2061636361.25,67,2136,3610725,15500,925925708.75,0.467,0.488,2026-09-08
LAURUSLABS,61,45476,11450350,86700,77315710617.5,61,21061,8040150,726750,33605580365.0,0.702,0.463,2026-09-08
LICHSGFIN,50,125,7125000,-13000,71425250.0,52,220,8111000,1000,116334750.0,1.138,1.76,2026-09-08
LICI,62,8624,18387600,756000,5172498590.0,64,3165,15136800,448000,1830663940.0,0.823,0.367,2026-09-08
LODHA,53,10664,4063750,-361250,8649150906.25,52,7050,3153750,105000,5195779281.25,0.776,0.661,2026-09-08
LT,59,23041,6979700,474775,16540091085.0,59,10422,3620400,147000,7283212072.5,0.519,0.452,2026-09-08
LTF,48,5068,17538750,1669500,3767357700.0,47,1599,17948250,-294750,1117861087.5,1.023,0.316,2026-09-08
LTM,78,5902,1053000,1200,4144153050.0,78,3048,764550,-35250,2039572725.0,0.726,0.516,2026-09-08
LUPIN,94,7309,4686050,229500,6852438582.5,89,2365,2772275,99875,2073433220.0,0.592,0.324,2026-09-08
M&M,58,28286,7375600,-66800,18804854430.0,58,20284,4079800,130200,12719428220.0,0.553,0.717,2026-09-08
MAHABANK,69,1443,25252500,1703000,846095835.0,69,590,9574500,-201500,325786760.0,0.379,0.409,2026-09-08
MANAPPURAM,64,5261,24948000,-1305000,5490065250.0,64,2304,13725000,-726000,2251619100.0,0.55,0.438,2026-09-08
MANKIND,93,2099,1050000,59000,1293146675.0,91,1186,705000,49250,677310637.5,0.671,0.565,2026-09-08
MARICO,67,5510,5284800,-211200,5642434680.0,63,3230,3402000,333600,3148188900.0,0.644,0.586,2026-09-08
MARUTI,118,61866,3679350,30400,41233806460.0,118,32707,1560200,8400,20657806090.0,0.424,0.529,2026-09-08
MAXHEALTH,91,6703,3168375,253050,3620354325.0,83,1664,2311575,133875,870571248.75,0.73,0.248,2026-09-08
MAZDOCK,45,14381,3532500,212175,8437922876.25,47,3958,1697850,77400,2193649762.5,0.481,0.275,2026-09-08
MCX,60,32970,5776875,123075,26120880112.5,61,19466,4335750,21375,14333197590.0,0.751,0.59,2026-09-08
MFSL,65,3617,1371200,133600,2315712900.0,66,2732,759200,-4000,1630749540.0,0.554,0.755,2026-09-08
MIDCPNIFTY,367,50929,5084040,-64320,91709981958.0,367,52056,4904640,181560,91166129640.0,0.965,1.022,2026-09-08
MOTHERSON,53,3538,35448600,-282900,3734116225.5,53,1476,33997200,264450,1468147987.5,0.959,0.417,2026-09-08
MOTILALOFS,48,3777,3170525,-67425,3236958426.25,48,2207,1533725,16275,1756050451.25,0.484,0.584,2026-09-08
MPHASIS,42,2944,967725,55825,2032594025.0,41,1653,644050,-1375,1073461138.75,0.666,0.561,2026-09-08
MUTHOOTFIN,59,10738,5866300,215600,9106252925.0,59,4876,2852575,22825,3870871991.25,0.486,0.454,2026-09-08
NAM-INDIA,49,2747,1726250,59375,2155963343.75,49,808,1195000,30625,583694593.75,0.692,0.294,2026-09-08
NATIONALUM,43,20359,30530625,1820625,15236530593.75,42,8216,16503750,811875,5677810968.75,0.541,0.404,2026-09-08
NAUKRI,49,9563,2830300,314600,7184540935.0,47,9278,1448150,277200,6576631325.0,0.512,0.97,2026-09-08
NBCC,38,929,36783500,221000,548342015.0,37,445,15795000,-130000,255379865.0,0.429,0.479,2026-09-08
NESTLEIND,111,3684,2892000,124000,2690717325.0,110,1753,1793000,87000,1237347000.0,0.62,0.476,2026-09-08
NHPC,63,4453,33464250,681100,2438958426.5,63,1777,33471200,931300,940866675.0,1.0,0.399,2026-09-08
NIFTY,786,143738028,458270110,33281040,223460458730590.25,806,137762301,329432050,35236265,211339434920552.25,0.719,0.958,2026-09-08
NIFTYFPI,194,268,50600,0,486459930.0,194,138,18700,-1100,221845910.0,0.37,0.515,2026-09-08
NIFTYNXT50,509,368,3375,450,687034011.25,509,213,1375,200,389387995.0,0.407,0.579,2026-09-08
NMDC,71,5927,77503500,-1471500,3558587647.5,71,1832,41100750,47250,1045936597.5,0.53,0.309,2026-09-08
NTPC,54,12219,38985000,1608000,6290674500.0,55,4393,16981500,94500,2180336250.0,0.436,0.36,2026-09-08
NYKAA,48,3425,8793750,-150000,3761701093.75,47,1699,5359375,593750,1778894843.75,0.609,0.496,2026-09-08
OBEROIRLTY,69,3410,2914100,75600,2329126380.0,66,2839,1648850,143850,1782044215.0,0.566,0.833,2026-09-08
OFSS,86,6701,895100,10400,8365087400.0,89,3804,605100,20400,4465272040.0,0.676,0.568,2026-09-08
OIL,70,8409,4907000,669200,6110809460.0,72,2779,2514400,120400,1899060450.0,0.512,0.33,2026-09-08
ONGC,78,30187,47661750,-794250,16545269430.0,78,9710,21267000,1300500,5133481897.5,0.446,0.322,2026-09-08
PAGEIND,67,4562,90860,-1700,3507517284.0,65,2286,41520,-2820,1545180207.0,0.457,0.501,2026-09-08
PATANJALI,63,1512,6545675,53750,579950137.5,64,716,4154875,34400,265073231.25,0.635,0.474,2026-09-08
PAYTM,70,22836,13114525,-282025,29150743848.75,72,9693,9345250,133400,11553602102.5,0.713,0.424,2026-09-08
PERSISTENT,46,13830,1659750,-6875,10174752493.75,46,5614,1149125,5875,3855804093.75,0.692,0.406,2026-09-08
PETRONET,45,3382,9199800,651700,1934170170.0,45,2251,4765200,-383800,1233220650.0,0.518,0.666,2026-09-08
PFC,79,8180,35720100,-724100,3943902235.0,78,5093,23210200,-635700,2364609065.0,0.65,0.623,2026-09-08
PGEL,54,3568,5407400,249850,2034354130.0,50,1453,3072300,51300,767006867.5,0.568,0.407,2026-09-08
PHOENIXLTD,71,5286,1542800,620550,3827327297.5,71,696,527450,37100,456193622.5,0.342,0.132,2026-09-08
PIDILITIND,69,4001,1159000,10000,3311745575.0,69,2728,978500,-24500,2142519375.0,0.844,0.682,2026-09-08
PIIND,54,4283,1391425,59150,1917173483.75,52,2300,955500,25725,959902230.0,0.687,0.537,2026-09-08
PNB,80,3812,63960000,872000,3698600080.0,80,2096,44128000,800000,1945877920.0,0.69,0.55,2026-09-08
PNBHOUSING,47,2798,2229500,18850,2242611897.5,47,1496,1259050,-33150,1131742885.0,0.565,0.535,2026-09-08
POLICYBZR,67,5125,1512700,17150,3385260935.0,70,2179,1622600,36050,1371794480.0,1.073,0.425,2026-09-08
POLYCAB,96,47611,3435500,-486125,52662315550.0,96,26236,2119125,112375,27187060718.75,0.617,0.551,2026-09-08
POWERGRID,85,9782,36424900,1119100,5140587275.0,83,4298,20966500,74100,2154096120.0,0.576,0.439,2026-09-08
POWERINDIA,63,66920,591650,144000,57269971578.75,61,39525,239925,15375,30482004990.0,0.406,0.591,2026-09-08
PREMIERENE,45,2009,5429450,146900,1380781675.0,45,449,3122600,12350,293964450.0,0.575,0.223,2026-09-08
PRESTIGE,71,4094,2103750,216900,3007812375.0,71,985,1549350,16200,683407957.5,0.736,0.241,2026-09-08
RADICO,58,2260,521550,113700,1568101020.0,58,1227,264600,25350,776286892.5,0.507,0.543,2026-09-08
RBLBANK,75,5254,25069800,1054100,7224013365.0,76,3348,20056475,-307975,4316016101.25,0.8,0.637,2026-09-08
RECLTD,62,6764,25541775,-108675,3518154911.25,63,3699,17920350,171675,1856919487.5,0.702,0.547,2026-09-08
RELIANCE,95,151666,78039500,6529500,102541761700.0,95,85838,47000500,1279500,55575507350.0,0.602,0.566,2026-09-08
RVNL,47,9249,31883775,852775,4005024696.75,47,1807,17575250,257950,732391217.25,0.551,0.195,2026-09-08
SAGILITY,41,2083,45660000,-1176000,1228810200.0,42,846,32448000,-1932000,457350480.0,0.711,0.406,2026-09-08
SAIL,63,25,16177400,-23500,23567821.0,65,18,17883500,-61100,15822550.0,1.105,0.72,2026-09-08
SBICARD,58,11555,9634400,102400,6484996440.0,58,5865,6820800,-133600,3068545080.0,0.708,0.508,2026-09-08
SBILIFE,72,9766,4408125,484500,6585546318.75,69,4801,1705875,136875,3081935325.0,0.387,0.492,2026-09-08
SBIN,89,58080,68333250,2093250,46105324950.0,87,30314,39178500,1800750,22843189012.5,0.573,0.522,2026-09-08
SHREECEM,88,1746,75150,4625,1094682368.75,85,493,39975,300,286995242.5,0.532,0.282,2026-09-08
SHRIRAMFIN,52,11314,14505975,388575,10251700923.75,52,7655,8837400,33825,6543811848.75,0.609,0.677,2026-09-08
SIEMENS,61,8133,1668450,109900,5931475663.75,60,2486,1006075,-14175,1683769185.0,0.603,0.306,2026-09-08
SOLARINDS,76,50729,720450,-66000,59810786425.0,79,28464,668100,106250,30087904752.5,0.927,0.561,2026-09-08
SONACOMS,55,4669,7972300,324625,4812617993.75,52,1269,4470025,90650,1219602343.75,0.561,0.272,2026-09-08
SRF,43,2852,1181400,-5600,1522299160.0,42,1318,960000,4200,665964940.0,0.813,0.462,2026-09-08
SUNPHARMA,74,13457,9367400,-198100,9199083477.5,74,7161,3966550,-151200,4755993865.0,0.423,0.532,2026-09-08
SUPREMEIND,56,4929,723275,-1750,3257647391.25,56,2976,344050,-58625,1836712211.25,0.476,0.604,2026-09-08
SUZLON,52,4327,187159900,5486400,2704975286.0,50,1413,79971900,3200400,825859791.0,0.427,0.327,2026-09-08
SWIGGY,52,26261,36554750,2447325,14174339463.75,51,14678,26371250,894250,7394778455.0,0.721,0.559,2026-09-08
TATACONSUM,86,2823,5627050,34100,1642794670.0,82,979,4113450,88000,546175162.5,0.731,0.347,2026-09-08
TATAELXSI,65,4429,1324000,-23875,2106869981.25,65,2634,664750,34625,1056710125.0,0.502,0.595,2026-09-08
TATAPOWER,70,9000,35588800,275500,4980843815.0,70,5320,29155150,-310300,2784477847.5,0.819,0.591,2026-09-08
TATASTEEL,61,40881,121877250,4708000,21922293552.5,61,17448,72259000,1047750,8906892555.0,0.593,0.427,2026-09-08
TCS,100,37696,11761425,394875,20253529518.75,104,26492,8822925,36000,13436219025.0,0.75,0.703,2026-09-08
TECHM,62,8922,6467400,562800,8831000160.0,63,5956,4502400,105000,5577268140.0,0.696,0.668,2026-09-08
TIINDIA,55,4703,998400,13400,2692620910.0,56,4624,486600,34000,2464354430.0,0.487,0.983,2026-09-08
TITAN,67,11144,3094875,65625,10044907267.5,67,6272,2157575,26950,5414749760.0,0.697,0.563,2026-09-08
TMPV,68,29237,55444800,2206400,15225960400.0,68,13341,35452800,417600,6488763680.0,0.639,0.456,2026-09-08
TORNTPHARM,73,7582,605375,-75125,4880612875.0,71,3019,385750,-62125,1792458318.75,0.637,0.398,2026-09-08
TRENT,47,14408,4075425,128925,9637835771.25,47,6015,1733850,23175,3787868520.0,0.425,0.417,2026-09-08
TVSMOTOR,70,12042,3223500,11200,9194917733.75,71,5529,1855700,2275,3932801311.25,0.576,0.459,2026-09-08
ULTRACEMCO,103,14416,743950,74450,8397139690.0,107,7589,383800,27050,4189325680.0,0.516,0.526,2026-09-08
UNIONBANK,57,7429,48511275,3632925,6367424240.25,56,3972,31364400,2327550,3268076183.25,0.647,0.535,2026-09-08
UNITDSPR,55,3489,2380800,-83200,2132332020.0,56,1136,1461200,57600,651193020.0,0.614,0.326,2026-09-08
UNOMINDA,46,1513,1845800,25850,1075907112.5,47,990,1170950,140250,681435617.5,0.634,0.654,2026-09-08
UPL,53,2226,8078510,166665,1818718804.5,53,1147,6760095,-84010,892077800.0,0.837,0.515,2026-09-08
VBL,47,5822,33453450,530400,3244972473.75,47,2333,18683850,-146625,1188986970.0,0.559,0.401,2026-09-08
VEDL,53,24251,37579700,4925450,8107412140.0,53,6400,21614250,141450,1999349520.0,0.575,0.264,2026-09-08
VMM,46,2323,28983600,392850,1259670275.5,45,978,17818900,101850,492981305.5,0.615,0.421,2026-09-08
VOLTAS,58,16630,6328500,496125,7696256625.0,58,10911,4180500,280875,4711895456.25,0.661,0.656,2026-09-08
WAAREEENER,47,6169,2277450,85750,2960448146.25,47,1720,1188425,11200,768910406.25,0.522,0.279,2026-09-08
WIPRO,62,14491,75963000,4158000,7944502860.0,63,9053,53430000,3465000,4634378730.0,0.703,0.625,2026-09-08
YESBANK,28,3113,304717800,5815700,2297106023.0,27,1604,217295700,3918600,1121901711.0,0.713,0.515,2026-09-08
ZYDUSLIFE,92,8745,5319900,78300,9486512370.0,91,3470,2699100,-155700,3573134370.0,0.507,0.397,2026-09-08
360ONE,49,1942,2531500,134500,1158005225.0,49,1025,1675000,8000,562496275.0,0.662,0.528,2026-09-09
ABB,58,7293,798375,52500,7099296212.5,58,3197,777875,38750,2958631412.5,0.974,0.438,2026-09-09
ABCAPITAL,67,2783,12028000,-151900,3601918985.0,64,1703,12533300,-288300,2094909320.0,1.042,0.612,2026-09-09
ADANIENSOL,86,29821,8889075,-547425,30633881906.25,84,6721,4331475,207225,6353539425.0,0.487,0.225,2026-09-09
ADANIENT,56,192327,7981779,-475551,192426221235.45,56,88508,6164241,1244961,82560064111.5,0.772,0.46,2026-09-09
ADANIGREEN,74,31440,5585400,-4800,26242229490.0,73,11737,4166400,-86400,9148684350.0,0.746,0.373,2026-09-09
ADANIPORTS,82,101790,8705800,1203175,87708817473.75,81,50021,7497875,1608350,41094277893.75,0.861,0.491,2026-09-09
ADANIPOWER,44,54810,62451600,-8800450,43967708677.5,44,23769,43402300,340800,17421457582.0,0.695,0.434,2026-09-09
ALKEM,86,2391,413125,-6875,1617725968.75,84,877,271375,15250,560462793.75,0.657,0.367,2026-09-09
AMBER,66,5079,880500,25100,3958680700.0,67,2121,536600,27000,1517768805.0,0.609,0.418,2026-09-09
AMBUJACEM,72,5153,14616000,458400,2575958220.0,70,1386,9255600,121200,669263160.0,0.633,0.269,2026-09-09
ANGELONE,59,16440,26110000,-547500,13009219625.0,59,6823,15407500,-237500,5074302125.0,0.59,0.415,2026-09-09
APLAPOLLO,79,3570,2509850,26600,2868018982.5,79,2178,1437100,102900,1620612472.5,0.573,0.61,2026-09-09
APOLLOHOSP,62,38950,1169000,68875,44841835931.25,60,15223,981125,145000,16743394956.25,0.839,0.391,2026-09-09
ASHOKLEY,59,11354,90925000,2595000,10216564550.0,58,5248,56380000,1105000,4376947550.0,0.62,0.462,2026-09-09
ASIANPAINT,112,10845,4770000,187750,7087108537.5,107,9916,2958000,42500,6168262987.5,0.62,0.914,2026-09-09
ASTRAL,63,5709,2637125,102000,3814696470.0,64,4459,1441175,32725,2808846760.0,0.546,0.781,2026-09-09
ATHERENERG,80,8611,5489250,73125,5531633587.5,82,2762,2698875,28125,1621559006.25,0.492,0.321,2026-09-09
AUBANK,49,8486,8697000,453000,9490711900.0,48,6465,6235000,581000,6887037600.0,0.717,0.762,2026-09-09
AUROPHARMA,63,7442,5781600,113850,7178744677.5,63,3798,2514050,-67100,3497020670.0,0.435,0.51,2026-09-09
AXISBANK,56,35350,17151875,218125,28520822750.0,56,30004,11366250,31250,23404533875.0,0.663,0.849,2026-09-09
BAJAJ-AUTO,85,15748,1451250,79350,14746229917.5,87,9705,1152900,36975,8495577971.25,0.794,0.616,2026-09-09
BAJAJFINSV,76,7655,6054000,-15300,4672761885.0,76,2858,3026700,-27900,1653142485.0,0.5,0.373,2026-09-09
BAJAJHLDNG,66,127,68550,-450,110516381.25,66,58,36075,-600,48235185.0,0.526,0.457,2026-09-09
BAJFINANCE,83,22909,18487500,1137750,18814051387.5,80,13505,13194750,107250,10631732475.0,0.714,0.59,2026-09-09
BANDHANBNK,43,26976,37512000,1501200,17692070796.0,39,13067,24717600,493200,8055581904.0,0.659,0.484,2026-09-09
BANKBARODA,45,12003,51956775,2670525,8710797595.5,44,6487,41631525,2784600,4453979341.5,0.801,0.54,2026-09-09
BANKINDIA,44,4975,31236400,-4981600,3976232728.0,44,1405,31579600,1430000,1004711864.0,1.011,0.282,2026-09-09
BANKNIFTY,440,1073690,16957440,799350,1881732129846.0,442,970423,14971860,104250,1633824388954.5,0.883,0.904,2026-09-09
BDL,59,19664,10194050,603500,11079212821.25,59,10975,5329925,342975,5807217318.75,0.523,0.558,2026-09-09
BEL,64,38692,47314275,5668650,23350609383.75,64,15169,31213200,-1071600,8853185137.5,0.66,0.392,2026-09-09
BHARATFORG,95,5645,3564500,31000,5864361175.0,90,3145,2680500,-48500,3118702275.0,0.752,0.557,2026-09-09
BHARTIARTL,78,35080,22090350,614175,31738386861.25,77,20568,13452475,204250,17827620817.5,0.609,0.586,2026-09-09
BHEL,73,23332,34143375,-359625,27626593181.25,72,12079,22708875,1879500,13505417756.25,0.665,0.518,2026-09-09
BIOCON,71,42891,36892500,9307500,44677919125.0,69,14253,16752500,2595000,14252182000.0,0.454,0.332,2026-09-09
BLUESTARCO,67,2994,1728350,78325,1492262021.25,66,1800,1217125,-31525,853495435.0,0.704,0.601,2026-09-09
BOSCHLTD,74,9662,136725,-700,12712587600.0,76,5734,141750,1050,6572180812.5,1.037,0.593,2026-09-09
BPCL,56,7600,12995500,250825,4787446215.0,55,7369,10678825,1400275,4398019467.5,0.822,0.97,2026-09-09
BRITANNIA,88,4870,1343500,-18500,3225091075.0,89,2060,894250,-3125,1286196093.75,0.666,0.423,2026-09-09
BSE,39,87183,10082000,336800,62342971450.0,39,70897,7228600,208600,45860895460.0,0.717,0.813,2026-09-09
CAMS,73,6315,5420250,-70125,4058048486.25,70,3331,3897300,77550,1982219745.0,0.719,0.527,2026-09-09
CANBK,44,5126,82950750,1451250,4534718445.0,45,2817,61485750,2976750,2383146360.0,0.741,0.55,2026-09-09
CDSL,55,20149,8920025,643625,13990935071.25,55,6825,5128100,92625,4434105810.0,0.575,0.339,2026-09-09
CGPOWER,45,25640,7242850,-817700,21028589535.0,43,8839,6576450,1353200,6808838597.5,0.908,0.345,2026-09-09
CHOLAFIN,67,2821,2507500,26250,3380220750.0,64,1851,2298125,10625,2095217750.0,0.917,0.656,2026-09-09
CIPLA,98,7575,6074950,361250,4635376463.75,95,3810,3315850,71400,2213968352.5,0.546,0.503,2026-09-09
COALINDIA,75,111432,42554700,2682450,67217040270.0,74,78757,34534350,6615000,45194091547.5,0.812,0.707,2026-09-09
COCHINSHIP,60,12340,3409200,-232000,7946599220.0,61,3373,1812400,131200,2019616000.0,0.532,0.273,2026-09-09
COFORGE,96,105377,9105275,2647175,98378272437.5,96,109825,8575175,3545400,95746500048.75,0.942,1.042,2026-09-09
COLPAL,86,5865,2884200,125125,3061138410.0,88,2296,2387000,27775,1136689551.25,0.828,0.391,2026-09-09
CONCOR,81,4925,7682500,-317500,3268789750.0,81,2026,4835000,136250,1288543000.0,0.629,0.411,2026-09-09
CROMPTON,52,3726,22781400,-406350,1990656276.0,51,1141,14061000,-296700,561289083.5,0.617,0.306,2026-09-09
CUMMINSIND,46,17031,1207400,-85000,18253638290.0,46,6946,1166200,5200,6993372250.0,0.966,0.408,2026-09-09
DABUR,72,9302,20090000,1973750,4557770062.5,72,3610,11553750,121250,1689849312.5,0.575,0.388,2026-09-09
DELHIVERY,74,1923,11491350,-168075,1890436531.25,73,814,7364175,-120350,765747106.25,0.641,0.423,2026-09-09
DIVISLAB,73,37490,2115600,79300,37088331565.0,73,26728,1801300,-301000,24767397390.0,0.851,0.713,2026-09-09
DIXON,49,52073,2288350,303600,38966431120.0,50,25740,1125650,35150,17527830942.5,0.492,0.494,2026-09-09
DLF,51,22593,11755300,1085850,14997985017.5,52,15125,6256700,15200,9578575022.5,0.532,0.669,2026-09-09
DMART,67,6302,2300550,16350,3726282607.5,68,2359,1294650,-1950,1267473555.0,0.563,0.374,2026-09-09
DRREDDY,96,8843,9085000,592500,6600071843.75,95,3731,5373125,44375,2633956531.25,0.591,0.422,2026-09-09
EICHERMOT,73,15748,1660400,-69700,12632839195.0,73,9587,1654500,1100,7275311605.0,0.996,0.609,2026-09-09
ETERNAL,49,20854,63607750,1872100,17096585013.75,50,11728,30147600,1062150,9081712663.75,0.474,0.562,2026-09-09
FEDERALBNK,55,4695,26990000,-572500,4200848875.0,54,3322,16255000,30000,2846958000.0,0.602,0.708,2026-09-09
FINNIFTY,213,12684,541980,75300,20195821758.0,213,11005,302880,13080,16896274791.0,0.559,0.868,2026-09-09
FORCEMOT,36,4974,148900,15625,2406347730.0,37,3042,66200,5225,1226433440.0,0.445,0.612,2026-09-09
FORTIS,73,2598,1794900,152675,1900775850.0,73,1305,1633700,199950,886079277.5,0.91,0.502,2026-09-09
GAIL,57,3875,27036800,369200,2492560399.5,58,2066,19514350,1068550,1267483196.0,0.722,0.533,2026-09-09
GLENMARK,86,5345,2102250,71250,5097277800.0,88,3204,1175250,144750,2861074256.25,0.559,0.599,2026-09-09
GMRAIRPORT,93,6591,56455650,-3194550,4710722629.5,87,2816,49383000,237150,1905735516.75,0.875,0.427,2026-09-09
GODFRYPHLP,46,1204,813175,61875,710356088.75,43,609,378950,20900,329979196.25,0.466,0.506,2026-09-09
GODREJCP,92,6472,8525500,-161500,2945100000.0,91,2893,5474000,-105500,1265645375.0,0.642,0.447,2026-09-09
GODREJPROP,82,5792,3171350,258700,3826402482.5,82,2611,2092350,13975,1619262612.5,0.66,0.451,2026-09-09
GRASIM,115,4210,2014500,14250,3562762412.5,115,3324,1089750,20250,2691376137.5,0.541,0.79,2026-09-09
GVT&D,53,38980,1708875,102125,24447332868.75,55,28532,1311875,-75750,16355312400.0,0.768,0.732,2026-09-09
HAL,70,67119,3455250,143250,52922393910.0,70,35290,2407350,-217950,26470323045.0,0.697,0.526,2026-09-09
HAVELLS,55,5848,4724500,155500,3487286200.0,55,2706,2848000,116000,1512150750.0,0.603,0.463,2026-09-09
HCLTECH,94,31490,9561600,1273200,16743380680.0,96,20291,5751200,893200,10072184460.0,0.601,0.644,2026-09-09
HDFCAMC,50,4954,1953900,36900,3826422495.0,49,1774,1518000,9300,1266177330.0,0.777,0.358,2026-09-09
HDFCBANK,67,378472,187274100,17828850,181658615385.0,64,160977,93372500,5090150,72844505012.5,0.499,0.425,2026-09-09
HDFCLIFE,91,70343,30604200,8679000,42503877900.0,91,31856,16553900,2842400,18227899525.0,0.541,0.453,2026-09-09
HEROMOTOCO,53,21785,3262200,95550,18191355667.5,53,16175,1610700,42900,12557491972.5,0.494,0.742,2026-09-09
HINDALCO,45,31470,12320000,-945700,23505569605.0,44,14358,9280600,-135800,10172271375.0,0.753,0.456,2026-09-09
HINDPETRO,53,7621,13680900,-398925,5673757083.75,51,4135,10815525,419175,2952001057.5,0.791,0.543,2026-09-09
HINDUNILVR,86,33606,12097800,789600,20509010370.0,84,15292,6797700,60600,9036841620.0,0.562,0.455,2026-09-09
HINDZINC,52,25030,25162725,-1700300,19405315527.5,56,14411,16847425,835450,10355869781.25,0.67,0.576,2026-09-09
HYUNDAI,85,3316,1406350,30800,2087770148.75,83,3099,1552375,40425,1808344821.25,1.104,0.935,2026-09-09
ICICIBANK,99,66229,31145800,1999900,66791775085.0,98,49257,19470500,667800,48194395690.0,0.625,0.744,2026-09-09
ICICIGI,77,4307,2502825,146900,2187391505.0,78,2419,1576575,184600,1156756461.25,0.63,0.562,2026-09-09
ICICIPRULI,90,7177,6915300,382025,3281393192.5,90,3460,4435375,165575,1490145030.0,0.641,0.482,2026-09-09
IDEA,30,33169,1877362350,94204050,40771625055.75,30,9285,942540825,28089675,9995158347.0,0.502,0.28,2026-09-09
IDFCFIRSTB,65,6187,129506825,-1057350,5192801762.75,67,3501,93028250,64925,2765878365.25,0.718,0.566,2026-09-09
IEX,43,4013,30824100,-465450,2159279230.5,46,843,18296100,182700,429765601.5,0.594,0.21,2026-09-09
INDHOTEL,55,2821,5700000,47000,2115793550.0,56,1315,3577000,-112000,926290550.0,0.628,0.466,2026-09-09
INDIANB,68,4042,8289000,100000,3639668850.0,68,1942,4801000,25000,1678701550.0,0.579,0.48,2026-09-09
INDIGO,45,12914,3395100,0,10129584930.0,44,18751,2131050,-68850,13867825762.5,0.628,1.452,2026-09-09
INDUSINDBK,72,5328,4503100,88900,3874552150.0,72,4412,4648000,176400,3081762565.0,1.032,0.828,2026-09-09
INDUSTOWER,81,5891,19055300,-428400,3921311800.0,82,1263,10657300,-68000,795732005.0,0.559,0.214,2026-09-09
INFY,58,172122,42244000,10476400,77463666440.0,57,111373,22211200,4751600,46355390960.0,0.526,0.647,2026-09-09
INOXWIND,36,467,39065600,-1708800,236006912.0,36,345,24352000,-1401600,162266048.0,0.623,0.739,2026-09-09
IOC,45,4686,38673375,-667875,3241148722.5,46,4068,32711250,1911000,2653415505.0,0.846,0.868,2026-09-09
IREDA,48,2623,52042025,298650,1405000011.0,49,828,32340175,-54300,472924945.0,0.621,0.316,2026-09-09
IRFC,78,4856,60825100,4226075,2316772615.5,79,1834,42342125,439425,804825061.25,0.696,0.378,2026-09-09
ITC,100,37183,109038975,1483500,17509974663.75,100,17685,59581500,443325,8024875605.0,0.546,0.476,2026-09-09
JINDALSTEL,49,5495,4493750,-63125,4108537468.75,50,2319,4005625,104375,1638141093.75,0.891,0.422,2026-09-09
JIOFIN,87,22429,117904200,2129100,13080181944.5,83,7796,66535550,1654400,4271920686.5,0.564,0.348,2026-09-09
JSWENERGY,46,15425,6367225,-6450,9319175645.0,47,4499,3598025,-436450,2567203361.25,0.565,0.292,2026-09-09
JSWSTEEL,53,10725,8245800,-246375,9863090955.0,53,5123,5699025,234225,4455508747.5,0.691,0.478,2026-09-09
JUBLFOOD,77,2185,7577500,26250,1365723312.5,76,775,4113750,76250,456350437.5,0.543,0.355,2026-09-09
KALYANKJIL,76,24297,27318600,-198450,21211250017.5,75,13281,19411650,-371250,10724536350.0,0.711,0.547,2026-09-09
KAYNES,71,636,2385600,-58350,379992307.5,71,220,1597800,-20550,116471107.5,0.67,0.346,2026-09-09
KEI,68,21392,4063675,78400,19056155973.75,67,12352,2235800,19950,10230752455.0,0.55,0.577,2026-09-09
KFINTECH,39,3619,3720825,274275,2025645851.25,37,1429,1779050,29900,744327495.0,0.478,0.395,2026-09-09
KOTAKBANK,63,23424,67128000,-2320000,20202942600.0,65,19449,41686000,-3656000,16227499200.0,0.621,0.83,2026-09-09
KPITTECH,66,4474,7823625,91450,2097011585.0,67,1602,3650250,39525,691140582.5,0.467,0.358,2026-09-09
LAURUSLABS,63,16493,11942500,492150,28304161390.0,63,10448,7491050,-549100,16937105737.5,0.627,0.633,2026-09-09
LICHSGFIN,50,50,7101000,-24000,29332050.0,52,62,8084000,-27000,32207000.0,1.138,1.24,2026-09-09
LICI,62,8868,19756800,1369200,5322018590.0,64,3808,15286600,149800,2172831150.0,0.774,0.429,2026-09-09
LODHA,53,9982,4649375,585625,7946992437.5,52,6549,3049375,-104375,4808324687.5,0.656,0.656,2026-09-09
LT,62,46991,7182875,203175,33821888450.0,62,23609,3603600,-16800,16435293691.25,0.502,0.502,2026-09-09
LTF,48,5278,17392500,-146250,3906964800.0,47,2991,17982000,33750,2083098600.0,1.034,0.567,2026-09-09
LTM,78,14555,1162200,109200,10080471180.0,78,10069,716250,-48300,6625580340.0,0.616,0.692,2026-09-09
LUPIN,94,6900,4810150,124100,6431756115.0,89,1756,2766325,-5950,1566862247.5,0.575,0.254,2026-09-09
M&M,58,20964,7497600,122000,13896883040.0,58,11128,3949800,-130000,6994255830.0,0.527,0.531,2026-09-09
MAHABANK,69,2092,25460500,208000,1223076075.0,69,500,10393500,819000,269189505.0,0.408,0.239,2026-09-09
MANAPPURAM,64,1014,23382000,-1566000,1059619800.0,64,583,13062000,-663000,591260850.0,0.559,0.575,2026-09-09
MANKIND,95,3199,1051500,1500,1948794925.0,93,1573,699250,-5750,911641837.5,0.665,0.492,2026-09-09
MARICO,67,2916,5696400,411600,2962664640.0,63,1726,3572400,170400,1682089620.0,0.627,0.592,2026-09-09
MARUTI,118,55703,3598500,-80850,37144687447.5,118,26519,1579000,18800,16644414272.5,0.439,0.476,2026-09-09
MAXHEALTH,91,52948,3264975,96600,29614353142.5,83,20845,2750475,438900,11185309301.25,0.842,0.394,2026-09-09
MAZDOCK,45,11430,3801150,268650,6701847592.5,47,4282,1724400,26550,2336972658.75,0.454,0.375,2026-09-09
MCX,60,55635,5972850,195975,44302336638.75,61,28319,4339125,3375,20892367158.75,0.726,0.509,2026-09-09
MFSL,68,4113,1461200,90000,2556725100.0,68,3078,772000,12800,1811625220.0,0.528,0.748,2026-09-09
MIDCPNIFTY,367,68873,5479560,395520,123766218588.0,367,73173,5049120,144480,127438915812.0,0.921,1.062,2026-09-09
MOTHERSON,53,2743,36168150,719550,2906597071.5,53,1427,34003350,6150,1429222485.0,0.94,0.52,2026-09-09
MOTILALOFS,48,3679,3293750,123225,3134852253.75,48,2051,1574025,40300,1607586142.5,0.478,0.557,2026-09-09
MPHASIS,42,3792,1008150,40425,2590389862.5,41,2335,688050,44000,1490625042.5,0.682,0.616,2026-09-09
MUTHOOTFIN,59,20683,6306300,440000,17296471967.5,59,12152,2960925,108350,9516825312.5,0.47,0.588,2026-09-09
NAM-INDIA,49,2798,1752500,26250,2209817875.0,49,1040,1211875,16875,750646500.0,0.692,0.372,2026-09-09
NATIONALUM,43,31352,28331250,-2199375,23742687937.5,42,13709,17370000,866250,9615852375.0,0.613,0.437,2026-09-09
NAUKRI,51,6469,2949650,119350,4812208362.5,49,4154,1348600,-99550,2909743650.0,0.457,0.642,2026-09-09
NBCC,38,2124,40521000,3737500,1260574770.0,37,716,15704000,-91000,399173710.0,0.388,0.337,2026-09-09
NESTLEIND,111,3063,2963000,71000,2233071525.0,110,1238,1805000,12000,869097150.0,0.609,0.404,2026-09-09
NHPC,63,8250,33283550,-180700,4609539058.5,63,5151,33679700,208500,2654255804.5,1.012,0.624,2026-09-09
NIFTY,784,31615975,292712435,69031550,49463030754065.5,804,27828010,220077135,34159690,42286622618305.0,0.752,0.88,2026-09-09
NIFTYFPI,194,125,44000,-6600,226882590.0,194,39,23100,4400,62699340.0,0.525,0.312,2026-09-09
NIFTYNXT50,509,323,4300,925,601204980.0,509,334,1650,275,614158053.75,0.384,1.034,2026-09-09
NMDC,71,7819,75525750,-1977750,4715430727.5,71,2757,42754500,1653750,1541821365.0,0.566,0.353,2026-09-09
NTPC,54,26630,38584500,-400500,13811803875.0,55,13922,17539500,558000,6921958050.0,0.455,0.523,2026-09-09
NYKAA,48,3054,8693750,-100000,3369753281.25,47,1694,5275000,-84375,1772781875.0,0.607,0.555,2026-09-09
OBEROIRLTY,69,4524,3130400,216300,3065550740.0,66,3462,1571850,-77000,2163317292.5,0.502,0.765,2026-09-09
OFSS,87,6947,976700,81600,8631587505.0,90,4732,629600,24500,5382596080.0,0.645,0.681,2026-09-09
OIL,70,10434,5604200,697200,7624618610.0,72,2946,2812600,298200,2046412620.0,0.502,0.282,2026-09-09
ONGC,78,41803,58770000,11108250,22992124792.5,78,15554,21033000,-234000,8254920555.0,0.358,0.372,2026-09-09
PAGEIND,67,4743,100560,9700,3631856982.0,65,1475,42320,800,992667189.0,0.421,0.311,2026-09-09
PATANJALI,63,1193,6453225,-92450,462131481.25,64,222,4164550,9675,82541940.0,0.645,0.186,2026-09-09
PAYTM,86,95049,14702275,1587750,126148485366.25,89,44550,11387575,2042325,54617451346.25,0.775,0.469,2026-09-09
PERSISTENT,46,24317,1926125,266375,17589020800.0,46,16711,1245500,96375,11307066343.75,0.647,0.687,2026-09-09
PETRONET,46,1462,9055400,-144400,830724270.0,46,869,4795600,30400,475800280.0,0.53,0.594,2026-09-09
PFC,79,11147,35339200,-380900,5387098405.0,78,4407,22692800,-517400,2036990735.0,0.642,0.395,2026-09-09
PGEL,54,6984,5980250,572850,3906924400.0,50,5115,3168250,95950,2692866960.0,0.53,0.732,2026-09-09
PHOENIXLTD,72,6328,1620150,77350,4527347265.0,72,1212,558600,31150,788523137.5,0.345,0.192,2026-09-09
PIDILITIND,69,1852,1260000,101000,1538097675.0,69,1485,940500,-38000,1154903975.0,0.746,0.802,2026-09-09
PIIND,54,4981,1439375,47950,2203070537.5,52,1977,1049825,94325,822615613.75,0.729,0.397,2026-09-09
PNB,80,6732,64680000,720000,6537718320.0,80,4508,46416000,2288000,4187455440.0,0.718,0.67,2026-09-09
PNBHOUSING,47,2273,2224300,-5200,1836363945.0,47,848,1217450,-41600,636403007.5,0.547,0.373,2026-09-09
POLICYBZR,67,2583,1534750,22050,1698637640.0,70,1470,1617700,-4900,920307202.5,1.054,0.569,2026-09-09
POLYCAB,96,17382,3389250,-46250,19248857968.75,96,9912,2038250,-80875,10317744356.25,0.601,0.57,2026-09-09
POWERGRID,85,13550,37735900,1311000,7138713725.0,83,5665,21333200,366700,2851152730.0,0.565,0.418,2026-09-09
POWERINDIA,66,29038,585500,-6150,24746568186.25,64,10125,236625,-3300,7637701235.0,0.404,0.349,2026-09-09
PREMIERENE,45,2721,5372250,-57200,1868233250.0,45,774,3158350,35750,488324947.5,0.588,0.284,2026-09-09
PRESTIGE,71,5028,2189250,85500,3670031340.0,71,1222,1545300,-4050,862320735.0,0.706,0.243,2026-09-09
RADICO,58,1499,529200,7650,1049468955.0,58,2544,267600,3000,1554578062.5,0.506,1.697,2026-09-09
RBLBANK,75,6699,24511000,-558800,9220696093.75,76,4268,19519900,-536575,5572724440.0,0.796,0.637,2026-09-09
RECLTD,62,5591,25908750,366975,2926169898.75,63,2744,17643150,-277200,1367120790.0,0.681,0.491,2026-09-09
RELIANCE,95,147737,81543000,3503500,99223520050.0,95,80958,49108500,2108000,52091992150.0,0.602,0.548,2026-09-09
RVNL,47,5421,33138875,1255100,2356509424.5,47,1570,17704225,128975,636961382.75,0.534,0.29,2026-09-09
SAGILITY,41,2043,46728000,1068000,1195965720.0,42,963,33180000,732000,510327480.0,0.71,0.471,2026-09-09
SAIL,67,10,16149200,-28200,9831695.0,68,14,17831800,-51700,11713199.0,1.104,1.4,2026-09-09
SBICARD,58,11444,9479200,-155200,6422086440.0,58,5036,6896000,75200,2612594080.0,0.727,0.44,2026-09-09
SBILIFE,74,11457,4658625,250500,7652237981.25,71,5614,1774875,69000,3515524518.75,0.381,0.49,2026-09-09
SBIN,89,83177,68421750,88500,65688056437.5,87,53517,38562750,-615750,40308312600.0,0.564,0.643,2026-09-09
SHREECEM,88,6219,88025,12875,3995959856.25,85,1128,42775,2800,656211880.0,0.486,0.181,2026-09-09
SHRIRAMFIN,52,9371,15043875,537900,8466649413.75,52,4071,8886900,49500,3473204666.25,0.591,0.434,2026-09-09
SIEMENS,61,10382,1631700,-36750,7544261576.25,60,2926,1021300,15225,1996523698.75,0.626,0.282,2026-09-09
SOLARINDS,78,12831,758200,37750,15123853227.5,81,12910,656100,-12000,13472749697.5,0.865,1.006,2026-09-09
SONACOMS,55,3008,8178100,205800,3133277192.5,52,768,4545975,75950,745021847.5,0.556,0.255,2026-09-09
SRF,45,3126,1205800,24400,1647336080.0,44,809,952800,-7200,406482250.0,0.79,0.259,2026-09-09
SUNPHARMA,75,17601,9536800,169400,11961911797.5,75,9894,4022900,56350,6516853682.5,0.422,0.562,2026-09-09
SUPREMEIND,56,2550,690725,-32550,1677767131.25,56,946,337575,-6475,578163801.25,0.489,0.371,2026-09-09
SUZLON,52,10424,189687200,2527300,6530804693.0,50,2819,80594200,622300,1640290217.0,0.425,0.27,2026-09-09
SWIGGY,52,37597,36463500,-91250,20355755080.0,51,22320,29973800,3602550,11373435131.25,0.822,0.594,2026-09-09
TATACONSUM,86,3840,5602850,-24200,2221695712.5,82,2024,4179450,66000,1124490922.5,0.746,0.527,2026-09-09
TATAELXSI,65,9102,1490875,166875,4219551525.0,65,4884,748125,83375,2074260731.25,0.502,0.537,2026-09-09
TATAPOWER,70,29179,33845900,-1742900,16299633932.5,70,16151,29617700,462550,8518763847.5,0.875,0.554,2026-09-09
TATASTEEL,61,87679,108465500,-13411750,47257949365.0,61,55237,81301000,9042000,28437190017.5,0.75,0.63,2026-09-09
TCS,100,81699,12825000,1063575,43191056250.0,104,53522,9164700,341775,26550665640.0,0.715,0.655,2026-09-09
TECHM,63,18513,7359000,891600,18085456050.0,64,12796,4931400,429000,11584024410.0,0.67,0.691,2026-09-09
TIINDIA,58,6290,968200,-30200,3591375420.0,59,2124,497600,11000,1118681030.0,0.514,0.338,2026-09-09
TITAN,67,13857,3252025,157150,12485611941.25,67,9658,2131500,-26075,8366584170.0,0.655,0.697,2026-09-09
TMPV,68,27300,54486400,-958400,14227016400.0,68,13890,35521600,68800,6724052800.0,0.652,0.509,2026-09-09
TORNTPHARM,73,3331,588625,-16750,2146517618.75,71,769,374250,-11500,465555168.75,0.636,0.231,2026-09-09
TRENT,47,20555,4321350,245925,13839492251.25,47,7730,1897200,163350,4877536072.5,0.439,0.376,2026-09-09
TVSMOTOR,70,24307,3166450,-57050,18521068326.25,71,11435,1934100,78400,8200295180.0,0.611,0.47,2026-09-09
ULTRACEMCO,108,13291,823450,79500,7626057532.5,112,5077,408950,25150,2794247112.5,0.497,0.382,2026-09-09
UNIONBANK,57,5759,49046700,535425,4891122110.25,56,3226,33147675,1783275,2602096027.5,0.676,0.56,2026-09-09
UNITDSPR,55,6836,2529200,148400,4121947980.0,56,3266,1565200,104000,1857416340.0,0.619,0.478,2026-09-09
UNOMINDA,46,1363,1856800,11000,996571867.5,47,712,1114850,-56100,488772295.0,0.6,0.522,2026-09-09
UPL,53,3401,8002630,-75880,2770790855.5,53,2312,6598850,-161245,1806430174.0,0.825,0.68,2026-09-09
VBL,47,19604,34686375,1232925,10810396368.75,47,9967,18699150,15300,5116002907.5,0.539,0.508,2026-09-09
VEDL,53,24331,36802300,-777400,8105725665.0,53,7560,21692450,78200,2372359380.0,0.589,0.311,2026-09-09
VMM,46,2065,30200950,1217350,1132171341.5,45,714,18565800,746900,356630054.5,0.615,0.346,2026-09-09
VOLTAS,58,9084,6397125,68625,4164005100.0,58,8830,4296000,115500,3831229368.75,0.672,0.972,2026-09-09
WAAREEENER,48,12602,2578975,301525,6005637452.5,49,2496,1169700,-18725,1109085547.5,0.454,0.198,2026-09-09
WIPRO,64,27169,87996000,12033000,14619972090.0,65,16133,58467000,5037000,8038071150.0,0.664,0.594,2026-09-09
YESBANK,28,4265,308854100,4136300,3142197830.0,27,2281,219970300,2674600,1579102189.0,0.712,0.535,2026-09-09
ZYDUSLIFE,92,4566,5508900,189000,4930342290.0,91,1702,2718000,18900,1746159390.0,0.493,0.373,2026-09-09
360ONE,53,2259,2621500,90000,1328245475.0,53,964,1735000,60000,533051450.0,0.662,0.427,2026-09-10
ABB,58,4994,843500,45125,4852777075.0,58,2332,769500,-8375,2118224893.75,0.912,0.467,2026-09-10
ABCAPITAL,67,2270,12136500,108500,2932374785.0,64,1139,12511600,-21700,1406428305.0,1.031,0.502,2026-09-10
ADANIENSOL,86,11222,9686250,797175,11430749025.0,84,5032,4641300,309825,4769610783.75,0.479,0.448,2026-09-10
ADANIENT,56,47956,7995993,14214,48026953475.1,56,40210,5713410,-450831,37561826851.8,0.715,0.838,2026-09-10
ADANIGREEN,74,9457,5374200,-211200,7799544450.0,73,5878,3996000,-170400,4607891790.0,0.744,0.622,2026-09-10
ADANIPORTS,88,26400,8865400,159600,22871106146.25,87,20636,7732050,234175,17081110295.0,0.872,0.782,2026-09-10
ADANIPOWER,44,12376,63083500,631900,9961840381.0,44,7594,41794150,-1608150,5592584871.0,0.663,0.614,2026-09-10
ALKEM,88,2114,419375,6250,1440595850.0,86,879,286625,15250,561392118.75,0.683,0.416,2026-09-10
AMBER,68,6755,870800,-9700,5265609770.0,68,6289,611200,74600,4527470740.0,0.702,0.931,2026-09-10
AMBUJACEM,72,3498,15334800,718800,1724407260.0,70,1136,9436800,181200,550991340.0,0.615,0.325,2026-09-10
ANGELONE,59,5711,26880000,770000,4517109500.0,59,2842,15632500,225000,2123664125.0,0.582,0.498,2026-09-10
APLAPOLLO,79,2262,2533300,23450,1805996010.0,79,1438,1406300,-30800,1061160992.5,0.555,0.636,2026-09-10
APOLLOHOSP,65,15938,1303250,134250,18406762075.0,65,11073,1020000,38875,12021775268.75,0.783,0.695,2026-09-10
ASHOKLEY,60,16202,94245000,3320000,14386182200.0,59,8785,57505000,1125000,7321320700.0,0.61,0.542,2026-09-10
ASIANPAINT,112,7658,4823250,53250,4964270437.5,107,6932,3034000,76000,4294954725.0,0.629,0.905,2026-09-10
ASTRAL,64,6209,2889575,252450,4086503286.25,65,3763,1479000,37825,2362868866.25,0.512,0.606,2026-09-10
ATHERENERG,80,77889,5575125,85875,50687093381.25,82,18154,2756625,57750,10920666393.75,0.494,0.233,2026-09-10
AUBANK,49,10218,8537000,-160000,11376092400.0,48,5159,6264000,29000,5421538850.0,0.734,0.505,2026-09-10
AUROPHARMA,63,5259,6008750,227150,5058015380.0,63,6145,2587750,73700,5644552430.0,0.431,1.168,2026-09-10
AXISBANK,57,41981,19145625,1993750,33898143593.75,57,31488,11676250,310000,24358466625.0,0.61,0.75,2026-09-10
BAJAJ-AUTO,85,16430,1564425,113175,15479088206.25,87,9261,1190100,37200,8075320057.5,0.761,0.564,2026-09-10
BAJAJFINSV,78,5896,6097200,43200,3570612795.0,77,3007,2935200,-91500,1734168405.0,0.481,0.51,2026-09-10
BAJAJHLDNG,66,194,70125,1575,168998471.25,66,39,36525,450,32245687.5,0.521,0.201,2026-09-10
BAJFINANCE,84,11491,18616500,129000,9420870975.0,81,6134,13237500,42750,4762266075.0,0.711,0.534,2026-09-10
BANDHANBNK,43,772,35434800,-2077200,501582564.0,39,444,23443200,-1274400,273041280.0,0.662,0.575,2026-09-10
BANKBARODA,47,25287,51286950,-669825,18414421330.5,46,12353,42517800,886275,8563842319.5,0.829,0.489,2026-09-10
BANKINDIA,44,3758,31699200,462800,2918890312.0,44,994,31444400,-135200,719953052.0,0.992,0.265,2026-09-10
BANKNIFTY,445,894464,17313030,355590,1565136949825.5,447,802032,14817900,-153960,1343474157700.5,0.856,0.897,2026-09-10
BDL,65,18729,10991775,797725,10433790630.0,65,11069,5532225,202300,5710801096.25,0.503,0.591,2026-09-10
BEL,64,26678,49352025,2037750,16102728000.0,64,11988,32093850,880650,6895126837.5,0.65,0.449,2026-09-10
BHARATFORG,95,3778,3572500,8000,3898730650.0,90,2683,2733500,53000,2678191700.0,0.765,0.71,2026-09-10
BHARTIARTL,78,51746,22512150,421800,46646387475.0,77,23599,13401175,-51300,20470173758.75,0.595,0.456,2026-09-10
BHEL,73,10042,35681625,1538250,11954343187.5,72,6418,22551375,-157500,7213047187.5,0.632,0.639,2026-09-10
BIOCON,71,17139,39807500,2915000,17673905250.0,69,5740,16680000,-72500,5662168500.0,0.419,0.335,2026-09-10
BLUESTARCO,67,15191,1800500,72150,7673218361.25,66,4689,1410175,193050,2272858721.25,0.783,0.309,2026-09-10
BOSCHLTD,74,8827,134825,-1900,11637451965.0,76,7440,164675,22925,8435116998.75,1.221,0.843,2026-09-10
BPCL,56,3991,13378650,383150,2514520131.25,55,4133,10266050,-412775,2479780967.5,0.767,1.036,2026-09-10
BRITANNIA,88,7903,1476375,132875,5206675325.0,89,4294,922625,28375,2702086175.0,0.625,0.543,2026-09-10
BSE,39,49964,10029200,-52800,35392636010.0,39,29666,7326600,98000,19242622850.0,0.731,0.594,2026-09-10
CAMS,73,4880,5850900,430650,3069964383.75,70,1526,3948450,51150,901165567.5,0.675,0.313,2026-09-10
CANBK,44,26810,92184750,9234000,23838981615.0,45,9767,65144250,3658500,8268483442.5,0.707,0.364,2026-09-10
CDSL,55,11960,9247775,327750,8278735860.0,55,5786,5335675,207575,3757140536.25,0.577,0.484,2026-09-10
CGPOWER,46,8957,7723100,480250,7360561697.5,44,4954,6170150,-406300,3786782555.0,0.799,0.553,2026-09-10
CHOLAFIN,67,9743,2606875,99375,11772787062.5,64,5657,2606250,308125,6485559656.25,1.0,0.581,2026-09-10
CIPLA,103,9198,6202875,127925,5559597273.75,100,4206,3323500,7650,2458514436.25,0.536,0.457,2026-09-10
COALINDIA,77,39345,43028550,473850,23761392457.5,77,27285,35954550,1420200,15723304605.0,0.836,0.693,2026-09-10
COCHINSHIP,61,12573,3754800,345600,8145245720.0,62,4562,1881600,69200,2779935160.0,0.501,0.363,2026-09-10
COFORGE,96,50676,10376375,1271100,47162811773.75,96,26295,7869800,-705375,22917294528.75,0.758,0.519,2026-09-10
COLPAL,86,4518,3049200,165000,2346221996.25,88,1263,2437325,50325,623622560.0,0.799,0.28,2026-09-10
CONCOR,81,2272,7888750,206250,1501708312.5,81,651,4815000,-20000,414089437.5,0.61,0.287,2026-09-10
CROMPTON,52,2644,22377200,-404200,1411705738.0,51,1112,13985750,-75250,538285502.5,0.625,0.421,2026-09-10
CUMMINSIND,46,11952,1136000,-71400,12924283500.0,46,6368,1063200,-103000,6451256610.0,0.936,0.533,2026-09-10
DABUR,77,9815,19293750,-796250,4814835625.0,77,3567,11468750,-85000,1682486750.0,0.594,0.363,2026-09-10
DELHIVERY,74,2637,11454000,-37350,2583827246.25,73,1267,7353800,-10375,1173163707.5,0.642,0.48,2026-09-10
DIVISLAB,73,29322,2345600,230000,28848013410.0,73,16994,1828700,27400,15825246395.0,0.78,0.58,2026-09-10
DIXON,49,103410,2813100,524750,75320455465.0,50,68379,1176600,50950,45135512712.5,0.418,0.661,2026-09-10
DLF,53,14797,12578950,823650,9756311757.5,54,8525,6055300,-201400,5326911677.5,0.481,0.576,2026-09-10
DMART,67,9884,2512950,212400,5790331957.5,68,3548,1325250,30600,1962306667.5,0.527,0.359,2026-09-10
DRREDDY,96,9101,9505000,420000,6706346406.25,95,3582,5500000,126875,2544810312.5,0.579,0.394,2026-09-10
EICHERMOT,73,12899,1720900,60500,10298651525.0,73,12427,1667400,12900,9480188975.0,0.969,0.963,2026-09-10
ETERNAL,49,17317,62586825,-1020925,14176869615.0,50,11492,32189450,2041850,8915403132.5,0.514,0.664,2026-09-10
FEDERALBNK,55,6395,27142500,152500,5721331500.0,54,3734,16395000,140000,3207749250.0,0.604,0.584,2026-09-10
FINNIFTY,222,11954,568920,26940,19064083086.0,222,5901,328380,25500,9040741362.0,0.577,0.494,2026-09-10
FORCEMOT,37,80306,168675,19775,38885613761.25,38,22457,103850,37650,9863986080.0,0.616,0.28,2026-09-10
FORTIS,73,2174,1815825,20925,1588826880.0,73,1662,1639125,5425,1172043543.75,0.903,0.764,2026-09-10
GAIL,57,5258,28055650,1018850,3378887124.5,58,2355,19272950,-241400,1451255549.0,0.687,0.448,2026-09-10
GLENMARK,86,2013,2092500,-9750,1920266456.25,88,1196,1128000,-47250,1074518793.75,0.539,0.594,2026-09-10
GMRAIRPORT,93,2387,57167100,711450,1697534766.0,87,1005,48936600,-446400,685948214.25,0.856,0.421,2026-09-10
GODFRYPHLP,46,1423,876700,63525,832667962.5,43,623,401500,22550,345085468.75,0.458,0.438,2026-09-10
GODREJCP,92,4691,8314000,-211500,2128800400.0,91,2114,5363500,-110500,922875350.0,0.645,0.451,2026-09-10
GODREJPROP,90,10666,3406650,235300,7095280010.0,90,7013,2141750,49400,4287972471.25,0.629,0.658,2026-09-10
GRASIM,115,6088,1994750,-19750,5151326012.5,115,2807,1105000,15250,2285700787.5,0.554,0.461,2026-09-10
GVT&D,53,21189,1827125,118250,12993595087.5,55,18726,1311125,-750,10537077612.5,0.718,0.884,2026-09-10
HAL,70,43814,3989100,533850,34292511487.5,70,24298,2262750,-144600,18173076525.0,0.567,0.555,2026-09-10
HAVELLS,58,6523,4989500,265000,3846340800.0,58,2525,2954500,106500,1415395625.0,0.592,0.387,2026-09-10
HCLTECH,107,38812,10907600,1346000,20023904940.0,108,23429,6462000,710800,11419000060.0,0.592,0.604,2026-09-10
HDFCAMC,50,6647,2044200,90300,5095511550.0,49,2047,1537200,19200,1478876760.0,0.752,0.308,2026-09-10
HDFCBANK,72,241893,184945150,-2328950,115462998267.5,69,109960,94764800,1392300,49277639287.5,0.512,0.455,2026-09-10
HDFCLIFE,101,33592,27369100,-3235100,20197616615.0,101,17211,16595700,41800,9812271260.0,0.606,0.512,2026-09-10
HEROMOTOCO,53,16213,3219600,-42600,13485877882.5,53,10353,1581300,-29400,8027547097.5,0.491,0.639,2026-09-10
HINDALCO,45,14970,12994800,674800,11216508275.0,44,8820,9128700,-151900,6256738110.0,0.702,0.589,2026-09-10
HINDPETRO,53,3205,13375125,-305775,2395846046.25,51,3051,10916775,101250,2186184937.5,0.816,0.952,2026-09-10
HINDUNILVR,87,19824,12219000,121200,12115365660.0,85,12494,6828600,30900,7302717285.0,0.559,0.63,2026-09-10
HINDZINC,52,23616,26375475,1212750,18389285215.0,56,11659,16914800,67375,8465018581.25,0.641,0.494,2026-09-10
HYUNDAI,85,7461,1384900,-21450,4687449030.0,83,2399,1534775,-17600,1416467923.75,1.108,0.322,2026-09-10
ICICIBANK,104,62730,35002800,3857000,62976656120.0,103,41600,21464800,1994300,40465570670.0,0.613,0.663,2026-09-10
ICICIGI,78,2547,2532075,29250,1291195018.75,79,955,1612975,36400,443999286.25,0.637,0.375,2026-09-10
ICICIPRULI,95,8018,6538825,-376475,3633132952.5,95,2996,4459425,24050,1283348746.25,0.682,0.374,2026-09-10
IDEA,30,34937,2244815325,367452975,42363303975.0,30,13970,976062600,33521775,14901972847.5,0.435,0.4,2026-09-10
IDFCFIRSTB,65,10818,136769150,7262325,9060624142.5,67,6219,96645500,3617250,4967972238.25,0.707,0.575,2026-09-10
IEX,43,2781,33220950,2396850,1498105243.5,46,896,18435300,139200,467919060.0,0.555,0.322,2026-09-10
INDHOTEL,55,5099,5681000,-19000,3790763650.0,56,2904,3561000,-16000,2084242650.0,0.627,0.57,2026-09-10
INDIANB,68,9073,8776000,487000,8179824050.0,68,3703,5141000,340000,3188654450.0,0.586,0.408,2026-09-10
INDIGO,45,34285,3609600,214500,26702304765.0,44,34502,2345550,214500,25293999465.0,0.65,1.006,2026-09-10
INDUSINDBK,72,5115,4823000,319900,3688702395.0,72,4126,4687200,39200,2877610645.0,0.972,0.807,2026-09-10
INDUSTOWER,81,5968,19992000,936700,3932773115.0,82,1417,10703200,45900,909476795.0,0.535,0.237,2026-09-10
INFY,58,107924,44115600,1871600,47959235960.0,57,54589,23250400,1039200,22283032200.0,0.527,0.506,2026-09-10
INOXWIND,38,110,38636800,-428800,56348096.0,37,65,24051200,-300800,31171264.0,0.622,0.591,2026-09-10
IOC,45,3383,40555125,1881750,2352581546.25,46,3724,33579000,867750,2461965431.25,0.828,1.101,2026-09-10
IREDA,48,9453,48462750,-3579275,5087270934.25,49,2695,31905775,-434400,1372170140.5,0.658,0.285,2026-09-10
IRFC,81,5312,63222950,2397850,2484813726.5,82,1642,43253525,911400,872087520.5,0.684,0.309,2026-09-10
ITC,100,45341,113629200,4590225,21237703545.0,100,21740,61911975,2330475,9805014022.5,0.545,0.479,2026-09-10
JINDALSTEL,49,3067,4703750,210000,2285057125.0,50,1456,4063750,58125,1030020437.5,0.864,0.475,2026-09-10
JIOFIN,90,22895,117586950,-317250,13320406958.0,86,7243,67663550,1128000,3953224191.0,0.575,0.316,2026-09-10
JSWENERGY,46,4385,6555350,188125,2615226728.75,47,1117,3652850,54825,638588108.75,0.557,0.255,2026-09-10
JSWSTEEL,53,8711,7511400,-734400,8088669551.25,53,2890,5584950,-114075,2537062762.5,0.744,0.332,2026-09-10
JUBLFOOD,77,4206,7792500,215000,2631929875.0,76,1836,4098750,-15000,1089425562.5,0.526,0.437,2026-09-10
KALYANKJIL,76,20123,27086400,-232200,17599879597.5,75,10005,19642500,230850,8104956457.5,0.725,0.497,2026-09-10
KAYNES,71,490,2341800,-43800,292375080.0,71,60,1592250,-5550,31157332.5,0.68,0.122,2026-09-10
KEI,68,17214,4122825,59150,15250986248.75,67,8006,2200100,-35700,6530061361.25,0.534,0.465,2026-09-10
KFINTECH,42,2309,3719100,-1725,1288969047.5,40,660,1784225,5175,343745723.75,0.48,0.286,2026-09-10
KOTAKBANK,65,10898,67280000,152000,9365478700.0,67,8185,41366000,-320000,6806201200.0,0.615,0.751,2026-09-10
KPITTECH,68,4188,7940650,117025,1933634416.25,69,1313,3753325,103075,571843631.25,0.473,0.314,2026-09-10
LAURUSLABS,63,11988,12523900,581400,20542180265.0,63,6361,7493600,2550,10261618115.0,0.598,0.531,2026-09-10
LICHSGFIN,50,12,7101000,0,6862700.0,52,16,8068000,-16000,8201650.0,1.136,1.333,2026-09-10
LICI,62,7324,19545400,-211400,4366203380.0,64,3996,15094800,-191800,2251078270.0,0.772,0.546,2026-09-10
LODHA,53,11931,4906250,256875,9331760156.25,52,14007,5023750,1974375,10185411500.0,1.024,1.174,2026-09-10
LT,62,26614,7195125,12250,19005938533.75,62,15502,3665900,62300,10661232890.0,0.509,0.582,2026-09-10
LTF,48,4026,17536500,144000,2964876637.5,47,2031,18040500,58500,1419089850.0,1.029,0.504,2026-09-10
LTM,78,13606,1317300,155100,9365350762.5,78,4933,750000,33750,3212810482.5,0.569,0.363,2026-09-10
LUPIN,94,8933,4405125,-405025,8370199687.5,89,5534,2926125,159800,4937763623.75,0.664,0.62,2026-09-10
M&M,58,31774,7721600,224000,20881343410.0,58,22551,3938000,-11800,14102603720.0,0.51,0.71,2026-09-10
MAHABANK,69,5771,30251000,4790500,3360453070.0,69,2161,14553500,4160000,1176983795.0,0.481,0.374,2026-09-10
MANAPPURAM,67,540,22425000,-957000,564383550.0,67,276,12678000,-384000,282845400.0,0.565,0.511,2026-09-10
MANKIND,101,2499,1076750,25250,1509566837.5,99,3594,793250,94000,2071050950.0,0.737,1.438,2026-09-10
MARICO,67,3875,6201600,505200,3907353000.0,63,1958,3776400,204000,1900462140.0,0.609,0.505,2026-09-10
MARUTI,118,61466,3726150,127650,40840226320.0,118,33232,1588150,9150,20861135662.5,0.426,0.541,2026-09-10
MAXHEALTH,91,7192,3339525,74550,4043974830.0,83,4796,2603475,-147000,2589735041.25,0.78,0.667,2026-09-10
MAZDOCK,49,12244,3631950,-169200,7246490805.0,50,9635,2115450,391050,5253611805.0,0.582,0.787,2026-09-10
MCX,60,25140,6256350,283500,19798705721.25,61,15116,4424175,85050,11206511943.75,0.707,0.601,2026-09-10
MFSL,71,2943,1398000,-63200,1883966600.0,71,1001,779200,7200,572947080.0,0.557,0.34,2026-09-10
MIDCPNIFTY,368,73283,6321120,841560,131246236176.0,368,89034,5457240,408120,153491756136.0,0.863,1.215,2026-09-10
MOTHERSON,53,1880,36094350,-73800,1981515178.5,53,1165,34827450,824100,1163680798.5,0.965,0.62,2026-09-10
MOTILALOFS,48,1916,3413100,119350,1614826076.25,48,1182,1591075,17050,911481336.25,0.466,0.617,2026-09-10
MPHASIS,45,2817,1060675,52525,1901061483.75,44,1122,712525,24475,721966231.25,0.672,0.398,2026-09-10
MUTHOOTFIN,63,11578,6392100,85800,9653322236.25,64,5151,3046450,85525,3976156057.5,0.477,0.445,2026-09-10
NAM-INDIA,49,3671,1746250,-6250,2905068125.0,49,955,1238125,26250,704086250.0,0.709,0.26,2026-09-10
NATIONALUM,43,12051,29861250,1530000,9072675187.5,42,6437,17167500,-202500,4485489937.5,0.575,0.534,2026-09-10
NAUKRI,52,4850,2981550,31900,3613986805.0,51,2626,1495450,146850,1802946447.5,0.502,0.541,2026-09-10
NBCC,41,2207,40261000,-260000,1298655605.0,40,403,15385500,-318500,227227455.0,0.382,0.183,2026-09-10
NESTLEIND,113,3656,3078500,115500,2664465325.0,112,1226,1776500,-28500,857285100.0,0.577,0.335,2026-09-10
NHPC,63,2479,37536950,4253400,1395567645.0,63,915,35014100,1334400,481269082.5,0.933,0.369,2026-09-10
NIFTY,808,27092141,329223450,36511015,42207910183198.5,828,24270247,253693785,33616650,36712154718658.25,0.771,0.896,2026-09-10
NIFTYFPI,200,33,40700,-3300,59940155.0,200,30,23100,0,48237695.0,0.568,0.909,2026-09-10
NIFTYNXT50,509,142,4425,125,264298441.25,509,267,1975,325,491322608.75,0.446,1.88,2026-09-10
NMDC,71,4731,80048250,4522500,2849218875.0,71,1398,42754500,0,787733100.0,0.534,0.295,2026-09-10
NTPC,54,10978,38487000,-97500,5701452600.0,55,5334,17365500,-174000,2668146000.0,0.451,0.486,2026-09-10
NYKAA,48,2929,8731250,37500,3247031718.75,47,1369,5553125,278125,1443078593.75,0.636,0.467,2026-09-10
OBEROIRLTY,72,3286,3108350,-22050,2246698090.0,70,2347,1561350,-10500,1451362657.5,0.502,0.714,2026-09-10
OFSS,91,10419,1046600,69900,12925170910.0,93,4602,686300,56700,5233492730.0,0.656,0.442,2026-09-10
OIL,70,26955,7667800,2063600,19982902380.0,72,8054,3620400,807800,5718129410.0,0.472,0.299,2026-09-10
ONGC,78,62434,62793000,4023000,34409268337.5,78,19797,20740500,-292500,10555098232.5,0.33,0.317,2026-09-10
PAGEIND,67,5252,99860,-700,4013573845.0,65,1143,42520,200,799812098.0,0.426,0.218,2026-09-10
PATANJALI,63,1350,6365075,-88150,519659730.0,64,621,4061350,-103200,225898995.0,0.638,0.46,2026-09-10
PAYTM,86,22488,15306925,604650,30067011028.75,89,15892,10163775,-1223800,19452499831.25,0.664,0.707,2026-09-10
PERSISTENT,48,37291,1885875,-40250,26979863912.5,49,15059,1276375,30875,10286927143.75,0.677,0.404,2026-09-10
PETRONET,46,2984,9129500,74100,1693822355.0,46,1458,4845000,49400,800503060.0,0.531,0.489,2026-09-10
PFC,79,18191,35271600,-67600,8832285345.0,78,10468,24477700,1784900,4818020090.0,0.694,0.575,2026-09-10
PGEL,58,2637,6168350,188100,1461120282.5,54,1417,3207200,38950,737557960.0,0.52,0.537,2026-09-10
PHOENIXLTD,72,3408,1417500,-202650,2425659145.0,72,388,553700,-4900,249607715.0,0.391,0.114,2026-09-10
PIDILITIND,69,1835,1299500,39500,1511850950.0,69,1718,962000,21500,1344008000.0,0.74,0.936,2026-09-10
PIIND,54,3317,1511650,72275,1456198756.25,52,1480,1049475,-350,607425148.75,0.694,0.446,2026-09-10
PNB,80,16713,73008000,8328000,16314163680.0,80,8934,50080000,3664000,8363133920.0,0.686,0.535,2026-09-10
PNBHOUSING,47,7989,2553200,328900,6370007605.0,47,2377,1350700,133250,1788333592.5,0.529,0.298,2026-09-10
POLICYBZR,67,1905,1525650,-9100,1257691802.5,70,1039,1686300,68600,655825835.0,1.105,0.545,2026-09-10
POLYCAB,96,14616,3429250,40000,16149341081.25,96,6480,1994250,-44000,6801136631.25,0.582,0.443,2026-09-10
POWERGRID,85,25596,36442000,-1293900,13490789260.0,83,10267,22119800,786600,5247088640.0,0.607,0.401,2026-09-10
POWERINDIA,66,13148,605500,20000,11408399251.25,64,3473,237875,1250,2666483655.0,0.393,0.264,2026-09-10
PREMIERENE,48,2652,5452200,79950,1803418630.0,48,1029,3227250,68900,646481940.0,0.592,0.388,2026-09-10
PRESTIGE,71,2991,2274750,85500,2210789610.0,71,2999,1608300,63000,2139948315.0,0.707,1.003,2026-09-10
RADICO,60,2804,546600,17400,1949599477.5,60,1476,275850,8250,920629410.0,0.505,0.526,2026-09-10
RBLBANK,75,4478,25631775,1120775,6114687097.5,76,3016,18786475,-733425,3910162042.5,0.733,0.674,2026-09-10
RECLTD,62,7783,25993800,85050,4037844195.0,63,4324,17685675,42525,2184963086.25,0.68,0.556,2026-09-10
RELIANCE,95,181067,91141000,9598000,120981520300.0,95,84685,50754000,1645500,53970984850.0,0.557,0.468,2026-09-10
RVNL,47,12051,34923350,1784475,5156226209.75,47,1826,17479000,-225225,744003183.0,0.5,0.152,2026-09-10
SAGILITY,41,2008,47952000,1224000,1157788080.0,42,804,33468000,288000,425132280.0,0.698,0.4,2026-09-10
SAIL,67,18,16102200,-47000,16499632.0,68,26,17751900,-79900,22649300.0,1.102,1.444,2026-09-10
SBICARD,58,5554,9432000,-47200,3111913480.0,58,2734,6771200,-124800,1421820400.0,0.718,0.492,2026-09-10
SBILIFE,76,7479,4667250,8625,4964827481.25,73,2953,1863000,88125,1847631787.5,0.399,0.395,2026-09-10
SBIN,89,62466,68746500,324750,49420261237.5,87,35094,39279000,716250,26287935975.0,0.571,0.562,2026-09-10
SHREECEM,88,5757,94400,6375,3707340828.75,85,505,46150,3375,284497651.25,0.489,0.088,2026-09-10
SHRIRAMFIN,52,10162,14908575,-135300,9135177892.5,52,4568,8848950,-37950,3880119210.0,0.594,0.45,2026-09-10
SIEMENS,61,3759,1701525,69825,2729862738.75,60,1369,1018325,-2975,924754188.75,0.598,0.364,2026-09-10
SOLARINDS,78,11523,767550,9350,13531047245.0,81,10663,671250,15150,11184746035.0,0.875,0.925,2026-09-10
SONACOMS,55,6733,8451275,273175,6985044937.5,52,1565,4587625,41650,1522920796.25,0.543,0.232,2026-09-10
SRF,45,7755,1239400,33600,4085599090.0,44,1814,972600,19800,899961530.0,0.785,0.234,2026-09-10
SUNPHARMA,76,18649,9975000,438200,12571110685.0,76,9004,4152750,129850,5871030585.0,0.416,0.483,2026-09-10
SUPREMEIND,56,1321,698775,8050,860031873.75,56,466,345800,8225,282732721.25,0.495,0.353,2026-09-10
SUZLON,52,11979,217309700,27622500,7347552996.0,50,3061,78371700,-2222500,1769986427.0,0.361,0.256,2026-09-10
SWIGGY,52,16700,36671550,208050,9075074113.75,51,6279,29836925,-136875,3201149827.5,0.814,0.376,2026-09-10
TATACONSUM,90,5046,5729900,127050,2905784557.5,86,2361,4423650,244200,1308114995.0,0.772,0.468,2026-09-10
TATAELXSI,69,12015,1560000,69125,5468132268.75,69,3087,764500,16375,1310662731.25,0.49,0.257,2026-09-10
TATAPOWER,71,9917,34562200,716300,5498052362.5,71,4989,29504600,-113100,2652981770.0,0.854,0.503,2026-09-10
TATASTEEL,61,36982,117994250,9528750,19884513110.0,61,22253,75347250,-5953750,11433696532.5,0.639,0.602,2026-09-10
TCS,103,57295,13493250,668250,29996511423.75,106,33482,9473175,308475,16518414701.25,0.702,0.584,2026-09-10
TECHM,67,27768,7607400,248400,26788664130.0,68,14130,4981800,50400,12809722320.0,0.655,0.509,2026-09-10
TIINDIA,58,2800,1002000,33800,1604326610.0,59,1909,490200,-7400,981349140.0,0.489,0.682,2026-09-10
TITAN,67,10858,3237850,-14175,9763994056.25,67,5344,2119950,-11550,4629980565.0,0.655,0.492,2026-09-10
TMPV,70,32083,58563200,4076800,16537739200.0,70,16853,36425600,904000,8089662160.0,0.622,0.525,2026-09-10
TORNTPHARM,73,8821,623625,35000,5635879718.75,71,1486,364500,-9750,917664262.5,0.584,0.168,2026-09-10
TRENT,47,11762,4661550,340200,7948170472.5,47,5191,2031975,134775,3250706467.5,0.436,0.441,2026-09-10
TVSMOTOR,70,10708,3256750,90300,8176815220.0,71,6651,1906975,-27125,4716691140.0,0.586,0.621,2026-09-10
ULTRACEMCO,111,9527,816100,-7350,5436253667.5,115,3388,418950,10000,1858998312.5,0.513,0.356,2026-09-10
UNIONBANK,57,15126,50790150,1743450,12903793830.0,56,8566,33665400,517725,6912107092.5,0.663,0.566,2026-09-10
UNITDSPR,59,4874,2460000,-69200,2941676600.0,60,1765,1574000,8800,990264480.0,0.64,0.362,2026-09-10
UNOMINDA,47,1803,1817200,-39600,1286198815.0,48,2669,1230350,115500,1789223507.5,0.677,1.48,2026-09-10
UPL,53,1564,8142195,139565,1273438552.75,53,904,6592075,-6775,705650870.25,0.81,0.578,2026-09-10
VBL,47,25874,34982175,295800,14424064736.25,47,7917,18866175,167025,4165851806.25,0.539,0.306,2026-09-10
VEDL,53,11828,37937350,1135050,3952223400.0,53,3877,21284200,-408250,1209155310.0,0.561,0.328,2026-09-10
VMM,46,2156,31403750,1202800,1166973583.5,45,769,18730700,164900,382819618.0,0.596,0.357,2026-09-10
VOLTAS,58,11950,6299250,-97875,5427397631.25,58,4724,4338750,42750,2015956687.5,0.689,0.395,2026-09-10
WAAREEENER,48,11844,2717225,138250,5643995280.0,49,2458,1174775,5075,1093387802.5,0.432,0.208,2026-09-10
WIPRO,69,22010,94560000,6564000,11722977270.0,69,14256,62289000,3822000,7116262110.0,0.659,0.648,2026-09-10
YESBANK,28,4750,322196000,13341900,3497365117.0,27,1498,226097000,6126700,1035202997.0,0.702,0.315,2026-09-10
ZYDUSLIFE,92,3731,5699700,190800,4010740740.0,91,1311,2777400,59400,1325096010.0,0.487,0.351,2026-09-10
360ONE,53,3549,2645000,23500,2087637925.0,53,1556,1714000,-21000,862163150.0,0.648,0.438,2026-09-11
ABB,58,8296,875000,31500,7958393168.75,58,7328,785625,16125,6655767268.75,0.898,0.883,2026-09-11
ABCAPITAL,67,6122,13165700,1029200,7860382785.0,64,3292,12753400,241800,4002102945.0,0.969,0.538,2026-09-11
ADANIENSOL,86,8250,9748350,62100,8314500588.75,84,2647,4545450,-95850,2468904941.25,0.466,0.321,2026-09-11
ADANIENT,56,41967,7890315,-105678,41423310118.2,56,34009,5338593,-374817,31448910659.1,0.677,0.81,2026-09-11
ADANIGREEN,74,9706,5425200,51000,7922387520.0,73,4416,3953400,-42600,3380167770.0,0.729,0.455,2026-09-11
ADANIPORTS,88,19561,8936650,71250,16863831923.75,87,15334,7704975,-27075,12588107715.0,0.862,0.784,2026-09-11
ADANIPOWER,44,15139,62668150,-415350,12056612985.5,44,8095,41055750,-738400,5953787005.0,0.655,0.535,2026-09-11
ALKEM,88,1990,430500,11125,1346524300.0,86,816,290250,3625,525522100.0,0.674,0.41,2026-09-11
AMBER,68,6259,884600,13800,4797087465.0,68,5829,575300,-35900,4069933775.0,0.65,0.931,2026-09-11
AMBUJACEM,72,8295,15837600,502800,4070040780.0,70,3061,9622800,186000,1448689620.0,0.608,0.369,2026-09-11
ANGELONE,59,18706,27022500,142500,14825392125.0,59,7617,16725000,1092500,5651877375.0,0.619,0.407,2026-09-11
APLAPOLLO,79,5448,2668400,135100,4318069787.5,79,2660,1415400,9100,1966743782.5,0.53,0.488,2026-09-11
APOLLOHOSP,65,15310,1292375,-10875,17536097287.5,65,8403,989250,-30750,9228288887.5,0.765,0.549,2026-09-11
ASHOKLEY,60,22998,93575000,-670000,20222777650.0,59,11380,58345000,840000,9276859550.0,0.624,0.495,2026-09-11
ASIANPAINT,112,16773,5035250,212000,10907946012.5,107,13804,3015500,-18500,8511108937.5,0.599,0.823,2026-09-11
ASTRAL,67,11376,3858575,969000,7370938051.25,68,6379,1603525,124525,3875064107.5,0.416,0.561,2026-09-11
ATHERENERG,80,37872,5468625,-106500,24976947075.0,82,12161,2584125,-172500,7434555000.0,0.473,0.321,2026-09-11
AUBANK,49,9396,8770000,233000,10364421650.0,48,4787,6290000,26000,5014480100.0,0.717,0.509,2026-09-11
AUROPHARMA,63,5846,6042850,34100,5601099102.5,63,3024,2543750,-44000,2761445912.5,0.421,0.517,2026-09-11
AXISBANK,57,41106,19086875,-58750,33015931312.5,57,32806,11918750,242500,25339903406.25,0.624,0.798,2026-09-11
BAJAJ-AUTO,85,21701,1569000,4575,20172272493.75,87,16266,1227225,37125,14100505972.5,0.782,0.75,2026-09-11
BAJAJFINSV,78,19087,6483600,386400,11511610485.0,77,9803,3169200,234000,5549835900.0,0.489,0.514,2026-09-11
BAJAJHLDNG,66,1454,73200,3075,1249057455.0,66,83,35700,-825,71188203.75,0.488,0.057,2026-09-11
BAJFINANCE,84,26165,18930000,313500,21300118350.0,81,18284,13964250,726750,14086336687.5,0.738,0.699,2026-09-11
BANDHANBNK,43,1551,31917600,-3517200,1014436260.0,39,869,21693600,-1749600,536362596.0,0.68,0.56,2026-09-11
BANKBARODA,47,12712,50187150,-1099800,9241053178.5,46,6161,42725475,207675,4265105159.25,0.851,0.485,2026-09-11
BANKINDIA,44,2819,32520800,821600,2167772828.0,44,2608,31714800,270400,1889931108.0,0.975,0.925,2026-09-11
BANKNIFTY,445,1635560,17672250,359220,2846966771544.0,447,1332050,16563270,1745370,2226651544008.0,0.937,0.814,2026-09-11
BDL,65,18061,11528550,536775,9869534726.25,65,8699,5416200,-116025,4488577490.0,0.47,0.482,2026-09-11
BEL,64,21599,49809450,457425,12963286061.25,64,9400,32055375,-38475,5394174765.0,0.644,0.435,2026-09-11
BHARATFORG,95,6890,3794000,221500,7023686250.0,90,2858,2755000,21500,2781845900.0,0.726,0.415,2026-09-11
BHARTIARTL,78,54789,24367025,1854875,49507989183.75,77,25073,13340850,-60325,21843372823.75,0.547,0.458,2026-09-11
BHEL,73,20051,34327125,-1354500,23593270312.5,72,11958,22955625,404250,13306552612.5,0.669,0.596,2026-09-11
BIOCON,71,29845,35545000,-4262500,30629579250.0,69,12740,16745000,65000,12611423375.0,0.471,0.427,2026-09-11
BLUESTARCO,69,27760,1726075,-74425,14434553152.5,67,9117,1500200,90025,4427628123.75,0.869,0.328,2026-09-11
BOSCHLTD,74,8241,134025,-800,10799499422.5,76,6777,155475,-9200,7729359700.0,1.16,0.822,2026-09-11
BPCL,56,11132,12539275,-839375,6947778042.5,55,8184,10447750,181700,4896247780.0,0.833,0.735,2026-09-11
BRITANNIA,88,9245,1525250,48875,6075999337.5,89,4933,916500,-6125,3071603268.75,0.601,0.534,2026-09-11
BSE,39,143048,9668600,-360600,101338148380.0,39,80981,7531000,204400,51942048990.0,0.779,0.566,2026-09-11
CAMS,75,6380,6108300,257400,3989522542.5,72,2893,4101900,153450,1681275048.75,0.672,0.453,2026-09-11
CANBK,44,8323,94830750,2646000,7318511392.5,45,2802,65846250,702000,2328667245.0,0.694,0.337,2026-09-11
CDSL,55,19755,9547975,300200,13461121757.5,55,9942,5448250,112575,6320754225.0,0.571,0.503,2026-09-11
CGPOWER,46,10821,7568400,-154700,8773290895.0,44,4173,6115750,-54400,3156599355.0,0.808,0.386,2026-09-11
CHOLAFIN,67,7659,2607500,625,9152487281.25,64,5313,2494375,-111875,6054159468.75,0.957,0.694,2026-09-11
CIPLA,103,11944,6203300,425,7158243061.25,100,8127,3480325,156825,4675924013.75,0.561,0.68,2026-09-11
COALINDIA,77,32999,42280650,-747900,19799240197.5,77,23479,32256900,-3697650,13445057970.0,0.763,0.712,2026-09-11
COCHINSHIP,70,57712,7236000,3481200,35144501060.0,69,44394,3248000,1366400,25253942960.0,0.449,0.769,2026-09-11
COFORGE,96,26243,9810175,-566200,24312920980.0,96,14267,7824675,-45125,12370285183.75,0.798,0.544,2026-09-11
COLPAL,86,4338,3138025,88825,2249069295.0,88,1550,2468950,31625,761957996.25,0.787,0.357,2026-09-11
CONCOR,81,4157,8128750,240000,2740805937.5,81,970,4875000,60000,616170562.5,0.6,0.233,2026-09-11
CROMPTON,52,3608,22656700,279500,1919925468.5,51,1122,13981450,-4300,538873656.5,0.617,0.311,2026-09-11
CUMMINSIND,46,7083,1213800,77800,7547484210.0,46,3892,1097200,34000,3903741450.0,0.904,0.549,2026-09-11
DABUR,77,5373,19198750,-95000,2657786062.5,77,1860,11368750,-100000,879879375.0,0.592,0.346,2026-09-11
DELHIVERY,74,3776,11827500,373500,3643080612.5,73,2376,7648450,294650,2201153775.0,0.647,0.629,2026-09-11
DIVISLAB,73,26475,2366200,20600,25825385225.0,73,17041,1755200,-73500,15430791955.0,0.742,0.644,2026-09-11
DIXON,52,96937,2909950,96850,69359308885.0,52,59232,1236550,59950,38378201130.0,0.425,0.611,2026-09-11
DLF,53,28513,14161650,1582700,18393832075.0,54,19194,6993900,938600,11690519832.5,0.494,0.673,2026-09-11
DMART,68,14033,2523900,10950,8166798247.5,69,6830,1411050,85800,3723627742.5,0.559,0.487,2026-09-11
DRREDDY,96,64681,9872500,367500,48594369968.75,95,20337,6048125,548125,14720015937.5,0.613,0.314,2026-09-11
EICHERMOT,73,19292,1837600,116700,15387249335.0,73,14395,1622000,-45400,10798697690.0,0.883,0.746,2026-09-11
ETERNAL,49,31462,62128500,-458325,25661947883.75,50,20653,32562900,373450,15902931386.25,0.524,0.656,2026-09-11
FEDERALBNK,55,7101,27637500,495000,6330323750.0,54,4636,16982500,587500,4003498625.0,0.614,0.653,2026-09-11
FINNIFTY,254,14960,570540,1620,23632192338.0,254,13144,342420,14040,20038319103.0,0.6,0.879,2026-09-11
FORCEMOT,37,13880,184000,15325,6714323273.75,38,10034,78625,-25225,4316484652.5,0.427,0.723,2026-09-11
FORTIS,73,4708,1788700,-27125,3388977311.25,73,4414,1672450,33325,3059471181.25,0.935,0.938,2026-09-11
GAIL,57,3963,27654500,-401150,2536443831.0,58,2015,18974750,-298200,1236285725.0,0.686,0.508,2026-09-11
GLENMARK,89,3819,2180625,88125,3602064206.25,90,1347,1098375,-29625,1202910487.5,0.504,0.353,2026-09-11
GMRAIRPORT,93,2652,58855050,1687950,1880065842.75,87,915,48825000,-111600,618141030.75,0.83,0.345,2026-09-11
GODFRYPHLP,46,2194,979000,102300,1274784500.0,43,918,430925,29425,489400367.5,0.44,0.418,2026-09-11
GODREJCP,92,4800,8219500,-94500,2196796125.0,91,1853,5317000,-46500,812975800.0,0.647,0.386,2026-09-11
GODREJPROP,105,42453,5396300,1989650,26223759965.0,105,42799,2952300,810550,24840831908.75,0.547,1.008,2026-09-11
GRASIM,115,7553,2215000,220250,6378362687.5,115,19046,2113250,1008250,14636848437.5,0.954,2.522,2026-09-11
GVT&D,53,16317,1797125,-30000,9883643743.75,55,11597,1302375,-8750,6394724062.5,0.725,0.711,2026-09-11
HAL,70,32616,4136550,147450,25146912630.0,70,17730,2386350,123600,13072579455.0,0.577,0.544,2026-09-11
HAVELLS,58,7226,5003500,14000,4224968350.0,58,2451,2951000,-3500,1377516825.0,0.59,0.339,2026-09-11
HCLTECH,112,35382,11498000,590400,18149096060.0,113,17059,6442800,-19200,8274236220.0,0.56,0.482,2026-09-11
HDFCAMC,50,6610,2080800,36600,5036321820.0,49,2355,1596900,59700,1657100070.0,0.767,0.356,2026-09-11
HDFCBANK,72,649394,192584600,7639450,309589112950.0,69,283628,102659700,7894900,126982068427.5,0.533,0.437,2026-09-11
HDFCLIFE,101,20027,26950000,-419100,12055258490.0,101,10939,16517600,-78100,6283314180.0,0.613,0.546,2026-09-11
HEROMOTOCO,53,11128,3261900,42300,9237816217.5,53,7759,1611300,30000,6041103202.5,0.494,0.697,2026-09-11
HINDALCO,45,40615,14207900,1213100,29688753465.0,44,26164,9653000,524300,18029328730.0,0.679,0.644,2026-09-11
HINDPETRO,53,11371,13217175,-157950,8395596945.0,51,8763,11350125,433350,6211669983.75,0.859,0.771,2026-09-11
HINDUNILVR,87,21940,11919000,-300000,13245574695.0,85,8035,6801600,-27000,4663624395.0,0.571,0.366,2026-09-11
HINDZINC,52,40793,28783825,2408350,30945070266.25,56,28210,16901325,-13475,19963305232.5,0.587,0.692,2026-09-11
HYUNDAI,85,3288,1356575,-28325,2067027586.25,83,1230,1499300,-35475,722307822.5,1.105,0.374,2026-09-11
ICICIBANK,104,71257,34294400,-708400,71419786760.0,103,41759,21861700,396900,40460329770.0,0.637,0.586,2026-09-11
ICICIGI,78,5047,2680275,148200,2528904673.75,79,2143,1607775,-5200,1026801603.75,0.6,0.425,2026-09-11
ICICIPRULI,95,5316,6245600,-293225,2415168155.0,95,1752,4501050,41625,758192992.5,0.721,0.33,2026-09-11
IDEA,30,33054,2353671750,108856425,39397380234.0,30,9408,1061403750,85341150,9933262426.5,0.451,0.285,2026-09-11
IDFCFIRSTB,65,6915,136472350,-296800,5773409528.25,67,5139,96840275,194775,4099703315.75,0.71,0.743,2026-09-11
IEX,43,5744,36561750,3340800,3024613420.5,46,3332,21154050,2718750,1651291407.0,0.579,0.58,2026-09-11
INDHOTEL,55,3312,5782000,101000,2462125000.0,56,1697,3566000,5000,1201980400.0,0.617,0.512,2026-09-11
INDIANB,68,11555,8414000,-362000,10352421500.0,68,6074,5863000,722000,5111773350.0,0.697,0.526,2026-09-11
INDIGO,45,44382,3848100,238500,34306074615.0,44,43271,2624100,278550,31525308142.5,0.682,0.975,2026-09-11
INDUSINDBK,72,10896,5912900,1089900,7760532115.0,72,6647,5121200,434000,4611006855.0,0.866,0.61,2026-09-11
INDUSTOWER,85,64036,20168800,176800,43285873110.0,86,22431,13652700,2949500,14516257500.0,0.677,0.35,2026-09-11
INFY,58,124655,44337200,221600,55733423600.0,57,49669,23343600,93200,20475016420.0,0.527,0.398,2026-09-11
INOXWIND,38,87,38368000,-268800,45700032.0,37,48,23846400,-204800,22694528.0,0.622,0.552,2026-09-11
IOC,45,5802,41140125,585000,3993948367.5,46,5560,34354125,775125,3608177673.75,0.835,0.958,2026-09-11
IREDA,48,3165,49802150,1339400,1685906535.75,49,1073,31702150,-203625,546395107.5,0.637,0.339,2026-09-11
IRFC,81,5242,65582825,2359875,2479769344.5,82,1696,44409050,1155525,838331977.0,0.677,0.324,2026-09-11
ITC,100,40464,113532600,-96600,18856001996.25,100,19392,62902125,990150,8742937215.0,0.554,0.479,2026-09-11
JINDALSTEL,49,11148,3918125,-785625,8357333281.25,50,6615,3973750,-90000,4630146218.75,1.014,0.593,2026-09-11
JIOFIN,90,48816,118186200,599250,27911961487.0,86,26220,71472900,3809350,14229081293.5,0.605,0.537,2026-09-11
JSWENERGY,46,3862,6940200,384850,2311155453.75,47,760,3675425,22575,429613698.75,0.53,0.197,2026-09-11
JSWSTEEL,53,11948,8100675,589275,10808972268.75,53,7847,5811750,226800,6813470115.0,0.717,0.657,2026-09-11
JUBLFOOD,79,2875,7867500,75000,1799131750.0,79,1413,4137500,38750,841190562.5,0.526,0.491,2026-09-11
KALYANKJIL,76,25158,27369900,283500,21662336317.5,75,16069,18998550,-643950,12851727300.0,0.694,0.639,2026-09-11
KAYNES,71,581,2298900,-42900,352516215.0,71,95,1585050,-7200,49532677.5,0.689,0.164,2026-09-11
KEI,68,32840,4293975,171150,28381793518.75,67,24551,2420600,220500,19342173550.0,0.564,0.748,2026-09-11
KFINTECH,45,3685,3715650,-3450,2043468723.75,43,1230,1823325,39100,641289450.0,0.491,0.334,2026-09-11
KOTAKBANK,65,34267,66334000,-946000,29407109200.0,67,25738,40822000,-544000,21368407600.0,0.615,0.751,2026-09-11
KPITTECH,68,7460,7996450,55800,3408235557.5,69,2762,3638625,-114700,1237142187.5,0.455,0.37,2026-09-11
LAURUSLABS,63,31880,12408300,-115600,55011489362.5,63,12241,8336800,843200,19956336975.0,0.672,0.384,2026-09-11
LICHSGFIN,50,33064,8166000,1065000,19389630100.0,52,15716,7906000,-162000,8582404650.0,0.968,0.475,2026-09-11
LICI,64,10747,20556200,1010800,6335388850.0,65,5048,14730800,-364000,2866477950.0,0.717,0.47,2026-09-11
LODHA,63,33945,6067500,1161250,25391288812.5,62,41402,6652500,1628750,28719515125.0,1.096,1.22,2026-09-11
LT,62,34586,7245700,50575,24623451763.75,62,20382,3718925,53025,13964641495.0,0.513,0.589,2026-09-11
LTF,48,8445,18132750,596250,6174754987.5,47,4156,17714250,-326250,2857497187.5,0.977,0.492,2026-09-11
LTM,79,10742,1462350,145050,7301210767.5,79,5496,863100,113100,3559110210.0,0.59,0.512,2026-09-11
LUPIN,98,7822,4253400,-151725,7265429060.0,93,2174,2895525,-30600,1923622080.0,0.681,0.278,2026-09-11
M&M,60,35505,7857000,135400,23282495390.0,59,19884,3942400,4400,12267234080.0,0.502,0.56,2026-09-11
MAHABANK,69,2878,30608500,357500,1666543645.0,69,1341,15379000,825500,729379170.0,0.502,0.466,2026-09-11
MANAPPURAM,67,187,22200000,-225000,201095100.0,67,34,12636000,-42000,34357350.0,0.569,0.182,2026-09-11
MANKIND,103,5423,1217250,140500,3225961837.5,101,2027,955750,162500,1127046350.0,0.785,0.374,2026-09-11
MARICO,67,3817,6212400,10800,3829869960.0,63,1759,3853200,76800,1726122780.0,0.62,0.461,2026-09-11
MARUTI,119,82913,3872200,146050,54450730570.0,119,42210,1612100,23950,26226177010.0,0.416,0.509,2026-09-11
MAXHEALTH,91,9226,3563700,224175,5165543985.0,83,5673,2461725,-141750,3058966443.75,0.691,0.615,2026-09-11
MAZDOCK,49,12245,3957300,325350,6987704703.75,50,7715,2128500,13050,4071252307.5,0.538,0.63,2026-09-11
MCX,60,40093,6586200,329850,31448968976.25,61,31562,4972725,548550,23231774767.5,0.755,0.787,2026-09-11
MFSL,71,2121,1466800,68800,1321197380.0,71,729,768000,-11200,426278440.0,0.524,0.344,2026-09-11
MIDCPNIFTY,387,128457,6181920,-139200,228993328584.0,387,136544,6184080,726840,234738361146.0,1.0,1.063,2026-09-11
MOTHERSON,53,5090,35473200,-621150,5393996797.5,53,2530,34267800,-559650,2517849237.0,0.966,0.497,2026-09-11
MOTILALOFS,48,4786,3389075,-24025,3998980741.25,48,2709,1517450,-73625,2060765958.75,0.448,0.566,2026-09-11
MPHASIS,46,3686,1203675,143000,2482209042.5,45,1975,747175,34650,1272443108.75,0.621,0.536,2026-09-11
MUTHOOTFIN,63,30077,6931375,539275,24515523353.75,64,19860,3218050,171600,15199076131.25,0.464,0.66,2026-09-11
NAM-INDIA,49,1344,1834375,88125,1056082218.75,49,528,1223125,-15000,381921812.5,0.667,0.393,2026-09-11
NATIONALUM,44,30016,29651250,-210000,22254847218.75,43,16801,19404375,2236875,11357900718.75,0.654,0.56,2026-09-11
NAUKRI,52,4225,3501300,519750,3151358265.0,51,1676,1510300,14850,1159465560.0,0.431,0.397,2026-09-11
NBCC,41,4222,40917500,656500,2455238695.0,40,742,15476500,91000,410483970.0,0.378,0.176,2026-09-11
NESTLEIND,116,9452,3205000,126500,6928145950.0,115,3795,1838500,62000,2653224575.0,0.574,0.402,2026-09-11
NHPC,63,4510,38113800,576850,2507348581.0,63,2326,36522250,1508150,1233278681.5,0.958,0.516,2026-09-11
NIFTY,808,71822856,328505295,-718155,111017079963445.5,828,55848687,330545225,76851440,83824465239658.0,1.006,0.778,2026-09-11
NIFTYFPI,200,92,40700,0,166423400.0,200,100,35200,12100,160869280.0,0.865,1.087,2026-09-11
NIFTYNXT50,527,287,5275,850,527198501.25,527,82,2100,125,150703396.25,0.398,0.286,2026-09-11
NMDC,71,6510,82896750,2848500,3885099322.5,71,1917,43402500,648000,1076584770.0,0.524,0.294,2026-09-11
NTPC,55,13421,38560500,73500,6949328850.0,56,6504,17110500,-255000,3207453825.0,0.444,0.485,2026-09-11
NYKAA,48,2634,8937500,206250,2915358281.25,47,1490,5581250,28125,1575925781.25,0.624,0.566,2026-09-11
OBEROIRLTY,73,6332,3312050,203700,4182856702.5,71,6870,1234450,-326900,4210357007.5,0.373,1.085,2026-09-11
OFSS,91,15159,1048000,1400,18735553200.0,93,8790,663700,-22600,10307916160.0,0.633,0.58,2026-09-11
OIL,70,22034,9478000,1810200,16134928110.0,72,6833,4485600,865200,4791144470.0,0.473,0.31,2026-09-11
ONGC,78,114093,75804750,13011750,63122191492.5,78,42261,21519000,778500,22622408707.5,0.284,0.37,2026-09-11
PAGEIND,67,4251,106760,6900,3187964528.0,65,1016,43340,820,706340381.0,0.406,0.239,2026-09-11
PATANJALI,63,3563,6345725,-19350,1355552263.75,64,1676,3840975,-220375,620779605.0,0.605,0.47,2026-09-11
PAYTM,96,119403,16122550,815625,162655896797.5,99,56241,12519300,2355525,70910525116.25,0.777,0.471,2026-09-11
PERSISTENT,48,21144,1856250,-29625,15279850087.5,49,8602,1256250,-20125,5896887900.0,0.677,0.407,2026-09-11
PETRONET,46,1936,9418300,288800,1103055165.0,46,1163,4831700,-13300,634162430.0,0.513,0.601,2026-09-11
PFC,79,8511,35603100,331500,4081273495.0,78,5223,23368800,-1108900,2413209110.0,0.656,0.614,2026-09-11
PGEL,58,4309,6571150,402800,2377315577.5,54,1933,3455150,247950,997069127.5,0.526,0.449,2026-09-11
PHOENIXLTD,72,4524,1326850,-90650,3182629345.0,72,2328,611800,58100,1490081600.0,0.461,0.515,2026-09-11
PIDILITIND,69,1538,1356500,57000,1266847100.0,69,1320,943500,-18500,1021084075.0,0.696,0.858,2026-09-11
PIIND,59,60448,2292325,780675,25236093426.25,57,64960,1599850,550375,25267963113.75,0.698,1.075,2026-09-11
PNB,80,12525,71528000,-1480000,12146055280.0,80,7260,55648000,5568000,6733625920.0,0.778,0.58,2026-09-11
PNBHOUSING,47,11467,2682550,129350,9185132905.0,47,3677,1280500,-70200,2799817800.0,0.477,0.321,2026-09-11
POLICYBZR,67,4215,1528450,2800,2790121145.0,70,1881,1696450,10150,1174646322.5,1.11,0.446,2026-09-11
POLYCAB,96,25672,3403125,-26125,28001958787.5,96,15113,2025500,31250,15383699625.0,0.595,0.589,2026-09-11
POWERGRID,87,25156,37390100,948100,13309486320.0,86,8703,21207800,-912000,4466967165.0,0.567,0.346,2026-09-11
POWERINDIA,66,19441,623250,17750,16721841853.75,64,5839,236400,-1475,4424482581.25,0.379,0.3,2026-09-11
PREMIERENE,49,7862,4844450,-607750,5302502075.0,49,1908,3366350,139100,1198876705.0,0.695,0.243,2026-09-11
PRESTIGE,71,8827,2250450,-24300,6496250400.0,71,8983,2212200,603900,6109347712.5,0.983,1.018,2026-09-11
RADICO,60,1741,535800,-10800,1212451020.0,60,1971,292350,16500,1276244752.5,0.546,1.132,2026-09-11
RBLBANK,75,4081,25457150,-174625,5551277315.0,76,4670,18503900,-282575,6023147878.75,0.727,1.144,2026-09-11
RECLTD,62,9299,24637725,-1356075,4946657625.0,63,2567,17430525,-255150,1289776320.0,0.707,0.276,2026-09-11
RELIANCE,97,215991,98509000,7368000,142801877450.0,97,87631,53115000,2361000,55275313550.0,0.539,0.406,2026-09-11
RVNL,47,9833,38053400,3130050,4203770012.75,47,2263,17563700,84700,897601551.0,0.462,0.23,2026-09-11
SAGILITY,41,4317,48348000,396000,2462531400.0,42,1933,33432000,-36000,1008059160.0,0.691,0.448,2026-09-11
SAIL,68,85,16050500,-51700,79468728.0,69,174,17596800,-155100,151565929.0,1.096,2.047,2026-09-11
SBICARD,58,9076,9063200,-368800,5032037360.0,58,4301,6408800,-362400,2234644280.0,0.707,0.474,2026-09-11
SBILIFE,76,6501,4390875,-276375,4352445131.25,73,2276,1938375,75375,1432576687.5,0.441,0.35,2026-09-11
SBIN,89,90881,71829000,3082500,71505488887.5,87,53064,39867000,588000,39537994912.5,0.555,0.584,2026-09-11
SHREECEM,90,5003,96825,2425,3189311667.5,87,1049,47800,1650,586989962.5,0.494,0.21,2026-09-11
SHRIRAMFIN,52,12447,14799675,-108900,11167026213.75,52,11030,9187200,338250,9332209796.25,0.621,0.886,2026-09-11
SIEMENS,61,6635,1713075,11550,4793583961.25,60,2778,1037400,19075,1871947586.25,0.606,0.419,2026-09-11
SOLARINDS,78,28009,806050,38500,33031172075.0,81,17459,689700,18450,18253410677.5,0.856,0.623,2026-09-11
SONACOMS,55,5480,7832650,-618625,5723430177.5,52,1158,4563125,-24500,1130367770.0,0.583,0.211,2026-09-11
SRF,45,6848,1272800,33400,3628641880.0,44,2780,953200,-19400,1385603790.0,0.749,0.406,2026-09-11
SUNPHARMA,76,28044,10149300,174300,18830722225.0,76,10672,4153100,350,6901375635.0,0.409,0.381,2026-09-11
SUPREMEIND,56,5052,746025,47250,3231132616.25,56,3077,384300,38500,1818166595.0,0.515,0.609,2026-09-11
SUZLON,55,11896,228384100,11074400,7245012815.0,53,3437,80010000,1638300,1982640307.0,0.35,0.289,2026-09-11
SWIGGY,52,17725,38149800,1478250,9529091226.25,51,6791,29911750,74825,3430712562.5,0.784,0.383,2026-09-11
TATACONSUM,90,5984,5787650,57750,3438920952.5,86,2356,4494050,70400,1294394282.5,0.776,0.394,2026-09-11
TATAELXSI,69,6699,1636750,76750,3066474712.5,69,2976,789750,25250,1207427893.75,0.483,0.444,2026-09-11
TATAPOWER,71,10186,35119000,556800,5616198000.0,71,4844,29171100,-333500,2562792567.5,0.831,0.476,2026-09-11
TATASTEEL,61,46908,128603750,10609500,24994771560.0,61,20009,76538000,1190750,10026280027.5,0.595,0.427,2026-09-11
TCS,103,64176,13427775,-65475,33529375935.0,106,37401,9448650,-24525,18464762936.25,0.704,0.583,2026-09-11
TECHM,67,24248,7702800,95400,23420231820.0,68,13454,5069400,87600,12369989190.0,0.658,0.555,2026-09-11
TIINDIA,58,3024,1046600,44600,1697545070.0,59,1564,478600,-11600,812731540.0,0.457,0.517,2026-09-11
TITAN,67,13929,3168725,-69125,12527992767.5,67,12032,2131325,11375,10386663087.5,0.673,0.864,2026-09-11
TMPV,70,39076,58107200,-456000,20130156480.0,70,19207,36667200,241600,9226734000.0,0.631,0.492,2026-09-11
TORNTPHARM,73,6377,612125,-11500,4088162381.25,71,2102,329125,-35375,1287271918.75,0.538,0.33,2026-09-11
TRENT,47,15029,4816575,155025,10006776382.5,47,9107,2107125,75150,5707761266.25,0.437,0.606,2026-09-11
TVSMOTOR,70,15939,3271100,14350,12126942563.75,71,9165,1843975,-63000,6642999536.25,0.564,0.575,2026-09-11
ULTRACEMCO,111,13945,831100,15000,7964204602.5,115,5274,421100,2150,2882207247.5,0.507,0.378,2026-09-11
UNIONBANK,61,9778,52161900,1371750,8180779328.25,60,7004,38302800,4637400,5573524414.5,0.734,0.716,2026-09-11
UNITDSPR,59,4417,2578000,118000,2627851040.0,60,1365,1608000,34000,763711520.0,0.624,0.309,2026-09-11
UNOMINDA,47,2304,1879350,62150,1623062677.5,48,2276,1156650,-73700,1511130555.0,0.615,0.988,2026-09-11
UPL,53,3000,8211300,69105,2442851316.5,53,1630,6764160,172085,1244783283.75,0.824,0.543,2026-09-11
VBL,47,23087,33320850,-1661325,12835940801.25,47,9693,18708075,-158100,5055092906.25,0.561,0.42,2026-09-11
VEDL,53,46242,38308800,371450,15073657085.0,53,29608,24504200,3220000,9189423392.5,0.64,0.64,2026-09-11
VMM,46,2493,33217650,1813900,1334922681.5,45,807,18740400,9700,398365032.0,0.564,0.324,2026-09-11
VOLTAS,58,17815,6101250,-198000,8167235456.25,58,6797,4227375,-111375,2909665593.75,0.693,0.382,2026-09-11
WAAREEENER,50,31566,2551325,-165900,15048836766.25,51,6646,1193675,18900,2984247787.5,0.468,0.211,2026-09-11
WIPRO,69,18367,96468000,1908000,9713503200.0,69,9184,64110000,1821000,4559696040.0,0.665,0.5,2026-09-11
YESBANK,28,54066,455241800,133045800,41943141266.0,27,16681,261893100,35796100,11837658310.0,0.575,0.309,2026-09-11
ZYDUSLIFE,92,8166,5779800,80100,8779275360.0,91,2545,2889900,112500,2575665135.0,0.5,0.312,2026-09-11
360ONE,53,3149,2771500,126500,1811761850.0,53,1650,1770500,56500,890496775.0,0.639,0.524,2026-09-15
ABB,60,12760,1036250,161250,12028584856.25,60,9002,829875,44250,7999198750.0,0.801,0.705,2026-09-15
ABCAPITAL,67,7838,15766600,2600900,9948886885.0,64,4578,13085100,331700,5480057085.0,0.83,0.584,2026-09-15
ADANIENSOL,88,7786,9537750,-210600,7761248280.0,86,2595,4605525,60075,2412811935.0,0.483,0.333,2026-09-15
ADANIENT,56,40980,8574132,683817,39959697319.2,56,29628,5098500,-240093,27025884751.800003,0.595,0.723,2026-09-15
ADANIGREEN,74,8570,5319600,-105600,6971035320.0,73,4901,3774600,-178800,3713380380.0,0.71,0.572,2026-09-15
ADANIPORTS,88,18706,8946625,9975,16020234963.75,87,12935,7396700,-308275,10587225362.5,0.827,0.691,2026-09-15
ADANIPOWER,44,23026,70506550,7838400,17867026602.0,44,10845,40927950,-127800,7743423300.0,0.58,0.471,2026-09-15
ALKEM,91,14679,380000,-50500,9976059200.0,89,6052,260000,-30250,3926594000.0,0.684,0.412,2026-09-15
AMBER,68,7922,909500,24900,5975860390.0,68,4777,562200,-13100,3306222130.0,0.618,0.603,2026-09-15
AMBUJACEM,77,9517,16932000,1094400,4656024780.0,75,3054,9765600,142800,1426250760.0,0.577,0.321,2026-09-15
ANGELONE,62,17964,28277500,1255000,14388795500.0,62,7152,15130000,-1595000,5401677250.0,0.535,0.398,2026-09-15
APLAPOLLO,79,6723,2651950,-16450,5277858880.0,79,3061,1426250,10850,2284546880.0,0.538,0.455,2026-09-15
APOLLOHOSP,65,11834,1309375,17000,13488865206.25,65,7805,964125,-25125,8564371825.0,0.736,0.66,2026-09-15
ASHOKLEY,61,24069,103635000,10060000,20815365250.0,60,11237,61700000,3355000,9059953700.0,0.595,0.467,2026-09-15
ASIANPAINT,112,14806,5472750,437500,9494201737.5,107,10891,3212500,197000,6615412775.0,0.587,0.736,2026-09-15
ASTRAL,72,8834,3850075,-8500,5668377936.25,73,2980,1652825,49300,1766853520.0,0.429,0.337,2026-09-15
ATHERENERG,82,23703,6208875,740250,15359554106.25,84,11783,2586000,1875,6978383025.0,0.417,0.497,2026-09-15
AUBANK,49,6936,9920000,1150000,7637195400.0,48,3791,6489000,199000,3951540550.0,0.654,0.547,2026-09-15
AUROPHARMA,63,9009,6186950,144100,8572805257.5,63,5079,2592150,48400,4635235467.5,0.419,0.564,2026-09-15
AXISBANK,57,42718,20419375,1332500,34113590781.25,57,26829,11326250,-592500,20647933187.5,0.555,0.628,2026-09-15
BAJAJ-AUTO,87,23694,1710525,141525,21631069451.25,90,19549,1251675,24450,16731634728.75,0.732,0.825,2026-09-15
BAJAJFINSV,78,15619,6820800,337200,9254006475.0,77,9005,3406200,237000,5081751900.0,0.499,0.577,2026-09-15
BAJAJHLDNG,66,6059,89775,16575,5593437761.25,66,309,39300,3600,241132991.25,0.438,0.051,2026-09-15
BAJFINANCE,84,24685,20526750,1596750,19816833375.0,81,13203,14568000,603750,10066698937.5,0.71,0.535,2026-09-15
BANDHANBNK,45,356,31352400,-565200,232349436.0,41,450,20905200,-788400,268584840.0,0.667,1.264,2026-09-15
BANKBARODA,47,14970,52781625,2594475,10805476938.75,46,7550,43395300,669825,5156772747.75,0.822,0.504,2026-09-15
BANKINDIA,44,4308,32442800,-78000,3327624144.0,44,1907,31943600,228800,1384617676.0,0.985,0.443,2026-09-15
BANKNIFTY,445,1224220,19764840,2092590,2128861441602.0,447,1095281,16162110,-401160,1838054582788.5,0.818,0.895,2026-09-15
BDL,75,26747,12548550,1020000,14498908065.0,75,11930,5542425,126225,5940701552.5,0.442,0.446,2026-09-15
BEL,74,79786,64518300,14708850,46839275688.75,74,37402,35143350,3087975,21017144096.25,0.545,0.469,2026-09-15
BHARATFORG,97,7565,4041500,247500,7625766350.0,92,3499,2792000,37000,3342173375.0,0.691,0.463,2026-09-15
BHARTIARTL,78,45698,25175000,807975,41140731730.0,77,27430,12883900,-456950,23932145613.75,0.512,0.6,2026-09-15
BHEL,73,15688,37681875,3354750,18320360887.5,72,9883,21556500,-1399125,10975861443.75,0.572,0.63,2026-09-15
BIOCON,71,12247,36910000,1365000,12446422125.0,69,5071,17485000,740000,4976401000.0,0.474,0.414,2026-09-15
BLUESTARCO,74,7585,1653600,-72475,3921853812.5,72,6246,1340300,-159900,3014863166.25,0.811,0.823,2026-09-15
BOSCHLTD,74,8507,143850,9825,11021789545.0,76,7599,147800,-7675,8710765015.0,1.027,0.893,2026-09-15
BPCL,56,6287,13145600,606325,3938292200.0,55,6304,10803250,355500,3806956872.5,0.822,1.003,2026-09-15
BRITANNIA,90,7158,1512625,-12625,4670308118.75,91,3732,910750,-5750,2313107431.25,0.602,0.521,2026-09-15
BSE,39,100278,10668000,999400,72188150410.0,39,58251,7321200,-209800,38184741320.0,0.686,0.581,2026-09-15
CAMS,75,13680,6221325,113025,8524583306.25,72,5187,4241325,139425,3039421605.0,0.682,0.379,2026-09-15
CANBK,44,10123,100278000,5447250,8878582462.5,45,4056,66696750,850500,3384266940.0,0.665,0.401,2026-09-15
CDSL,55,17806,10034375,486400,12023994508.75,55,6589,5484825,36575,4144124603.75,0.547,0.37,2026-09-15
CGPOWER,47,23126,8664050,1095650,18336663250.0,46,16857,6295100,179350,12497622080.0,0.727,0.729,2026-09-15
CHOLAFIN,67,7008,3093125,485625,8352845375.0,64,3327,2638750,144375,3746056781.25,0.853,0.475,2026-09-15
CIPLA,103,8670,6322725,119425,5180105105.0,100,6986,3620575,140250,4036737167.5,0.573,0.806,2026-09-15
COALINDIA,77,31235,41953950,-326700,18465772905.0,77,21563,29366550,-2890350,12233642625.0,0.7,0.69,2026-09-15
COCHINSHIP,72,27320,7767200,531200,16106833580.0,72,11410,3269200,21200,6202886000.0,0.421,0.418,2026-09-15
COFORGE,96,62897,11603775,1793600,57662679150.0,96,47436,8036525,211850,40902513292.5,0.693,0.754,2026-09-15
COLPAL,87,14388,2960375,-177650,7500219980.0,89,5489,2419725,-49225,2715338766.25,0.817,0.381,2026-09-15
CONCOR,81,4305,8498750,370000,2799941687.5,81,1264,4900000,25000,778446812.5,0.577,0.294,2026-09-15
CROMPTON,52,4791,22828700,172000,2538565071.0,51,1769,14013700,32250,865203795.5,0.614,0.369,2026-09-15
CUMMINSIND,46,7547,1253600,39800,7947409820.0,46,4997,1172600,75400,4935741200.0,0.935,0.662,2026-09-15
DABUR,77,33307,16071250,-3127500,16592105062.5,77,16300,11188750,-180000,7796346000.0,0.696,0.489,2026-09-15
DELHIVERY,79,7095,13018550,1191050,6729979366.25,78,5993,8270950,622500,5332178960.0,0.635,0.845,2026-09-15
DIVISLAB,73,23470,2233200,-133000,22746953790.0,73,19299,1580400,-174800,17262138200.0,0.708,0.822,2026-09-15
DIXON,53,48627,3020000,110050,34868221540.0,53,24557,1200150,-36400,16009277975.0,0.397,0.505,2026-09-15
DLF,57,17952,15884000,1722350,11483651015.0,57,10878,6957800,-36100,6552213650.0,0.438,0.606,2026-09-15
DMART,68,12630,2460900,-63000,7387443900.0,69,6460,1409700,-1350,3511790565.0,0.573,0.511,2026-09-15
DRREDDY,96,16522,10235000,362500,12356440750.0,95,10549,6029375,-18750,7592382500.0,0.589,0.638,2026-09-15
EICHERMOT,73,17592,1759500,-78100,13844766885.0,73,15963,1675000,53000,11831463080.0,0.952,0.907,2026-09-15
ETERNAL,49,22725,66442575,4314075,18503116053.75,50,14611,30033625,-2529275,11263202530.0,0.452,0.643,2026-09-15
FEDERALBNK,55,7640,27610000,-27500,6792191500.0,54,4166,17052500,70000,3579794000.0,0.618,0.545,2026-09-15
FINNIFTY,254,12665,636960,66420,19801810383.0,254,9537,338340,-4080,14485322736.0,0.531,0.753,2026-09-15
FORCEMOT,37,8440,192625,8625,4053759288.75,38,5211,78675,50,2137640655.0,0.408,0.617,2026-09-15
FORTIS,79,3592,2028950,240250,2567797076.25,79,2406,1704225,31775,1655221285.0,0.84,0.67,2026-09-15
GAIL,57,5883,29173900,1519400,3755309244.5,58,2513,19205500,230750,1520837679.0,0.658,0.427,2026-09-15
GLENMARK,89,3781,2088375,-92250,3546080343.75,90,1128,1059000,-39375,996857737.5,0.507,0.298,2026-09-15
GMRAIRPORT,98,7062,64442025,5586975,4973060540.25,92,3518,50868675,2043675,2332056863.25,0.789,0.498,2026-09-15
GODFRYPHLP,48,1506,955625,-23375,872801861.25,45,556,452925,22000,291021032.5,0.474,0.369,2026-09-15
GODREJCP,92,9014,8278500,59000,4058981325.0,91,2330,5252500,-64500,1022965525.0,0.634,0.258,2026-09-15
GODREJPROP,118,26102,6159075,762775,15691973781.25,118,16622,3262025,309725,9244887551.25,0.53,0.637,2026-09-15
GRASIM,115,10476,2289500,74500,8720427362.5,115,13237,1394500,-718750,10299104200.0,0.609,1.264,2026-09-15
GVT&D,53,28854,2150250,353125,16938802087.5,55,27386,1435875,133500,14702358331.25,0.668,0.949,2026-09-15
HAL,70,55822,4774950,638400,42433572675.0,70,37693,2632800,246450,27163897477.5,0.551,0.675,2026-09-15
HAVELLS,58,9456,5461000,457500,5484340250.0,58,3569,2980500,29500,1977878975.0,0.546,0.377,2026-09-15
HCLTECH,112,92384,10648400,-849600,49207935060.0,113,74239,7586800,1144000,37369678160.0,0.712,0.804,2026-09-15
HDFCAMC,52,5109,2100000,19200,3882259725.0,51,1925,1590900,-6000,1386608100.0,0.758,0.377,2026-09-15
HDFCBANK,72,592295,182664950,-9919650,290354276582.5,69,335091,101662600,-997100,155273132332.5,0.557,0.566,2026-09-15
HDFCLIFE,101,14128,28383300,1433300,8528945370.0,101,6778,16349300,-168300,3926285000.0,0.576,0.48,2026-09-15
HEROMOTOCO,53,22320,3247500,-14400,18475700265.0,53,12945,1554900,-56400,10049039400.0,0.479,0.58,2026-09-15
HINDALCO,46,27284,14107800,-100100,19800981865.0,45,15000,9750300,97300,10229342095.0,0.691,0.55,2026-09-15
HINDPETRO,53,4505,13780125,562950,3358659431.25,51,4505,11453400,103275,3201266711.25,0.831,1.0,2026-09-15
HINDUNILVR,92,40842,11493300,-425700,24881485590.0,90,19479,6784500,-17100,11377573290.0,0.59,0.477,2026-09-15
HINDZINC,53,16406,29461250,677425,12397015802.5,57,9220,16403975,-497350,6468650597.5,0.557,0.562,2026-09-15
HYUNDAI,85,4887,1435225,78650,3047287622.5,83,2346,1538625,39325,1377450758.75,1.072,0.48,2026-09-15
ICICIBANK,105,86441,40830300,6535900,85290848090.0,104,51667,22052800,191100,49528801595.0,0.54,0.598,2026-09-15
ICICIGI,80,7034,2934100,253825,3481294358.75,81,2868,1708525,100750,1365558187.5,0.582,0.408,2026-09-15
ICICIPRULI,95,3190,6546225,300625,1456203820.0,95,1684,4367850,-133200,729273653.75,0.667,0.528,2026-09-15
IDEA,30,22442,2449090875,95419125,26391841410.75,30,7014,1073125650,11721900,7220842641.75,0.438,0.313,2026-09-15
IDFCFIRSTB,65,11269,140089600,3617250,9344996662.75,67,5876,97443150,602875,4647323801.75,0.696,0.521,2026-09-15
IEX,46,3996,38514900,1953150,2104203402.0,49,2956,18735450,-2418600,1489254777.0,0.486,0.74,2026-09-15
INDHOTEL,55,8358,6037000,255000,6269357400.0,56,4855,3722000,156000,3477541250.0,0.617,0.581,2026-09-15
INDIANB,68,6495,9147000,733000,5760710400.0,68,4710,5869000,6000,3996749200.0,0.642,0.725,2026-09-15
INDIGO,45,27845,3963150,115050,21438217650.0,44,24234,2404200,-219900,17545204515.0,0.607,0.87,2026-09-15
INDUSINDBK,72,10344,6908300,995400,7315909755.0,72,5289,5636400,515200,3605033740.0,0.816,0.511,2026-09-15
INDUSTOWER,85,10146,20077000,-91800,6869236920.0,86,6179,11577000,-2075700,4033218975.0,0.577,0.609,2026-09-15
INFY,58,231270,38978400,-5358800,105421563840.0,57,165788,23858800,515200,70294100220.0,0.612,0.717,2026-09-15
INOXWIND,38,71,38201600,-166400,35774272.0,37,40,23737600,-108800,18392384.0,0.621,0.563,2026-09-15
IOC,45,4824,43636125,2496000,3314460727.5,46,3731,32399250,-1954875,2391423303.75,0.742,0.773,2026-09-15
IREDA,48,5074,53408575,3606425,2666653316.25,49,1483,31620700,-81450,740108592.75,0.592,0.292,2026-09-15
IRFC,81,8046,74170600,8587775,3705815818.25,82,2832,45857525,1448475,1238864772.25,0.618,0.352,2026-09-15
ITC,100,47162,115835475,2302875,21986532168.75,100,31488,62532975,-369150,14160987731.25,0.54,0.668,2026-09-15
JINDALSTEL,49,5882,3925625,7500,4275761375.0,50,3436,4066875,93125,2371652093.75,1.036,0.584,2026-09-15
JIOFIN,90,26856,121433900,3247700,15352684091.0,86,10528,71794850,321950,5673002836.0,0.591,0.392,2026-09-15
JSWENERGY,46,4948,7433625,493425,2898472781.25,47,2773,3903325,227900,1536243853.75,0.525,0.56,2026-09-15
JSWSTEEL,55,14153,9154350,1053675,12567843022.5,55,6207,6028425,216675,5260157077.5,0.659,0.439,2026-09-15
JUBLFOOD,81,3540,8016250,148750,2223056625.0,80,1183,4175000,37500,697726312.5,0.521,0.334,2026-09-15
KALYANKJIL,76,27563,27926100,556200,23934998812.5,75,14552,18636750,-361800,11793407895.0,0.667,0.528,2026-09-15
KAYNES,71,626,2232750,-66150,372576855.0,71,165,1578450,-6600,85199250.0,0.707,0.264,2026-09-15
KEI,69,15343,4225550,-68425,13454968458.75,68,5497,2421125,525,4313187803.75,0.573,0.358,2026-09-15
KFINTECH,45,3311,3909425,193775,1823949766.25,43,1176,1815850,-7475,599582515.0,0.464,0.355,2026-09-15
KOTAKBANK,65,28242,69804000,3470000,24035587300.0,67,19877,39364000,-1458000,16439910100.0,0.564,0.704,2026-09-15
KPITTECH,68,37009,7628325,-368125,17268030982.5,69,9538,3476650,-161975,4178933803.75,0.456,0.258,2026-09-15
LAURUSLABS,66,17670,12706650,298350,30347827865.0,66,9592,7772400,-564400,15668289870.0,0.612,0.543,2026-09-15
LICHSGFIN,50,13168,8329000,163000,7596771000.0,52,6516,7649000,-257000,3530633800.0,0.918,0.495,2026-09-15
LICI,66,16615,21600600,1044400,9725212490.0,66,6469,14756000,25200,3618320230.0,0.683,0.389,2026-09-15
LODHA,63,15600,6889375,821875,11578067468.75,62,15058,6332500,-320000,9999533343.75,0.919,0.965,2026-09-15
LT,62,39335,7768425,522725,27762893270.0,62,19039,3795925,77000,12913861633.75,0.489,0.484,2026-09-15
LTF,48,11156,19730250,1597500,8108468662.5,47,7004,19041750,1327500,4736994187.5,0.965,0.628,2026-09-15
LTM,83,43795,1390650,-71700,30813500910.0,83,21980,892350,29250,14603846340.0,0.642,0.502,2026-09-15
LUPIN,98,6206,4348175,94775,5777189623.75,93,2118,2930800,35275,1879578862.5,0.674,0.341,2026-09-15
M&M,60,32285,8250400,393400,20944067500.0,59,14814,3977000,34600,9142214980.0,0.482,0.459,2026-09-15
MAHABANK,81,5368,33813000,3204500,3048940895.0,81,2125,14157000,-1222000,1143386790.0,0.419,0.396,2026-09-15
MANAPPURAM,67,270,21720000,-480000,287727900.0,67,27,12585000,-51000,26289450.0,0.579,0.1,2026-09-15
MANKIND,103,2961,1195750,-21500,1768568812.5,101,1383,977500,21750,780218637.5,0.817,0.467,2026-09-15
MARICO,67,2647,6472800,260400,2643803340.0,63,1011,3882000,28800,980180400.0,0.6,0.382,2026-09-15
MARUTI,121,70452,3922450,50250,46212727407.5,121,34333,1631550,19450,21113497402.5,0.416,0.487,2026-09-15
MAXHEALTH,91,9527,3690750,127050,5335347465.0,83,4726,2460675,-1050,2547731366.25,0.667,0.496,2026-09-15
MAZDOCK,51,16137,4188150,230850,9151292317.5,51,9458,2171025,42525,4870204065.0,0.518,0.586,2026-09-15
MCX,60,48729,7401375,815175,37463623256.25,61,36877,4497525,-475200,26643373301.25,0.608,0.757,2026-09-15
MFSL,71,3641,1533600,66800,2293685340.0,71,1350,787600,19600,775595460.0,0.514,0.371,2026-09-15
MIDCPNIFTY,387,116241,8115240,1933320,207390276672.0,387,125588,6633840,449760,216028426968.0,0.817,1.08,2026-09-15
MOTHERSON,53,6162,36205050,731850,6496966825.5,53,2742,33462150,-805650,2716644051.0,0.924,0.445,2026-09-15
MOTILALOFS,48,3543,3596775,207700,2950382181.25,48,1844,1443050,-74400,1379052631.25,0.401,0.52,2026-09-15
MPHASIS,46,35262,1265550,61875,24999544473.75,45,27039,870375,123200,17120815181.25,0.688,0.767,2026-09-15
MUTHOOTFIN,63,14935,7079050,147675,12275824990.0,64,7669,3415500,197450,5785040401.25,0.482,0.513,2026-09-15
NAM-INDIA,49,1889,1873750,39375,1476333968.75,49,673,1277500,54375,487083812.5,0.682,0.356,2026-09-15
NATIONALUM,44,11212,29439375,-211875,8192542687.5,43,5271,18982500,-421875,3533347125.0,0.645,0.47,2026-09-15
NAUKRI,53,14610,3326400,-174900,10916218500.0,52,6427,1546600,36300,4523749532.5,0.465,0.44,2026-09-15
NBCC,41,3942,45604000,4686500,2238286570.0,40,900,15496000,19500,491829780.0,0.34,0.228,2026-09-15
NESTLEIND,116,6421,3416000,211000,4638504750.0,115,3624,1952000,113500,2492480000.0,0.571,0.564,2026-09-15
NHPC,63,3995,40351700,2237900,2207713717.5,63,1617,36793300,271050,854162019.5,0.912,0.405,2026-09-15
NIFTY,814,160698854,480998980,152493685,246278251165017.5,834,155407216,324005045,-6540180,234288655889681.25,0.674,0.967,2026-09-15
NIFTYFPI,239,42,44000,3300,75571595.0,239,10,35200,0,16084805.0,0.8,0.238,2026-09-15
NIFTYNXT50,536,138,4650,-625,253130998.75,536,239,2250,150,432305262.5,0.484,1.732,2026-09-15
NMDC,76,6770,89457750,6561000,3983801602.5,76,2692,46696500,3294000,1490722380.0,0.522,0.398,2026-09-15
NTPC,55,20827,39237000,676500,10621564350.0,56,11423,16609500,-501000,5627017425.0,0.423,0.548,2026-09-15
NYKAA,48,3260,9200000,262500,3607023750.0,47,1633,5481250,-100000,1723300156.25,0.596,0.501,2026-09-15
OBEROIRLTY,79,6020,3482500,170450,3938801912.5,76,3992,1551900,317450,2340063250.0,0.446,0.663,2026-09-15
OFSS,91,19226,1027500,-20500,23968276770.0,93,6146,673300,9600,7208572645.0,0.655,0.32,2026-09-15
OIL,70,5642,9496200,18200,4053931770.0,72,1771,4606000,120400,1206206260.0,0.485,0.314,2026-09-15
ONGC,78,34439,74718000,-1086750,18838776150.0,78,12864,21541500,22500,6776963392.5,0.288,0.374,2026-09-15
PAGEIND,67,4092,101580,-5180,3131196449.0,65,4222,43300,-40,2649875665.0,0.426,1.032,2026-09-15
PATANJALI,63,3369,6290900,-54825,1284188281.25,64,1989,3676500,-164475,736451325.0,0.584,0.59,2026-09-15
PAYTM,96,46481,18811575,2689025,63281280480.0,99,30089,11194725,-1324575,37935491600.0,0.595,0.647,2026-09-15
PERSISTENT,48,59572,1907875,51625,44073786350.0,49,29596,1234250,-22000,20522539906.25,0.647,0.497,2026-09-15
PETRONET,46,2412,10064300,646000,1359364500.0,46,1370,4778500,-53200,736741530.0,0.475,0.568,2026-09-15
PFC,79,15214,35077900,-525200,7287496515.0,78,6214,22271600,-1097200,2867440225.0,0.635,0.408,2026-09-15
PGEL,66,5976,6965400,394250,3239525745.0,62,4241,3791450,336300,2169494242.5,0.544,0.71,2026-09-15
PHOENIXLTD,72,3893,1258950,-67900,2685889325.0,72,1915,593250,-18550,1221856177.5,0.471,0.492,2026-09-15
PIDILITIND,69,1651,1423000,66500,1346700975.0,69,1620,948500,5000,1230160600.0,0.667,0.981,2026-09-15
PIIND,60,12608,2157225,-135100,5287886528.75,58,7389,1525475,-74375,2856176688.75,0.707,0.586,2026-09-15
PNB,80,9229,75888000,4360000,8910111040.0,80,4901,53176000,-2472000,4554358800.0,0.701,0.531,2026-09-15
PNBHOUSING,47,3654,2657200,-25350,2902461965.0,47,1866,1261650,-18850,1395719747.5,0.475,0.511,2026-09-15
POLICYBZR,67,2948,1615950,87500,1931931995.0,70,1517,1681050,-15400,941862040.0,1.04,0.515,2026-09-15
POLYCAB,96,15431,3331125,-72000,16918362806.25,96,7637,1969625,-55875,7843613025.0,0.591,0.495,2026-09-15
POWERGRID,87,18351,37699800,309700,9612630385.0,86,8404,21166000,-41800,4215513755.0,0.561,0.458,2026-09-15
POWERINDIA,66,31167,675050,51800,25853286416.25,64,14152,241375,4975,10573630203.75,0.358,0.454,2026-09-15
PREMIERENE,49,5816,4943250,98800,3824306232.5,49,1978,3447600,81250,1224564802.5,0.697,0.34,2026-09-15
PRESTIGE,85,4168,2355300,104850,2958284025.0,85,3606,2221650,9450,2417519767.5,0.943,0.865,2026-09-15
RADICO,60,4171,542100,6300,2852104605.0,60,2269,286950,-5400,1437799912.5,0.529,0.544,2026-09-15
RBLBANK,75,4333,25136475,-320675,5856268291.25,76,4363,17367250,-1136650,5582984293.75,0.691,1.007,2026-09-15
RECLTD,62,7056,24122700,-515025,3673509288.75,63,3706,17164350,-266175,1853480553.75,0.712,0.525,2026-09-15
RELIANCE,101,218015,109362000,10853000,143455570825.0,101,99130,55434500,2319500,62106470075.0,0.507,0.455,2026-09-15
RVNL,50,9580,38950450,897050,4061113941.5,50,3259,18377975,814275,1286516558.25,0.472,0.34,2026-09-15
SAGILITY,41,5120,46752000,-1596000,2967041040.0,42,2278,34032000,600000,1219550880.0,0.728,0.445,2026-09-15
SAIL,70,257,15900100,-150400,231257672.0,72,183,17197300,-399500,160670816.0,1.082,0.712,2026-09-15
SBICARD,63,16729,10077600,1014400,9039852600.0,63,12220,6750400,341600,6195558160.0,0.67,0.73,2026-09-15
SBILIFE,76,6746,4622250,231375,4421181975.0,73,3439,1987500,49125,2162036831.25,0.43,0.51,2026-09-15
SBIN,89,148025,83531250,11702250,116146894275.0,87,66956,42237750,2370750,49080702900.0,0.506,0.452,2026-09-15
SHREECEM,92,3995,106925,10100,2446396287.5,89,1594,49550,1750,893694390.0,0.463,0.399,2026-09-15
SHRIRAMFIN,52,26428,16727700,1928025,23454658095.0,52,12721,9327450,140250,10574074046.25,0.558,0.481,2026-09-15
SIEMENS,61,13418,1778175,65100,9594803960.0,60,5716,1017975,-19425,3818396758.75,0.572,0.426,2026-09-15
SOLARINDS,86,204692,2219200,1413150,227058054920.0,87,181437,965900,276200,177685775842.5,0.435,0.886,2026-09-15
SONACOMS,55,5477,7879200,46550,5639908758.75,52,1777,4686850,123725,1702772478.75,0.595,0.324,2026-09-15
SRF,46,4108,1315200,42400,2151914130.0,45,1309,991800,38600,642505440.0,0.754,0.319,2026-09-15
SUNPHARMA,81,23925,10222100,72800,15936229382.5,81,10431,4269650,116550,6725441607.5,0.418,0.436,2026-09-15
SUPREMEIND,60,5277,820400,74375,3280250986.25,60,2702,437850,53550,1575234106.25,0.534,0.512,2026-09-15
SUZLON,55,12643,245541800,17157700,7634550517.0,53,2887,82334100,2324100,1618545277.0,0.335,0.228,2026-09-15
SWIGGY,52,14139,38607875,458075,7573424237.5,51,5987,30050450,138700,3011752148.75,0.778,0.423,2026-09-15
TATACONSUM,90,13737,6511450,723800,7819268655.0,86,7430,4980250,486200,4087774405.0,0.765,0.541,2026-09-15
TATAELXSI,69,34554,1690000,53250,15915780025.0,69,11560,793875,4125,5004712800.0,0.47,0.335,2026-09-15
TATAPOWER,71,20865,35919400,800400,11568911565.0,71,13466,29252300,81200,7127107062.5,0.814,0.645,2026-09-15
TATASTEEL,62,51442,133476750,4873000,27324493680.0,62,21343,77984500,1446500,10738595202.5,0.584,0.415,2026-09-15
TCS,103,178890,12479850,-947925,96358416468.75,106,139192,10420875,972225,71027439378.75,0.835,0.778,2026-09-15
TECHM,69,44375,9299400,1596600,44513293110.0,70,30908,5489400,420000,29234399130.0,0.59,0.697,2026-09-15
TIINDIA,60,3090,1083200,36600,1714861000.0,61,1649,497200,18600,844308360.0,0.459,0.534,2026-09-15
TITAN,67,19179,3371550,202825,17132446458.75,67,17907,2062025,-69300,15334384651.25,0.612,0.934,2026-09-15
TMPV,71,78578,56584000,-1523200,41536832400.0,71,50660,35734400,-932800,25056801600.0,0.632,0.645,2026-09-15
TORNTPHARM,73,4255,648750,36625,2709485393.75,71,1633,314250,-14875,993594775.0,0.484,0.384,2026-09-15
TRENT,47,16792,4985325,168750,11229022912.5,47,6419,2133900,26775,3994951275.0,0.428,0.382,2026-09-15
TVSMOTOR,70,13921,3333400,62300,10485601840.0,71,10890,1777650,-66325,7711282565.0,0.533,0.782,2026-09-15
ULTRACEMCO,111,14638,877500,46400,8293924597.5,115,5615,434450,13350,3066907637.5,0.495,0.384,2026-09-15
UNIONBANK,61,6471,51555675,-606225,5415950961.0,60,3212,40165725,1862925,2504311271.25,0.779,0.496,2026-09-15
UNITDSPR,60,3027,2542800,-35200,1787708060.0,61,1001,1602000,-6000,561421420.0,0.63,0.331,2026-09-15
UNOMINDA,49,2809,2043800,164450,1947727622.5,50,3979,1263900,107250,2598333787.5,0.618,1.417,2026-09-15
UPL,53,6260,9143540,932240,5018653674.75,53,3822,7383395,619235,2875739467.25,0.807,0.611,2026-09-15
VBL,47,9501,33524850,204000,5294790292.5,47,4593,18753975,45900,2433151987.5,0.559,0.483,2026-09-15
VEDL,57,28461,40820400,2511600,9097477730.0,57,13472,24582400,78200,4074526130.0,0.602,0.473,2026-09-15
VMM,49,3877,36297400,3079750,2069620712.0,48,1202,19075050,334650,595432220.5,0.526,0.31,2026-09-15
VOLTAS,58,14747,6216750,115500,6763001400.0,58,6817,4348125,120750,2966633550.0,0.699,0.462,2026-09-15
WAAREEENER,50,23034,2979375,428050,10956784107.5,51,8749,1234100,40425,3955641418.75,0.414,0.38,2026-09-15
WIPRO,69,40992,87492000,-8976000,22019663070.0,69,24314,62151000,-1959000,12211097190.0,0.71,0.593,2026-09-15
YESBANK,29,18564,485502100,30260300,14385449926.0,28,7315,262110800,217700,5232041013.0,0.54,0.394,2026-09-15
ZYDUSLIFE,92,3960,5855400,75600,4203222660.0,91,1970,2881800,-8100,1987045155.0,0.492,0.497,2026-09-15
360ONE,59,2796,2596000,-175500,1627289675.0,59,1552,1816500,46000,825413500.0,0.7,0.555,2026-09-16
ABB,66,7058,1057875,21625,6556283406.25,66,6516,843625,13750,5707210750.0,0.797,0.923,2026-09-16
ABCAPITAL,74,3391,15363600,-403000,4255560650.0,71,2446,13438500,353400,2890077455.0,0.875,0.721,2026-09-16
ADANIENSOL,90,4932,9307575,-230175,4893973796.25,88,1861,4577175,-28350,1728698793.75,0.492,0.377,2026-09-16
ADANIENT,56,27127,8702985,128853,26114612419.2,56,15347,5269377,170877,13818176314.8,0.605,0.566,2026-09-16
ADANIGREEN,74,6256,5298600,-21000,5022876330.0,73,3229,3792600,18000,2443551540.0,0.716,0.516,2026-09-16
ADANIPORTS,88,12934,8833100,-113525,11011162672.5,87,11130,7453225,56525,9067813768.75,0.844,0.861,2026-09-16
ADANIPOWER,44,19515,70229650,-276900,14951114360.5,44,8506,40590700,-337250,6049880748.0,0.578,0.436,2026-09-16
ALKEM,91,6964,393625,13625,4699049268.75,89,3578,274250,14250,2316330500.0,0.697,0.514,2026-09-16
AMBER,73,7915,972400,62900,5875374165.0,73,5454,595200,33000,3766176825.0,0.612,0.689,2026-09-16
AMBUJACEM,82,5861,17282400,350400,2861372880.0,80,1556,9812400,46800,726206220.0,0.568,0.265,2026-09-16
ANGELONE,62,11021,29217500,940000,8672124625.0,62,6573,14150000,-980000,4863732875.0,0.484,0.596,2026-09-16
APLAPOLLO,83,10920,2794050,142100,8442795637.5,83,6460,1573600,147350,4740550202.5,0.563,0.592,2026-09-16
APOLLOHOSP,65,9873,1308125,-1250,11196760281.25,65,7360,968625,4500,7915744281.25,0.74,0.745,2026-09-16
ASHOKLEY,68,17216,104395000,760000,14677673550.0,68,8697,63890000,2190000,6780841850.0,0.612,0.505,2026-09-16
ASIANPAINT,122,15239,5438000,-34750,9714750487.5,117,10850,3208250,-4250,6542371787.5,0.59,0.712,2026-09-16
ASTRAL,77,5660,3822450,-27625,3555460091.25,78,13685,3557250,1904425,7528225302.5,0.931,2.418,2026-09-16
ATHERENERG,82,20316,6276375,67500,12881591531.25,84,11972,2733000,147000,6899818912.5,0.435,0.589,2026-09-16
AUBANK,50,5954,10014000,94000,6472612750.0,50,3395,6642000,153000,3477815800.0,0.663,0.57,2026-09-16
AUROPHARMA,63,6456,6276600,89650,6071890082.5,63,4947,2750550,158400,4469046010.0,0.438,0.766,2026-09-16
AXISBANK,57,69064,19837500,-581875,55517840125.0,57,45069,11673750,347500,34531963656.25,0.588,0.653,2026-09-16
BAJAJ-AUTO,89,23561,1733025,22500,21334996106.25,92,17891,1256325,4650,15244258488.75,0.725,0.759,2026-09-16
BAJAJFINSV,86,11259,6921300,100500,6567834765.0,85,6431,3489900,83700,3553831530.0,0.504,0.571,2026-09-16
BAJAJHLDNG,66,3249,115050,25275,2993668676.25,66,1296,45900,6600,975222708.75,0.399,0.399,2026-09-16
BAJFINANCE,91,14253,21143250,616500,11416329187.5,88,10100,14902500,334500,7667562337.5,0.705,0.709,2026-09-16
BANDHANBNK,45,138,31136400,-216000,90848844.0,41,55,20800800,-104400,33032196.0,0.668,0.399,2026-09-16
BANKBARODA,47,12664,53211600,429975,9072281351.25,46,5598,43813575,418275,3828019659.75,0.823,0.442,2026-09-16
BANKINDIA,46,3690,30934800,-1508000,2833911704.0,46,1799,32162000,218400,1270501128.0,1.04,0.488,2026-09-16
BANKNIFTY,463,1160975,18950280,-814560,2015200194610.5,464,1135531,16740120,578010,1892348885968.5,0.883,0.978,2026-09-16
BDL,77,29148,12320750,-227800,15183401547.5,77,18371,6135300,592875,8929981807.5,0.498,0.63,2026-09-16
BEL,77,44753,65619825,1101525,26059038768.75,76,21504,35663475,520125,11866402286.25,0.543,0.481,2026-09-16
BHARATFORG,105,6215,4078500,37000,6180619250.0,100,3061,2971000,179000,2878748300.0,0.728,0.493,2026-09-16
BHARTIARTL,78,36147,24538025,-636975,32627909196.25,77,20627,13404025,520125,17927002003.75,0.546,0.571,2026-09-16
BHEL,75,19171,39923625,2241750,21960512962.5,74,11636,22367625,811125,12547930368.75,0.56,0.607,2026-09-16
BIOCON,76,14435,38495000,1585000,14614785500.0,74,5209,17795000,310000,5015304125.0,0.462,0.361,2026-09-16
BLUESTARCO,74,4337,1663675,10075,2200123445.0,72,1913,1287975,-52325,909189775.0,0.774,0.441,2026-09-16
BOSCHLTD,74,17920,156175,12325,22875189640.0,76,9589,156325,8525,10805647805.0,1.001,0.535,2026-09-16
BPCL,56,4369,12845400,-300200,2728057032.5,55,4520,11135050,331800,2685840716.25,0.867,1.035,2026-09-16
BRITANNIA,92,9679,1507000,-5625,6315635431.25,93,4501,915500,4750,2784253425.0,0.607,0.465,2026-09-16
BSE,39,62225,11704600,1036600,43867747970.0,39,43668,7578200,257000,27884771990.0,0.647,0.702,2026-09-16
CAMS,75,3742,6275775,54450,2329835928.75,72,1698,4184400,-56925,989161800.0,0.667,0.454,2026-09-16
CANBK,47,6855,98354250,-1923750,5967785295.0,47,3657,70429500,3732750,3050977590.0,0.716,0.533,2026-09-16
CDSL,58,18261,10473750,439375,12134732755.0,58,9977,5843925,359100,6217712665.0,0.558,0.546,2026-09-16
CGPOWER,48,16763,8896950,232900,12904268965.0,48,10015,6569650,274550,7267205177.5,0.738,0.597,2026-09-16
CHOLAFIN,68,5490,3073750,-19375,6457231468.75,65,4778,2640625,1875,5281735500.0,0.859,0.87,2026-09-16
CIPLA,105,6597,6326550,3825,3933350243.75,102,5323,3630350,9775,3046746205.0,0.574,0.807,2026-09-16
COALINDIA,77,24541,41162850,-791100,14458364797.5,77,14978,29782350,415800,8461133707.5,0.724,0.61,2026-09-16
COCHINSHIP,79,15741,7801200,34000,9072958480.0,79,7372,3320800,51600,3901579100.0,0.426,0.468,2026-09-16
COFORGE,97,41379,12043625,439850,37012802203.75,97,30665,8469725,433200,25518339500.0,0.703,0.741,2026-09-16
COLPAL,87,50947,2865775,-94600,27119603500.0,89,18553,2476375,56650,9456126955.0,0.864,0.364,2026-09-16
CONCOR,87,3927,8671250,172500,2507639625.0,87,1595,4977500,77500,980512875.0,0.574,0.406,2026-09-16
CROMPTON,52,6491,23514550,685850,3395457525.5,51,2165,14097550,83850,1039673715.5,0.6,0.334,2026-09-16
CUMMINSIND,52,9583,1214200,-39400,9954892830.0,52,6042,1185200,12600,5857808310.0,0.976,0.63,2026-09-16
DABUR,77,17334,16663750,592500,8658978250.0,77,8398,11323750,135000,4010126250.0,0.68,0.484,2026-09-16
DELHIVERY,89,4788,13147200,128650,4403600275.0,88,2066,8397525,126575,1811642245.0,0.639,0.431,2026-09-16
DIVISLAB,73,34782,2236000,2800,33016688295.0,73,38202,1608100,27700,34184307525.0,0.719,1.098,2026-09-16
DIXON,56,81681,3044200,24200,57801873872.5,56,71959,1382650,182500,46080910200.0,0.454,0.881,2026-09-16
DLF,61,22540,16570850,686850,14065393625.0,61,14084,7421400,463600,8340511747.5,0.448,0.625,2026-09-16
DMART,68,13943,2401050,-59850,8145483690.0,69,7528,1424100,14400,4129471012.5,0.593,0.54,2026-09-16
DRREDDY,96,10249,10203125,-31875,7597401843.75,95,5781,6125625,96250,4110788656.25,0.6,0.564,2026-09-16
EICHERMOT,75,14621,1769200,9700,11466652365.0,75,10696,1680500,5500,7901866690.0,0.95,0.732,2026-09-16
ETERNAL,49,25826,66520175,77600,20868910891.25,50,19124,32516825,2483200,14512509378.75,0.489,0.74,2026-09-16
FEDERALBNK,55,7319,27630000,20000,6509510875.0,54,4644,17725000,672500,3952502125.0,0.642,0.635,2026-09-16
FINNIFTY,256,11948,679320,42360,18881415435.0,256,7442,423180,84840,11126072853.0,0.623,0.623,2026-09-16
FORCEMOT,37,7797,199750,7125,3715782245.0,38,5241,80275,1600,2006664200.0,0.402,0.672,2026-09-16
FORTIS,79,2020,2104900,75950,1427433478.75,79,2180,1739875,35650,1478828533.75,0.827,1.079,2026-09-16
GAIL,57,4369,28463900,-710000,2760572690.5,58,2221,18978300,-227200,1324682287.0,0.667,0.508,2026-09-16
GLENMARK,92,7531,2023125,-65250,7079238750.0,93,3712,994875,-64125,3247280793.75,0.492,0.493,2026-09-16
GMRAIRPORT,100,4518,64804725,362700,3114529800.75,94,1758,51105825,237150,1162359546.75,0.789,0.389,2026-09-16
GODFRYPHLP,50,1850,961950,6325,1032792378.75,47,384,450725,-2200,202575051.25,0.469,0.208,2026-09-16
GODREJCP,93,10168,7848500,-430000,4575062825.0,92,3349,5201000,-51500,1485651375.0,0.663,0.329,2026-09-16
GODREJPROP,120,16395,6082700,-76375,9633056810.0,120,7523,3287700,25675,4121346450.0,0.541,0.459,2026-09-16
GRASIM,123,4542,2255000,-34500,3738804750.0,123,4302,1308750,-85750,3359963450.0,0.58,0.947,2026-09-16
GVT&D,53,22191,2161000,10750,12647118037.5,55,14428,1544125,108250,7610421956.25,0.715,0.65,2026-09-16
HAL,75,45007,5036400,261450,33574116570.0,75,22046,2780850,148050,15494238795.0,0.552,0.49,2026-09-16
HAVELLS,62,8679,5339500,-121500,4994791550.0,62,3385,3015000,34500,1870854125.0,0.565,0.39,2026-09-16
HCLTECH,112,51597,11045200,396800,27289624860.0,113,48336,7571200,-15600,24423232900.0,0.685,0.937,2026-09-16
HDFCAMC,52,13678,2199000,99000,10809107910.0,51,2741,1609500,18600,1961330595.0,0.732,0.2,2026-09-16
HDFCBANK,72,238700,181799800,-865150,116689869497.5,69,141543,101505950,-156650,65273675902.5,0.558,0.593,2026-09-16
HDFCLIFE,101,17275,27075400,-1307900,10394254695.0,101,9268,17085200,735900,5351398690.0,0.631,0.536,2026-09-16
HEROMOTOCO,53,40941,3392100,144600,33714438622.5,53,17371,1588350,33450,13374620437.5,0.468,0.424,2026-09-16
HINDALCO,51,24417,13886600,-221200,17578444870.0,50,17211,9926700,176400,11677316560.0,0.715,0.705,2026-09-16
HINDPETRO,53,4908,13482450,-297675,3642746580.0,51,4567,12089250,635850,3239620920.0,0.897,0.931,2026-09-16
HINDUNILVR,92,42513,11581800,88500,25957086075.0,90,13471,6762000,-22500,7917113730.0,0.584,0.317,2026-09-16
HINDZINC,57,17243,28782600,-678650,12877667460.0,60,7582,16786175,382200,5259904142.5,0.583,0.44,2026-09-16
HYUNDAI,87,3924,1425875,-9350,2421539890.0,85,1354,1518000,-20625,790867192.5,1.065,0.345,2026-09-16
ICICIBANK,111,55643,42294700,1464400,54537567420.0,110,38748,23323300,1270500,36720857285.0,0.551,0.696,2026-09-16
ICICIGI,82,4619,2994875,60775,2283821410.0,83,1718,1696500,-12025,801503218.75,0.566,0.372,2026-09-16
ICICIPRULI,95,4959,6421350,-124875,2252198325.0,95,2577,4578750,210900,1118133848.75,0.713,0.52,2026-09-16
IDEA,30,24817,2466888150,17797275,28559173547.25,30,10332,1086634425,13508775,10191142082.25,0.44,0.416,2026-09-16
IDFCFIRSTB,65,7248,138614875,-1474725,5993112389.25,67,4874,98936425,1493275,3842853337.75,0.714,0.672,2026-09-16
IEX,49,3506,38406150,-108750,1829757465.0,52,3845,20405850,1670400,1864268973.0,0.531,1.097,2026-09-16
INDHOTEL,55,4755,5809000,-228000,3538309150.0,56,3658,4038000,316000,2609098700.0,0.695,0.769,2026-09-16
INDIANB,72,4193,8691000,-456000,3735850100.0,72,3066,6075000,206000,2590857550.0,0.699,0.731,2026-09-16
INDIGO,50,27954,4054350,91200,21195738135.0,49,29881,2348400,-55800,21309508072.5,0.579,1.069,2026-09-16
INDUSINDBK,77,9003,7088200,179900,6278219010.0,77,4872,6146700,510300,3288467665.0,0.867,0.541,2026-09-16
INDUSTOWER,85,7861,20253800,176800,5263819650.0,86,3070,11435900,-141100,1986269800.0,0.565,0.391,2026-09-16
INFY,58,91818,39308400,330000,41573030860.0,57,93207,23716400,-142400,39260642280.0,0.603,1.015,2026-09-16
INOXWIND,38,105,37843200,-358400,56046976.0,37,47,23513600,-224000,21693824.0,0.621,0.448,2026-09-16
IOC,50,6198,44065125,429000,4265548901.25,51,6101,36367500,3968250,3961591286.25,0.825,0.984,2026-09-16
IREDA,50,4997,56797800,3389225,2636718405.0,51,901,31738350,117650,444112731.5,0.559,0.18,2026-09-16
IRFC,86,9069,75619075,1448475,4149307452.5,87,3475,49172200,3314675,1656051178.25,0.65,0.383,2026-09-16
ITC,100,89121,111966300,-3869175,41789219598.75,100,45323,69398475,6865500,20467207800.0,0.62,0.509,2026-09-16
JINDALSTEL,53,5285,3833125,-92500,3801390500.0,53,3198,4093750,26875,2194184218.75,1.068,0.605,2026-09-16
JIOFIN,94,26908,124850800,3416900,15311095765.0,89,11102,74041450,2246600,5955321801.5,0.593,0.413,2026-09-16
JSWENERGY,50,5215,7609925,176300,3035153548.75,51,2185,3817325,-86000,1200810528.75,0.502,0.419,2026-09-16
JSWSTEEL,60,11078,9179325,24975,9681987240.0,60,6534,5788125,-240300,5489978580.0,0.631,0.59,2026-09-16
JUBLFOOD,82,3139,7945000,-71250,1937386062.5,81,1150,4132500,-42500,671025375.0,0.52,0.366,2026-09-16
KALYANKJIL,76,34333,29554200,1628100,29076357442.5,75,29187,17826750,-810000,23090984820.0,0.603,0.85,2026-09-16
KAYNES,76,867,2166150,-66600,511352962.5,76,204,1558950,-19500,108232245.0,0.72,0.235,2026-09-16
KEI,71,14024,4175325,-50225,12020732272.5,70,6149,2380875,-40250,4848709932.5,0.57,0.438,2026-09-16
KFINTECH,45,2193,4019825,110400,1199661111.25,43,828,1854950,39100,426598250.0,0.461,0.378,2026-09-16
KOTAKBANK,66,18620,68710000,-1094000,15855934400.0,68,12305,40224000,860000,10147638200.0,0.585,0.661,2026-09-16
KPITTECH,68,7839,7688000,59675,3637055237.5,69,3709,3539425,62775,1615468512.5,0.46,0.473,2026-09-16
LAURUSLABS,66,27855,14096400,1389750,46829350517.5,66,21631,8524650,752250,34320154540.0,0.605,0.777,2026-09-16
LICHSGFIN,50,12615,8233000,-96000,7156902900.0,52,6181,7405000,-244000,3320569950.0,0.899,0.49,2026-09-16
LICI,70,8653,21848400,247800,4993962890.0,69,3566,15034600,278600,1979243070.0,0.688,0.412,2026-09-16
LODHA,64,12153,6559375,-330000,8813753312.5,63,10252,6205625,-126875,6715622718.75,0.946,0.844,2026-09-16
LT,65,32685,7984200,215775,22867853487.5,65,16862,4018000,222075,11382209982.5,0.503,0.516,2026-09-16
LTF,54,7930,20189250,459000,5672551275.0,52,5790,18636750,-405000,3856523400.0,0.923,0.73,2026-09-16
LTM,83,10057,1441350,50700,6918304305.0,83,6643,919950,27600,4295468220.0,0.638,0.661,2026-09-16
LUPIN,98,7331,4673725,325550,6751490563.75,93,3208,2916350,-14450,2833197368.75,0.624,0.438,2026-09-16
M&M,66,53462,8801800,551400,34371096080.0,65,26652,4109200,132200,16385425290.0,0.467,0.499,2026-09-16
MAHABANK,81,4261,37173500,3360500,2401750845.0,81,1244,14488500,331500,649485460.0,0.39,0.292,2026-09-16
MANAPPURAM,67,206,21384000,-336000,219057300.0,67,34,12522000,-63000,34241400.0,0.586,0.165,2026-09-16
MANKIND,103,3328,1218750,23000,1975623300.0,101,2159,993250,15750,1225549987.5,0.815,0.649,2026-09-16
MARICO,69,19158,6721200,248400,19222179300.0,65,8023,4425600,543600,7813580820.0,0.658,0.419,2026-09-16
MARUTI,123,62818,4004450,82000,40736643080.0,123,33423,1665100,33550,20340369652.5,0.416,0.532,2026-09-16
MAXHEALTH,91,7278,3859275,168525,4080063120.0,83,5183,2535750,75075,2809970756.25,0.657,0.712,2026-09-16
MAZDOCK,57,17654,4481100,292950,9680037255.0,57,10897,2278800,107775,5643386662.5,0.509,0.617,2026-09-16
MCX,60,79551,7463250,61875,60267914786.25,61,56030,4743225,245700,39348052402.5,0.636,0.704,2026-09-16
MFSL,75,7806,1686400,152800,4775902960.0,75,3388,985200,197600,1973255540.0,0.584,0.434,2026-09-16
MIDCPNIFTY,390,137605,8552280,437040,242415855012.0,390,137347,7503720,869880,233607175044.0,0.877,0.998,2026-09-16
MOTHERSON,55,4854,36162000,-43050,5035306657.5,55,4360,34353900,891750,4256852511.0,0.95,0.898,2026-09-16
MOTILALOFS,50,3744,3816875,220100,3069836108.75,50,1880,1432200,-10850,1371450385.0,0.375,0.502,2026-09-16
MPHASIS,46,5108,1290300,24750,3496469460.0,45,4380,889900,19525,2825092971.25,0.69,0.857,2026-09-16
MUTHOOTFIN,67,23309,7029275,-49775,18872486943.75,67,9550,3530725,115225,7273754963.75,0.502,0.41,2026-09-16
NAM-INDIA,49,3955,1975000,101250,3042879625.0,49,2794,1207500,-70000,1969012281.25,0.611,0.706,2026-09-16
NATIONALUM,44,12884,29720625,281250,9197007656.25,43,6849,20011875,1029375,4552173281.25,0.673,0.532,2026-09-16
NAUKRI,53,5033,3393500,67100,3720956195.0,52,2589,1563650,17050,1793595072.5,0.461,0.514,2026-09-16
NBCC,44,3631,44629000,-975000,2051744110.0,43,823,16048500,552500,438348885.0,0.36,0.227,2026-09-16
NESTLEIND,121,22531,3875500,459500,16111760200.0,119,8914,2187000,235000,6195040225.0,0.564,0.396,2026-09-16
NHPC,63,3268,41512350,1160650,1784653943.0,63,3665,26069450,-10723850,1887205432.5,0.628,1.121,2026-09-16
NIFTY,839,25758511,248663575,23629980,39786246779272.5,855,25427738,239039215,51380640,37980832255466.75,0.961,0.987,2026-09-16
NIFTYFPI,242,93,58300,14300,167055130.0,242,21,39600,4400,32932790.0,0.679,0.226,2026-09-16
NIFTYNXT50,543,406,7350,2700,732751605.0,543,297,2375,125,526588403.75,0.323,0.732,2026-09-16
NMDC,79,5642,91820250,2362500,3296360610.0,79,2508,46635750,-60750,1385645197.5,0.508,0.445,2026-09-16
NTPC,55,11131,39181500,-55500,5674833450.0,56,5316,16774500,165000,2623301550.0,0.428,0.478,2026-09-16
NYKAA,48,6810,9606250,406250,7319990937.5,47,5681,5234375,-246875,5863798593.75,0.545,0.834,2026-09-16
OBEROIRLTY,89,8586,3637900,155400,5392651372.5,86,3462,1592850,40950,2038952440.0,0.438,0.403,2026-09-16
OFSS,91,11143,1069900,42400,13680642340.0,93,7201,661800,-11500,8212165085.0,0.619,0.646,2026-09-16
OIL,70,5339,8943200,-553000,3818513580.0,72,1847,4811800,205800,1266472900.0,0.538,0.346,2026-09-16
ONGC,78,23210,70501500,-4216500,12725940015.0,78,9618,22176000,634500,5091179197.5,0.315,0.414,2026-09-16
PAGEIND,70,4849,107720,6140,3596718945.0,68,3324,45620,2320,2153420857.0,0.424,0.686,2026-09-16
PATANJALI,65,115767,12099125,5808225,46490608742.5,65,47664,7462650,3786150,18049801690.0,0.617,0.412,2026-09-16
PAYTM,96,171294,20413100,1601525,232196885567.5,99,81800,13318250,2123525,103362865242.5,0.652,0.478,2026-09-16
PERSISTENT,48,18364,2025375,117500,13284808818.75,49,11350,1301250,67000,7667425931.25,0.642,0.618,2026-09-16
PETRONET,49,1982,10064300,0,1110705040.0,49,776,4883000,104500,415493995.0,0.485,0.392,2026-09-16
PFC,79,16170,34284900,-793000,7682191140.0,78,6016,22315800,44200,2764479445.0,0.651,0.372,2026-09-16
PGEL,66,4387,6882750,-82650,2353459890.0,62,1467,3790500,-950,738604907.5,0.551,0.334,2026-09-16
PHOENIXLTD,78,2482,1167250,-91700,1721745742.5,78,1325,630700,37450,841227187.5,0.54,0.534,2026-09-16
PIDILITIND,74,1962,1474500,51500,1606722125.0,74,1202,1005500,57000,921701575.0,0.682,0.613,2026-09-16
PIIND,60,7562,2051525,-105700,3174996615.0,58,5213,1448825,-76650,1996606710.0,0.706,0.689,2026-09-16
PNB,80,12773,75480000,-408000,12286193040.0,80,8820,56784000,3608000,8225428560.0,0.752,0.691,2026-09-16
PNBHOUSING,47,3320,2679950,22750,2585533372.5,47,1365,1313650,52000,1016329632.5,0.49,0.411,2026-09-16
POLICYBZR,77,45462,2105950,490000,29954035790.0,78,17184,2351650,670600,10614941050.0,1.117,0.378,2026-09-16
POLYCAB,97,15616,3246000,-85125,16908899193.75,97,7816,1948375,-21250,7941972775.0,0.6,0.501,2026-09-16
POWERGRID,87,12858,37127900,-571900,6727648725.0,86,5429,21585900,419900,2720306950.0,0.581,0.422,2026-09-16
POWERINDIA,67,29641,674125,-925,24155490816.25,65,28103,259550,18175,20823161177.5,0.385,0.948,2026-09-16
PREMIERENE,56,24482,6501950,1558700,15387814227.5,56,27829,4280900,833300,16425232427.5,0.658,1.137,2026-09-16
PRESTIGE,87,3022,2362950,7650,2094168600.0,87,1845,2221200,-450,1212598462.5,0.94,0.611,2026-09-16
RADICO,60,4815,568800,26700,3322721505.0,60,1416,297900,10950,881040322.5,0.524,0.294,2026-09-16
RBLBANK,75,5368,24771350,-365125,7148476463.75,76,4311,15989300,-1377950,5463814478.75,0.645,0.803,2026-09-16
RECLTD,65,8803,23574600,-548100,4529994525.0,66,5649,17255700,91350,2791805703.75,0.732,0.642,2026-09-16
RELIANCE,105,159070,108080000,-1282000,104290469350.0,105,83956,56095000,660500,52380392300.0,0.519,0.528,2026-09-16
RVNL,52,12011,39610725,660275,5038793394.25,52,3686,18326000,-51975,1469715073.75,0.463,0.307,2026-09-16
SAGILITY,41,2676,47316000,564000,1544251080.0,42,1252,35040000,1008000,659510280.0,0.741,0.468,2026-09-16
SAIL,75,46,15848400,-51700,41205182.0,77,51,17117400,-79900,43305800.0,1.08,1.109,2026-09-16
SBICARD,65,11321,10772800,695200,6040226280.0,65,5104,6856800,106400,2534266280.0,0.636,0.451,2026-09-16
SBILIFE,79,11211,4485000,-137250,7344670518.75,76,5002,2145375,157875,3141839100.0,0.478,0.446,2026-09-16
SBIN,99,117772,76902000,-6629250,91194156150.0,97,80768,42626250,388500,59073742350.0,0.554,0.686,2026-09-16
SHREECEM,98,5513,117625,10700,3320340491.25,95,1647,53125,3575,897343327.5,0.452,0.299,2026-09-16
SHRIRAMFIN,58,17045,17729250,1001550,14719432736.25,58,9676,9754800,427350,7855234818.75,0.55,0.568,2026-09-16
SIEMENS,67,8842,1744925,-33250,6191695982.5,65,4319,1073450,55475,2802468978.75,0.615,0.488,2026-09-16
SOLARINDS,87,146502,2549400,330200,154643653597.5,88,101067,1076050,110150,91709814940.0,0.422,0.69,2026-09-16
SONACOMS,55,5590,8099700,220500,5658998852.5,52,4321,4715025,28175,4111751455.0,0.582,0.773,2026-09-16
SRF,46,7792,1303000,-12200,4042913360.0,45,2224,976400,-15400,1095185260.0,0.749,0.285,2026-09-16
SUNPHARMA,81,18034,10099250,-122850,11993702350.0,81,10639,4342100,72450,6856412675.0,0.43,0.59,2026-09-16
SUPREMEIND,65,2359,797650,-22750,1458224923.75,65,1070,434000,-3850,620261346.25,0.544,0.454,2026-09-16
SUZLON,59,12848,250939300,5397500,7706986618.0,57,3606,86182200,3848100,1960084472.0,0.343,0.281,2026-09-16
SWIGGY,52,15990,39947425,1339550,8449865887.5,51,5952,30112500,62050,2980755162.5,0.754,0.372,2026-09-16
TATACONSUM,93,22627,6753450,242000,12838854242.5,89,10172,5139750,159500,5623481105.0,0.761,0.45,2026-09-16
TATAELXSI,69,10945,1700250,10250,5001987231.25,69,6617,873000,79125,2693517706.25,0.513,0.605,2026-09-16
TATAPOWER,71,16160,35965800,46400,8894039870.0,71,15392,28420000,-832300,8112815975.0,0.79,0.952,2026-09-16
TATASTEEL,62,76433,127041750,-6435000,40515122120.0,62,33490,82786000,4801500,16805909752.5,0.652,0.438,2026-09-16
TCS,103,135143,15856875,3377025,70877955825.0,106,108308,10088775,-332100,54114112271.25,0.636,0.801,2026-09-16
TECHM,69,15798,9652800,353400,15626295690.0,70,11562,4935000,-554400,10777327500.0,0.511,0.732,2026-09-16
TIINDIA,62,3719,1107800,24600,2031801790.0,63,1790,516000,18800,918118700.0,0.466,0.481,2026-09-16
TITAN,71,16599,3166800,-204750,14785866707.5,71,15105,2062725,700,12821870932.5,0.651,0.91,2026-09-16
TMPV,71,45662,63305600,6721600,23588354160.0,71,20932,36476800,742400,10252919440.0,0.576,0.458,2026-09-16
TORNTPHARM,73,6038,638625,-10125,3792770768.75,71,3757,333250,19000,2249125606.25,0.522,0.622,2026-09-16
TRENT,51,15841,4751325,-234000,10445468467.5,51,7527,2181150,47250,4649538127.5,0.459,0.475,2026-09-16
TVSMOTOR,71,12085,3312050,-21350,9042638036.25,72,11836,1826650,49000,8243339737.5,0.552,0.979,2026-09-16
ULTRACEMCO,118,15665,870950,-6550,8830670635.0,122,5713,435000,550,3103631142.5,0.499,0.365,2026-09-16
UNIONBANK,64,6933,51626475,70800,5738624970.0,64,3407,41625975,1460250,2693729724.0,0.806,0.491,2026-09-16
UNITDSPR,65,2700,2568400,25600,1586725900.0,66,956,1616800,14800,539563380.0,0.629,0.354,2026-09-16
UNOMINDA,54,2891,2139500,95700,1974839927.5,54,1383,1274900,11000,892290080.0,0.596,0.478,2026-09-16
UPL,53,9973,10358975,1215435,7861786760.75,53,4720,7379330,-4065,3557385157.5,0.712,0.473,2026-09-16
VBL,47,9440,33235425,-289425,5279337483.75,47,4267,18384225,-369750,2246469356.25,0.553,0.452,2026-09-16
VEDL,59,18685,41303400,483000,5925149255.0,59,12997,25531150,948750,3899382797.5,0.618,0.696,2026-09-16
VMM,51,3318,35240100,-1057300,1761300295.0,50,1178,18662800,-412250,579728405.5,0.53,0.355,2026-09-16
VOLTAS,61,10192,6383625,166875,4631044537.5,61,4907,4240500,-107625,2121686550.0,0.664,0.481,2026-09-16
WAAREEENER,50,31953,3420025,440650,14999905646.25,51,9698,1285200,51100,4254175703.75,0.376,0.304,2026-09-16
WIPRO,69,24372,91068000,3576000,12984648540.0,69,13159,62901000,750000,6584476980.0,0.691,0.54,2026-09-16
YESBANK,29,45275,545898300,60396200,35191082777.0,28,19121,305495300,43384500,13891599653.0,0.56,0.422,2026-09-16
ZYDUSLIFE,96,4290,5837400,-18000,4487936580.0,96,2059,2937600,55800,2040988680.0,0.503,0.48,2026-09-16
360ONE,59,3224,2596000,0,1846668725.0,59,1117,1857000,40500,582296350.0,0.715,0.346,2026-09-17
ABB,67,14824,1304875,247000,13854392443.75,67,10129,988000,144375,9008889956.25,0.757,0.683,2026-09-17
ABCAPITAL,74,7590,14836600,-527000,9492175200.0,71,4505,14142200,703700,5386830940.0,0.953,0.594,2026-09-17
ADANIENSOL,90,8186,8727750,-579825,8055512336.25,88,3904,4434075,-143100,3683246242.5,0.508,0.477,2026-09-17
ADANIENT,56,23891,8816079,113094,22837499385.0,56,12876,5216538,-52839,11494403846.55,0.592,0.539,2026-09-17
ADANIGREEN,74,7720,5322600,24000,6180337140.0,73,3644,3843600,51000,2779657140.0,0.722,0.472,2026-09-17
ADANIPORTS,88,10512,8709600,-123500,8934904992.5,87,6848,7263225,-190000,5572826468.75,0.834,0.651,2026-09-17
ADANIPOWER,44,15775,67787250,-2442400,12129201930.0,44,7234,40981200,390500,5214541572.5,0.605,0.459,2026-09-17
ALKEM,91,9042,407625,14000,6205207781.25,89,3320,325500,51250,2148452806.25,0.799,0.367,2026-09-17
AMBER,76,9459,959100,-13300,6974642440.0,76,5849,612100,16900,3950100250.0,0.638,0.618,2026-09-17
AMBUJACEM,82,8232,17322000,39600,3994269600.0,80,2254,10266000,453600,1043554680.0,0.593,0.274,2026-09-17
ANGELONE,62,5817,29527500,310000,4531167625.0,62,2760,13842500,-307500,2012236875.0,0.469,0.474,2026-09-17
APLAPOLLO,83,7052,2959950,165900,5511464297.5,83,4935,1630650,57050,3617400132.5,0.551,0.7,2026-09-17
APOLLOHOSP,65,10388,1204625,-103500,11709920968.75,65,6973,970500,1875,7518610868.75,0.806,0.671,2026-09-17
ASHOKLEY,68,18769,109150000,4755000,15859136650.0,68,13446,66575000,2685000,10690244000.0,0.61,0.716,2026-09-17
ASIANPAINT,122,12914,5309750,-128250,8258693450.0,117,9490,3154250,-54000,5825824362.5,0.594,0.735,2026-09-17
ASTRAL,77,6923,3810125,-12325,4366077147.5,78,6678,3063825,-493425,3733097766.25,0.804,0.965,2026-09-17
ATHERENERG,82,18381,6747000,470625,11537749256.25,84,8583,2817000,84000,4903757475.0,0.418,0.467,2026-09-17
AUBANK,50,6077,9983000,-31000,6628547000.0,50,3777,6597000,-45000,3927623000.0,0.661,0.622,2026-09-17
AUROPHARMA,63,10145,6519150,242550,9696342535.0,63,6694,2690600,-59950,6107865802.5,0.413,0.66,2026-09-17
AXISBANK,57,39405,19497500,-340000,31649900562.5,57,29664,12011875,338125,22890819656.25,0.616,0.753,2026-09-17
BAJAJ-AUTO,89,19645,1784625,51600,17853031578.75,92,13224,1262775,6450,11331279735.0,0.708,0.673,2026-09-17
BAJAJFINSV,88,10877,6924000,2700,6321354795.0,87,5535,3601800,111900,3124283730.0,0.52,0.509,2026-09-17
BAJAJHLDNG,68,2360,103950,-11100,2151262530.0,68,1065,48450,2550,808297830.0,0.466,0.451,2026-09-17
BAJFINANCE,91,39798,23727750,2584500,31623353287.5,88,21750,14928000,25500,16751576550.0,0.629,0.547,2026-09-17
BANDHANBNK,45,91,31035600,-100800,59703804.0,41,41,20710800,-90000,25158852.0,0.667,0.451,2026-09-17
BANKBARODA,47,18553,57107700,3896100,13210666794.0,46,10038,45232200,1418625,6856168293.0,0.792,0.541,2026-09-17
BANKINDIA,46,6403,32349200,1414400,4846969192.0,46,2783,32869200,707200,2010587228.0,1.016,0.435,2026-09-17
BANKNIFTY,463,1472735,20096520,1146240,2554107242326.5,464,1301571,16909920,169800,2167989636333.0,0.841,0.884,2026-09-17
BDL,77,19168,12514550,193800,10123111720.0,77,8309,5986975,-148325,3966268767.5,0.478,0.433,2026-09-17
BEL,77,58682,60233325,-5386500,34316047368.75,76,24317,35693400,29925,13494638280.0,0.593,0.414,2026-09-17
BHARATFORG,105,8657,4091500,13000,8658351775.0,100,4796,2868000,-103000,4576248175.0,0.701,0.554,2026-09-17
BHARTIARTL,78,43244,24494800,-43225,38875642763.75,77,22076,13752200,348175,19192236537.5,0.561,0.51,2026-09-17
BHEL,75,30197,36406125,-3517500,35059191693.75,74,19458,26735625,4368000,21319799550.0,0.734,0.644,2026-09-17
BIOCON,81,14702,38080000,-415000,14710506250.0,79,5407,18397500,602500,5166380875.0,0.483,0.368,2026-09-17
BLUESTARCO,74,13035,1734525,70850,6706751870.0,72,4246,1454700,166725,2079221982.5,0.839,0.326,2026-09-17
BOSCHLTD,74,9272,157975,1800,12005055572.5,76,4263,160350,4025,4819679893.75,1.015,0.46,2026-09-17
BPCL,56,5647,12878975,33575,3544751330.0,55,4168,11184425,49375,2516357770.0,0.868,0.738,2026-09-17
BRITANNIA,92,11037,1475875,-31125,7259330862.5,93,4948,914125,-1375,3074145218.75,0.619,0.448,2026-09-17
BSE,39,80448,12110200,405600,56347589160.0,39,51208,7843600,265400,32828944430.0,0.648,0.637,2026-09-17
CAMS,78,5474,6494400,218625,3400363147.5,75,2351,4362600,178200,1365285487.5,0.672,0.429,2026-09-17
CANBK,47,10108,101337750,2983500,8810614552.5,47,4399,70733250,303750,3659831707.5,0.698,0.435,2026-09-17
CDSL,63,52083,10454750,-19000,35109578640.0,63,18991,5859600,15675,11936303500.0,0.56,0.365,2026-09-17
CGPOWER,48,31382,8666600,-230350,24299202067.5,48,11132,6510150,-59500,8184037617.5,0.751,0.355,2026-09-17
CHOLAFIN,71,8531,4105625,1031875,9930638312.5,69,6135,2523750,-116875,6885636906.25,0.615,0.719,2026-09-17
CIPLA,105,8968,6242825,-83725,5366206527.5,102,6345,3608250,-22100,3641577416.25,0.578,0.708,2026-09-17
COALINDIA,77,20088,41505750,342900,11783431462.5,77,11050,29231550,-550800,6222140145.0,0.704,0.55,2026-09-17
COCHINSHIP,80,12127,8104400,303200,6906020880.0,80,4745,3322400,1600,2536475840.0,0.41,0.391,2026-09-17
COFORGE,97,25030,12562325,518700,22449708970.0,97,18226,8598450,128725,15317361361.25,0.684,0.728,2026-09-17
COLPAL,87,12170,2906750,40975,6472258842.5,89,6739,2418625,-57750,3437331026.25,0.832,0.554,2026-09-17
CONCOR,87,4116,9017500,346250,2617085250.0,87,1408,5026250,48750,865353750.0,0.557,0.342,2026-09-17
CROMPTON,55,5716,24092900,578350,2981195461.0,54,1475,14224400,126850,718350883.5,0.59,0.258,2026-09-17
CUMMINSIND,52,6271,1203000,-11200,6529425490.0,52,3679,1153000,-32200,3598583720.0,0.958,0.587,2026-09-17
DABUR,77,11305,16498750,-165000,5638431750.0,77,7884,11380000,56250,3766783312.5,0.69,0.697,2026-09-17
DELHIVERY,89,4330,14139050,991850,4027527586.25,88,1633,8347725,-49800,1455755882.5,0.59,0.377,2026-09-17
DIVISLAB,73,30397,2235300,-700,29250260150.0,73,20080,1718400,110300,18144016585.0,0.769,0.661,2026-09-17
DIXON,56,65432,3076150,31950,46623400060.0,56,34010,1366600,-16050,21946960010.0,0.444,0.52,2026-09-17
DLF,61,22325,15470750,-1100100,14143165042.5,61,14475,7905900,484500,8680347932.5,0.511,0.648,2026-09-17
DMART,68,12648,2506200,105150,7406258662.5,69,4897,1441650,17550,2714776807.5,0.575,0.387,2026-09-17
DRREDDY,96,32166,10333125,130000,24112876562.5,95,15398,6540625,415000,11051029625.0,0.633,0.479,2026-09-17
EICHERMOT,75,14196,1777100,7900,11142688640.0,75,10279,1677100,-3400,7622587475.0,0.944,0.724,2026-09-17
ETERNAL,49,50859,66107925,-412250,41493249862.5,50,36036,35179475,2662650,28004784882.5,0.532,0.709,2026-09-17
FEDERALBNK,55,19889,33017500,5387500,17459082000.0,54,14774,22845000,5120000,12459768875.0,0.692,0.743,2026-09-17
FINNIFTY,256,13044,746340,67020,20372993994.0,256,12585,511500,88320,19163241645.0,0.685,0.965,2026-09-17
FORCEMOT,37,9689,182650,-17100,4667161071.25,38,7140,90125,9850,2789144197.5,0.493,0.737,2026-09-17
FORTIS,81,7642,2309500,204600,5406324631.25,81,2070,1805750,65875,1414313310.0,0.782,0.271,2026-09-17
GAIL,57,3143,28062750,-401150,1993946818.0,58,1661,18843400,-134900,999552164.5,0.671,0.528,2026-09-17
GLENMARK,92,3234,2201250,178125,3021160781.25,93,2204,1012125,17250,1950703181.25,0.46,0.682,2026-09-17
GMRAIRPORT,100,5859,60152400,-4652325,4047580503.0,94,2389,51322050,216225,1555574265.0,0.853,0.408,2026-09-17
GODFRYPHLP,50,2003,1010900,48950,1139606283.75,47,615,479325,28600,313712850.0,0.474,0.307,2026-09-17
GODREJCP,93,5750,7772500,-76000,2603203000.0,92,3155,5119000,-82000,1379061550.0,0.659,0.549,2026-09-17
GODREJPROP,120,17289,6370975,288275,10099410343.75,120,6003,3340025,52325,3245833922.5,0.524,0.347,2026-09-17
GRASIM,123,5937,2259000,4000,4869338487.5,123,3831,1275000,-33750,3039022712.5,0.564,0.645,2026-09-17
GVT&D,53,19895,2164000,3000,11442356306.25,55,8892,1497250,-46875,4756539575.0,0.692,0.447,2026-09-17
HAL,75,55796,4812900,-223500,41672964337.5,75,22913,2768550,-12300,16221317137.5,0.575,0.411,2026-09-17
HAVELLS,62,7336,5794500,455000,4194790150.0,62,2345,3134500,119500,1292200075.0,0.541,0.32,2026-09-17
HCLTECH,112,43456,11003600,-41600,22737711000.0,113,34050,7777600,206400,17005265360.0,0.707,0.784,2026-09-17
HDFCAMC,52,11939,2281800,82800,9374688015.0,51,1891,1632000,22500,1336537305.0,0.715,0.158,2026-09-17
HDFCBANK,72,304810,178519250,-3280550,149070601810.0,69,121412,99918000,-1587950,56345468107.5,0.56,0.398,2026-09-17
HDFCLIFE,106,89738,24451900,-2623500,56288999690.0,106,57621,20508400,3423200,34284101115.0,0.839,0.642,2026-09-17
HEROMOTOCO,53,29433,3214650,-177450,24406115640.0,53,12599,1592850,4500,9839565202.5,0.495,0.428,2026-09-17
HINDALCO,51,19095,13581400,-305200,13690559785.0,50,10443,9928800,2100,7136796310.0,0.731,0.547,2026-09-17
HINDPETRO,53,3618,14503050,1020600,2715763038.75,51,2298,12245175,155925,1645011180.0,0.844,0.635,2026-09-17
HINDUNILVR,92,37098,11603400,21600,22557196275.0,90,11712,6537300,-224700,6872529630.0,0.563,0.316,2026-09-17
HINDZINC,57,14498,29308125,525525,10838614167.5,60,6115,16539950,-246225,4239079976.25,0.564,0.422,2026-09-17
HYUNDAI,87,7593,1346125,-79750,4754818585.0,85,5437,1555950,37950,3164144390.0,1.156,0.716,2026-09-17
ICICIBANK,111,58176,43326500,1031800,56961064720.0,110,36627,23611700,288400,34693939490.0,0.545,0.63,2026-09-17
ICICIGI,82,14293,2609425,-385450,7134409701.25,83,5784,1688700,-7800,2749934492.5,0.647,0.405,2026-09-17
ICICIPRULI,95,23730,5489875,-931475,11126186102.5,95,11974,5169825,591075,5333943032.5,0.942,0.505,2026-09-17
IDEA,30,13087,2504055150,37167000,15276237390.0,30,2980,1116868350,30233925,2995670206.5,0.446,0.228,2026-09-17
IDFCFIRSTB,65,7935,138002725,-612150,6538564102.0,67,5317,101997175,3060750,4193397325.25,0.739,0.67,2026-09-17
IEX,49,2630,36479100,-1927050,1370008053.0,52,1134,20740800,334950,551056216.5,0.569,0.431,2026-09-17
INDHOTEL,55,7876,5766000,-43000,5868661000.0,56,5188,3881000,-157000,3741749200.0,0.673,0.659,2026-09-17
INDIANB,72,8699,8006000,-685000,7800829350.0,72,3817,5828000,-247000,3218619050.0,0.728,0.439,2026-09-17
INDIGO,50,27935,4007550,-46800,21206247277.5,49,17932,2433900,85500,12865455360.0,0.607,0.642,2026-09-17
INDUSINDBK,79,18835,6825700,-262500,13127547195.0,79,12259,6062000,-84700,8215400305.0,0.888,0.651,2026-09-17
INDUSTOWER,85,7466,20665200,411400,5003042965.0,86,4032,11408700,-27200,2557435800.0,0.552,0.54,2026-09-17
INFY,58,110640,39311200,2800,49502362400.0,57,74574,23479200,-237200,30964444760.0,0.597,0.674,2026-09-17
INOXWIND,38,66,37625600,-217600,36947584.0,37,19,23436800,-76800,8468480.0,0.623,0.288,2026-09-17
IOC,50,5571,47297250,3232125,3815195913.75,51,3599,35967750,-399750,2335398975.0,0.76,0.646,2026-09-17
IREDA,50,4286,56218600,-579200,2263697496.0,51,1449,32403525,665175,848072287.25,0.576,0.338,2026-09-17
IRFC,88,7046,78054900,2435825,3209653944.0,89,2241,50257200,1085000,964059335.75,0.644,0.318,2026-09-17
ITC,100,80442,112482075,515775,37949548567.5,100,47940,71475375,2076900,21847151047.5,0.635,0.596,2026-09-17
JINDALSTEL,53,7609,3983750,150625,5572661875.0,53,4831,4354375,260625,3360030406.25,1.093,0.635,2026-09-17
JIOFIN,95,35728,121126050,-3724750,20261530847.0,90,16212,71672650,-2368800,8644268458.5,0.592,0.454,2026-09-17
JSWENERGY,50,6049,7421800,-188125,3488713678.75,51,2223,3801200,-16125,1220175471.25,0.512,0.367,2026-09-17
JSWSTEEL,60,8137,8988300,-191025,7142301798.75,60,4033,5935950,147825,3400194982.5,0.66,0.496,2026-09-17
JUBLFOOD,82,10034,7831250,-113750,6323637875.0,81,3245,4216250,83750,1922173937.5,0.538,0.323,2026-09-17
KALYANKJIL,76,25363,29668950,114750,21357851850.0,75,13519,17998200,171450,10575182137.5,0.607,0.533,2026-09-17
KAYNES,76,946,2128350,-37800,548702805.0,76,269,1544850,-14100,141317212.5,0.726,0.284,2026-09-17
KEI,71,12909,4087475,-87850,11096915375.0,70,5513,2381050,175,4275210502.5,0.583,0.427,2026-09-17
KFINTECH,45,3834,3968075,-51750,2102614833.75,43,1218,1826200,-28750,610120281.25,0.46,0.318,2026-09-17
KOTAKBANK,66,15883,67486000,-1224000,13585728600.0,68,12145,40076000,-148000,10048911300.0,0.594,0.765,2026-09-17
KPITTECH,68,5477,7688775,775,2515052475.0,69,2939,3688225,148800,1263062837.5,0.48,0.537,2026-09-17
LAURUSLABS,66,24862,13844800,-251600,42524761817.5,66,14419,8990450,465800,23236781925.0,0.649,0.58,2026-09-17
LICHSGFIN,50,11841,9351000,1118000,6730809650.0,52,5927,7997000,592000,3204576200.0,0.855,0.501,2026-09-17
LICI,70,19847,24256400,2408000,11554050200.0,69,6338,15453200,418600,3546093740.0,0.637,0.319,2026-09-17
LODHA,64,10209,6605625,46250,7473873562.5,63,6278,6203125,-2500,4142465125.0,0.939,0.615,2026-09-17
LT,67,39394,7807975,-176225,27512918580.0,66,17420,4060000,42000,11721146622.5,0.52,0.442,2026-09-17
LTF,54,14647,24552000,4362750,10503577687.5,52,12270,19028250,391500,8394397987.5,0.775,0.838,2026-09-17
LTM,87,10092,1504650,63300,6822642240.0,87,6628,990000,70050,4196356995.0,0.658,0.657,2026-09-17
LUPIN,103,9524,4519025,-154700,8720119697.5,98,4200,3003900,87550,3667297927.5,0.665,0.441,2026-09-17
M&M,66,42557,8381400,-420400,27574071380.0,65,24267,4139200,30000,14898745230.0,0.494,0.57,2026-09-17
MAHABANK,81,6366,40917500,3744000,3586367720.0,81,2192,15320500,832000,1157906750.0,0.374,0.344,2026-09-17
MANAPPURAM,67,188,21072000,-312000,200968650.0,67,50,12450000,-72000,50282700.0,0.591,0.266,2026-09-17
MANKIND,103,3972,1188250,-30500,2371925262.5,101,2375,1073750,80500,1339777062.5,0.904,0.598,2026-09-17
MARICO,69,5852,6788400,67200,5903660160.0,65,4615,4636800,211200,4525184160.0,0.683,0.789,2026-09-17
MARUTI,124,80389,3770700,-233750,51956351210.0,124,40643,1690100,25000,24728455580.0,0.448,0.506,2026-09-17
MAXHEALTH,91,5838,3498600,-360675,3283537241.25,83,5031,2871225,335475,2774655187.5,0.821,0.862,2026-09-17
MAZDOCK,57,39695,5674500,1193400,21465332977.5,57,17077,2460150,181350,8449407506.25,0.434,0.43,2026-09-17
MCX,60,55519,7144650,-318600,42999265440.0,61,40085,4674825,-68400,28580900602.5,0.654,0.722,2026-09-17
MFSL,77,24824,1839200,152800,15848300520.0,77,12943,1714400,729200,7763143920.0,0.932,0.521,2026-09-17
MIDCPNIFTY,390,95220,8338920,-213360,168769517856.0,390,110913,7992840,489120,189354600912.0,0.958,1.165,2026-09-17
MOTHERSON,55,5322,38357550,2195550,5532015958.5,55,3656,35122650,768750,3549319980.0,0.916,0.687,2026-09-17
MOTILALOFS,52,5787,4033875,217000,4728102640.0,52,1416,1477150,44950,1045313490.0,0.366,0.245,2026-09-17
MPHASIS,46,6981,1362900,72600,4696470061.25,45,3741,839575,-50325,2375152560.0,0.616,0.536,2026-09-17
MUTHOOTFIN,67,23732,7058700,29425,19299887186.25,67,15682,3461975,-68750,11933081930.0,0.49,0.661,2026-09-17
NAM-INDIA,54,3686,2171875,196875,2788201406.25,54,1304,1249375,41875,908546281.25,0.575,0.354,2026-09-17
NATIONALUM,44,17442,33429375,3708750,12580479750.0,43,11947,20767500,755625,7958509406.25,0.621,0.685,2026-09-17
NAUKRI,53,5126,3406150,12650,3772689690.0,52,3411,1718750,155100,2350668072.5,0.505,0.665,2026-09-17
NBCC,44,2581,40729000,-3900000,1480255465.0,43,716,16770000,721500,378969630.0,0.412,0.277,2026-09-17
NESTLEIND,121,7522,3981500,106000,5383996000.0,119,3764,2053500,-133500,2620450325.0,0.516,0.5,2026-09-17
NHPC,63,2939,45175000,3662650,1613825306.0,63,1186,25172900,-896550,612988610.0,0.557,0.404,2026-09-17
NIFTY,841,31125801,283176155,34512580,48037380881688.25,857,29349282,279612920,40573705,43753860816220.75,0.987,0.943,2026-09-17
NIFTYFPI,242,35,61600,3300,62755330.0,242,4,38500,-1100,6340730.0,0.625,0.114,2026-09-17
NIFTYNXT50,543,576,10875,3525,1044629671.25,543,334,3050,675,597001535.0,0.28,0.58,2026-09-17
NMDC,81,4139,93703500,1883250,2423021512.5,81,1439,47405250,769500,787426650.0,0.506,0.348,2026-09-17
NTPC,55,10253,39552000,370500,5239404525.0,56,4433,16984500,210000,2174842275.0,0.429,0.432,2026-09-17
NYKAA,51,4729,10821875,1215625,5041763437.5,50,2268,5512500,278125,2325608593.75,0.509,0.48,2026-09-17
OBEROIRLTY,89,4100,3723650,85750,2618732025.0,86,1750,1569400,-23450,1037982820.0,0.421,0.427,2026-09-17
OFSS,91,10037,1022100,-47800,12231113520.0,93,5239,690400,28600,5869873860.0,0.675,0.522,2026-09-17
OIL,70,6041,9170000,226800,4285885660.0,72,5135,5233200,421400,3469214700.0,0.571,0.85,2026-09-17
ONGC,78,32152,72855000,2353500,17522805510.0,78,13685,22871250,695250,7204446135.0,0.314,0.426,2026-09-17
PAGEIND,72,5241,100420,-7300,3930672904.0,70,3394,47000,1380,2191848331.0,0.468,0.648,2026-09-17
PATANJALI,70,22163,11121950,-977175,9025157447.5,70,14951,6084500,-1378150,5753986358.75,0.547,0.675,2026-09-17
PAYTM,96,57023,20888700,475600,77295144562.5,99,33572,12148100,-1170150,42413510505.0,0.582,0.589,2026-09-17
PERSISTENT,48,15672,1915125,-110250,11350831618.75,49,8802,1286000,-15250,5937332806.25,0.671,0.562,2026-09-17
PETRONET,49,2709,10149800,85500,1523064510.0,49,1133,4514400,-368600,601189830.0,0.445,0.418,2026-09-17
PFC,79,15049,33631000,-653900,7226632010.0,78,4854,22669400,353600,2202407350.0,0.674,0.323,2026-09-17
PGEL,66,4181,6545500,-337250,2265103905.0,62,2153,3596700,-193800,1137382180.0,0.549,0.515,2026-09-17
PHOENIXLTD,78,4402,1029000,-138250,3030733562.5,78,1454,605850,-24850,931888930.0,0.589,0.33,2026-09-17
PIDILITIND,74,1527,1495500,21000,1250694675.0,74,725,995000,-10500,550286475.0,0.665,0.475,2026-09-17
PIIND,60,8792,1991150,-60375,3708980808.75,58,4401,1430975,-17850,1707607125.0,0.719,0.501,2026-09-17
PNB,80,23575,86920000,11440000,22934426640.0,80,13717,58792000,2008000,12855863360.0,0.676,0.582,2026-09-17
PNBHOUSING,49,13468,3553550,873600,10319613232.5,49,9856,1785550,471900,7113210812.5,0.502,0.732,2026-09-17
POLICYBZR,81,95650,4047750,1941800,61972610665.0,82,66023,3241350,889700,40499440992.5,0.801,0.69,2026-09-17
POLYCAB,97,15167,3161500,-84500,16581699881.25,97,6184,1981750,33375,6252912756.25,0.627,0.408,2026-09-17
POWERGRID,87,10800,37431900,304000,5625864090.0,86,5799,21547900,-38000,2892942945.0,0.576,0.537,2026-09-17
POWERINDIA,72,50461,633325,-40800,41518718736.25,70,13858,264525,4975,10392915282.5,0.418,0.275,2026-09-17
PREMIERENE,59,10686,7210450,708500,6714487032.5,59,6578,4438200,157300,3844357270.0,0.616,0.616,2026-09-17
PRESTIGE,87,4535,2747700,384750,3141139950.0,87,1840,2356650,135450,1211365867.5,0.858,0.406,2026-09-17
RADICO,60,4539,676950,108150,3114358140.0,60,1190,277650,-20250,765919267.5,0.41,0.262,2026-09-17
RBLBANK,75,7183,25984200,1212850,9615606721.25,76,3759,15024100,-965200,4752749575.0,0.578,0.523,2026-09-17
RECLTD,65,8977,24511725,937125,4637722792.5,66,3940,17169075,-86625,1946560533.75,0.7,0.439,2026-09-17
RELIANCE,105,202522,112600000,4520000,132107051875.0,105,78821,57345000,1250000,48954237400.0,0.509,0.389,2026-09-17
RVNL,52,12368,40201700,590975,5154376515.75,52,2637,18075750,-250250,1024355197.25,0.45,0.213,2026-09-17
SAGILITY,41,1793,48732000,1416000,1026247320.0,42,990,34656000,-384000,518910480.0,0.711,0.552,2026-09-17
SAIL,75,46,15839000,-9400,42981453.0,77,34,17056300,-61100,31881275.0,1.077,0.739,2026-09-17
SBICARD,65,13445,10212000,-560800,7227792240.0,65,6244,6854400,-2400,3109135480.0,0.671,0.464,2026-09-17
SBILIFE,79,35505,3939750,-545250,23847855675.0,76,16517,3003000,857625,10602216075.0,0.762,0.465,2026-09-17
SBIN,99,131087,78953250,2051250,101867655225.0,97,76121,42688500,62250,56110483087.5,0.541,0.581,2026-09-17
SHREECEM,100,5995,116300,-1325,3548516580.0,97,1256,53925,800,680445501.25,0.464,0.21,2026-09-17
SHRIRAMFIN,58,27895,17903325,174075,24093403908.75,58,10177,9843900,89100,8303487266.25,0.55,0.365,2026-09-17
SIEMENS,69,10649,1978200,233275,7485429201.25,67,7058,1099000,25550,4790961105.0,0.556,0.663,2026-09-17
SOLARINDS,89,70673,2542700,-6700,73791438352.5,89,25845,1021850,-54200,23358523415.0,0.402,0.366,2026-09-17
SONACOMS,60,8579,7923300,-176400,8727505823.75,57,4161,4923275,208250,3921912041.25,0.621,0.485,2026-09-17
SRF,46,45411,1775800,472800,23865647570.0,45,13090,1189800,213400,6644439850.0,0.67,0.288,2026-09-17
SUNPHARMA,81,20024,10021550,-77700,13330492332.5,81,9678,4421550,79450,6291766425.0,0.441,0.483,2026-09-17
SUPREMEIND,65,3105,813050,15400,1936999470.0,65,1337,461825,27825,763939785.0,0.568,0.431,2026-09-17
SUZLON,59,8327,251193300,254000,4888243716.0,57,2487,88125300,1943100,1361446223.0,0.351,0.299,2026-09-17
SWIGGY,52,16909,39589725,-357700,8954389966.25,51,8708,30214700,102200,4306180666.25,0.763,0.515,2026-09-17
TATACONSUM,93,16659,6409150,-344300,9537665142.5,89,7591,5072650,-67100,4219214670.0,0.791,0.456,2026-09-17
TATAELXSI,71,15486,1948125,247875,7023251168.75,71,4317,917375,44375,1792131731.25,0.471,0.279,2026-09-17
TATAPOWER,71,25939,33251400,-2714400,14339594547.5,71,13603,28121300,-298700,7149696685.0,0.846,0.524,2026-09-17
TATASTEEL,62,81798,121830500,-5211250,43649517257.5,62,45373,86570000,3784000,22919883140.0,0.711,0.555,2026-09-17
TCS,104,235366,17145675,1288800,122411324655.0,107,124916,10874250,785475,61495076790.0,0.634,0.531,2026-09-17
TECHM,69,15732,9688800,36000,15408707250.0,70,12419,5069400,134400,11530047270.0,0.523,0.789,2026-09-17
TIINDIA,62,4479,1137600,29800,2452243330.0,63,1629,568200,52200,824864140.0,0.499,0.364,2026-09-17
TITAN,71,17499,3334275,167475,15447051541.25,71,16342,2102275,39550,13856626743.75,0.631,0.934,2026-09-17
TMPV,71,134261,66571200,3265600,70686907360.0,71,58893,40160000,3683200,28773599120.0,0.603,0.439,2026-09-17
TORNTPHARM,77,4693,627875,-10750,2952195831.25,76,2288,334250,1000,1369141206.25,0.532,0.488,2026-09-17
TRENT,51,11651,4799025,47700,7671302066.25,51,4561,2164050,-17100,2835991822.5,0.451,0.391,2026-09-17
TVSMOTOR,73,54939,3431750,119700,41191115927.5,74,22881,1867075,40425,16296494943.75,0.544,0.416,2026-09-17
ULTRACEMCO,118,13185,820100,-50850,7432963350.0,122,4114,445350,10350,2220798075.0,0.543,0.312,2026-09-17
UNIONBANK,64,9885,54569100,2942625,8193068438.25,64,5726,41210025,-415950,4483189458.0,0.755,0.579,2026-09-17
UNITDSPR,65,3215,2536000,-32400,1907591120.0,66,912,1634400,17600,510257520.0,0.644,0.284,2026-09-17
UNOMINDA,54,4924,2308900,169400,3412330735.0,54,1640,1362900,88000,1058378612.5,0.59,0.333,2026-09-17
UPL,55,7361,10510735,151760,5793044643.5,55,3014,7525670,146340,2263275334.5,0.716,0.409,2026-09-17
VBL,47,17223,31586850,-1648575,9618726097.5,47,7586,17615400,-768825,4030789335.0,0.558,0.44,2026-09-17
VEDL,59,24337,46210450,4907050,7726148960.0,59,15596,25406950,-124200,4739472172.5,0.55,0.641,2026-09-17
VMM,51,2246,35448650,208550,1186384399.0,50,727,19104150,441350,350310262.0,0.539,0.324,2026-09-17
VOLTAS,61,12615,6365250,-18375,5720141025.0,61,2959,4276125,35625,1247643806.25,0.672,0.235,2026-09-17
WAAREEENER,50,19352,3437350,17325,8972713233.75,51,5731,1307075,21875,2473256817.5,0.38,0.296,2026-09-17
WIPRO,69,24629,93405000,2337000,12944959620.0,69,13108,63534000,633000,6509780610.0,0.68,0.532,2026-09-17
YESBANK,29,20178,529633000,-16265300,15590717053.0,28,6910,307330200,1834900,4945715442.0,0.58,0.342,2026-09-17
ZYDUSLIFE,96,4730,5491800,-345600,4995014985.0,96,2185,2871000,-66600,2176595550.0,0.523,0.462,2026-09-17
360ONE,59,2580,2467000,-129000,1463747425.0,59,1111,1918000,61000,584871000.0,0.777,0.431,2026-09-18
ABB,67,28427,1275750,-29125,26724107362.5,67,10168,1047750,59750,9057801250.0,0.821,0.358,2026-09-18
ABCAPITAL,76,12911,14216600,-620000,16484075160.0,75,10385,14734300,592100,12604002785.0,1.036,0.804,2026-09-18
ADANIENSOL,90,19002,8520525,-207225,19162390893.75,88,6566,4297050,-137025,6225247541.25,0.504,0.346,2026-09-18
ADANIENT,56,54545,8948331,132252,52292606099.55,56,22567,5375055,158517,20539568262.300003,0.601,0.414,2026-09-18
ADANIGREEN,74,47124,5638200,315600,38820909930.0,73,17229,3881400,37800,13442067720.0,0.688,0.366,2026-09-18
ADANIPORTS,88,41938,8585625,-123975,36004960788.75,87,25753,7431375,168150,21259188492.5,0.866,0.614,2026-09-18
ADANIPOWER,44,25409,64166250,-3621000,19600134081.5,44,12366,39557650,-1423550,8903851915.0,0.616,0.487,2026-09-18
ALKEM,91,5194,370375,-37250,3569135337.5,89,2962,320500,-5000,1942623687.5,0.865,0.57,2026-09-18
AMBER,76,6464,934800,-24300,4842664495.0,76,4796,593400,-18700,3298869360.0,0.635,0.742,2026-09-18
AMBUJACEM,82,19876,17445600,123600,9657818760.0,80,5936,10704000,438000,2782947420.0,0.614,0.299,2026-09-18
ANGELONE,62,9673,27050000,-2477500,7577345500.0,62,4499,13460000,-382500,3313915125.0,0.498,0.465,2026-09-18
APLAPOLLO,93,16979,2725100,-234850,13464386792.5,93,9300,1679300,48650,6952496022.5,0.616,0.548,2026-09-18
APOLLOHOSP,65,14440,1208375,3750,16314695393.75,65,8716,947875,-22625,9496154418.75,0.784,0.604,2026-09-18
ASHOKLEY,68,20402,103505000,-5645000,17410596100.0,68,11987,69315000,2740000,9500642700.0,0.67,0.588,2026-09-18
ASIANPAINT,122,16431,5355750,46000,10495994375.0,117,8222,3151250,-3000,5043295262.5,0.588,0.5,2026-09-18
ASTRAL,77,10292,4045575,235450,6552294062.5,78,4572,2909550,-154275,2648516806.25,0.719,0.444,2026-09-18
ATHERENERG,82,39196,6469875,-277125,24641718000.0,84,12757,2696250,-120750,7442816981.25,0.417,0.325,2026-09-18
AUBANK,50,7004,10715000,732000,7604616250.0,50,6837,6876000,279000,7139078050.0,0.642,0.976,2026-09-18
AUROPHARMA,63,13625,6581850,62700,13069812195.0,63,7400,2641100,-49500,6851605227.5,0.401,0.543,2026-09-18
AXISBANK,57,32754,19495625,-1875,26194842281.25,57,23997,11925625,-86250,18514464531.25,0.612,0.733,2026-09-18
BAJAJ-AUTO,89,19684,1864800,80175,17694577575.0,92,12426,1266150,3375,10640266755.0,0.679,0.631,2026-09-18
BAJAJFINSV,88,8861,6802800,-121200,5200666155.0,87,3727,3598800,-3000,2083378890.0,0.529,0.421,2026-09-18
BAJAJHLDNG,68,3887,90225,-13725,3468958376.25,68,1314,49950,1500,1011864641.25,0.554,0.338,2026-09-18
BAJFINANCE,91,32863,23604750,-123000,26187002212.5,88,20015,15102750,174750,15349839075.0,0.64,0.609,2026-09-18
BANDHANBNK,45,234,30571200,-464400,153056412.0,41,170,20318400,-392400,102835440.0,0.665,0.726,2026-09-18
BANKBARODA,47,13788,56253600,-854100,9815215995.0,46,5060,45325800,93600,3450030129.0,0.806,0.367,2026-09-18
BANKINDIA,46,4492,37289200,4940000,3404770616.0,46,4280,31610800,-1258400,3095693692.0,0.848,0.953,2026-09-18
BANKNIFTY,463,1418651,19777530,-318990,2457614625849.0,464,1247457,18085170,1175250,2082625776898.5,0.914,0.879,2026-09-18
BDL,77,20625,12047900,-466650,10957516387.5,77,10203,5935125,-51850,4803572275.0,0.493,0.495,2026-09-18
BEL,77,39629,59215875,-1017450,23299162893.75,76,17820,35951325,257925,9979014153.75,0.607,0.45,2026-09-18
BHARATFORG,105,36612,4391500,300000,37304979275.0,100,17376,3604500,736500,17049101675.0,0.821,0.475,2026-09-18
BHARTIARTL,78,78002,24938925,444125,70092376407.5,77,37579,14353075,600875,33010926610.0,0.576,0.482,2026-09-18
BHEL,75,16848,36516375,110250,19896215718.75,74,13372,28137375,1401750,14906889375.0,0.771,0.794,2026-09-18
BIOCON,81,8178,36080000,-2000000,8224644875.0,79,2845,18820000,422500,2738427875.0,0.522,0.348,2026-09-18
BLUESTARCO,74,7833,1753050,18525,4064902448.75,72,4790,1486550,31850,2357349816.25,0.848,0.612,2026-09-18
BOSCHLTD,74,11314,173975,16000,14340997246.25,76,7348,170250,9900,8463359043.75,0.979,0.649,2026-09-18
BPCL,56,7848,12343750,-535225,4979013117.5,55,6228,10963225,-221200,3773688688.75,0.888,0.794,2026-09-18
BRITANNIA,92,11004,1573875,98000,7148199612.5,93,3500,928375,14250,2171958325.0,0.59,0.318,2026-09-18
BSE,39,55797,12512600,402400,38906690840.0,39,30634,7824800,-18800,19546573350.0,0.625,0.549,2026-09-18
CAMS,78,4757,6332700,-161700,2929062551.25,75,1547,4302375,-60225,907831773.75,0.679,0.325,2026-09-18
CANBK,47,6648,100548000,-789750,5796376335.0,47,2567,69673500,-1059750,2107596915.0,0.693,0.386,2026-09-18
CDSL,63,44032,9997325,-457425,30124429486.25,63,17544,5762700,-96900,11182321322.5,0.576,0.398,2026-09-18
CGPOWER,48,33717,7926250,-740350,26874054877.5,48,15974,5985700,-524450,11986491707.5,0.755,0.474,2026-09-18
CHOLAFIN,71,8320,3935625,-170000,9712802156.25,69,3782,2529375,5625,4184576875.0,0.643,0.455,2026-09-18
CIPLA,105,12530,6154850,-87975,7559364478.75,102,7393,3602725,-5525,4278239252.5,0.585,0.59,2026-09-18
COALINDIA,77,43292,44911800,3406050,24997488367.5,77,32743,27765450,-1466100,18225900787.5,0.618,0.756,2026-09-18
COCHINSHIP,80,21798,7432000,-672400,12593511060.0,80,16127,3347600,25200,8253473300.0,0.45,0.74,2026-09-18
COFORGE,97,29529,12430750,-131575,26284454863.75,97,18585,8449775,-148675,15563238603.75,0.68,0.629,2026-09-18
COLPAL,87,13237,2906475,-275,7045094650.0,89,7560,2459875,41250,3839941641.25,0.846,0.571,2026-09-18
CONCOR,87,6738,8733750,-283750,4282157875.0,87,1685,5113750,87500,1038479687.5,0.586,0.25,2026-09-18
CROMPTON,55,2726,23400600,-692300,1419612320.0,54,729,14181400,-43000,354225593.5,0.606,0.267,2026-09-18
CUMMINSIND,52,6006,1115200,-87800,6323681380.0,52,3698,1120800,-32200,3692829640.0,1.005,0.616,2026-09-18
DABUR,77,7716,15790000,-708750,3839251500.0,77,4757,11268750,-111250,2272097125.0,0.714,0.617,2026-09-18
DELHIVERY,89,3492,15525150,1386100,3246518336.25,88,1101,8553150,205425,962713368.75,0.551,0.315,2026-09-18
DIVISLAB,73,30976,2246100,10800,29977817275.0,73,19563,1716600,-1800,17934112365.0,0.764,0.632,2026-09-18
DIXON,56,78160,3223250,147100,55463362255.0,56,43070,1459000,92400,27733480220.0,0.453,0.551,2026-09-18
DLF,61,18399,15010000,-460750,11832707520.0,61,12888,8687750,781850,7841540872.5,0.579,0.7,2026-09-18
DMART,68,19282,2436300,-69900,11197738042.5,69,10330,1468950,27300,5658146782.5,0.603,0.536,2026-09-18
DRREDDY,96,73788,11712500,1379375,56412362750.0,95,26588,6706250,165625,19574674406.25,0.573,0.36,2026-09-18
EICHERMOT,75,13362,1712100,-65000,10489806145.0,75,6700,1678000,900,4978965365.0,0.98,0.501,2026-09-18
ETERNAL,49,35139,66442575,334650,28849145632.5,50,24993,40970375,5790900,19546311647.5,0.617,0.711,2026-09-18
FEDERALBNK,59,26276,35887500,2870000,22675461000.0,58,22392,24997500,2152500,18637506500.0,0.697,0.852,2026-09-18
FINNIFTY,256,15704,734580,-11760,24572173104.0,256,18103,492960,-18540,27459065694.0,0.671,1.153,2026-09-18
FORCEMOT,37,13391,178100,-4550,6534493890.0,38,8523,83650,-6475,3360166460.0,0.47,0.636,2026-09-18
FORTIS,81,2100,2193250,-116250,1488681845.0,81,761,1754600,-51150,523125503.75,0.8,0.362,2026-09-18
GAIL,57,4057,27345650,-717100,2584983620.0,58,2446,17813900,-1029500,1474757685.0,0.651,0.603,2026-09-18
GLENMARK,92,3319,2214750,13500,3095494912.5,93,1349,1026000,13875,1203639056.25,0.463,0.406,2026-09-18
GMRAIRPORT,100,6933,55130400,-5022000,4878934031.25,94,3280,51391800,69750,2204940557.25,0.932,0.473,2026-09-18
GODFRYPHLP,50,6238,1006500,-4400,3582772311.25,47,1492,496925,17600,793079636.25,0.494,0.239,2026-09-18
GODREJCP,93,11193,7622500,-150000,5070503625.0,92,2650,5091500,-27500,1161202075.0,0.668,0.237,2026-09-18
GODREJPROP,120,19153,6474325,103350,11222187973.75,120,7864,3391050,51025,4380971725.0,0.524,0.411,2026-09-18
GRASIM,123,6551,2239750,-19250,5382501825.0,123,3792,1217750,-57250,2999036962.5,0.544,0.579,2026-09-18
GVT&D,53,17224,2044000,-120000,10065969556.25,55,8096,1410625,-86625,4318860675.0,0.69,0.47,2026-09-18
HAL,75,71847,4889250,76350,54166551997.5,75,37633,3076950,308400,26969863177.5,0.629,0.524,2026-09-18
HAVELLS,62,7347,5479500,-315000,4235442700.0,62,2013,3158500,24000,1113611000.0,0.576,0.274,2026-09-18
HCLTECH,112,32387,11258400,254800,16829794440.0,113,18789,7420000,-357600,9368003880.0,0.659,0.58,2026-09-18
HDFCAMC,52,16617,2228100,-53700,13070088555.0,51,2506,1580400,-51600,1809432300.0,0.709,0.151,2026-09-18
HDFCBANK,72,482200,169453050,-9066200,236153547760.0,69,287942,106011100,6093100,134538999920.0,0.626,0.597,2026-09-18
HDFCLIFE,107,21241,23760000,-691900,13430038820.0,107,18344,19153200,-1355200,11192618855.0,0.806,0.864,2026-09-18
HEROMOTOCO,53,29356,3151500,-63150,24647532045.0,53,11163,1484250,-108600,8802034147.5,0.471,0.38,2026-09-18
HINDALCO,51,36843,15534400,1953000,26539436245.0,50,16339,10510500,581700,11216125690.0,0.677,0.443,2026-09-18
HINDPETRO,53,5134,14035275,-467775,3846341902.5,51,3245,12686625,441450,2320979366.25,0.904,0.632,2026-09-18
HINDUNILVR,92,27547,11665500,62100,16650846105.0,90,8078,6486600,-50700,4776926175.0,0.556,0.293,2026-09-18
HINDZINC,57,47518,30700950,1392825,35646087697.5,60,20716,17116925,576975,14622519362.5,0.558,0.436,2026-09-18
HYUNDAI,87,4238,1389850,43725,2627188740.0,85,1721,1534775,-21175,1014963097.5,1.104,0.406,2026-09-18
ICICIBANK,114,71668,46393900,3067400,69829073195.0,113,34482,23755200,143500,32696614720.0,0.512,0.481,2026-09-18
ICICIGI,82,4071,2605200,-4225,2046598840.0,83,2556,1672775,-15925,1224658402.5,0.642,0.628,2026-09-18
ICICIPRULI,95,10742,5891325,401450,5060693823.75,95,5061,5280825,111000,2303993098.75,0.896,0.471,2026-09-18
IDEA,30,21286,2529071400,25016250,24050501242.5,30,6093,1142099025,25230675,6026601174.75,0.452,0.286,2026-09-18
IDFCFIRSTB,65,7840,138485025,482300,6490442526.75,67,5463,101533425,-463750,4355390208.75,0.733,0.697,2026-09-18
IEX,49,2813,35652600,-826500,1479925419.0,52,926,21001800,261000,468391339.5,0.589,0.329,2026-09-18
INDHOTEL,55,17796,6283000,517000,13460961850.0,56,7225,4117000,236000,5249790900.0,0.655,0.406,2026-09-18
INDIANB,72,3794,7845000,-161000,3368036450.0,72,1515,5768000,-60000,1285367300.0,0.735,0.399,2026-09-18
INDIGO,50,52478,4333200,325650,40469969212.5,49,25162,2677800,243900,18236882580.0,0.618,0.479,2026-09-18
INDUSINDBK,79,13302,6866300,40600,9225354985.0,79,7036,6206900,144900,4771242070.0,0.904,0.529,2026-09-18
INDUSTOWER,85,5651,20706000,40800,3776847330.0,86,2519,11146900,-261800,1605849920.0,0.538,0.446,2026-09-18
INFY,58,135475,41018000,1706800,59940833620.0,57,87891,23968800,489600,36614240020.0,0.584,0.649,2026-09-18
INOXWIND,38,96,37286400,-339200,50830400.0,37,35,23308800,-128000,17528832.0,0.625,0.365,2026-09-18
IOC,50,5334,46585500,-711750,3654890557.5,51,3967,37547250,1579500,2580919185.0,0.806,0.744,2026-09-18
IREDA,50,8023,53490025,-2728575,4210680151.25,51,2454,32290400,-113125,1292569643.75,0.604,0.306,2026-09-18
IRFC,88,9914,69966225,-8088675,4530478531.25,89,2735,49747250,-509950,1189864870.25,0.711,0.276,2026-09-18
ITC,100,49211,113544675,1062600,23179067880.0,100,20667,69629625,-1845750,9454622362.5,0.613,0.42,2026-09-18
JINDALSTEL,53,5408,4273750,290000,3945278500.0,53,3018,4335625,-18750,2117498906.25,1.014,0.558,2026-09-18
JIOFIN,95,25865,117330800,-3795250,14816498127.0,90,10377,71301350,-371300,5607047407.0,0.608,0.401,2026-09-18
JSWENERGY,50,6065,6887525,-534275,3501808952.5,51,2695,3857100,55900,1491575131.25,0.56,0.444,2026-09-18
JSWSTEEL,60,15854,8782425,-205875,13975726095.0,60,6611,6194475,258525,5651296728.75,0.705,0.417,2026-09-18
JUBLFOOD,82,15784,8402500,571250,10062554250.0,81,6545,5078750,862500,3967553625.0,0.604,0.415,2026-09-18
KALYANKJIL,76,19145,28084050,-1584900,15984828427.5,75,7992,17867250,-130950,6249236265.0,0.636,0.417,2026-09-18
KAYNES,76,48125,2918550,790200,27591025867.5,76,18536,1576200,31350,9770042572.5,0.54,0.385,2026-09-18
KEI,71,21483,4051075,-36400,18313724607.5,70,7822,2280600,-100450,6211320508.75,0.563,0.364,2026-09-18
KFINTECH,45,2946,3911150,-56925,1605588628.75,43,1093,1806075,-20125,559811346.25,0.462,0.371,2026-09-18
KOTAKBANK,66,12364,66980000,-506000,10557916400.0,68,9671,40080000,4000,8039606000.0,0.598,0.782,2026-09-18
KPITTECH,68,18798,8974500,1285725,8476736022.5,69,20731,5630375,1942150,8541120387.5,0.627,1.103,2026-09-18
LAURUSLABS,66,23336,14529050,684250,40390598180.0,66,12989,9385700,395250,21245264480.0,0.646,0.557,2026-09-18
LICHSGFIN,50,4881,9288000,-63000,2776384750.0,52,3294,7368000,-629000,1737061500.0,0.793,0.675,2026-09-18
LICI,70,8556,24987200,730800,4995875710.0,69,2051,15342600,-110600,1149984080.0,0.614,0.24,2026-09-18
LODHA,64,49993,6806250,200625,37342836750.0,63,24481,6068750,-134375,17199540656.25,0.892,0.49,2026-09-18
LT,67,32867,7458325,-349650,22976599213.75,66,15231,4124050,64050,10297376783.75,0.553,0.463,2026-09-18
LTF,54,14702,22745250,-1806750,10662607687.5,52,7514,19836000,807750,5145006150.0,0.872,0.511,2026-09-18
LTM,87,12193,1609800,105150,8181828517.5,87,6625,948900,-41100,4201992255.0,0.589,0.543,2026-09-18
LUPIN,103,8856,4571300,52275,8172845646.25,98,3507,2966075,-37825,3112144397.5,0.649,0.396,2026-09-18
M&M,66,38290,8598200,216800,24612816680.0,65,17824,4070600,-68600,10956530920.0,0.473,0.466,2026-09-18
MAHABANK,81,2713,37615500,-3302000,1516911630.0,81,1031,15892500,572000,546028925.0,0.422,0.38,2026-09-18
MANAPPURAM,69,480,20421000,-651000,500509200.0,69,30,12375000,-75000,33195750.0,0.606,0.062,2026-09-18
MANKIND,103,2906,1136500,-51750,1750469325.0,101,2033,1195250,121500,1149201137.5,1.052,0.7,2026-09-18
MARICO,69,5345,7173600,385200,5386988880.0,65,4332,4861200,224400,4260741180.0,0.678,0.81,2026-09-18
MARUTI,124,110445,4359950,589250,70890879097.5,124,56078,1788650,98550,34137383690.0,0.41,0.508,2026-09-18
MAXHEALTH,91,12150,3450300,-48300,6853688073.75,83,5586,2889075,17850,3044540992.5,0.837,0.46,2026-09-18
MAZDOCK,59,39656,5492475,-182025,21347765246.25,59,12526,2513250,53100,6209881751.25,0.458,0.316,2026-09-18
MCX,60,51360,7376625,231975,39649761405.0,61,30419,4716000,41175,21907087661.25,0.639,0.592,2026-09-18
MFSL,77,5873,1786400,-52800,3788638580.0,77,4084,1752000,37600,2508316820.0,0.981,0.695,2026-09-18
MIDCPNIFTY,390,92908,8256120,-82800,165242640630.0,390,123779,7929840,-63000,211894871334.0,0.96,1.332,2026-09-18
MOTHERSON,55,5236,38646600,289050,5470395972.0,55,3487,33585150,-1537500,3429413676.0,0.869,0.666,2026-09-18
MOTILALOFS,52,2851,3934675,-99200,2333561115.0,52,1059,1465525,-11625,797137565.0,0.372,0.371,2026-09-18
MPHASIS,46,4850,1393150,30250,3220277953.75,45,3155,911625,72050,1979318055.0,0.654,0.651,2026-09-18
MUTHOOTFIN,67,27838,6781500,-277200,22838659360.0,67,11635,3528250,66275,9000101660.0,0.52,0.418,2026-09-18
NAM-INDIA,54,4261,2010625,-161250,3192583812.5,54,1345,1223750,-25625,940818500.0,0.609,0.316,2026-09-18
NATIONALUM,44,16709,35439375,2010000,11905608375.0,43,5639,21258750,491250,3773279250.0,0.6,0.337,2026-09-18
NAUKRI,53,6045,3265900,-140250,4411767855.0,52,4881,1822150,103400,3391752320.0,0.558,0.807,2026-09-18
NBCC,44,3284,39487500,-1241500,1880968050.0,43,766,17270500,500500,419830580.0,0.437,0.233,2026-09-18
NESTLEIND,121,42800,5393000,1411500,30004668950.0,119,68609,4691500,2638000,46176902850.0,0.87,1.603,2026-09-18
NHPC,63,3333,45126350,-48650,1828365481.5,63,2144,25207650,34750,1121562783.0,0.559,0.643,2026-09-18
NIFTY,842,41942041,303849150,20672995,64471768663217.5,858,41601926,322763055,43150135,62385880249696.25,1.062,0.992,2026-09-18
NIFTYFPI,242,16,64900,3300,28593510.0,242,20,34100,-4400,31790550.0,0.525,1.25,2026-09-18
NIFTYNXT50,543,432,11150,275,786078980.0,543,138,3275,225,249264228.75,0.294,0.319,2026-09-18
NMDC,81,7965,95850000,2146500,4626217800.0,81,2886,48903750,1498500,1626671767.5,0.51,0.362,2026-09-18
NTPC,55,12702,39210000,-342000,6495499050.0,56,4434,16338000,-646500,2183208375.0,0.417,0.349,2026-09-18
NYKAA,53,2752,10446875,-375000,2912314843.75,53,1072,5590625,78125,1091869687.5,0.535,0.39,2026-09-18
OBEROIRLTY,89,7597,3778600,54950,4867191175.0,86,2718,1551200,-18200,1643138385.0,0.411,0.358,2026-09-18
OFSS,91,7058,1033100,11000,8605836075.0,93,4954,734000,43600,5700776855.0,0.71,0.702,2026-09-18
OIL,70,6765,9097200,-72800,4731077610.0,72,4347,5153400,-79800,2945703950.0,0.566,0.643,2026-09-18
ONGC,78,21267,70663500,-2191500,11509384477.5,78,9789,22254750,-616500,5135962432.5,0.315,0.46,2026-09-18
PAGEIND,72,7264,96840,-3580,5484767714.0,70,5795,48720,1720,3904720625.0,0.503,0.798,2026-09-18
PATANJALI,70,15076,10073825,-1048125,6100714816.25,70,6292,6287675,203175,2410652293.75,0.624,0.417,2026-09-18
PAYTM,96,71833,18522300,-2366400,97533031927.5,99,39258,11213575,-934525,49785178228.75,0.605,0.547,2026-09-18
PERSISTENT,48,17807,1988125,73000,12666965493.75,49,11816,1308625,22625,7943336206.25,0.658,0.664,2026-09-18
PETRONET,49,2087,9788800,-361000,1178109535.0,49,1499,4356700,-157700,811349685.0,0.445,0.718,2026-09-18
PFC,79,13930,33289100,-341900,6558371690.0,78,5899,23071100,401700,2688684375.0,0.693,0.423,2026-09-18
PGEL,66,4452,6460000,-85500,2383655070.0,62,1695,3631850,35150,851346442.5,0.562,0.381,2026-09-18
PHOENIXLTD,78,3197,1006250,-22750,2203006540.0,78,1835,604450,-1400,1193160237.5,0.601,0.574,2026-09-18
PIDILITIND,74,10154,1582500,87000,8294845150.0,74,3494,1226500,231500,2739066525.0,0.775,0.344,2026-09-18
PIIND,60,7897,2050300,59150,3371577291.25,58,3481,1379350,-51625,1366128496.25,0.673,0.441,2026-09-18
PNB,80,9563,83016000,-3904000,9238506240.0,80,5417,58560000,-232000,5061022480.0,0.705,0.566,2026-09-18
PNBHOUSING,50,6563,3226600,-326950,5012180485.0,50,3312,1889550,104000,2380538030.0,0.586,0.505,2026-09-18
POLICYBZR,81,19673,3479350,-568400,12733795252.5,82,6949,3167150,-74200,4230887587.5,0.91,0.353,2026-09-18
POLYCAB,97,23931,2948375,-213125,26181157593.75,97,11861,1944500,-37250,12079904768.75,0.66,0.496,2026-09-18
POWERGRID,87,12957,35826400,-1605500,6756260635.0,86,6598,22057100,509200,3288381110.0,0.616,0.509,2026-09-18
POWERINDIA,72,47276,601575,-31750,39789534588.75,70,21379,307550,43025,16512726985.0,0.511,0.452,2026-09-18
PREMIERENE,59,13903,7476300,265850,8503866507.5,59,9533,4806100,367900,5599945455.0,0.643,0.686,2026-09-18
PRESTIGE,87,3808,2718000,-29700,2617044952.5,87,1136,2360250,3600,740981070.0,0.868,0.298,2026-09-18
RADICO,60,2771,709800,32850,1889118870.0,60,1044,295350,17700,667904460.0,0.416,0.377,2026-09-18
RBLBANK,75,4100,25238075,-746125,5483875557.5,76,1873,15767050,742950,2395366685.0,0.625,0.457,2026-09-18
RECLTD,65,11005,24544800,33075,5636525343.75,66,3471,17219475,50400,1749236816.25,0.702,0.315,2026-09-18
RELIANCE,105,206590,112863500,263500,134276118100.0,105,80753,60230000,2885000,50327737425.0,0.534,0.391,2026-09-18
RVNL,52,28965,35895475,-4306225,12144387062.5,52,10379,18468450,392700,4073708870.0,0.515,0.358,2026-09-18
SAGILITY,41,4486,48780000,48000,2593489800.0,42,2439,35892000,1236000,1296369600.0,0.736,0.544,2026-09-18
SAIL,75,23,15792000,-47000,21840430.0,77,11,17023400,-32900,8821242.0,1.078,0.478,2026-09-18
SBICARD,65,6861,10121600,-90400,3700630080.0,65,4291,6827200,-27200,2149654840.0,0.675,0.625,2026-09-18
SBILIFE,79,10909,3881625,-58125,7377460818.75,76,7784,2577000,-426000,5101532531.25,0.664,0.714,2026-09-18
SBIN,99,82821,75649500,-3303750,64347408412.5,97,47665,42524250,-164250,35261931600.0,0.562,0.576,2026-09-18
SHREECEM,100,90829,205400,89100,54115964378.75,97,28859,77900,23975,16014989356.25,0.379,0.318,2026-09-18
SHRIRAMFIN,58,21737,16227750,-1675575,18911827770.0,58,8295,9937950,94050,6882947486.25,0.612,0.382,2026-09-18
SIEMENS,69,15897,1834000,-144200,11151689552.5,67,5688,1126475,27475,3773658910.0,0.614,0.358,2026-09-18
SOLARINDS,89,68332,2551950,9250,70705603130.0,89,21779,1032050,10200,19971643952.5,0.404,0.319,2026-09-18
SONACOMS,60,22436,8451275,527975,22939229092.5,57,7771,5375300,452025,7539842905.0,0.636,0.346,2026-09-18
SRF,46,12012,1611000,-164800,6319520760.0,45,6375,1120400,-69400,3260621420.0,0.695,0.531,2026-09-18
SUNPHARMA,81,26161,10150350,128800,17453558465.0,81,13380,4211200,-210350,8662175760.0,0.415,0.511,2026-09-18
SUPREMEIND,67,61071,1005725,192675,38180049171.25,67,21740,665525,203700,12979219907.5,0.662,0.356,2026-09-18
SUZLON,59,11265,249262900,-1930400,6662410475.0,57,3927,89242900,1117600,2183746966.0,0.358,0.349,2026-09-18
SWIGGY,52,17620,38690000,-899725,9339806058.75,51,5930,30232950,18250,2987125781.25,0.781,0.337,2026-09-18
TATACONSUM,93,10220,6300800,-108350,5853136630.0,89,5493,4897750,-174900,3042577972.5,0.777,0.537,2026-09-18
TATAELXSI,71,16177,1976125,28000,7298567287.5,71,5248,973125,55750,2235410425.0,0.492,0.324,2026-09-18
TATAPOWER,71,19564,32101550,-1149850,10783198542.5,71,12247,28143050,21750,6483004882.5,0.877,0.626,2026-09-18
TATASTEEL,62,45333,123904000,2073500,24211646360.0,62,32118,84232500,-2337500,16337252635.0,0.68,0.708,2026-09-18
TCS,104,308012,27176400,10030725,155745982822.5,107,181577,13477725,2603475,86545254285.0,0.496,0.59,2026-09-18
TECHM,69,19639,9927600,238800,18980698500.0,70,13655,5213400,144000,12601620870.0,0.525,0.695,2026-09-18
TIINDIA,62,3670,1152000,14400,2003708490.0,63,1383,598200,30000,722235320.0,0.519,0.377,2026-09-18
TITAN,73,36129,3800475,466200,31509717128.75,73,33479,2202550,100275,28149939763.75,0.58,0.927,2026-09-18
TMPV,71,108025,75697600,9126400,55926245120.0,71,51663,41980800,1820800,25154860560.0,0.555,0.478,2026-09-18
TORNTPHARM,77,4194,627000,-875,2640994887.5,76,1859,347625,13375,1113042456.25,0.554,0.443,2026-09-18
TRENT,51,12853,4804650,5625,8427775061.25,51,5160,2164950,900,3213693528.75,0.451,0.401,2026-09-18
TVSMOTOR,73,24172,3039050,-392700,18203491066.25,74,16253,1760500,-106575,11618693423.75,0.579,0.672,2026-09-18
ULTRACEMCO,118,38776,816350,-3750,21877895305.0,122,15655,471250,25900,8577692380.0,0.577,0.404,2026-09-18
UNIONBANK,64,4760,54542550,-26550,3960023035.5,64,3241,44400450,3190425,2542405167.0,0.814,0.681,2026-09-18
UNITDSPR,65,8097,2416800,-119200,4699435240.0,66,2946,1706800,72400,1650643340.0,0.706,0.364,2026-09-18
UNOMINDA,58,9372,2167000,-141900,6556584485.0,58,5236,1585650,222750,3461985587.5,0.732,0.559,2026-09-18
UPL,55,11772,9348145,-1162590,9243599636.25,55,4774,7394235,-131435,3629097922.75,0.791,0.406,2026-09-18
VBL,47,19585,28836675,-2750175,10993863450.0,47,8846,17259675,-355725,4752599411.25,0.599,0.452,2026-09-18
VEDL,59,35312,48777250,2566800,11209906002.5,59,12848,25001000,-405950,3868473960.0,0.513,0.364,2026-09-18
VMM,51,2339,37762100,2313450,1231348215.5,50,743,19409700,305550,359880282.0,0.514,0.318,2026-09-18
VOLTAS,61,8457,6525375,160125,3813430500.0,61,2969,4312125,36000,1271581462.5,0.661,0.351,2026-09-18
WAAREEENER,53,25957,3273025,-164325,11937525022.5,54,9379,1275925,-31150,4102956392.5,0.39,0.361,2026-09-18
WIPRO,69,38319,103914000,10509000,19953266220.0,69,21291,68250000,4716000,10496514960.0,0.657,0.556,2026-09-18
YESBANK,29,7587,532991800,3358800,5822437815.0,28,3250,304033600,-3296600,2310391943.0,0.57,0.428,2026-09-18
ZYDUSLIFE,96,25234,5729400,237600,27132539040.0,96,7748,3132900,261900,7974428805.0,0.547,0.307,2026-09-18
360ONE,59,3122,2510500,43500,1770443225.0,59,1524,1940500,22500,814819050.0,0.773,0.488,2026-09-21
ABB,67,10781,1265000,-10750,10188435275.0,67,6583,997125,-50625,5783718987.5,0.788,0.611,2026-09-21
ABCAPITAL,76,4284,14638200,421600,5522501045.0,75,2533,14272400,-461900,3123406705.0,0.975,0.591,2026-09-21
ADANIENSOL,90,7281,8685900,165375,7398518366.25,88,2912,4293675,-3375,2743847021.25,0.494,0.4,2026-09-21
ADANIENT,56,33616,8542614,-405717,32421892022.1,56,18210,5243421,-131634,16593211347.900002,0.614,0.542,2026-09-21
ADANIGREEN,74,14096,5886000,247800,11634222270.0,73,4709,3708000,-173400,3657392190.0,0.63,0.334,2026-09-21
ADANIPORTS,95,41428,9508075,922450,35960164227.5,95,25646,8005650,574275,21365377378.75,0.842,0.619,2026-09-21
ADANIPOWER,44,22916,68447550,4281300,17760960376.5,44,8266,38609800,-947850,5934712109.5,0.564,0.361,2026-09-21
ALKEM,93,3814,355500,-14875,2644752468.75,92,2285,333750,13250,1493939056.25,0.939,0.599,2026-09-21
AMBER,76,7217,940100,5300,5379679185.0,76,4686,583100,-10300,3205450620.0,0.62,0.649,2026-09-21
AMBUJACEM,82,8074,18343200,897600,3951384480.0,80,3544,11058000,354000,1675151520.0,0.603,0.439,2026-09-21
ANGELONE,62,9011,27572500,522500,7067299000.0,62,3798,13617500,157500,2798383125.0,0.494,0.421,2026-09-21
APLAPOLLO,93,11125,3003350,278250,8865005502.5,93,5232,1689100,9800,3971432080.0,0.562,0.47,2026-09-21
APOLLOHOSP,65,23575,1248000,39625,26816109156.25,65,13389,1079500,131625,14641442318.75,0.865,0.568,2026-09-21
ASHOKLEY,68,10827,105990000,2485000,9312475000.0,68,4724,69365000,50000,3775097250.0,0.654,0.436,2026-09-21
ASIANPAINT,122,14882,5127250,-228500,9498726000.0,117,6257,2966250,-185000,3806468937.5,0.579,0.42,2026-09-21
ASTRAL,77,4319,3936350,-109225,2766090272.5,78,2352,2773975,-135575,1361519970.0,0.705,0.545,2026-09-21
ATHERENERG,82,17195,6849375,379500,10892503818.75,84,6361,2808000,111750,3717963468.75,0.41,0.37,2026-09-21
AUBANK,50,5646,10635000,-80000,6096609550.0,50,3017,6776000,-100000,3131184150.0,0.637,0.534,2026-09-21
AUROPHARMA,64,16844,6780950,199100,16462369165.0,64,8910,2927100,286000,8345139687.5,0.432,0.529,2026-09-21
AXISBANK,57,29870,19363125,-132500,23902155406.25,57,18373,11930625,5000,14125773250.0,0.616,0.615,2026-09-21
BAJAJ-AUTO,89,19922,1836750,-28050,17951944177.5,92,10918,1300350,34200,9260885291.25,0.708,0.548,2026-09-21
BAJAJFINSV,88,8903,6770700,-32100,5168228295.0,87,3498,3631200,32400,1950499545.0,0.536,0.393,2026-09-21
BAJAJHLDNG,68,2598,84600,-5625,2326055535.0,68,626,56475,6525,493909968.75,0.668,0.241,2026-09-21
BAJFINANCE,91,28994,26526750,2922000,23390869800.0,88,12971,15383250,280500,10018308225.0,0.58,0.447,2026-09-21
BANDHANBNK,45,830,29620800,-950400,544216320.0,41,827,20156400,-162000,499652964.0,0.68,0.996,2026-09-21
BANKBARODA,47,11906,55355625,-897975,8501165858.25,46,6639,45340425,14625,4526215755.75,0.819,0.558,2026-09-21
BANKINDIA,46,2722,37523200,234000,2056976428.0,46,1307,31756400,145600,927023396.0,0.846,0.48,2026-09-21
BANKNIFTY,463,1309969,20567280,789750,2269534419357.0,464,1230252,19205520,1120350,2058323696437.5,0.934,0.939,2026-09-21
BDL,77,13776,11673475,-374425,7368854658.75,77,7243,5962750,27625,3423623327.5,0.511,0.526,2026-09-21
BEL,77,35617,58125750,-1090125,20929267837.5,76,15577,37238100,1286775,8805019995.0,0.641,0.437,2026-09-21
BHARATFORG,105,10333,4591000,199500,10517954025.0,100,5817,3482000,-122500,5659446200.0,0.758,0.563,2026-09-21
BHARTIARTL,78,117361,28521375,3582450,105072791741.25,77,61601,14934950,581875,53797330692.5,0.524,0.525,2026-09-21
BHEL,75,14949,37666125,1149750,17687453175.0,74,11721,28856625,719250,13081418962.5,0.766,0.784,2026-09-21
BIOCON,81,17551,33867500,-2212500,17915123125.0,79,8551,20775000,1955000,8295959750.0,0.613,0.487,2026-09-21
BLUESTARCO,74,12400,2002325,249275,6467577528.75,72,5663,1671475,184925,2804242041.25,0.835,0.457,2026-09-21
BOSCHLTD,74,18324,195675,21700,23285570927.5,76,8730,171950,1700,10015842655.0,0.879,0.476,2026-09-21
BPCL,56,4696,12584700,240950,2987006392.5,55,2900,11125175,161950,1781241835.0,0.884,0.618,2026-09-21
BRITANNIA,92,10762,1537125,-36750,6977436062.5,93,4934,941000,12625,3068431912.5,0.612,0.458,2026-09-21
BSE,41,261172,16466400,3953800,177441031500.0,41,183159,8999200,1174400,113493314560.0,0.547,0.701,2026-09-21
CAMS,78,5673,6283200,-49500,3553635318.75,75,1589,4360125,57750,925902243.75,0.694,0.28,2026-09-21
CANBK,47,5728,99468000,-1080000,4999929120.0,47,2678,70659000,985500,2241106447.5,0.71,0.468,2026-09-21
CDSL,63,24051,10481825,484500,16451233813.75,63,12797,5772200,9500,8170948361.25,0.551,0.532,2026-09-21
CGPOWER,48,34772,8968350,1042100,27865259470.0,48,12892,5816550,-169150,9851016137.5,0.649,0.371,2026-09-21
CHOLAFIN,71,6743,4291875,356250,7833737468.75,69,3098,2661875,132500,3425492875.0,0.62,0.459,2026-09-21
CIPLA,105,16816,6252175,97325,10169416511.25,102,9272,3583600,-19125,5412804526.25,0.573,0.551,2026-09-21
COALINDIA,77,24453,45100800,189000,14047470900.0,77,15237,28239300,473850,8420393745.0,0.626,0.623,2026-09-21
COCHINSHIP,80,12706,7149600,-282400,7460949780.0,80,6929,3197600,-150000,3617898840.0,0.447,0.545,2026-09-21
COFORGE,97,24474,11910150,-520600,22013759836.25,97,15629,8547625,97850,13203910706.25,0.718,0.639,2026-09-21
COLPAL,89,8342,2983200,76725,4454170036.25,91,5192,2382600,-77275,2682944343.75,0.799,0.622,2026-09-21
CONCOR,87,7087,10161250,1427500,4520718500.0,87,1787,5256250,142500,1114723875.0,0.517,0.252,2026-09-21
CROMPTON,55,5240,23796200,395600,2728409318.5,54,1289,14260950,79550,623396907.5,0.599,0.246,2026-09-21
CUMMINSIND,52,4647,1108400,-6800,4923481840.0,52,3465,1110600,-10200,3447803610.0,1.002,0.746,2026-09-21
DABUR,77,11018,16427500,637500,5534127062.5,77,5765,11141250,-127500,2773241937.5,0.678,0.523,2026-09-21
DELHIVERY,89,6662,14950375,-574775,6245337801.25,88,1937,9024175,471025,1724255072.5,0.604,0.291,2026-09-21
DIVISLAB,73,28295,2141400,-104700,27512586185.0,73,16727,1780700,64100,15256230210.0,0.832,0.591,2026-09-21
DIXON,57,82994,2958600,-264650,58810968200.0,57,36204,1479650,20650,23333808167.5,0.5,0.436,2026-09-21
DLF,61,21356,14462800,-547200,13770655175.0,61,15891,9461050,773300,9774293120.0,0.654,0.744,2026-09-21
DMART,68,28054,2253600,-182700,16503685860.0,69,13511,1389150,-79800,7524904792.5,0.616,0.482,2026-09-21
DRREDDY,97,47496,11816875,104375,36381576937.5,97,14045,7101875,395625,10440625312.5,0.601,0.296,2026-09-21
EICHERMOT,75,16486,1706300,-5800,12890423535.0,75,7607,1665600,-12400,5639204050.0,0.976,0.461,2026-09-21
ETERNAL,49,56775,66335875,-106700,47015955532.5,50,33217,49428775,8458400,26154477023.75,0.745,0.585,2026-09-21
FEDERALBNK,59,14590,38937500,3050000,12598130625.0,58,7972,24470000,-527500,6582566250.0,0.628,0.546,2026-09-21
FINNIFTY,256,10431,752760,18180,16377084390.0,256,13346,455760,-37200,20162892780.0,0.605,1.279,2026-09-21
FORCEMOT,37,11809,174000,-4100,5754148087.5,38,6629,88250,4600,2583755028.75,0.507,0.561,2026-09-21
FORTIS,81,3572,2219600,26350,2547754530.0,81,1336,1746075,-8525,924623786.25,0.787,0.374,2026-09-21
GAIL,57,3317,27604800,259150,2115781682.0,58,1260,17664800,-149100,764902454.0,0.64,0.38,2026-09-21
GLENMARK,92,6181,2359500,144750,5835252768.75,93,2330,1030875,4875,2092423312.5,0.437,0.377,2026-09-21
GMRAIRPORT,102,25774,78364125,23233725,18407022000.75,97,8173,52891425,1499625,5607040540.5,0.675,0.317,2026-09-21
GODFRYPHLP,50,3210,1076900,70400,1875691840.0,47,943,528275,31350,507281060.0,0.491,0.294,2026-09-21
GODREJCP,93,11751,7694500,72000,5323600975.0,92,4668,5118500,27000,2059093175.0,0.665,0.397,2026-09-21
GODREJPROP,120,14089,6487000,12675,8415010841.25,120,6276,3407300,16250,3420406502.5,0.525,0.445,2026-09-21
GRASIM,123,7771,2257000,17250,6389927662.5,123,3301,1233000,15250,2617777650.0,0.546,0.425,2026-09-21
GVT&D,53,10957,1951750,-92250,6399762556.25,55,3617,1381000,-29625,1935901831.25,0.708,0.33,2026-09-21
HAL,75,55389,5174700,285450,41698050367.5,75,29588,2707950,-369000,21280120102.5,0.523,0.534,2026-09-21
HAVELLS,62,9797,5954500,475000,5606437050.0,62,4179,3253000,94500,2336507350.0,0.546,0.427,2026-09-21
HCLTECH,112,59842,11025200,-233200,31542668060.0,113,48435,8689600,1269600,24375224700.0,0.788,0.809,2026-09-21
HDFCAMC,52,7632,2145000,-83100,5804860290.0,51,6290,1589100,8700,4415534325.0,0.741,0.824,2026-09-21
HDFCBANK,74,407073,177866650,8413600,201747800540.0,71,252507,111119450,5108350,119268625612.5,0.625,0.62,2026-09-21
HDFCLIFE,107,21759,24726900,966900,13791611240.0,107,15253,20137700,984500,9281554645.0,0.814,0.701,2026-09-21
HEROMOTOCO,53,43124,3124050,-27450,36104265150.0,53,16717,1611300,127050,13198165185.0,0.516,0.388,2026-09-21
HINDALCO,51,34522,17101700,1567300,24723331010.0,50,13651,10813600,303100,9341060085.0,0.632,0.395,2026-09-21
HINDPETRO,53,5063,14023125,-12150,3799448471.25,51,2960,12312000,-374625,2122152513.75,0.878,0.585,2026-09-21
HINDUNILVR,92,49456,11860500,195000,29789300415.0,90,12765,6397200,-89400,7496931090.0,0.539,0.258,2026-09-21
HINDZINC,57,22500,29232175,-1468775,17047107411.25,60,11155,17575075,458150,7916526730.0,0.601,0.496,2026-09-21
HYUNDAI,87,3667,1598300,208450,2257177243.75,85,1792,1583725,48950,1041475627.5,0.991,0.489,2026-09-21
ICICIBANK,115,52011,46025700,-368200,50586153625.0,114,29722,24809400,1054200,27946283015.0,0.539,0.571,2026-09-21
ICICIGI,82,33374,3120325,515125,16785852102.5,83,10631,1630525,-42250,5145797377.5,0.523,0.319,2026-09-21
ICICIPRULI,95,6632,5880225,-11100,3120103393.75,95,4683,5729450,448625,2137504291.25,0.974,0.706,2026-09-21
IDEA,30,14979,2564022675,34951275,16432204709.25,30,3593,1165399875,23300850,3613921809.0,0.455,0.24,2026-09-21
IDFCFIRSTB,65,10785,144003650,5518625,8925684857.25,67,4447,99363075,-2170350,3514394516.5,0.69,0.412,2026-09-21
IEX,49,3119,35648250,-4350,1642100205.0,52,1265,21188850,187050,629751892.5,0.594,0.406,2026-09-21
INDHOTEL,55,35245,8185000,1902000,26987113900.0,56,11465,4839000,722000,8483103900.0,0.591,0.325,2026-09-21
INDIANB,72,3641,7960000,115000,3214029650.0,72,1343,5681000,-87000,1128029650.0,0.714,0.369,2026-09-21
INDIGO,50,59174,4518450,185250,45902147100.0,49,27266,2609700,-68100,19937847780.0,0.578,0.461,2026-09-21
INDUSINDBK,79,8894,6927200,60900,6202806680.0,79,4218,6248200,41300,2853521930.0,0.902,0.474,2026-09-21
INDUSTOWER,85,7609,20410200,-295800,5078021210.0,86,1916,11102700,-44200,1231061970.0,0.544,0.252,2026-09-21
INFY,58,168711,42108000,1090000,73855199560.0,57,87214,23056400,-912400,35598335160.0,0.548,0.517,2026-09-21
INOXWIND,38,270,36038400,-1248000,138159872.0,37,190,22668800,-640000,88841152.0,0.629,0.704,2026-09-21
IOC,50,5920,47185125,599625,4077640905.0,51,5063,38142000,594750,3363227448.75,0.808,0.855,2026-09-21
IREDA,50,6175,57051200,3561175,3277946381.0,51,2327,32856025,565625,1182185526.75,0.576,0.377,2026-09-21
IRFC,88,7943,72467150,2500925,3678670908.5,89,3113,49622475,-124775,1355158110.25,0.685,0.392,2026-09-21
ITC,100,45230,113089275,-455400,21290555733.75,100,27281,71699625,2070000,12451236903.75,0.634,0.603,2026-09-21
JINDALSTEL,53,6642,4337500,63750,4861628718.75,53,4051,4317500,-18125,2847515750.0,0.995,0.61,2026-09-21
JIOFIN,95,25468,115262800,-2068000,14600558178.0,90,9120,70885400,-415950,4974496732.0,0.615,0.358,2026-09-21
JSWENERGY,50,4883,7329350,441825,2819710272.5,51,1920,4119400,262300,1079626370.0,0.562,0.393,2026-09-21
JSWSTEEL,60,9356,8758800,-23625,8290527018.75,60,4200,6146550,-47925,3592125326.25,0.702,0.449,2026-09-21
JUBLFOOD,82,9599,8586250,183750,6166902187.5,81,4849,5070000,-8750,2965097250.0,0.59,0.505,2026-09-21
KALYANKJIL,76,26141,29597400,1513350,21664159897.5,75,9684,18188550,321300,7473023955.0,0.615,0.37,2026-09-21
KAYNES,76,35397,2666100,-252450,20212258170.0,76,13485,1548150,-28050,7088662162.5,0.581,0.381,2026-09-21
KEI,71,14179,3846150,-204925,12255567091.25,70,5853,2205875,-74725,4613689561.25,0.574,0.413,2026-09-21
KFINTECH,45,3919,4108375,197225,2162839500.0,43,1621,1940625,134550,820590895.0,0.472,0.414,2026-09-21
KOTAKBANK,66,23770,65608000,-1372000,20241703700.0,68,15928,38766000,-1314000,13229350600.0,0.591,0.67,2026-09-21
KPITTECH,74,19494,11120475,2145975,8525356771.25,75,14347,5674550,44175,5891838261.25,0.51,0.736,2026-09-21
LAURUSLABS,66,47492,14013950,-515100,82893348015.0,66,22207,11440150,2054450,36844612932.5,0.816,0.468,2026-09-21
LICHSGFIN,50,33283,11077000,1789000,19359419900.0,52,16456,8341000,973000,9048043550.0,0.753,0.494,2026-09-21
LICI,70,12558,25747400,760200,7258239030.0,69,6407,15635200,292600,3579700180.0,0.607,0.51,2026-09-21
LODHA,64,12494,6646875,-159375,9338242843.75,63,5594,6058750,-10000,3884507906.25,0.912,0.448,2026-09-21
LT,67,30223,7012950,-445375,21287272982.5,66,11056,4285925,161875,7497636991.25,0.611,0.366,2026-09-21
LTF,54,6066,23496750,751500,4387325962.5,52,3233,19462500,-373500,2235242025.0,0.828,0.533,2026-09-21
LTM,87,11848,1602300,-7500,7925616472.5,87,5279,929100,-19800,3336249780.0,0.58,0.446,2026-09-21
LUPIN,103,17652,4425525,-145775,16333013032.5,98,5938,2894675,-71400,5277174850.0,0.654,0.336,2026-09-21
M&M,66,29354,8489000,-109200,18912595440.0,65,10857,4060200,-10400,6627364260.0,0.478,0.37,2026-09-21
MAHABANK,81,1873,39962000,2346500,1071877040.0,81,913,18362500,2470000,486901935.0,0.459,0.487,2026-09-21
MANAPPURAM,69,141,20157000,-264000,149556450.0,69,44,12270000,-105000,46308300.0,0.609,0.312,2026-09-21
MANKIND,108,94661,1689750,553250,58797311487.5,106,35852,2183250,988000,21230476400.0,1.292,0.379,2026-09-21
MARICO,69,11743,7124400,-49200,11929082700.0,65,8763,5636400,775200,8545703220.0,0.791,0.746,2026-09-21
MARUTI,124,92046,4241600,-118350,58787488080.0,124,45318,1838200,49550,27334790605.0,0.433,0.492,2026-09-21
MAXHEALTH,92,11123,3297525,-152775,6332888940.0,85,6292,3071250,182175,3461077935.0,0.931,0.566,2026-09-21
MAZDOCK,59,28090,6214500,722025,15160844396.25,59,9657,2543400,30150,4842629988.75,0.409,0.344,2026-09-21
MCX,60,50921,7780500,403875,38772365197.5,61,35226,4638150,-77850,25085191612.5,0.596,0.692,2026-09-21
MFSL,77,6857,1865600,79200,4454049020.0,77,4809,1706400,-45600,2929246380.0,0.915,0.701,2026-09-21
MIDCPNIFTY,390,94967,8331960,75840,168616587258.0,390,97973,8147760,217920,168002262570.0,0.978,1.032,2026-09-21
MOTHERSON,55,7122,39292350,645750,7440598348.5,55,2739,33849600,264450,2707652074.5,0.861,0.385,2026-09-21
MOTILALOFS,52,3716,3795950,-138725,3060480657.5,52,1065,1479475,13950,804323868.75,0.39,0.287,2026-09-21
MPHASIS,46,4821,1389850,-3300,3174001421.25,45,2467,911075,-550,1544178171.25,0.656,0.512,2026-09-21
MUTHOOTFIN,67,18694,6644000,-137500,15424819891.25,67,8194,3451800,-76450,6369837842.5,0.52,0.438,2026-09-21
NAM-INDIA,54,2634,2051250,40625,1969685031.25,54,763,1225000,1250,538628187.5,0.597,0.29,2026-09-21
NATIONALUM,44,15746,36215625,776250,11078333718.75,43,6471,21759375,500625,4320204750.0,0.601,0.411,2026-09-21
NAUKRI,53,19743,3608000,342100,14489351085.0,52,8164,2032800,210650,5677349947.5,0.563,0.414,2026-09-21
NBCC,44,2458,39143000,-344500,1436545695.0,43,565,17452500,182000,313339260.0,0.446,0.23,2026-09-21
NESTLEIND,121,12098,4675000,-718000,8603007075.0,119,15962,4034000,-657500,10791801275.0,0.863,1.319,2026-09-21
NHPC,63,2714,47433750,2307400,1495018114.0,63,1067,26847850,1640200,552795216.0,0.566,0.393,2026-09-21
NIFTY,844,56760358,320043620,16194470,87274661433469.25,860,55024316,385011855,62248800,82677147471152.0,1.203,0.969,2026-09-21
NIFTYFPI,242,20,70400,5500,35380675.0,242,16,34100,0,24997335.0,0.484,0.8,2026-09-21
NIFTYNXT50,543,552,12775,1625,1010137435.0,543,264,4225,950,471517043.75,0.331,0.478,2026-09-21
NMDC,81,5736,94844250,-1005750,3319506022.5,81,1924,51570000,2666250,1054346017.5,0.544,0.335,2026-09-21
NTPC,57,16223,38916000,-294000,8256022800.0,58,5626,16741500,403500,2755928700.0,0.43,0.347,2026-09-21
NYKAA,53,6882,9853125,-593750,7354005781.25,53,3171,7306250,1715625,3212763593.75,0.742,0.461,2026-09-21
OBEROIRLTY,89,16308,3336550,-442050,10667149272.5,86,4935,1687700,136500,3037148730.0,0.506,0.303,2026-09-21
OFSS,106,63204,1774100,741000,74315748910.0,107,70780,1111100,377100,77363635570.0,0.626,1.12,2026-09-21
OIL,70,2917,9094400,-2800,2060342480.0,72,1665,5493600,340200,1102986780.0,0.604,0.571,2026-09-21
ONGC,78,23912,67668750,-2994750,12977973630.0,78,10098,24385500,2130750,5298394027.5,0.36,0.422,2026-09-21
PAGEIND,72,6240,95520,-1320,4753683531.0,70,6576,47500,-1220,4483414056.0,0.497,1.054,2026-09-21
PATANJALI,80,213162,23173775,13099950,92497471408.75,80,97912,19688625,13400950,40185542768.75,0.85,0.459,2026-09-21
PAYTM,96,55447,19258900,736600,75648479902.5,99,31905,12670825,1457250,40908095093.75,0.658,0.575,2026-09-21
PERSISTENT,48,19035,1980875,-7250,13624638587.5,49,10858,1387500,78875,7221439975.0,0.7,0.57,2026-09-21
PETRONET,49,1591,9672900,-115900,902212055.0,49,934,4377600,20900,505208765.0,0.453,0.587,2026-09-21
PFC,79,13398,34076900,787800,6317035075.0,78,6679,23393500,322400,3036377240.0,0.686,0.499,2026-09-21
PGEL,66,3973,6057200,-402800,2147352212.5,62,2312,3853200,221350,1183490810.0,0.636,0.582,2026-09-21
PHOENIXLTD,78,12649,1105650,99400,8734838245.0,78,2242,661500,57050,1484417550.0,0.598,0.177,2026-09-21
PIDILITIND,74,2601,1650000,67500,2134026025.0,74,1533,1194000,-32500,1206020025.0,0.724,0.589,2026-09-21
PIIND,60,6736,2051700,1400,2894303615.0,58,3296,1379175,-175,1335495411.25,0.672,0.489,2026-09-21
PNB,80,9940,83936000,920000,9630302080.0,80,6157,60912000,2352000,5765647840.0,0.726,0.619,2026-09-21
PNBHOUSING,50,7167,3146000,-80600,5498699277.5,50,4318,1903200,13650,3107089212.5,0.605,0.602,2026-09-21
POLICYBZR,81,13375,3035900,-443450,8646158290.0,82,5823,3152450,-14700,3521508077.5,1.038,0.435,2026-09-21
POLYCAB,97,17724,2895750,-52625,19347195112.5,97,8807,1928125,-16375,9045053806.25,0.666,0.497,2026-09-21
POWERGRID,87,12841,35535700,-290700,6748700820.0,86,6084,22988100,931000,3087964170.0,0.647,0.474,2026-09-21
POWERINDIA,72,28849,616275,14700,24771519515.0,70,16107,299200,-8350,12279969981.25,0.485,0.558,2026-09-21
PREMIERENE,59,11139,7761000,284700,6819718750.0,59,3406,4696250,-109850,1989205465.0,0.605,0.306,2026-09-21
PRESTIGE,87,4911,2772900,54900,3359086132.5,87,1644,2398050,37800,1071638685.0,0.865,0.335,2026-09-21
RADICO,60,9596,693750,-16050,6600370867.5,60,4561,352950,57600,2964540000.0,0.509,0.475,2026-09-21
RBLBANK,75,6351,26219150,981075,8435571933.75,76,2627,14573250,-1193800,3343414700.0,0.556,0.414,2026-09-21
RECLTD,65,8354,24431400,-113400,4268052416.25,66,3634,17432100,212625,1827397766.25,0.714,0.435,2026-09-21
RELIANCE,110,228940,109318500,-3545000,147694122500.0,110,98030,59442000,-788000,61160519925.0,0.544,0.428,2026-09-21
RVNL,52,31305,38209325,2313850,13311413211.25,52,11260,20680275,2211825,4515320309.5,0.541,0.36,2026-09-21
SAGILITY,41,3771,51540000,2760000,2209185960.0,42,2097,33396000,-2496000,1126224120.0,0.648,0.556,2026-09-21
SAIL,75,6,15773200,-18800,5508071.0,77,30,16891800,-131600,27874995.0,1.071,5.0,2026-09-21
SBICARD,65,5708,9967200,-154400,3087886600.0,65,3074,6868800,41600,1539225000.0,0.689,0.539,2026-09-21
SBILIFE,79,13747,4014000,132375,9286293806.25,76,7269,2772750,195750,4751872612.5,0.691,0.529,2026-09-21
SBIN,99,70481,73323750,-2325750,54988065000.0,97,34026,43161750,637500,25135360425.0,0.589,0.483,2026-09-21
SHREECEM,100,15033,194100,-11300,9021329457.5,97,3891,76225,-1675,2140159461.25,0.393,0.259,2026-09-21
SHRIRAMFIN,58,13563,15811125,-416625,11913395257.5,58,5930,10151625,213675,4906529017.5,0.642,0.437,2026-09-21
SIEMENS,69,13057,1828400,-5600,9272707762.5,67,5111,1132775,6300,3412672051.25,0.62,0.391,2026-09-21
SOLARINDS,90,111301,2210850,-341100,114937174160.0,90,34028,1005200,-26850,31555462930.0,0.455,0.306,2026-09-21
SONACOMS,60,12736,8695050,243775,13070900491.25,57,5126,5136425,-238875,5001721733.75,0.591,0.402,2026-09-21
SRF,46,4967,1566000,-45000,2621878270.0,45,2592,1100800,-19600,1305176330.0,0.703,0.522,2026-09-21
SUNPHARMA,81,89603,10328150,177800,59974145525.0,81,34184,4603550,392350,22297915167.5,0.446,0.382,2026-09-21
SUPREMEIND,67,11836,937125,-68600,7529719295.0,67,6896,593250,-72275,4128694141.25,0.633,0.583,2026-09-21
SUZLON,59,8660,250101100,838200,5379126275.0,57,1914,89611200,368300,1062743493.0,0.358,0.221,2026-09-21
SWIGGY,52,25990,41097175,2407175,13693645413.75,51,8808,30627150,394200,4406580121.25,0.745,0.339,2026-09-21
TATACONSUM,93,11541,6220500,-80300,6595607920.0,89,5206,4702500,-195250,2877151392.5,0.756,0.451,2026-09-21
TATAELXSI,77,16648,2082125,106000,7399432900.0,77,6557,1014000,40875,2695303093.75,0.487,0.394,2026-09-21
TATAPOWER,72,14687,31528800,-572750,8101612260.0,72,9110,27890750,-252300,4815175587.5,0.885,0.62,2026-09-21
TATASTEEL,62,48127,127765000,3861000,25665267622.5,62,23151,85065750,833250,11685928182.5,0.666,0.481,2026-09-21
TCS,114,187505,23900850,-3275550,93716734421.25,115,124443,13428900,-48825,58625390115.0,0.562,0.664,2026-09-21
TECHM,69,13263,9881400,-46200,12795050910.0,70,9892,5335800,122400,9099739560.0,0.54,0.746,2026-09-21
TIINDIA,62,3759,1159800,7800,2093651440.0,63,871,615800,17600,448647930.0,0.531,0.232,2026-09-21
TITAN,75,31611,3754275,-46200,27535357123.75,75,21596,2355325,152775,18140296212.5,0.627,0.683,2026-09-21
TMPV,71,52161,80440000,4742400,26566117360.0,71,21191,44816000,2835200,10257529040.0,0.557,0.406,2026-09-21
TORNTPHARM,77,20674,676375,49375,13123372431.25,76,7526,432875,85250,4600748912.5,0.64,0.364,2026-09-21
TRENT,51,18452,4914450,109800,12208603083.75,51,8228,2173950,9000,5121313200.0,0.442,0.446,2026-09-21
TVSMOTOR,73,12211,2892575,-146475,9267494818.75,74,7016,1751750,-8750,5037317153.75,0.606,0.575,2026-09-21
ULTRACEMCO,118,18891,778300,-38050,10722655115.0,122,12564,512850,41600,6770203207.5,0.659,0.665,2026-09-21
UNIONBANK,64,4566,54219525,-323025,3783860024.25,64,2211,44462400,61950,1709565252.75,0.82,0.484,2026-09-21
UNITDSPR,65,11342,2882000,465200,6620168040.0,66,4371,1961600,254800,2662282960.0,0.681,0.385,2026-09-21
UNOMINDA,58,6449,2592700,425700,4530168720.0,58,7107,1570250,-15400,4742353055.0,0.606,1.102,2026-09-21
UPL,55,6849,9825105,476960,5408824366.5,55,5881,7657105,262870,4476643444.5,0.779,0.859,2026-09-21
VBL,47,22549,28492425,-344250,12800871735.0,47,12224,16442400,-817275,6539663381.25,0.577,0.542,2026-09-21
VEDL,59,27279,49358000,580750,8647252327.5,59,7514,24969950,-31050,2237735262.5,0.506,0.275,2026-09-21
VMM,51,2868,38620550,858450,1519091052.5,50,1079,19220550,-189150,523870955.5,0.498,0.376,2026-09-21
VOLTAS,63,39165,6737625,212250,17439399356.25,63,17730,4550625,238500,7743197156.25,0.675,0.453,2026-09-21
WAAREEENER,53,21256,3442075,169050,9847554176.25,54,5231,1393700,117775,2266247987.5,0.405,0.246,2026-09-21
WIPRO,69,28090,109356000,5442000,14513062320.0,69,13422,70353000,2103000,6630973260.0,0.643,0.478,2026-09-21
YESBANK,29,7306,535044400,2052600,5627175532.0,28,2987,307765600,3732000,2119715355.0,0.575,0.409,2026-09-21
ZYDUSLIFE,96,8040,5386500,-342900,8665010325.0,96,3717,3177900,45000,3828580245.0,0.59,0.462,2026-09-21
360ONE,59,3417,2544000,33500,1919070600.0,59,1518,1914500,-26000,808997800.0,0.753,0.444,2026-09-22
ABB,67,28515,1478750,213750,26941015156.25,67,13469,957125,-40000,12011237456.25,0.647,0.472,2026-09-22
ABCAPITAL,76,5512,15450400,812200,7043828835.0,75,4293,13894200,-378200,5297172275.0,0.899,0.779,2026-09-22
ADANIENSOL,90,8188,8682525,-3375,8162306145.0,88,2335,4143825,-149850,2203093687.5,0.477,0.285,2026-09-22
ADANIENT,56,43861,9073785,531171,42121992289.35,56,21144,5356206,112785,19459138823.7,0.59,0.482,2026-09-22
ADANIGREEN,74,11258,6204600,318600,9221911470.0,73,4600,3734400,26400,3570438510.0,0.602,0.409,2026-09-22
ADANIPORTS,95,38416,9498575,-9500,33565224273.75,95,20433,7999950,-5700,17183190170.0,0.842,0.532,2026-09-22
ADANIPOWER,44,27189,60602050,-7845500,21215646923.5,44,12280,36419450,-2190350,8836885673.5,0.601,0.452,2026-09-22
ALKEM,93,3998,374750,19250,2768886856.25,92,2306,307000,-26750,1512109906.25,0.819,0.577,2026-09-22
AMBER,76,10087,988300,48200,7559428305.0,76,4723,600600,17500,3274748660.0,0.608,0.468,2026-09-22
AMBUJACEM,82,10359,18757200,414000,5050785360.0,80,3077,11280000,222000,1435041000.0,0.601,0.297,2026-09-22
ANGELONE,62,9151,27195000,-377500,7167136125.0,62,2283,13002500,-615000,1691465125.0,0.478,0.249,2026-09-22
APLAPOLLO,93,8902,3082100,78750,7048960905.0,93,4580,1713250,24150,3470630817.5,0.556,0.514,2026-09-22
APOLLOHOSP,65,17289,1320000,72000,19643505275.0,65,11135,979000,-100500,12220550643.75,0.742,0.644,2026-09-22
ASHOKLEY,68,20820,104620000,-1370000,17727637750.0,68,8249,69930000,565000,6678586600.0,0.668,0.396,2026-09-22
ASIANPAINT,122,23073,5139500,12250,14567594587.5,117,9757,3013000,46750,5979358525.0,0.586,0.423,2026-09-22
ASTRAL,77,4467,3820750,-115600,2798454638.75,78,3374,2782900,8925,1973188321.25,0.728,0.755,2026-09-22
ATHERENERG,82,34684,8320500,1471125,21721042968.75,84,10016,3016125,208125,5814909131.25,0.362,0.289,2026-09-22
AUBANK,50,6805,10322000,-313000,7306057850.0,50,3720,6855000,79000,3851974700.0,0.664,0.547,2026-09-22
AUROPHARMA,64,9469,6753450,-27500,9165853620.0,64,5481,2684000,-243100,5096800170.0,0.397,0.579,2026-09-22
AXISBANK,57,36578,19473750,110625,29134664062.5,57,21960,12346250,415625,17100313625.0,0.634,0.6,2026-09-22
BAJAJ-AUTO,89,33129,1828950,-7800,29534957733.75,92,26019,1341000,40650,22068727575.0,0.733,0.785,2026-09-22
BAJAJFINSV,88,11474,6807300,36600,6593839875.0,87,7952,3745500,114300,4402516485.0,0.55,0.693,2026-09-22
BAJAJHLDNG,68,1432,85650,1050,1289059698.75,68,1218,63675,7200,978066157.5,0.743,0.851,2026-09-22
BAJFINANCE,91,32942,27744750,1218000,26130360112.5,88,16107,15225000,-158250,12294723900.0,0.549,0.489,2026-09-22
BANDHANBNK,45,1653,27572400,-2048400,1104477444.0,41,768,19908000,-248400,481999572.0,0.722,0.465,2026-09-22
BANKBARODA,47,11585,55332225,-23400,8243772117.75,46,6033,45308250,-32175,4124912278.5,0.819,0.521,2026-09-22
BANKINDIA,46,3089,36816000,-707200,2331282616.0,46,1699,31361200,-395200,1225049332.0,0.852,0.55,2026-09-22
BANKNIFTY,463,1903405,21797130,1229850,3285216910183.5,464,1734435,19443900,238380,2913370070586.0,0.892,0.911,2026-09-22
BDL,77,20982,10216150,-1457325,11334457175.0,77,10559,6015450,52700,5098482580.0,0.589,0.503,2026-09-22
BEL,77,40225,58238325,112575,23616707115.0,76,14705,37082775,-155325,8339661663.75,0.637,0.366,2026-09-22
BHARATFORG,105,14606,4490500,-100500,14936213575.0,100,8447,3645000,163000,8324244425.0,0.812,0.578,2026-09-22
BHARTIARTL,78,106052,30140650,1619275,94936046213.75,77,45444,15644600,709650,39416932291.25,0.519,0.429,2026-09-22
BHEL,75,23839,38760750,1094625,28019306043.75,74,15729,25929750,-2926875,17590828631.25,0.669,0.66,2026-09-22
BIOCON,81,8648,32522500,-1345000,8813631250.0,79,4011,19965000,-810000,3973945625.0,0.614,0.464,2026-09-22
BLUESTARCO,75,15524,2095925,93600,8063944541.25,73,8611,1575275,-96200,4255239381.25,0.752,0.555,2026-09-22
BOSCHLTD,74,8432,177200,-18475,10544315337.5,76,7744,166000,-5950,8824189417.5,0.937,0.918,2026-09-22
BPCL,56,20535,15193675,2608975,13081703615.0,55,14619,12065275,940100,8970606716.25,0.794,0.712,2026-09-22
BRITANNIA,92,17281,1822250,285125,11089550250.0,93,11449,999625,58625,7075327875.0,0.549,0.663,2026-09-22
BSE,41,162869,14906400,-1560000,110987042110.0,41,104531,9194400,195200,65597455640.0,0.617,0.642,2026-09-22
CAMS,78,4750,6303825,20625,2913352365.0,75,2032,4422825,62700,1188030855.0,0.702,0.428,2026-09-22
CANBK,47,8243,96234750,-3233250,7186836037.5,47,3398,72913500,2254500,2834382982.5,0.758,0.412,2026-09-22
CDSL,63,24899,10780600,298775,16881050151.25,63,8976,5885725,113525,5775912481.25,0.546,0.36,2026-09-22
CGPOWER,48,21276,8681050,-287300,16992923665.0,48,9361,5202000,-614550,7192664215.0,0.599,0.44,2026-09-22
CHOLAFIN,71,4902,4228750,-63125,5648056812.5,69,1937,2626875,-35000,2120753062.5,0.621,0.395,2026-09-22
CIPLA,105,14870,6210100,-42075,8936665761.25,102,9633,3643100,59500,5617075506.25,0.587,0.648,2026-09-22
COALINDIA,77,130558,45504450,403650,76526968590.0,77,68094,34682850,6443550,38753516880.0,0.762,0.522,2026-09-22
COCHINSHIP,80,26261,7551600,402000,15273360780.0,80,7707,3322800,125200,4234476620.0,0.44,0.293,2026-09-22
COFORGE,97,21016,11240875,-669275,18887460530.0,97,12450,8547625,0,10596326006.25,0.76,0.592,2026-09-22
COLPAL,89,5171,2911700,-71500,2758248198.75,91,4344,2306150,-76450,2224380592.5,0.792,0.84,2026-09-22
CONCOR,87,22819,13918750,3757500,14180526062.5,87,9956,6592500,1336250,5977628187.5,0.474,0.436,2026-09-22
CROMPTON,55,7392,23639250,-156950,3776752092.0,54,2242,14493150,232200,1085375964.5,0.613,0.303,2026-09-22
CUMMINSIND,52,7132,1232600,124200,7457291600.0,52,5793,1061400,-49200,5772331150.0,0.861,0.812,2026-09-22
DABUR,77,8100,16117500,-310000,4042163250.0,77,3966,11067500,-73750,1919491250.0,0.687,0.49,2026-09-22
DELHIVERY,89,3712,14780225,-170150,3480743402.5,88,1228,8943250,-80925,1095351415.0,0.605,0.331,2026-09-22
DIVISLAB,73,24355,1997800,-143600,23605474735.0,73,15748,1786600,5900,14393282730.0,0.894,0.647,2026-09-22
DIXON,57,141243,3208850,250250,98437248785.0,57,106801,1504050,24400,68455459287.5,0.469,0.756,2026-09-22
DLF,61,29997,14414350,-48450,19558902812.5,61,22135,9798300,337250,13774556540.0,0.68,0.738,2026-09-22
DMART,68,14722,2323050,69450,8689524510.0,69,6730,1316550,-72600,3769711117.5,0.567,0.457,2026-09-22
DRREDDY,98,53177,12538125,721250,41033792375.0,98,16897,7556250,454375,12669327968.75,0.603,0.318,2026-09-22
EICHERMOT,75,18783,1702700,-3600,14559285540.0,75,9974,1614400,-51200,7366065660.0,0.948,0.531,2026-09-22
ETERNAL,53,70887,67097325,761450,59567747893.75,54,42401,56895350,7466575,34056573172.5,0.848,0.598,2026-09-22
FEDERALBNK,59,20518,39962500,1025000,17617767875.0,58,9341,26195000,1725000,7736495000.0,0.655,0.455,2026-09-22
FINNIFTY,256,25393,803940,51180,40485708915.0,256,22083,488880,33120,33603420741.0,0.608,0.87,2026-09-22
FORCEMOT,37,14036,177075,3075,6741025792.5,38,9049,89650,1400,3546788367.5,0.506,0.645,2026-09-22
FORTIS,81,3807,2260675,41075,2711389890.0,81,1863,1736000,-10075,1291425396.25,0.768,0.489,2026-09-22
GAIL,57,5121,27182350,-422450,3248519303.0,58,2715,17774850,110050,1639455923.5,0.654,0.53,2026-09-22
GLENMARK,92,6642,2505750,146250,6255134587.5,93,1787,1009875,-21000,1614123993.75,0.403,0.269,2026-09-22
GMRAIRPORT,102,7468,72421425,-5942700,5313911004.0,97,2674,52152075,-739350,1837152783.0,0.72,0.358,2026-09-22
GODFRYPHLP,50,3120,1079375,2475,1832600220.0,47,935,525800,-2475,493126906.25,0.487,0.3,2026-09-22
GODREJCP,93,5549,7304500,-390000,2516267775.0,92,2244,5063000,-55500,992106375.0,0.693,0.404,2026-09-22
GODREJPROP,120,19346,6430125,-56875,11305887872.5,120,6155,3434925,27625,3367955808.75,0.534,0.318,2026-09-22
GRASIM,123,8813,2401500,144500,7146924312.5,123,6492,1353250,120250,5083460100.0,0.564,0.737,2026-09-22
GVT&D,53,62378,2171125,219375,36148731487.5,55,17978,1409500,28500,9789011512.5,0.649,0.288,2026-09-22
HAL,75,46701,5441400,266700,34932192772.5,75,23318,2699400,-8550,16765959922.5,0.496,0.499,2026-09-22
HAVELLS,62,7890,6018000,63500,4503204100.0,62,2916,3317000,64000,1601918000.0,0.551,0.37,2026-09-22
HCLTECH,112,82507,11145200,120000,43169279820.0,113,67973,8764800,75200,34265364420.0,0.786,0.824,2026-09-22
HDFCAMC,52,4059,2164200,19200,3080532870.0,51,3442,1617000,27900,2459827560.0,0.747,0.848,2026-09-22
HDFCBANK,74,381007,177570900,-295750,190191474720.0,71,216449,108154150,-2965300,103307082905.0,0.609,0.568,2026-09-22
HDFCLIFE,107,16274,24105400,-621500,10324395180.0,107,12424,19459000,-678700,7567207340.0,0.807,0.763,2026-09-22
HEROMOTOCO,53,28672,2960400,-163650,24199477147.5,53,12422,1601700,-9600,9839866920.0,0.541,0.433,2026-09-22
HINDALCO,51,31553,16013900,-1087800,22457176875.0,50,15499,10670800,-142800,10644342415.0,0.666,0.491,2026-09-22
HINDPETRO,53,15645,13859100,-164025,11809523385.0,51,6855,11983950,-328050,4951706985.0,0.865,0.438,2026-09-22
HINDUNILVR,92,36850,11539500,-321000,22132930350.0,90,11460,6504000,106800,6689298885.0,0.564,0.311,2026-09-22
HINDZINC,57,25143,28965125,-267050,19033457651.25,60,12256,17783325,208250,8799580475.0,0.614,0.487,2026-09-22
HYUNDAI,87,9915,1932425,334125,6065191715.0,85,6485,1624975,41250,3752013416.25,0.841,0.654,2026-09-22
ICICIBANK,115,67416,46509400,483700,65152331930.0,114,35632,25671100,861700,33551749945.0,0.552,0.529,2026-09-22
ICICIGI,82,9302,2726750,-393575,4676170183.75,83,3486,1547975,-82550,1683661021.25,0.568,0.375,2026-09-22
ICICIPRULI,95,6120,6438925,558700,2882565151.25,95,3900,5027375,-702075,1772655708.75,0.781,0.637,2026-09-22
IDEA,30,38237,2544795900,-19226775,42145022898.75,30,10134,1154249775,-11150100,10442324530.5,0.454,0.265,2026-09-22
IDFCFIRSTB,65,9564,148149575,4145925,7854482830.25,67,4967,97099975,-2263100,3896026263.5,0.655,0.519,2026-09-22
IEX,49,4710,35248050,-400200,2453768836.5,52,1466,21219300,30450,734466615.0,0.602,0.311,2026-09-22
INDHOTEL,56,14239,8493000,308000,10833272050.0,57,5248,4696000,-143000,3862574150.0,0.553,0.369,2026-09-22
INDIANB,72,6053,8066000,106000,5322668550.0,72,1264,5556000,-125000,1064135000.0,0.689,0.209,2026-09-22
INDIGO,50,76479,4188000,-330450,59377242307.5,49,40167,2824050,214350,29674749390.0,0.674,0.525,2026-09-22
INDUSINDBK,79,8516,6989500,62300,5901756455.0,79,4481,6446300,198100,3016698335.0,0.922,0.526,2026-09-22
INDUSTOWER,85,11513,20466300,56100,7615165385.0,86,4450,12799300,1696600,2860334235.0,0.625,0.387,2026-09-22
INFY,58,140132,45660400,3552400,60980787440.0,57,70138,23925200,868800,28703328200.0,0.524,0.501,2026-09-22
INOXWIND,40,386,35187200,-851200,197650880.0,39,182,22464000,-204800,86099328.0,0.638,0.472,2026-09-22
IOC,50,15253,47999250,814125,10604125057.5,51,9768,41296125,3154125,6578042591.25,0.86,0.64,2026-09-22
IREDA,50,4963,56476525,-574675,2613152838.5,51,1857,32331125,-524900,977797566.5,0.572,0.374,2026-09-22
IRFC,88,6664,73172400,705250,3056847372.25,89,2996,50680350,1057875,1304407669.25,0.693,0.45,2026-09-22
ITC,100,40818,112416525,-672750,19263653823.75,100,21109,69526125,-2173500,9702024277.5,0.618,0.517,2026-09-22
JINDALSTEL,53,6615,4099375,-238125,4836339812.5,53,3310,4325000,7500,2321014750.0,1.055,0.5,2026-09-22
JIOFIN,95,45663,111331250,-3931550,25950520122.0,90,15965,71103950,218550,8768616546.5,0.639,0.35,2026-09-22
JSWENERGY,50,3468,6859575,-469775,2013533050.0,51,1141,4104350,-15050,636024717.5,0.598,0.329,2026-09-22
JSWSTEEL,60,8476,8488125,-270675,7513410757.5,60,3708,6220800,74250,3179305113.75,0.733,0.437,2026-09-22
JUBLFOOD,82,5714,8413750,-172500,3639517125.0,81,2591,5061250,-8750,1584839437.5,0.602,0.453,2026-09-22
KALYANKJIL,76,27980,27390150,-2207250,23059047802.5,75,14164,17232750,-955800,10957308075.0,0.629,0.506,2026-09-22
KAYNES,79,111102,4080600,1414500,61736043907.5,79,70298,2019450,471300,36378709327.5,0.495,0.633,2026-09-22
KEI,71,14807,3765300,-80850,12738152411.25,70,4118,2210600,4725,3236890763.75,0.587,0.278,2026-09-22
KFINTECH,45,6796,4512025,403650,3709537692.5,43,1315,1948100,7475,661348181.25,0.432,0.193,2026-09-22
KOTAKBANK,66,20014,65950000,342000,16982148700.0,68,12621,38494000,-272000,10471059200.0,0.584,0.631,2026-09-22
KPITTECH,74,15206,11148375,27900,6623429968.75,75,8207,5590850,-83700,3368149728.75,0.501,0.54,2026-09-22
LAURUSLABS,71,23775,14307200,293250,41838564765.0,71,14969,11286300,-153850,25169851797.5,0.789,0.63,2026-09-22
LICHSGFIN,52,1659,10196000,-881000,962332950.0,54,963,7879000,-462000,534712000.0,0.773,0.58,2026-09-22
LICI,70,13097,25958800,211400,7625226910.0,69,5676,14736400,-898800,3180089220.0,0.568,0.433,2026-09-22
LODHA,64,13468,6451250,-195625,10048464187.5,63,6110,5913125,-145625,4231418343.75,0.917,0.454,2026-09-22
LT,67,42266,6839875,-173075,29676932582.5,66,23383,4324250,38325,15906706007.5,0.632,0.553,2026-09-22
LTF,54,12944,28089000,4592250,9302042025.0,52,6794,21750750,2288250,4632501937.5,0.774,0.525,2026-09-22
LTM,87,51055,2039250,436950,33185107792.5,87,39891,1164750,235650,24622341405.0,0.571,0.781,2026-09-22
LUPIN,103,9296,4282300,-143225,8614341256.25,98,3929,2780350,-114325,3510110487.5,0.649,0.423,2026-09-22
M&M,66,40623,8397800,-91200,26046797700.0,65,17005,4224200,164000,10428872740.0,0.503,0.419,2026-09-22
MAHABANK,81,3798,34313500,-5648500,2194039965.0,81,278,18609500,247000,146543995.0,0.542,0.073,2026-09-22
MANAPPURAM,69,240,19794000,-363000,254490150.0,69,31,12189000,-81000,32040000.0,0.616,0.129,2026-09-22
MANKIND,109,31525,1651500,-38250,19885823925.0,107,20853,2229250,46000,12473168837.5,1.35,0.661,2026-09-22
MARICO,69,5644,7483200,358800,5737074960.0,65,3964,5367600,-268800,3904125780.0,0.717,0.702,2026-09-22
MARUTI,124,102115,4212700,-28900,64863691822.5,124,40973,1840000,1800,24801457020.0,0.437,0.401,2026-09-22
MAXHEALTH,95,7253,3314325,16800,4132550756.25,90,6112,2934750,-136500,3379689810.0,0.885,0.843,2026-09-22
MAZDOCK,59,21104,6332175,117675,11275017423.75,59,7034,2677275,133875,3562688565.0,0.423,0.333,2026-09-22
MCX,60,53104,7366950,-413550,40620469151.25,61,29685,4878900,240750,21280209491.25,0.662,0.559,2026-09-22
MFSL,77,3047,1822400,-43200,1968219700.0,77,3077,1638000,-68400,1877040160.0,0.899,1.01,2026-09-22
MIDCPNIFTY,390,170298,8835720,503760,302025966642.0,390,164036,8499360,351600,282718515450.0,0.962,0.963,2026-09-22
MOTHERSON,55,3533,39335400,43050,3676940106.0,55,2255,33855750,6150,2246080737.0,0.861,0.638,2026-09-22
MOTILALOFS,52,10077,3769600,-26350,8231737365.0,52,2209,1541475,62000,1704110881.25,0.409,0.219,2026-09-22
MPHASIS,46,8965,1786125,396275,5953936615.0,45,2727,875875,-35200,1701152887.5,0.49,0.304,2026-09-22
MUTHOOTFIN,67,14046,6368725,-275275,11596798537.5,67,7046,3426775,-25025,5436481765.0,0.538,0.502,2026-09-22
NAM-INDIA,54,3040,2031875,-19375,2284391781.25,54,1190,1145000,-80000,824470687.5,0.564,0.391,2026-09-22
NATIONALUM,44,17472,36210000,-5625,12178366406.25,43,6817,21361875,-397500,4512634218.75,0.59,0.39,2026-09-22
NAUKRI,53,12396,3564000,-44000,9155230947.5,52,4775,1940950,-91850,3357736360.0,0.545,0.385,2026-09-22
NBCC,44,3492,38096500,-1046500,2000332035.0,43,859,17049500,-403000,457574585.0,0.448,0.246,2026-09-22
NESTLEIND,121,7902,4616500,-58500,5604623675.0,119,7793,3647000,-387000,5325327700.0,0.79,0.986,2026-09-22
NHPC,63,4391,45494700,-1939050,2471371767.0,63,2034,26993800,145950,1011716087.0,0.593,0.463,2026-09-22
NIFTY,845,154229692,401754150,81710530,236229039464986.75,861,159443111,366299490,-18712365,240984725514471.25,0.912,1.034,2026-09-22
NIFTYFPI,242,39,72600,2200,69047385.0,242,41,20900,-13200,64539915.0,0.288,1.051,2026-09-22
NIFTYNXT50,543,397,10725,-2050,732408125.0,543,378,4500,275,683200557.5,0.42,0.952,2026-09-22
NMDC,81,6295,94452750,-391500,3603783015.0,81,2538,51813000,243000,1374537127.5,0.549,0.403,2026-09-22
NTPC,57,14257,37320000,-1596000,7184017050.0,58,6304,16588500,-153000,3093795600.0,0.444,0.442,2026-09-22
NYKAA,53,3207,10218750,365625,3445573906.25,53,2003,7400000,93750,2054442031.25,0.724,0.625,2026-09-22
OBEROIRLTY,89,8740,3210550,-126000,5792213280.0,86,3882,1624700,-63000,2428120362.5,0.506,0.444,2026-09-22
OFSS,107,44439,1837500,63400,51747468655.0,108,21512,1040700,-70400,23134579735.0,0.566,0.484,2026-09-22
OIL,70,13772,10581200,1486800,9466996630.0,72,9111,6134800,641200,5993257760.0,0.58,0.662,2026-09-22
ONGC,78,29710,66350250,-1318500,16087276845.0,78,12068,23782500,-603000,6351782670.0,0.358,0.406,2026-09-22
PAGEIND,72,46958,110760,15240,36054612136.0,70,16686,73880,26380,11852075080.0,0.667,0.355,2026-09-22
PATANJALI,85,149440,27057750,3883975,67717977992.5,85,67614,20042300,353675,28726405796.25,0.741,0.452,2026-09-22
PAYTM,96,27953,18551300,-707600,38076628945.0,99,16301,12525100,-145725,20866433691.25,0.675,0.583,2026-09-22
PERSISTENT,48,21761,2038125,57250,15367101931.25,49,14045,1272125,-115375,9388192650.0,0.624,0.645,2026-09-22
PETRONET,49,3913,9764100,91200,2182712210.0,49,1988,4474500,96900,1070201980.0,0.458,0.508,2026-09-22
PFC,79,15442,33412600,-664300,7217197130.0,78,5877,23524800,131300,2688599290.0,0.704,0.381,2026-09-22
PGEL,66,8651,6508450,451250,4562786587.5,62,4643,4021350,168150,2331672352.5,0.618,0.537,2026-09-22
PHOENIXLTD,78,4929,1046850,-58800,3424668835.0,78,2230,677250,15750,1482786375.0,0.647,0.452,2026-09-22
PIDILITIND,74,2693,1701000,51000,2186890275.0,74,2113,1157500,-36500,1644212075.0,0.68,0.785,2026-09-22
PIIND,60,127875,2496900,445200,55300485922.5,58,32039,1616475,237300,13237504883.75,0.647,0.251,2026-09-22
PNB,82,9388,84152000,216000,9074395440.0,83,5904,59336000,-1576000,5528649760.0,0.705,0.629,2026-09-22
PNBHOUSING,50,2727,3257800,111800,2099949767.5,50,1955,1916200,13000,1415740267.5,0.588,0.717,2026-09-22
POLICYBZR,81,8598,2843050,-192850,5598549162.5,82,4436,3000550,-151900,2711675575.0,1.055,0.516,2026-09-22
POLYCAB,97,17519,2612000,-283750,19203398993.75,97,7183,1869625,-58500,7396240393.75,0.716,0.41,2026-09-22
POWERGRID,87,11142,35682000,146300,5784599875.0,86,7489,22718300,-269800,3816620345.0,0.637,0.672,2026-09-22
POWERINDIA,72,44108,636750,20475,37136548983.75,70,22585,304575,5375,17322893988.75,0.478,0.512,2026-09-22
PREMIERENE,59,5139,7939100,178100,3169896957.5,59,1851,4718350,22100,1081127027.5,0.594,0.36,2026-09-22
PRESTIGE,87,3482,2618100,-154800,2398946602.5,87,1320,2344500,-53550,874181880.0,0.895,0.379,2026-09-22
RADICO,60,3930,687150,-6600,2704627747.5,60,1878,358200,5250,1233827797.5,0.521,0.478,2026-09-22
RBLBANK,78,34336,29210000,2990850,46588482673.75,79,17161,22777450,8204200,22394433240.0,0.78,0.5,2026-09-22
RECLTD,65,11174,24185700,-245700,5660560552.5,66,4806,18136125,704025,2440469981.25,0.75,0.43,2026-09-22
RELIANCE,110,185725,110822000,1503500,119773948200.0,110,83841,58901500,-540500,52479306100.0,0.531,0.451,2026-09-22
RVNL,52,17098,35610575,-2598750,7247926127.75,52,6099,20358800,-321475,2471987999.25,0.572,0.357,2026-09-22
SAGILITY,41,2596,52164000,624000,1512294720.0,42,1114,33684000,288000,589974360.0,0.646,0.429,2026-09-22
SAIL,75,16,15745000,-28200,14282031.0,77,37,16868300,-23500,33829848.0,1.071,2.312,2026-09-22
SBICARD,65,8502,9701600,-265600,4578129200.0,65,3517,6584000,-284800,1790427200.0,0.679,0.414,2026-09-22
SBILIFE,79,6430,4001625,-12375,4339699800.0,76,4380,2688375,-84375,2868194681.25,0.672,0.681,2026-09-22
SBIN,99,138983,74295750,972000,107298167250.0,97,62909,44705250,1543500,46527163950.0,0.602,0.453,2026-09-22
SHREECEM,100,9286,182600,-11500,5522960728.75,97,5989,73625,-2600,3167271587.5,0.403,0.645,2026-09-22
SHRIRAMFIN,58,22624,17334900,1523775,19705527311.25,58,11898,10692825,541200,9940030485.0,0.617,0.526,2026-09-22
SIEMENS,69,20989,2033675,205275,14825212832.5,67,6006,1116325,-16450,4028689253.75,0.549,0.286,2026-09-22
SOLARINDS,90,197015,2059550,-151300,207190930327.5,90,66000,1074850,69650,62817728400.0,0.522,0.335,2026-09-22
SONACOMS,60,9364,8779575,84525,9530218372.5,57,4010,5130300,-6125,3887014363.75,0.584,0.428,2026-09-22
SRF,46,5152,1502600,-63400,2790459510.0,45,2619,1082600,-18200,1324654400.0,0.72,0.508,2026-09-22
SUNPHARMA,81,33693,10735900,407750,22518417705.0,81,14283,4247600,-355950,9266619232.5,0.396,0.424,2026-09-22
SUPREMEIND,67,9072,1065050,127925,5765039253.75,67,5073,594475,1225,3034262813.75,0.558,0.559,2026-09-22
SUZLON,59,14476,262534400,12433300,8599004138.0,57,4217,90525600,914400,2330242101.0,0.345,0.291,2026-09-22
SWIGGY,52,48448,40458425,-638750,25732818462.5,51,19828,32295200,1668050,10023418847.5,0.798,0.409,2026-09-22
TATACONSUM,93,10894,6125350,-95150,6180287520.0,89,4302,4657950,-44550,2376900515.0,0.76,0.395,2026-09-22
TATAELXSI,77,36674,2594250,512125,15838795862.5,77,20381,1132250,118250,8201030687.5,0.436,0.556,2026-09-22
TATAPOWER,72,12276,30648650,-880150,6736380492.5,72,8479,27236800,-653950,4519605485.0,0.889,0.691,2026-09-22
TATASTEEL,62,62487,118720250,-9044750,32927998345.0,62,35554,90851750,5786000,18292779945.0,0.765,0.569,2026-09-22
TCS,114,144200,24225525,324675,71921353983.75,115,110811,13611600,182700,52617746171.25,0.562,0.768,2026-09-22
TECHM,69,15833,10106400,225000,15367986720.0,70,12800,5349000,13200,11814169050.0,0.529,0.808,2026-09-22
TIINDIA,62,6026,1233400,73600,3340164310.0,63,1168,622600,6800,601258490.0,0.505,0.194,2026-09-22
TITAN,75,78325,3707725,-46550,69198779352.5,75,47827,2487625,132300,40878500381.25,0.671,0.611,2026-09-22
TMPV,71,50657,80411200,-28800,25797196080.0,71,18275,45126400,310400,8881333600.0,0.561,0.361,2026-09-22
TORNTPHARM,77,5452,688625,12250,3464183412.5,76,2363,402625,-30250,1452846306.25,0.585,0.433,2026-09-22
TRENT,51,31481,4973850,59400,20683890382.5,51,10699,2094750,-79200,6649678552.5,0.421,0.34,2026-09-22
TVSMOTOR,73,13163,2666650,-225925,9983065697.5,74,9073,1687350,-64400,6540760633.75,0.633,0.689,2026-09-22
ULTRACEMCO,118,14796,774450,-3850,8499325705.0,122,7929,540700,27850,4339907795.0,0.698,0.536,2026-09-22
UNIONBANK,64,8399,52785825,-1433700,6924818303.25,64,4289,44674800,212400,3358329368.25,0.846,0.511,2026-09-22
UNITDSPR,65,5007,2830400,-51600,2881679700.0,66,2135,1914000,-47600,1195428540.0,0.676,0.426,2026-09-22
UNOMINDA,58,3796,2428800,-163900,2648974927.5,58,1731,1449800,-120450,1156164295.0,0.597,0.456,2026-09-22
UPL,55,6185,10069005,243900,4844055962.75,55,4157,7722145,65040,3145951873.5,0.767,0.672,2026-09-22
VBL,47,21228,25906725,-2585700,12009784470.0,47,9944,16112175,-330225,5410793872.5,0.622,0.468,2026-09-22
VEDL,59,34538,47227050,-2130950,11029103922.5,59,10784,25395450,425500,3256383757.5,0.538,0.312,2026-09-22
VMM,51,10850,39270450,649900,5749767877.5,50,2455,20035350,814800,1211758580.5,0.51,0.226,2026-09-22
VOLTAS,63,40043,8232750,1495125,17581520362.5,63,21413,5341125,790500,9044662425.0,0.649,0.535,2026-09-22
WAAREEENER,53,30669,3411100,-30975,14074367177.5,54,12120,1353275,-40425,5158461945.0,0.397,0.395,2026-09-22
WIPRO,72,32424,106557000,-2799000,16817135130.0,72,21408,73665000,3312000,10604911710.0,0.691,0.66,2026-09-22
YESBANK,29,7944,520054200,-14990200,6028748684.0,28,2653,297191600,-10574000,1897181793.0,0.571,0.334,2026-09-22
ZYDUSLIFE,96,9897,5591700,205200,10664355060.0,96,4375,3098700,-79200,4549744125.0,0.554,0.442,2026-09-22
360ONE,59,63302,4108500,1564500,36328795000.0,59,19148,2614000,699500,10506270525.0,0.636,0.302,2026-09-23
ABB,67,19484,1465125,-13625,18152151362.5,67,8097,952625,-4500,7184776425.0,0.65,0.416,2026-09-23
ABCAPITAL,76,3302,14715700,-734700,4216157015.0,75,2169,14095700,201500,2681100720.0,0.958,0.657,2026-09-23
ADANIENSOL,90,6812,8418600,-263925,6776343731.25,88,1892,4025700,-118125,1767346830.0,0.478,0.278,2026-09-23
ADANIENT,56,39878,9262893,189108,38213013065.55,56,20161,5465283,109077,18475715269.2,0.59,0.506,2026-09-23
ADANIGREEN,74,15796,6241200,36600,12793239720.0,73,7476,3894600,160200,5851377960.0,0.624,0.473,2026-09-23
ADANIPORTS,95,25206,9285775,-212800,21976570756.25,95,18235,8065975,66025,15276537296.25,0.869,0.723,2026-09-23
ADANIPOWER,44,21209,66807450,6205400,16256326211.0,44,8525,37740050,1320600,6141666885.5,0.565,0.402,2026-09-23
ALKEM,93,13327,362500,-12250,9223664356.25,92,6394,300625,-6375,4239454725.0,0.829,0.48,2026-09-23
AMBER,76,8098,1004700,16400,6032007940.0,76,3489,619100,18500,2404187495.0,0.616,0.431,2026-09-23
AMBUJACEM,82,5654,18922800,165600,2755354080.0,80,2124,11436000,156000,1022496300.0,0.604,0.376,2026-09-23
ANGELONE,62,10473,26570000,-625000,8140975125.0,62,3420,13685000,682500,2525100125.0,0.515,0.327,2026-09-23
APLAPOLLO,93,6331,3153500,71400,4972048427.5,93,3472,1768200,54950,2631371592.5,0.561,0.548,2026-09-23
APOLLOHOSP,65,58754,1344625,24625,67372983187.5,65,24039,1323375,344375,26600435418.75,0.984,0.409,2026-09-23
ASHOKLEY,68,11924,100090000,-4530000,10163883450.0,68,4846,69035000,-895000,3933714350.0,0.69,0.406,2026-09-23
ASIANPAINT,122,28559,5688250,548750,18096392350.0,117,8498,2998250,-14750,5245788725.0,0.527,0.298,2026-09-23
ASTRAL,77,4756,3772300,-48450,2945585006.25,78,3849,2353225,-429675,2199094755.0,0.624,0.809,2026-09-23
ATHERENERG,82,64838,10138875,1818375,39142794187.5,84,33389,3295125,279000,18813099956.25,0.325,0.515,2026-09-23
AUBANK,50,11736,9784000,-538000,12637590250.0,50,6237,6739000,-116000,6496225450.0,0.689,0.531,2026-09-23
AUROPHARMA,64,10632,6961900,208450,10312448355.0,64,4477,2686750,2750,4164138330.0,0.386,0.421,2026-09-23
AXISBANK,57,31594,19351250,-122500,25211953062.5,57,18258,12355000,8750,14155152093.75,0.638,0.578,2026-09-23
BAJAJ-AUTO,90,29999,1819050,-9900,26613774907.5,93,20495,1355625,14625,17287243533.75,0.745,0.683,2026-09-23
BAJAJFINSV,88,30371,6999000,191700,17350249530.0,87,17623,3750900,5400,9740544435.0,0.536,0.58,2026-09-23
BAJAJHLDNG,68,1909,81450,-4200,1757026065.0,68,1338,58425,-5250,1064702846.25,0.717,0.701,2026-09-23
BAJFINANCE,91,114054,27282000,-462750,90810451950.0,88,54699,16845750,1620750,42170401387.5,0.617,0.48,2026-09-23
BANDHANBNK,47,77705,40701600,13129200,55239239844.0,43,36177,28645200,8737200,24375772152.0,0.704,0.466,2026-09-23
BANKBARODA,47,17628,50590800,-4741425,12622287453.75,46,9527,45820125,511875,6730293901.5,0.906,0.54,2026-09-23
BANKINDIA,48,3364,36514400,-301600,2530530548.0,48,1947,31179200,-182000,1464020064.0,0.854,0.579,2026-09-23
BANKNIFTY,463,2037796,23355960,1558830,3520990601074.5,464,1777710,21430530,1986630,2990880912555.0,0.918,0.872,2026-09-23
BDL,77,13277,9717625,-498525,7090411255.0,77,10903,6054550,39100,5076585028.75,0.623,0.821,2026-09-23
BEL,77,32858,56357325,-1881000,19280233470.0,76,14206,37222425,139650,8036340510.0,0.66,0.432,2026-09-23
BHARATFORG,105,10827,4396500,-94000,11063244750.0,100,5909,3784000,139000,5837187775.0,0.861,0.546,2026-09-23
BHARTIARTL,78,70082,28778350,-1362300,62256830605.0,77,29279,15323975,-320625,25388694401.25,0.532,0.418,2026-09-23
BHEL,75,28392,40170375,1409625,32802530643.75,74,15069,24995250,-934500,16627218037.5,0.622,0.531,2026-09-23
BIOCON,81,10265,31092500,-1430000,10452121875.0,79,5300,18700000,-1265000,5198526000.0,0.601,0.516,2026-09-23
BLUESTARCO,75,4665,2109575,13650,2402297381.25,73,2544,1484275,-91000,1249794893.75,0.704,0.545,2026-09-23
BOSCHLTD,74,12479,201000,23800,15658025306.25,76,8889,151150,-14850,10193820405.0,0.752,0.712,2026-09-23
BPCL,56,6895,14496500,-697175,4398816873.75,55,4915,12468175,402900,2999663970.0,0.86,0.713,2026-09-23
BRITANNIA,92,16744,1691375,-130875,10707663581.25,93,7819,982250,-17375,4833012337.5,0.581,0.467,2026-09-23
BSE,41,126963,14432400,-474000,87327082170.0,41,76828,9463800,269400,48689062970.0,0.656,0.605,2026-09-23
CAMS,78,10215,6007650,-296175,6231849318.75,75,3625,4313100,-109725,2136642296.25,0.718,0.355,2026-09-23
CANBK,47,19869,82829250,-13405500,17476843972.5,47,12994,74567250,1653750,11429127337.5,0.9,0.654,2026-09-23
CDSL,63,16717,10510800,-269800,11305508131.25,63,6175,5609275,-276450,3917888088.75,0.534,0.369,2026-09-23
CGPOWER,48,11595,8372500,-308550,9141096265.0,48,6655,5126350,-75650,5020137655.0,0.612,0.574,2026-09-23
CHOLAFIN,71,10377,4267500,38750,11942593500.0,69,4144,2621875,-5000,4585452343.75,0.614,0.399,2026-09-23
CIPLA,105,8857,6220725,10625,5302745421.25,102,5619,3626950,-16150,3295368527.5,0.583,0.634,2026-09-23
COALINDIA,77,52022,49437000,3932550,30558443940.0,77,32158,33670350,-1012500,18318784297.5,0.681,0.618,2026-09-23
COCHINSHIP,80,11131,7245200,-306400,6491608500.0,80,3532,3238800,-84000,1910201140.0,0.447,0.317,2026-09-23
COFORGE,97,25777,11430400,189525,23014366763.75,97,12606,8457375,-90250,10686274357.5,0.74,0.489,2026-09-23
COLPAL,89,6904,2803625,-108075,3667368760.0,91,3627,2191475,-114675,1864771796.25,0.782,0.525,2026-09-23
CONCOR,94,10840,14901250,982500,6660296062.5,94,4245,6860000,267500,2510782000.0,0.46,0.392,2026-09-23
CROMPTON,57,8477,23574750,-64500,4287394937.0,56,3551,14338350,-154800,1725648587.5,0.608,0.419,2026-09-23
CUMMINSIND,52,8528,1147600,-85000,8837897910.0,52,5001,888000,-173400,4916681590.0,0.774,0.586,2026-09-23
DABUR,77,15461,16981250,863750,7785042875.0,77,8039,10888750,-178750,3913831875.0,0.641,0.52,2026-09-23
DELHIVERY,89,3640,14558200,-222025,3374152935.0,88,1556,8756500,-186750,1395750928.75,0.601,0.427,2026-09-23
DIVISLAB,73,82741,2233300,235500,80861264160.0,73,43951,2046700,260100,40807902280.0,0.916,0.531,2026-09-23
DIXON,57,79870,3110750,-98100,55753596515.0,57,45876,1564900,60850,29450791647.5,0.503,0.574,2026-09-23
DLF,61,28465,13750300,-664050,18781614047.5,61,22466,9183650,-614650,14154023115.0,0.668,0.789,2026-09-23
DMART,68,32260,2206350,-116700,19190922285.0,69,14346,1348200,31650,8088321825.0,0.611,0.445,2026-09-23
DRREDDY,103,23908,12064375,-473750,18534399437.5,103,8877,7831250,275000,6601366593.75,0.649,0.371,2026-09-23
EICHERMOT,75,20538,1648800,-53900,15891807735.0,75,13610,1535500,-78900,9973300795.0,0.931,0.663,2026-09-23
ETERNAL,55,38397,69599925,2502600,32460567788.75,56,27507,62312800,5417450,22463791075.0,0.895,0.716,2026-09-23
FEDERALBNK,62,13819,38342500,-1620000,11727345500.0,61,6831,27265000,1070000,5655081875.0,0.711,0.494,2026-09-23
FINNIFTY,256,74453,1183500,379560,116618665938.0,256,31148,719700,230820,47213205585.0,0.608,0.418,2026-09-23
FORCEMOT,37,10018,185600,8525,4825317575.0,38,4359,98325,8675,1726873787.5,0.53,0.435,2026-09-23
FORTIS,81,3188,2183950,-76725,2263017166.25,81,1622,1776300,40300,1129152098.75,0.813,0.509,2026-09-23
GAIL,57,6336,27285300,102950,4053437250.5,58,4352,18417400,642550,2894899365.5,0.675,0.687,2026-09-23
GLENMARK,92,7961,2368125,-137625,7559728575.0,93,2277,939000,-70875,2057401125.0,0.397,0.286,2026-09-23
GMRAIRPORT,102,5043,67545900,-4875525,3584054088.0,97,2636,53205300,1053225,1821929217.75,0.788,0.523,2026-09-23
GODFRYPHLP,50,4829,1059300,-20075,2785092557.5,47,1177,509850,-15950,639890006.25,0.481,0.244,2026-09-23
GODREJCP,93,6148,6969000,-335500,2800085475.0,92,4073,4813500,-249500,1789493200.0,0.691,0.662,2026-09-23
GODREJPROP,120,13143,6235450,-194675,7683022262.5,120,5839,3517475,82550,3225763628.75,0.564,0.444,2026-09-23
GRASIM,127,10352,2129250,-272250,8434059650.0,127,4643,1395000,41750,3652676062.5,0.655,0.449,2026-09-23
GVT&D,53,17709,2100500,-70625,10150798068.75,55,8342,1429375,19875,4479152043.75,0.68,0.471,2026-09-23
HAL,75,44974,5031600,-409800,33775300620.0,75,19530,2665050,-34350,14081197807.5,0.53,0.434,2026-09-23
HAVELLS,62,9739,6071500,53500,5564370625.0,62,3429,3494000,177000,1921413525.0,0.575,0.352,2026-09-23
HCLTECH,112,48849,11572800,427600,25535070900.0,113,44329,8008000,-756800,22371288980.0,0.692,0.907,2026-09-23
HDFCAMC,52,5466,2203500,39300,4216295400.0,51,3350,1571700,-45300,2372037120.0,0.713,0.613,2026-09-23
HDFCBANK,74,284095,174281250,-3289650,140977156352.5,71,150100,108049500,-104650,71329947032.5,0.62,0.528,2026-09-23
HDFCLIFE,107,13813,23222100,-883300,8746210550.0,107,10176,19577800,118800,6187070120.0,0.843,0.737,2026-09-23
HEROMOTOCO,53,35635,2983950,23550,29953766115.0,53,15322,1630500,28800,12235332697.5,0.546,0.43,2026-09-23
HINDALCO,51,73360,15382500,-631400,52353131180.0,50,28647,11447100,776300,19785366720.0,0.744,0.39,2026-09-23
HINDPETRO,53,5737,14658975,799875,4335292226.25,51,3719,12198600,214650,2680460201.25,0.832,0.648,2026-09-23
HINDUNILVR,92,33496,10990800,-548700,20124712020.0,90,12048,6510600,6600,7129787595.0,0.592,0.36,2026-09-23
HINDZINC,57,30123,29609475,644350,22901142556.25,60,12305,18011175,227850,8991568600.0,0.608,0.408,2026-09-23
HYUNDAI,90,8189,1931600,-825,4887900820.0,90,4979,1687675,62700,2876480200.0,0.874,0.608,2026-09-23
ICICIBANK,115,67158,47615400,1106000,64696259810.0,114,35854,27090000,1418900,33689071185.0,0.569,0.534,2026-09-23
ICICIGI,82,5769,2504775,-221975,2894821036.25,83,2400,1516125,-31850,1161524617.5,0.605,0.416,2026-09-23
ICICIPRULI,95,5172,6636875,197950,2406193851.25,95,3506,4834050,-193325,1589017355.0,0.728,0.678,2026-09-23
IDEA,30,28896,2692320300,147524400,33173904030.75,30,7216,1156679925,2430150,7491256868.25,0.43,0.25,2026-09-23
IDFCFIRSTB,65,58590,168526750,20377175,49279575138.5,67,29848,112774725,15674750,24080852418.0,0.669,0.509,2026-09-23
IEX,49,3933,35635200,387150,2049791557.5,52,1147,21397650,178350,614399089.5,0.6,0.292,2026-09-23
INDHOTEL,56,6885,7791000,-702000,5222885100.0,57,3140,4772000,76000,2311818500.0,0.613,0.456,2026-09-23
INDIANB,72,5825,7909000,-157000,5105695450.0,72,1962,5611000,55000,1680519550.0,0.709,0.337,2026-09-23
INDIGO,50,43959,4332900,144900,34443202942.5,49,24172,2924550,100500,17989243755.0,0.675,0.55,2026-09-23
INDUSINDBK,79,13869,6946800,-42700,9587498375.0,79,9336,6867700,421400,6326189380.0,0.989,0.673,2026-09-23
INDUSTOWER,85,11369,19181100,-1285200,7596447195.0,86,6294,12061500,-737800,4037899840.0,0.629,0.554,2026-09-23
INFY,58,126328,48565200,2904800,54371212740.0,57,63920,24201600,276400,26308367420.0,0.498,0.506,2026-09-23
INOXWIND,40,11679,46694400,11507200,6006988672.0,39,6751,23078400,614400,3220706880.0,0.494,0.578,2026-09-23
IOC,50,8586,53639625,5640375,6041845241.25,51,4989,42202875,906750,3361708301.25,0.787,0.581,2026-09-23
IREDA,50,4693,51467350,-5009175,2486935701.25,51,1996,32937475,606350,1010250504.5,0.64,0.425,2026-09-23
IRFC,88,7369,69852300,-3320100,3402530216.75,89,3219,50419950,-260400,1406514686.5,0.722,0.437,2026-09-23
ITC,100,113697,108076425,-4340100,53786761492.5,100,48588,70266150,740025,22548162671.25,0.65,0.427,2026-09-23
JINDALSTEL,53,41994,4890625,791250,31526338968.75,53,19284,4641875,316875,13879588312.5,0.949,0.459,2026-09-23
JIOFIN,95,30771,107505450,-3825800,17504708999.0,90,13115,69813800,-1290150,7212838644.0,0.649,0.426,2026-09-23
JSWENERGY,50,4765,6556425,-303150,2745435942.5,51,1658,4203250,98900,923797326.25,0.641,0.348,2026-09-23
JSWSTEEL,60,30557,7849575,-638550,27262283096.25,60,15722,6596100,375300,13465012893.75,0.84,0.515,2026-09-23
JUBLFOOD,82,4608,8910000,496250,2921014062.5,81,1680,4917500,-143750,1021363062.5,0.552,0.365,2026-09-23
KALYANKJIL,76,25431,26352000,-1038150,20967589867.5,75,11679,16816950,-415800,9101636347.5,0.638,0.459,2026-09-23
KAYNES,79,4634,3611400,-469200,2538671055.0,79,2003,1888800,-130650,1008961680.0,0.523,0.432,2026-09-23
KEI,71,54511,3051825,-713475,46924622211.25,70,21368,1923425,-287175,17293938462.5,0.63,0.392,2026-09-23
KFINTECH,45,5731,4087100,-424925,3121888382.5,43,1444,1849200,-98900,740206930.0,0.452,0.252,2026-09-23
KOTAKBANK,66,21569,65694000,-256000,18215986300.0,68,14001,37656000,-838000,11615229100.0,0.573,0.649,2026-09-23
KPITTECH,76,9033,11270050,121675,3942250857.5,77,4468,5247525,-343325,1818651967.5,0.466,0.495,2026-09-23
LAURUSLABS,71,23704,14175450,-131750,41734570707.5,71,15552,11962900,676600,26028957507.5,0.844,0.656,2026-09-23
LICHSGFIN,52,836,10082000,-114000,481767350.0,54,609,7769000,-110000,330304800.0,0.771,0.728,2026-09-23
LICI,70,10009,26182800,224000,5880618170.0,69,3779,14562800,-173600,2139870110.0,0.556,0.378,2026-09-23
LODHA,64,19416,6012500,-438750,14581683656.25,63,10878,6252500,339375,7685322531.25,1.04,0.56,2026-09-23
LT,67,54349,6503350,-336525,38228751557.5,66,27228,4478250,154000,18790863918.75,0.689,0.501,2026-09-23
LTF,54,24912,25674750,-2414250,17949774825.0,52,9983,19734750,-2016000,6883876350.0,0.769,0.401,2026-09-23
LTM,89,21306,2379000,339750,13810030530.0,89,11825,1247400,82650,7256243407.5,0.524,0.555,2026-09-23
LUPIN,103,12693,4489275,206975,11665315000.0,98,8146,2813925,33575,7275931128.75,0.627,0.642,2026-09-23
M&M,66,49059,8450000,52200,31073826010.0,65,20769,4349200,125000,12639919980.0,0.515,0.423,2026-09-23
MAHABANK,81,4403,33065500,-1248000,2505552335.0,81,1536,20923500,2314000,822521505.0,0.633,0.349,2026-09-23
MANAPPURAM,69,207,19332000,-462000,223736400.0,69,13,12174000,-15000,13597500.0,0.63,0.063,2026-09-23
MANKIND,112,10538,1588750,-62750,6674126600.0,110,8299,1960000,-269250,4967120137.5,1.234,0.788,2026-09-23
MARICO,69,4585,7064400,-418800,4658591880.0,65,2981,5223600,-144000,2950864860.0,0.739,0.65,2026-09-23
MARUTI,124,99793,4067200,-145500,63471310805.0,124,49188,1880100,40100,29774766432.5,0.462,0.493,2026-09-23
MAXHEALTH,95,7741,3215100,-99225,4398041602.5,90,4395,2853375,-81375,2423697543.75,0.887,0.568,2026-09-23
MAZDOCK,59,14071,5992200,-339975,7572563066.25,59,5882,2670525,-6750,2905720402.5,0.446,0.418,2026-09-23
MCX,60,128587,7154775,-212175,99955103445.0,61,61355,5790825,911925,44689146007.5,0.809,0.477,2026-09-23
MFSL,77,2411,1776400,-46000,1556277240.0,77,1487,1537200,-100800,896945880.0,0.865,0.617,2026-09-23
MIDCPNIFTY,390,176069,9026280,190560,312969416988.0,390,161554,9027240,527880,278213866746.0,1.0,0.918,2026-09-23
MOTHERSON,55,8213,42355050,3019650,8622066361.5,55,3298,33745050,-110700,3300797496.0,0.797,0.402,2026-09-23
MOTILALOFS,54,50555,4675575,905975,42449406196.25,54,15179,2408700,867225,12077460887.5,0.515,0.3,2026-09-23
MPHASIS,46,5950,1750100,-36025,3881147902.5,45,3917,956725,80850,2414812372.5,0.547,0.658,2026-09-23
MUTHOOTFIN,67,15142,6194100,-174625,12413632316.25,67,7897,3329150,-97625,6104677315.0,0.537,0.522,2026-09-23
NAM-INDIA,54,4404,1953750,-78125,3315663718.75,54,1936,1288125,143125,1368719843.75,0.659,0.44,2026-09-23
NATIONALUM,44,31863,35293125,-916875,22206231093.75,43,10818,22681875,1320000,7271986968.75,0.643,0.34,2026-09-23
NAUKRI,53,12678,3613500,49500,9352613270.0,52,6120,1885950,-55000,4351565322.5,0.522,0.483,2026-09-23
NBCC,44,4837,33111000,-4985500,2789069140.0,43,1588,17868500,819000,878747025.0,0.54,0.328,2026-09-23
NESTLEIND,121,9637,4448000,-168500,6835067425.0,119,6395,3531500,-115500,4371240500.0,0.794,0.664,2026-09-23
NHPC,63,5119,41554050,-3940650,2838541240.0,63,1435,27334350,340550,748239919.0,0.658,0.28,2026-09-23
NIFTY,820,22925996,244152005,37748465,35452138462555.75,836,21458018,252600275,57591255,32290476573062.5,1.035,0.936,2026-09-23
NIFTYFPI,242,56,78100,5500,98317835.0,242,144,22000,1100,224952255.0,0.282,2.571,2026-09-23
NIFTYNXT50,543,271,10325,-400,502072532.5,543,210,5925,1425,379764286.25,0.574,0.775,2026-09-23
NMDC,81,14238,89120250,-5332500,8152063762.5,81,5589,52967250,1154250,3070976760.0,0.594,0.393,2026-09-23
NTPC,57,13439,36064500,-1255500,6790454175.0,58,5920,16561500,-27000,2930037450.0,0.459,0.441,2026-09-23
NYKAA,53,4319,9662500,-556250,4651632031.25,53,2441,8065625,665625,2514611250.0,0.835,0.565,2026-09-23
OBEROIRLTY,89,8783,3193750,-16800,5908423202.5,86,4116,1598100,-26600,2618722102.5,0.5,0.469,2026-09-23
OFSS,107,36918,1817600,-19900,42860877730.0,108,15156,1045800,5100,16418433665.0,0.575,0.411,2026-09-23
OIL,72,4247,10641400,60200,2912725340.0,73,2586,5944400,-190400,1695838550.0,0.559,0.609,2026-09-23
ONGC,78,20879,64174500,-2175750,11355685020.0,78,9621,25389000,1606500,5095824705.0,0.396,0.461,2026-09-23
PAGEIND,75,21989,126060,15300,17290392613.0,74,10305,76360,2480,7319684793.0,0.606,0.469,2026-09-23
PATANJALI,87,48034,21635450,-5422300,21855328403.75,87,29529,19444600,-597700,12550093090.0,0.899,0.615,2026-09-23
PAYTM,96,47910,19174800,623500,64234982962.5,99,32517,12280775,-244325,41570843875.0,0.64,0.679,2026-09-23
PERSISTENT,49,46107,2656375,618250,32088013487.5,50,33165,1472375,200250,21758726731.25,0.554,0.719,2026-09-23
PETRONET,49,2937,9652000,-112100,1634523640.0,49,920,4476400,1900,496294060.0,0.464,0.313,2026-09-23
PFC,79,25761,33205900,-206700,12076293320.0,78,13501,24315200,790400,6154099445.0,0.732,0.524,2026-09-23
PGEL,66,3430,6644300,135850,1789235367.5,62,1704,4025150,3800,845697457.5,0.606,0.497,2026-09-23
PHOENIXLTD,78,16243,1070300,23450,11573677867.5,78,6782,856800,179550,4618577915.0,0.801,0.418,2026-09-23
PIDILITIND,74,2919,1701500,500,2432760225.0,74,1578,1203500,46000,1193398800.0,0.707,0.541,2026-09-23
PIIND,60,18790,2291275,-205625,8197394003.75,58,7211,1615250,-1225,2970695306.25,0.705,0.384,2026-09-23
PNB,82,10836,76432000,-7720000,10489360480.0,83,6602,62096000,2760000,6184222880.0,0.812,0.609,2026-09-23
PNBHOUSING,50,4510,3314350,56550,3458464782.5,50,2349,1898650,-17550,1712738657.5,0.573,0.521,2026-09-23
POLICYBZR,89,78613,3589250,746200,52874893137.5,90,35069,4233600,1233050,22262030262.5,1.18,0.446,2026-09-23
POLYCAB,97,19284,2357250,-254750,20994929025.0,97,11875,1717875,-151750,12377594506.25,0.729,0.616,2026-09-23
POWERGRID,87,14323,35315300,-366700,7488774760.0,86,6502,22252800,-465500,3305506950.0,0.63,0.454,2026-09-23
POWERINDIA,72,27472,686400,49650,22859123098.75,70,12316,300850,-3725,9380958328.75,0.438,0.448,2026-09-23
PREMIERENE,59,8060,7816250,-122850,4979406282.5,59,3220,4501900,-216450,1880997137.5,0.576,0.4,2026-09-23
PRESTIGE,87,6120,2395350,-222750,4242868470.0,87,1970,2328300,-16200,1299687502.5,0.972,0.322,2026-09-23
RADICO,60,60395,1145700,458550,42630448702.5,60,17327,590400,232200,11717105415.0,0.515,0.287,2026-09-23
RBLBANK,78,19291,29330650,120650,26823203592.5,79,11090,25520650,2743200,14747850076.25,0.87,0.575,2026-09-23
RECLTD,65,12824,22835925,-1349775,6498447007.5,66,7707,18375525,239400,3890380646.25,0.805,0.601,2026-09-23
RELIANCE,110,194527,106636500,-4185500,125838027025.0,110,82337,58816500,-85000,51716476400.0,0.552,0.423,2026-09-23
RVNL,52,13027,32239900,-3370675,5596467203.25,52,4769,20249075,-109725,1975061338.25,0.628,0.366,2026-09-23
SAGILITY,41,1522,52344000,180000,887182800.0,42,756,32184000,-1500000,403139040.0,0.615,0.497,2026-09-23
SAIL,75,29,15660400,-84600,27126896.0,77,143,16623900,-244400,129716240.0,1.062,4.931,2026-09-23
SBICARD,65,5556,9603200,-98400,2973947240.0,65,3048,6509600,-74400,1542395920.0,0.678,0.549,2026-09-23
SBILIFE,79,7981,3942750,-58875,5363739000.0,76,4592,2787375,99000,2974741443.75,0.707,0.575,2026-09-23
SBIN,99,88889,70839750,-3456000,68698274025.0,97,51516,46509000,1803750,38939696887.5,0.657,0.58,2026-09-23
SHREECEM,100,7321,170250,-12350,4326758686.25,97,3029,71975,-1650,1641664433.75,0.423,0.414,2026-09-23
SHRIRAMFIN,58,15018,17239200,-95700,13019056957.5,58,7295,10635075,-57750,6058676208.75,0.617,0.486,2026-09-23
SIEMENS,69,18818,1990275,-43400,13142509135.0,67,5069,1131200,14875,3376225221.25,0.568,0.269,2026-09-23
SOLARINDS,90,144012,2278250,218700,152148630517.5,90,80371,1101600,26750,77001386480.0,0.484,0.558,2026-09-23
SONACOMS,60,27626,8163400,-616175,28665033993.75,57,11479,4893875,-236425,11326721603.75,0.599,0.416,2026-09-23
SRF,46,4986,1463200,-39400,2638262550.0,45,2892,1030800,-51800,1464462070.0,0.704,0.58,2026-09-23
SUNPHARMA,81,25072,10006850,-729050,16682161737.5,81,10025,4303600,56000,6480547027.5,0.43,0.4,2026-09-23
SUPREMEIND,67,3801,1030575,-34475,2391658640.0,67,1624,589050,-5425,963524065.0,0.572,0.427,2026-09-23
SUZLON,59,20260,282143200,19608800,11748997457.0,57,8192,98958400,8432800,4449000246.0,0.351,0.404,2026-09-23
SWIGGY,52,40430,44940625,4482200,21612714431.25,51,17834,31747700,-547500,9132062476.25,0.706,0.441,2026-09-23
TATACONSUM,95,8539,5897100,-228250,4826662857.5,91,3900,4726150,68200,2133147775.0,0.801,0.457,2026-09-23
TATAELXSI,79,14553,2647000,52750,6233961400.0,79,8598,1215250,83000,3393016225.0,0.459,0.591,2026-09-23
TATAPOWER,72,13082,30403600,-245050,7218375355.0,72,11337,27780550,543750,6225992672.5,0.914,0.867,2026-09-23
TATASTEEL,62,144819,127987750,9267500,77853926617.5,62,91703,112805000,21953250,47337726727.5,0.881,0.633,2026-09-23
TCS,114,130707,26126550,1901025,64720748126.25,115,73521,14023125,411525,34933493013.75,0.537,0.562,2026-09-23
TECHM,69,10570,10074600,-31800,10179721980.0,70,7660,5440800,91800,7086925920.0,0.54,0.725,2026-09-23
TIINDIA,62,2413,1163000,-70400,1319275120.0,63,1031,610400,-12200,533006950.0,0.525,0.427,2026-09-23
TITAN,75,40014,3989650,281925,35157480540.0,75,33021,2343775,-143850,28085832258.75,0.587,0.825,2026-09-23
TMPV,71,40487,79912000,-499200,20611303840.0,71,15429,45873600,747200,7585948320.0,0.574,0.381,2026-09-23
TORNTPHARM,77,10437,669750,-18875,6565237025.0,76,4181,398000,-4625,2562244406.25,0.594,0.401,2026-09-23
TRENT,51,20963,4931100,-42750,13662921330.0,51,7331,2039850,-54900,4585506333.75,0.414,0.35,2026-09-23
TVSMOTOR,73,18557,2657200,-9450,13947306423.75,74,10503,1631700,-55650,7560647701.25,0.614,0.566,2026-09-23
ULTRACEMCO,118,21285,793550,19100,12162486322.5,122,10519,570250,29550,5784242085.0,0.719,0.494,2026-09-23
UNIONBANK,64,6728,51834450,-951375,5530127112.0,64,4388,43701300,-973500,3473682303.75,0.843,0.652,2026-09-23
UNITDSPR,65,30121,3085200,254800,17638898840.0,66,11603,2195200,281200,6651337860.0,0.712,0.385,2026-09-23
UNOMINDA,58,3836,2411750,-17050,2685404122.5,58,1632,1433300,-16500,1093895990.0,0.594,0.425,2026-09-23
UPL,55,7162,10768185,699180,5570888125.25,55,3901,7863065,140920,2969249778.75,0.73,0.545,2026-09-23
VBL,49,27122,22242375,-3664350,15521829663.75,49,15292,14971050,-1141125,8298835833.75,0.673,0.564,2026-09-23
VEDL,59,98627,44299150,-2927900,31443256702.5,59,32943,26530500,1135050,10092647825.0,0.599,0.334,2026-09-23
VMM,51,14380,37505050,-1765400,7743761812.0,50,4403,20176000,140650,2224611871.0,0.538,0.306,2026-09-23
VOLTAS,63,32803,7546125,-686625,14277486300.0,63,25924,5747250,406125,10755146512.5,0.762,0.79,2026-09-23
WAAREEENER,53,13689,3301025,-110075,6291219340.0,54,6690,1355550,2275,2902148593.75,0.411,0.489,2026-09-23
WIPRO,72,25231,105990000,-567000,13057478130.0,72,13146,72795000,-870000,6559007910.0,0.687,0.521,2026-09-23
YESBANK,29,7158,523381900,3327700,5417129242.0,28,3406,292340000,-4851600,2426198080.0,0.559,0.476,2026-09-23
ZYDUSLIFE,96,7818,5528700,-63000,8460330210.0,96,2860,3135600,36900,2961563445.0,0.567,0.366,2026-09-23
360ONE,59,14528,4092500,-16000,8231070550.0,59,10458,2523000,-91000,5647259700.0,0.616,0.72,2026-09-24
ABB,67,9190,1370125,-95000,8543080643.75,67,7391,925250,-27375,6563267593.75,0.675,0.804,2026-09-24
ABCAPITAL,76,5929,15924700,1209000,7516140805.0,75,6212,14399500,303800,7560658510.0,0.904,1.048,2026-09-24
ADANIENSOL,90,9437,8054775,-363825,9210290287.5,88,3819,3892725,-132975,3529716851.25,0.483,0.405,2026-09-24
ADANIENT,56,40963,9509475,246582,38852818392.15,56,26662,5408118,-57165,24036271961.1,0.569,0.651,2026-09-24
ADANIGREEN,74,17259,6039600,-201600,13903445070.0,73,9476,3968400,73800,7378809090.0,0.657,0.549,2026-09-24
ADANIPORTS,95,23483,9093400,-192375,20390564352.5,95,20080,8017525,-48450,16805119406.25,0.882,0.855,2026-09-24
ADANIPOWER,44,35568,71110050,4302600,27735964938.5,44,11584,37463150,-276900,8203068993.0,0.527,0.326,2026-09-24
ALKEM,93,12688,403625,41125,8720963243.75,92,21888,324250,23625,14191599812.5,0.803,1.725,2026-09-24
AMBER,76,7381,971300,-33400,5448223690.0,76,5123,606900,-12200,3553762570.0,0.625,0.694,2026-09-24
AMBUJACEM,82,7375,18694800,-228000,3601303500.0,80,4418,11560800,124800,2130175920.0,0.618,0.599,2026-09-24
ANGELONE,62,12054,27355000,785000,9268200500.0,62,6305,13320000,-365000,4620298375.0,0.487,0.523,2026-09-24
APLAPOLLO,93,8400,3022600,-130900,6582025152.5,93,3797,1681050,-87150,2863668867.5,0.556,0.452,2026-09-24
APOLLOHOSP,66,28769,1433375,88750,33089433443.75,66,19771,1033625,-289750,21913350600.0,0.721,0.687,2026-09-24
ASHOKLEY,68,21040,101135000,1045000,17717965500.0,68,10021,68215000,-820000,8112570500.0,0.674,0.476,2026-09-24
ASIANPAINT,122,20917,5346250,-342000,13113881612.5,117,12534,3010000,11750,7600170575.0,0.563,0.599,2026-09-24
ASTRAL,77,4669,3689850,-82450,2888582497.5,78,2791,2181100,-172125,1629908341.25,0.591,0.598,2026-09-24
ATHERENERG,82,45466,8799750,-1339125,27336970481.25,84,12590,3007500,-287625,7078187643.75,0.342,0.277,2026-09-24
AUBANK,54,26871,11471000,1687000,28351997550.0,54,17156,7340000,601000,17424501050.0,0.64,0.638,2026-09-24
AUROPHARMA,64,20157,6813950,-147950,19620152777.5,64,8776,2631750,-55000,8268065987.5,0.386,0.435,2026-09-24
AXISBANK,65,144737,30894375,11543125,112276920343.75,64,88450,15648125,3293125,66171487093.75,0.507,0.611,2026-09-24
BAJAJ-AUTO,90,27366,1805700,-13350,24128099088.75,93,23971,1323150,-32475,20163766488.75,0.733,0.876,2026-09-24
BAJAJFINSV,88,44819,8053500,1054500,24984218790.0,87,32523,4362600,611700,17662661775.0,0.542,0.726,2026-09-24
BAJAJHLDNG,68,2481,87975,6525,2260863067.5,68,2059,57975,-450,1647089737.5,0.659,0.83,2026-09-24
BAJFINANCE,102,122603,35090250,7808250,95188219387.5,99,82878,19263000,2417250,62188022625.0,0.549,0.676,2026-09-24
BANDHANBNK,49,30662,45043200,4341600,21499437204.0,46,20485,29422800,777600,13701091644.0,0.653,0.668,2026-09-24
BANKBARODA,47,17475,48859200,-1731600,12453857442.0,46,11387,45659250,-160875,8101336727.25,0.935,0.652,2026-09-24
BANKINDIA,48,2567,35531600,-982800,1930582420.0,48,1904,31834400,655200,1460347772.0,0.896,0.742,2026-09-24
BANKNIFTY,481,3293619,28026510,4670550,5648135427898.5,482,3208308,21576270,145740,5308245538849.5,0.77,0.974,2026-09-24
BDL,77,38202,10246750,529125,19785183482.5,77,14474,6190975,136425,6988638226.25,0.604,0.379,2026-09-24
BEL,77,34009,54824025,-1533300,19803962722.5,76,20820,36727950,-494475,11860927578.75,0.67,0.612,2026-09-24
BHARATFORG,105,10956,4473500,77000,11251016400.0,100,7822,3655500,-128500,7792724175.0,0.817,0.714,2026-09-24
BHARTIARTL,78,89919,27835000,-943350,79451978353.75,77,50134,15086950,-237025,43155874128.75,0.542,0.558,2026-09-24
BHEL,75,22174,39753000,-417375,25295178300.0,74,13697,24591000,-404250,15042877237.5,0.619,0.618,2026-09-24
BIOCON,81,9405,28530000,-2562500,9572932875.0,79,4027,17500000,-1200000,3966313500.0,0.613,0.428,2026-09-24
BLUESTARCO,75,4263,1996475,-113100,2191809295.0,73,3101,1369225,-115050,1517315848.75,0.686,0.727,2026-09-24
BOSCHLTD,74,12728,169000,-32000,15941582320.0,76,9694,138500,-12650,11115699188.75,0.82,0.762,2026-09-24
BPCL,56,7543,14141000,-355500,4767375672.5,55,6372,11522150,-946025,3900617988.75,0.815,0.845,2026-09-24
BRITANNIA,92,18159,1668875,-22500,11533624231.25,93,7534,960375,-21875,4660813668.75,0.575,0.415,2026-09-24
BSE,41,233412,16398800,1966400,160735601750.0,41,156669,8846400,-617400,99373223430.0,0.539,0.671,2026-09-24
CAMS,78,6545,6252675,245025,4007960220.0,75,2781,4173675,-139425,1629938970.0,0.668,0.425,2026-09-24
CANBK,47,10537,78273000,-4556250,9271546605.0,47,6604,70868250,-3699000,5630225085.0,0.905,0.627,2026-09-24
CDSL,63,21059,10123200,-387600,14083240752.5,63,10448,5633500,24225,6576627628.75,0.556,0.496,2026-09-24
CGPOWER,48,15727,8271350,-101150,12319869485.0,48,9522,4695400,-430950,7141156510.0,0.568,0.605,2026-09-24
CHOLAFIN,93,34162,5632500,1365000,37770198656.25,91,27409,3520625,898750,29109914093.75,0.625,0.802,2026-09-24
CIPLA,105,66394,6826350,605625,40386072886.25,102,28956,3871750,244800,17157114127.5,0.567,0.436,2026-09-24
COALINDIA,77,29074,49107600,-329400,16958636550.0,77,21334,33524550,-145800,12100843935.0,0.683,0.734,2026-09-24
COCHINSHIP,80,10991,6743200,-502000,6330773000.0,80,4331,3163600,-75200,2374720340.0,0.469,0.394,2026-09-24
COFORGE,97,27131,10738800,-691600,23967248992.5,97,18490,7768150,-689225,15731785917.5,0.723,0.682,2026-09-24
COLPAL,89,5098,2743125,-60500,2700544165.0,91,3934,2057275,-134200,2021487847.5,0.75,0.772,2026-09-24
CONCOR,97,13677,13885000,-1016250,8303840250.0,97,5976,7535000,675000,3513107750.0,0.543,0.437,2026-09-24
CROMPTON,57,7749,24374550,799800,3903247105.5,56,3531,14899500,561150,1722580086.0,0.611,0.456,2026-09-24
CUMMINSIND,52,5141,1219400,71800,5358629190.0,52,5005,860000,-28000,4956215670.0,0.705,0.974,2026-09-24
DABUR,77,12029,16163750,-817500,6002905937.5,77,5469,10705000,-183750,2669426750.0,0.662,0.455,2026-09-24
DELHIVERY,89,6803,14053975,-504225,6260959957.5,88,4044,8650675,-105825,3611085668.75,0.616,0.594,2026-09-24
DIVISLAB,73,98364,2346600,113300,97484062245.0,73,51378,2094900,48200,48447465745.0,0.893,0.522,2026-09-24
DIXON,57,79002,2905450,-205300,55454615042.5,57,44145,1547800,-17100,28503877527.5,0.533,0.559,2026-09-24
DLF,61,30565,13582150,-168150,20117545040.0,61,25626,9128550,-55100,16236191600.0,0.672,0.838,2026-09-24
DMART,68,12591,2167500,-38850,7428264780.0,69,8675,1346100,-2100,4886251627.5,0.621,0.689,2026-09-24
DRREDDY,103,16297,11582500,-481875,12583595062.5,103,8812,7468125,-363125,6574165406.25,0.645,0.541,2026-09-24
EICHERMOT,75,22100,1559800,-89000,16845649710.0,75,20599,1537800,2300,15071133850.0,0.986,0.932,2026-09-24
ETERNAL,55,41776,69425325,-174600,35159585635.0,56,41916,56286675,-6026125,33938403892.5,0.811,1.003,2026-09-24
FEDERALBNK,62,15738,36270000,-2072500,13482585875.0,61,10548,25867500,-1397500,8741228000.0,0.713,0.67,2026-09-24
FINNIFTY,257,82106,1335720,152220,127832213406.0,257,51407,836640,116940,77144163975.0,0.626,0.626,2026-09-24
FORCEMOT,37,18881,184825,-775,8939034293.75,38,6974,92725,-5600,2743821296.25,0.502,0.369,2026-09-24
FORTIS,81,3031,2238200,54250,2141880520.0,81,1645,1777850,1550,1133325822.5,0.794,0.543,2026-09-24
GAIL,57,5641,26937400,-347900,3596577313.5,58,2876,18651700,234300,1783802757.5,0.692,0.51,2026-09-24
GLENMARK,92,5992,2376375,8250,5662088081.25,93,2924,925500,-13500,2639176931.25,0.389,0.488,2026-09-24
GMRAIRPORT,102,5253,62572725,-4973175,3738034955.25,97,2833,49934025,-3271275,1942532687.25,0.798,0.539,2026-09-24
GODFRYPHLP,50,1976,1015025,-44275,1139877653.75,47,1255,499125,-10725,640827783.75,0.492,0.635,2026-09-24
GODREJCP,93,9138,6546000,-423000,4149256650.0,92,4894,4675500,-138000,2162441925.0,0.714,0.536,2026-09-24
GODREJPROP,120,14364,5801250,-434200,8339827421.25,120,7442,3396250,-121225,4133130105.0,0.585,0.518,2026-09-24
GRASIM,127,9675,2085500,-43750,7876233687.5,127,7884,1409750,14750,6212308050.0,0.676,0.815,2026-09-24
GVT&D,53,16830,2121125,20625,9636877631.25,55,9381,1391000,-38375,5035249712.5,0.656,0.557,2026-09-24
HAL,75,44914,4712850,-318750,33527196990.0,75,26717,2449350,-215700,19063247505.0,0.52,0.595,2026-09-24
HAVELLS,62,10538,6334500,263000,6057679300.0,62,3900,3571000,77000,2172437550.0,0.564,0.37,2026-09-24
HCLTECH,112,30320,11270400,-302400,15728292160.0,113,21652,7676800,-331200,10815153320.0,0.681,0.714,2026-09-24
HDFCAMC,52,8605,2120400,-83100,6491871270.0,51,9179,1667700,96000,6471823935.0,0.787,1.067,2026-09-24
HDFCBANK,74,433631,177698950,3417700,213223998877.5,71,249058,109355350,1305850,117523342495.0,0.615,0.574,2026-09-24
HDFCLIFE,107,90808,24427700,1205600,54782041270.0,107,94857,18757200,-820600,54893663220.0,0.768,1.045,2026-09-24
HEROMOTOCO,53,31442,2814450,-169500,26393032057.5,53,20145,1636050,5550,15982374577.5,0.581,0.641,2026-09-24
HINDALCO,51,40467,15490300,107800,28945682675.0,50,31446,10779300,-667800,21506084110.0,0.696,0.777,2026-09-24
HINDPETRO,53,5186,15151050,492075,3886123533.75,51,4662,12417300,218700,3430489016.25,0.82,0.899,2026-09-24
HINDUNILVR,92,44008,10889400,-101400,26237862630.0,90,26571,5961900,-548700,15471641550.0,0.547,0.604,2026-09-24
HINDZINC,57,19806,28815675,-793800,14945465928.75,60,13855,16653875,-1357300,9934558961.25,0.578,0.7,2026-09-24
HYUNDAI,93,6419,1788050,-143550,3834873143.75,93,6637,1353275,-334400,3797882220.0,0.757,1.034,2026-09-24
ICICIBANK,115,129438,47336100,-279300,124272382325.0,114,79925,27905500,815500,74938350305.0,0.59,0.617,2026-09-24
ICICIGI,83,97497,2650375,145600,50890854040.0,84,46104,2752750,1236625,22987622336.25,1.039,0.473,2026-09-24
ICICIPRULI,104,25478,8093750,1456875,11341381155.0,104,27204,7687675,2853625,11625718292.5,0.95,1.068,2026-09-24
IDEA,30,16614,2671020750,-21299550,18617677915.5,30,6492,1177407675,20727750,6626668822.5,0.441,0.391,2026-09-24
IDFCFIRSTB,70,41541,193597075,25070325,34240319107.75,72,28599,125954500,13179775,22509928045.5,0.651,0.688,2026-09-24
IEX,49,4012,34034400,-1600800,2091428887.5,52,1554,20410200,-987450,782693760.0,0.6,0.387,2026-09-24
INDHOTEL,56,7405,7419000,-372000,5603837350.0,57,3232,4356000,-416000,2375449700.0,0.587,0.436,2026-09-24
INDIANB,72,7624,7880000,-29000,6575874800.0,72,9571,6095000,484000,8015083200.0,0.773,1.255,2026-09-24
INDIGO,50,39658,4335750,2850,30546977722.5,49,42562,2821500,-103050,31137210067.5,0.651,1.073,2026-09-24
INDUSINDBK,94,36542,8733200,1786400,24437525805.0,94,30250,8281700,1414000,19755799630.0,0.948,0.828,2026-09-24
INDUSTOWER,85,7310,18966900,-214200,4863862945.0,86,3642,11123100,-938400,2349179510.0,0.586,0.498,2026-09-24
INFY,58,117779,48752000,186800,50181685840.0,57,67100,24251200,49600,27459692380.0,0.497,0.57,2026-09-24
INOXWIND,40,5910,41689600,-5004800,3007595392.0,39,2206,22502400,-576000,1055738176.0,0.54,0.373,2026-09-24
IOC,50,7105,56447625,2808000,4939095232.5,51,5453,40491750,-1711125,3598794176.25,0.717,0.767,2026-09-24
IREDA,50,4312,49186750,-2280600,2277076065.75,51,2027,32303975,-633500,1104847168.0,0.657,0.47,2026-09-24
IRFC,88,8396,72407475,2555175,3832227920.5,89,3357,49318675,-1101275,1481700575.25,0.681,0.4,2026-09-24
ITC,100,52356,101062575,-7013850,24842168152.5,100,27606,69015525,-1250625,12882731767.5,0.683,0.527,2026-09-24
JINDALSTEL,53,11130,4790000,-100625,8349797812.5,53,7048,4502500,-139375,5063848531.25,0.94,0.633,2026-09-24
JIOFIN,95,44216,106182400,-1323050,24972498626.0,90,17871,72264850,2451050,9715287397.5,0.681,0.404,2026-09-24
JSWENERGY,50,4008,6505900,-50525,2292280012.5,51,1599,4124775,-78475,884148423.75,0.634,0.399,2026-09-24
JSWSTEEL,60,10905,7728750,-120825,9705957671.25,60,9118,5917050,-679050,7905276236.25,0.766,0.836,2026-09-24
JUBLFOOD,82,6865,9068750,158750,4319871875.0,81,2845,4971250,53750,1701527687.5,0.548,0.414,2026-09-24
KALYANKJIL,76,27603,24505200,-1846800,22692548790.0,75,13339,16171650,-645300,10321829797.5,0.66,0.483,2026-09-24
KAYNES,79,3805,3279900,-331500,2110730422.5,79,1150,1826400,-62400,595383517.5,0.557,0.302,2026-09-24
KEI,71,14194,2729300,-322525,12220416468.75,70,7762,1853950,-69475,6228866875.0,0.679,0.547,2026-09-24
KFINTECH,45,2947,3923225,-163875,1616260140.0,43,1120,1815850,-33350,580299573.75,0.463,0.38,2026-09-24
KOTAKBANK,66,18111,66500000,806000,15131040900.0,68,15466,36442000,-1214000,12677463600.0,0.548,0.854,2026-09-24
KPITTECH,76,16553,10319125,-950925,7075677188.75,77,8613,4984025,-263500,3494881293.75,0.483,0.52,2026-09-24
LAURUSLABS,75,29181,14082800,-92650,51754340277.5,75,17947,11851550,-111350,30382443392.5,0.842,0.615,2026-09-24
LICHSGFIN,54,330,9930000,-152000,190562900.0,56,263,7636000,-133000,143892300.0,0.769,0.797,2026-09-24
LICI,70,56212,27238400,1055600,33135288340.0,69,23599,15688400,1125600,13451886700.0,0.576,0.42,2026-09-24
LODHA,64,20679,5900625,-111875,15595743625.0,63,11278,6291875,39375,8021686968.75,1.066,0.545,2026-09-24
LT,67,47016,6533100,29750,32976659310.0,66,28288,4575025,96775,19252348745.0,0.7,0.602,2026-09-24
LTF,66,60870,43166250,17491500,41783132137.5,64,49335,29342250,9607500,31971359250.0,0.68,0.81,2026-09-24
LTM,93,14191,2294250,-84750,9108316005.0,93,8367,1278300,30900,5057214465.0,0.557,0.59,2026-09-24
LUPIN,103,8828,4079575,-409700,8131014192.5,98,3920,2903175,89250,3512520131.25,0.712,0.444,2026-09-24
M&M,66,45883,8242800,-207200,28789340720.0,65,27311,4362000,12800,16616565150.0,0.529,0.595,2026-09-24
MAHABANK,81,3505,33611500,546000,2002918710.0,81,1641,19987500,-936000,869847810.0,0.595,0.468,2026-09-24
MANAPPURAM,69,278,18981000,-351000,290679900.0,69,43,12123000,-51000,43331550.0,0.639,0.155,2026-09-24
MANKIND,112,19303,1456750,-132000,12280794762.5,110,8219,1886000,-74000,4943033525.0,1.295,0.426,2026-09-24
MARICO,69,6065,6903600,-160800,6147176400.0,65,5513,4327200,-896400,5436304500.0,0.627,0.909,2026-09-24
MARUTI,124,130260,4022450,-44750,82325171845.0,124,57010,1886950,6850,34425061500.0,0.469,0.438,2026-09-24
MAXHEALTH,95,11308,3091725,-123375,6366607458.75,90,9892,2722125,-131250,5429982967.5,0.88,0.875,2026-09-24
MAZDOCK,59,25116,5593500,-398700,13304694251.25,59,5794,2716650,46125,2889530336.25,0.486,0.231,2026-09-24
MCX,60,194556,6992550,-162225,155771215256.25,61,107890,6337800,546975,81329428181.25,0.906,0.555,2026-09-24
MFSL,82,78595,3537200,1760800,46515213040.0,82,89007,3342000,1804800,49155735940.0,0.945,1.132,2026-09-24
MIDCPNIFTY,411,510592,13202880,4176600,891182170374.0,411,426829,9804720,777480,723599957568.0,0.743,0.836,2026-09-24
MOTHERSON,55,7282,40282500,-2072550,7586798608.5,55,4674,32521200,-1223850,4684095348.0,0.807,0.642,2026-09-24
MOTILALOFS,54,12243,4567075,-108500,10218128162.5,54,6865,2292450,-116250,5377893330.0,0.502,0.561,2026-09-24
MPHASIS,46,5176,1593625,-156475,3357464605.0,45,2862,950675,-6050,1775144057.5,0.597,0.553,2026-09-24
MUTHOOTFIN,67,18975,5776375,-417725,15677636081.25,67,12069,3295050,-34100,9315402030.0,0.57,0.636,2026-09-24
NAM-INDIA,54,3706,2000625,46875,2778839312.5,54,2900,1421250,133125,2056948937.5,0.71,0.783,2026-09-24
NATIONALUM,44,18129,33875625,-1417500,12695475468.75,43,11493,22297500,-384375,7736111343.75,0.658,0.634,2026-09-24
NAUKRI,62,34197,4772350,1158850,24233582340.0,62,24591,2597650,711700,16657576402.5,0.544,0.719,2026-09-24
NBCC,44,3906,33384000,273000,2222692550.0,43,1142,16945500,-923000,626926430.0,0.508,0.292,2026-09-24
NESTLEIND,121,7920,4441000,-7000,5596539825.0,119,6131,3039000,-492500,4156235225.0,0.684,0.774,2026-09-24
NHPC,63,3092,40038950,-1515100,1708234384.0,63,1867,28237850,903500,983713703.0,0.705,0.604,2026-09-24
NIFTY,904,28845896,331012855,86860850,44537104904162.0,920,31010549,267093935,14493660,46155508258440.75,0.807,1.075,2026-09-24
NIFTYFPI,242,48,71500,-6600,84498425.0,242,100,20900,-1100,156216280.0,0.292,2.083,2026-09-24
NIFTYNXT50,543,764,12300,1975,1405617937.5,543,381,4925,-1000,686456980.0,0.4,0.499,2026-09-24
NMDC,81,5055,87102000,-2018250,2925549495.0,81,2629,52953750,-13500,1451277000.0,0.608,0.52,2026-09-24
NTPC,57,12277,36075000,10500,6157288650.0,58,5453,16584000,22500,2698377675.0,0.46,0.444,2026-09-24
NYKAA,53,7932,10240625,578125,8624680781.25,53,3580,7981250,-84375,3745849218.75,0.779,0.451,2026-09-24
OBEROIRLTY,89,8973,3110100,-83650,5988191580.0,86,5383,1512350,-85750,3409769002.5,0.486,0.6,2026-09-24
OFSS,109,23548,1672300,-145300,26941739940.0,110,13440,963200,-82600,14349998960.0,0.576,0.571,2026-09-24
OIL,72,8572,10449600,-191800,5849211900.0,73,2833,5742800,-201600,1891430240.0,0.55,0.33,2026-09-24
ONGC,78,31899,65117250,942750,17359510590.0,78,11927,25087500,-301500,6330317715.0,0.385,0.374,2026-09-24
PAGEIND,76,13940,112760,-13300,11024407020.0,75,10569,70440,-5920,7435807019.0,0.625,0.758,2026-09-24
PATANJALI,92,22838,18696400,-2939050,10338708601.25,92,19560,15449900,-3994700,8308150668.75,0.826,0.856,2026-09-24
PAYTM,96,52970,18844925,-329875,70261304798.75,99,51227,11635525,-645250,64471741427.5,0.617,0.967,2026-09-24
PERSISTENT,54,45762,2427750,-228625,31618202650.0,54,24905,1443000,-29375,16308698987.5,0.594,0.544,2026-09-24
PETRONET,49,2314,9602600,-49400,1289179925.0,49,861,4501100,24700,467459470.0,0.469,0.372,2026-09-24
PFC,79,21051,31551000,-1654900,9822223710.0,78,11661,23497500,-817700,5307178045.0,0.745,0.554,2026-09-24
PGEL,66,4340,6381150,-263150,2255575262.5,62,2834,4109700,84550,1395212180.0,0.644,0.653,2026-09-24
PHOENIXLTD,83,16763,1173200,102900,12088390685.0,83,8083,930650,73850,5544254520.0,0.793,0.482,2026-09-24
PIDILITIND,74,8073,1951000,249500,6441269050.0,74,9048,1521000,317500,6941369025.0,0.78,1.121,2026-09-24
PIIND,60,14885,2122750,-168525,6421570767.5,58,6480,1596700,-18550,2688207550.0,0.752,0.435,2026-09-24
PNB,82,9585,76088000,-344000,9261685200.0,83,8419,56680000,-5416000,7912381760.0,0.745,0.878,2026-09-24
PNBHOUSING,50,7202,3191500,-122850,5400740897.5,50,8345,2025400,126750,5948132450.0,0.635,1.159,2026-09-24
POLICYBZR,133,275400,20095600,16506350,153025617482.5,133,266428,12351500,8117900,137378495117.5,0.615,0.967,2026-09-24
POLYCAB,97,15023,2135500,-221750,16417980306.25,97,10609,1621125,-96750,10810790325.0,0.759,0.706,2026-09-24
POWERGRID,87,18022,36020200,704900,9379879150.0,86,8006,21933600,-319200,4331310300.0,0.609,0.444,2026-09-24
POWERINDIA,72,24901,676500,-9900,20509658633.75,70,15410,314825,13975,11574195571.25,0.465,0.619,2026-09-24
PREMIERENE,59,8216,8229650,413400,5074422827.5,59,3560,4675450,173550,2080331987.5,0.568,0.433,2026-09-24
PRESTIGE,87,4535,2353050,-42300,3129987645.0,87,1911,2394000,65700,1266043770.0,1.017,0.421,2026-09-24
RADICO,60,12367,1094400,-51300,8732103172.5,60,7122,524250,-66150,4754308717.5,0.479,0.576,2026-09-24
RBLBANK,80,22658,29537025,206375,30815888012.5,81,20436,20615275,-4905375,26970852840.0,0.698,0.902,2026-09-24
RECLTD,65,11935,23316300,480375,6021749002.5,66,9112,19232325,856800,4581414258.75,0.825,0.763,2026-09-24
RELIANCE,110,300729,111887500,5251000,192873547350.0,110,143670,60395500,1579000,89482742650.0,0.54,0.478,2026-09-24
RVNL,52,9993,32432400,192500,4228054349.75,52,6728,19598425,-650650,2711536000.25,0.604,0.673,2026-09-24
SAGILITY,41,2497,49788000,-2556000,1440873240.0,42,1223,30384000,-1800000,647459640.0,0.61,0.49,2026-09-24
SAIL,75,95,15542900,-117500,84242847.0,77,64,16520500,-103400,53373482.0,1.063,0.674,2026-09-24
SBICARD,65,15093,9622400,19200,7940043120.0,65,10085,6731200,221600,5027322200.0,0.7,0.668,2026-09-24
SBILIFE,79,62585,4586625,643875,42453388350.0,76,46311,3153000,365625,30270081862.5,0.687,0.74,2026-09-24
SBIN,99,118247,69240000,-1599750,90427368225.0,97,90268,46920750,411750,67846203037.5,0.678,0.763,2026-09-24
SHREECEM,100,17497,157375,-12875,10318149520.0,97,6417,71050,-925,3534460953.75,0.451,0.367,2026-09-24
SHRIRAMFIN,58,21149,16118025,-1121175,18251428016.25,58,14727,10135125,-499950,12056921786.25,0.629,0.696,2026-09-24
SIEMENS,69,11048,1814750,-175525,7721652793.75,67,3847,1115450,-15750,2567314093.75,0.615,0.348,2026-09-24
SOLARINDS,90,62366,2050000,-228250,65361125327.5,90,27869,1002800,-98800,26615307602.5,0.489,0.447,2026-09-24
SONACOMS,66,15185,8369200,205800,15848755632.5,63,5976,4440625,-453250,5953440832.5,0.531,0.394,2026-09-24
SRF,46,8855,1374600,-88600,4637570110.0,45,4438,937800,-93000,2287750470.0,0.682,0.501,2026-09-24
SUNPHARMA,81,40354,10228750,221900,26890307027.5,81,16855,4326000,22400,10971614867.5,0.423,0.418,2026-09-24
SUPREMEIND,67,5235,1018150,-12425,3296608105.0,67,3893,531650,-57400,2317480602.5,0.522,0.744,2026-09-24
SUZLON,59,20629,308952900,26809700,11607483262.0,57,10000,104952800,5994400,5411824965.0,0.34,0.485,2026-09-24
SWIGGY,52,37377,45460750,520125,19476293055.0,51,22760,27396900,-4350800,11385182838.75,0.603,0.609,2026-09-24
TATACONSUM,95,7935,5915250,18150,4448490667.5,91,4113,4711850,-14300,2253828720.0,0.797,0.518,2026-09-24
TATAELXSI,79,16885,2615500,-31500,7148844631.25,79,9541,1201750,-13500,3810880493.75,0.459,0.565,2026-09-24
TATAPOWER,72,17970,30937200,533600,9891918705.0,72,12098,27490550,-290000,6914983590.0,0.889,0.673,2026-09-24
TATASTEEL,62,70117,131084250,3096500,37722881680.0,62,59215,98441750,-14363250,30631067115.0,0.751,0.845,2026-09-24
TCS,119,130451,24560100,-1566450,64413929598.75,119,70459,13758525,-264600,33485443582.5,0.56,0.54,2026-09-24
TECHM,69,30086,10476600,402000,29012194770.0,70,17123,5241600,-199200,15913165710.0,0.5,0.569,2026-09-24
TIINDIA,62,2440,1102600,-60400,1349849280.0,63,1024,591600,-18800,527513870.0,0.537,0.42,2026-09-24
TITAN,75,35332,4141375,151725,30888237555.0,75,24324,2354625,10850,20571112152.5,0.569,0.688,2026-09-24
TMPV,71,48253,80670400,758400,24126873600.0,71,23785,45057600,-816000,11567180720.0,0.559,0.493,2026-09-24
TORNTPHARM,77,10620,698000,28250,6727499100.0,76,2988,358000,-40000,1837541606.25,0.513,0.281,2026-09-24
TRENT,51,24353,4886100,-45000,15840239895.0,51,11228,2105325,65475,7019948205.0,0.431,0.461,2026-09-24
TVSMOTOR,73,20468,2493925,-163275,15219746045.0,74,15663,1574475,-57225,11174471105.0,0.631,0.765,2026-09-24
ULTRACEMCO,118,15081,779450,-14100,8598341287.5,122,9957,541950,-28300,5435973392.5,0.695,0.66,2026-09-24
UNIONBANK,64,7894,47139525,-4694925,6475862449.5,64,4078,42024225,-1677075,3227896077.0,0.891,0.517,2026-09-24
UNITDSPR,65,5609,2734000,-351200,3324731580.0,66,4108,1976800,-218400,2319487300.0,0.723,0.732,2026-09-24
UNOMINDA,58,11305,2491500,79750,7947764220.0,58,4009,1412400,-20900,2705456215.0,0.567,0.355,2026-09-24
UPL,55,5973,10296645,-471540,4630797594.0,55,2914,8002630,139565,2215180422.5,0.777,0.488,2026-09-24
VBL,50,15895,22849275,606900,9070285931.25,50,8656,13994400,-976650,4752736792.5,0.612,0.545,2026-09-24
VEDL,59,42789,42132550,-2166600,13727418900.0,59,17229,26421250,-109250,5296544765.0,0.627,0.403,2026-09-24
VMM,51,10327,37315900,-189150,5581759755.0,50,2979,19501850,-674150,1517543708.5,0.523,0.288,2026-09-24
VOLTAS,63,16317,7119750,-426375,7149393937.5,63,13206,5186250,-561000,5571201450.0,0.728,0.809,2026-09-24
WAAREEENER,53,14090,3157700,-143325,6522589062.5,54,6326,1366925,11375,2731394373.75,0.433,0.449,2026-09-24
WIPRO,72,29165,101052000,-4938000,15027870600.0,72,14415,73899000,1104000,7210535430.0,0.731,0.494,2026-09-24
YESBANK,29,13480,541388800,18006900,9980720850.0,28,7870,296725100,4385100,5588172711.0,0.548,0.584,2026-09-24
ZYDUSLIFE,96,16990,5688900,160200,18493558200.0,96,6819,3449700,314100,7097591385.0,0.606,0.401,2026-09-24
